<?xml version='1.0' encoding='utf-8'?>
<PcGts xmlns:xsi="http://www.w3.org/2001/XMLSchema-instance" xmlns="http://schema.primaresearch.org/PAGE/gts/pagecontent/2019-07-15" xsi:schemaLocation="http://schema.primaresearch.org/PAGE/gts/pagecontent/2019-07-15 http://schema.primaresearch.org/PAGE/gts/pagecontent/2019-07-15/pagecontent.xsd" pcGtsId="pc-aletheiaexamplepage">
  <Metadata>
    <Creator>PRImA Research Lab</Creator>
    <Created>2015-07-17T15:27:13</Created>
    <LastChange>2017-07-14T10:03:33</LastChange>
    <Comments>Example Page</Comments>
  </Metadata>
  <Page imageFilename="3368132/_0008-2.png" imageWidth="1413" imageHeight="2896">
    <TextRegion id="r0" type="paragraph">
      <Coords points="1,1 1411,1 1411,2894 1,2894"/>
      <TextLine id="l0">
        <Coords points="78,40 1341,40 1341,168 78,168"/>
        <Word id="w0">
          <Coords points="1330,87 1340,87 1340,138 1330,138"/>
          <TextEquiv>
            <Unicode>ا</Unicode>
          </TextEquiv>
        </Word>
        <Word id="w1">
          <Coords points="1243,84 1316,84 1316,145 1243,145"/>
          <TextEquiv>
            <Unicode>للا</Unicode>
          </TextEquiv>
        </Word>
        <Word id="w2">
          <Coords points="1187,113 1235,113 1235,155 1187,155"/>
          <TextEquiv>
            <Unicode>م</Unicode>
          </TextEquiv>
        </Word>
        <Word id="w3">
          <Coords points="1128,105 1197,105 1197,145 1128,145"/>
          <TextEquiv>
            <Unicode>حر</Unicode>
          </TextEquiv>
        </Word>
        <Word id="w4">
          <Coords points="1066,77 1126,77 1126,141 1066,141"/>
          <TextEquiv>
            <Unicode>ف</Unicode>
          </TextEquiv>
        </Word>
        <Word id="w5">
          <Coords points="984,68 1058,68 1058,158 984,158"/>
          <TextEquiv>
            <Unicode>تعر</Unicode>
          </TextEquiv>
        </Word>
        <Word id="w6">
          <Coords points="918,77 997,77 997,161 918,161"/>
          <TextEquiv>
            <Unicode>يف</Unicode>
          </TextEquiv>
        </Word>
        <Word id="w7">
          <Coords points="800,55 920,55 920,145 800,145"/>
          <TextEquiv>
            <Unicode>مبنى</Unicode>
          </TextEquiv>
        </Word>
        <Word id="w8">
          <Coords points="731,58 801,58 801,148 731,148"/>
          <TextEquiv>
            <Unicode>على</Unicode>
          </TextEquiv>
        </Word>
        <Word id="w9">
          <Coords points="713,58 740,58 740,118 713,118"/>
          <TextEquiv>
            <Unicode>ا</Unicode>
          </TextEquiv>
        </Word>
        <Word id="w10">
          <Coords points="564,40 707,40 707,167 564,167"/>
          <TextEquiv>
            <Unicode>لسكو</Unicode>
          </TextEquiv>
        </Word>
        <Word id="w11">
          <Coords points="523,72 560,72 560,141 523,141"/>
          <TextEquiv>
            <Unicode>ن</Unicode>
          </TextEquiv>
        </Word>
        <Word id="w12">
          <Coords points="462,60 517,60 517,140 462,140"/>
          <TextEquiv>
            <Unicode>لا</Unicode>
          </TextEquiv>
        </Word>
        <Word id="w13">
          <Coords points="384,69 470,69 470,160 384,160"/>
          <TextEquiv>
            <Unicode>محل</Unicode>
          </TextEquiv>
        </Word>
        <Word id="w14">
          <Coords points="337,66 386,66 386,135 337,135"/>
          <TextEquiv>
            <Unicode>له</Unicode>
          </TextEquiv>
        </Word>
        <Word id="w15">
          <Coords points="284,103 318,103 318,148 284,148"/>
          <TextEquiv>
            <Unicode>و</Unicode>
          </TextEquiv>
        </Word>
        <Word id="w16">
          <Coords points="274,67 287,67 287,115 274,115"/>
          <TextEquiv>
            <Unicode>ا</Unicode>
          </TextEquiv>
        </Word>
        <Word id="w17">
          <Coords points="170,47 260,47 260,135 170,135"/>
          <TextEquiv>
            <Unicode>لعا</Unicode>
          </TextEquiv>
        </Word>
        <Word id="w18">
          <Coords points="78,71 160,71 160,159 78,159"/>
          <TextEquiv>
            <Unicode>لمين</Unicode>
          </TextEquiv>
        </Word>
        <TextEquiv>
          <Unicode> ا للا م حر ف تعر يف مبنى على ا لسكو ن لا محل له و ا لعا لمين</Unicode>
        </TextEquiv>
      </TextLine>
      <TextLine id="l1">
        <Coords points="11,176 1350,176 1350,348 11,348"/>
        <Word id="w19">
          <Coords points="1269,218 1349,218 1349,312 1269,312"/>
          <TextEquiv>
            <Unicode>مجر</Unicode>
          </TextEquiv>
        </Word>
        <Word id="w20">
          <Coords points="1241,242 1276,242 1276,285 1241,285"/>
          <TextEquiv>
            <Unicode>و</Unicode>
          </TextEquiv>
        </Word>
        <Word id="w21">
          <Coords points="1206,243 1237,243 1237,280 1206,280"/>
          <TextEquiv>
            <Unicode>ر</Unicode>
          </TextEquiv>
        </Word>
        <Word id="w22">
          <Coords points="1097,203 1203,203 1203,277 1097,277"/>
          <TextEquiv>
            <Unicode>مضا</Unicode>
          </TextEquiv>
        </Word>
        <Word id="w23">
          <Coords points="1034,219 1094,219 1094,281 1034,281"/>
          <TextEquiv>
            <Unicode>ف</Unicode>
          </TextEquiv>
        </Word>
        <Word id="w24">
          <Coords points="1017,208 1040,208 1040,261 1017,261"/>
          <TextEquiv>
            <Unicode>ا</Unicode>
          </TextEquiv>
        </Word>
        <Word id="w25">
          <Coords points="930,221 1011,221 1011,299 930,299"/>
          <TextEquiv>
            <Unicode>ليه</Unicode>
          </TextEquiv>
        </Word>
        <Word id="w26">
          <Coords points="846,215 919,215 919,291 846,291"/>
          <TextEquiv>
            <Unicode>للر</Unicode>
          </TextEquiv>
        </Word>
        <Word id="w27">
          <Coords points="793,245 852,245 852,296 793,296"/>
          <TextEquiv>
            <Unicode>ب</Unicode>
          </TextEquiv>
        </Word>
        <Word id="w28">
          <Coords points="772,207 792,207 792,269 772,269"/>
          <TextEquiv>
            <Unicode>ا</Unicode>
          </TextEquiv>
        </Word>
        <Word id="w29">
          <Coords points="726,248 764,248 764,294 726,294"/>
          <TextEquiv>
            <Unicode>و</Unicode>
          </TextEquiv>
        </Word>
        <Word id="w30">
          <Coords points="576,223 730,223 730,309 576,309"/>
          <TextEquiv>
            <Unicode>منصو</Unicode>
          </TextEquiv>
        </Word>
        <Word id="w31">
          <Coords points="532,242 596,242 596,308 532,308"/>
          <TextEquiv>
            <Unicode>ب</Unicode>
          </TextEquiv>
        </Word>
        <Word id="w32">
          <Coords points="403,214 530,214 530,291 403,291"/>
          <TextEquiv>
            <Unicode>لفظا</Unicode>
          </TextEquiv>
        </Word>
        <Word id="w33">
          <Coords points="255,229 392,229 392,309 255,309"/>
          <TextEquiv>
            <Unicode>مفعو</Unicode>
          </TextEquiv>
        </Word>
        <Word id="w34">
          <Coords points="214,224 252,224 252,288 214,288"/>
          <TextEquiv>
            <Unicode>ل</Unicode>
          </TextEquiv>
        </Word>
        <Word id="w35">
          <Coords points="160,243 204,243 204,303 160,303"/>
          <TextEquiv>
            <Unicode>به</Unicode>
          </TextEquiv>
        </Word>
        <Word id="w36">
          <Coords points="66,244 156,244 156,302 66,302"/>
          <TextEquiv>
            <Unicode>صر</Unicode>
          </TextEquiv>
        </Word>
        <Word id="w37">
          <Coords points="45,226 135,226 135,347 45,347"/>
          <TextEquiv>
            <Unicode>يح</Unicode>
          </TextEquiv>
        </Word>
        <Word id="w38">
          <Coords points="11,176 57,176 57,237 11,237"/>
          <TextEquiv>
            <Unicode>له</Unicode>
          </TextEquiv>
        </Word>
        <TextEquiv>
          <Unicode> مجر و ر مضا ف ا ليه للر ب ا و منصو ب لفظا مفعو ل به صر يح له</Unicode>
        </TextEquiv>
      </TextLine>
      <TextLine id="l2">
        <Coords points="60,349 1344,349 1344,486 60,486"/>
        <Word id="w39">
          <Coords points="1271,362 1343,362 1343,462 1271,462"/>
          <TextEquiv>
            <Unicode>على</Unicode>
          </TextEquiv>
        </Word>
        <Word id="w40">
          <Coords points="1182,360 1277,360 1277,438 1182,438"/>
          <TextEquiv>
            <Unicode>تقد</Unicode>
          </TextEquiv>
        </Word>
        <Word id="w41">
          <Coords points="1138,398 1185,398 1185,470 1138,470"/>
          <TextEquiv>
            <Unicode>ير</Unicode>
          </TextEquiv>
        </Word>
        <Word id="w42">
          <Coords points="1082,349 1169,349 1169,458 1082,458"/>
          <TextEquiv>
            <Unicode>كو</Unicode>
          </TextEquiv>
        </Word>
        <Word id="w43">
          <Coords points="1035,377 1080,377 1080,437 1035,437"/>
          <TextEquiv>
            <Unicode>نه</Unicode>
          </TextEquiv>
        </Word>
        <Word id="w44">
          <Coords points="918,374 1023,374 1023,450 918,450"/>
          <TextEquiv>
            <Unicode>فعلا</Unicode>
          </TextEquiv>
        </Word>
        <Word id="w45">
          <Coords points="854,364 906,364 906,441 854,441"/>
          <TextEquiv>
            <Unicode>ما</Unicode>
          </TextEquiv>
        </Word>
        <Word id="w46">
          <Coords points="740,352 852,352 852,478 740,478"/>
          <TextEquiv>
            <Unicode>ضيا</Unicode>
          </TextEquiv>
        </Word>
        <Word id="w47">
          <Coords points="679,413 726,413 726,460 679,460"/>
          <TextEquiv>
            <Unicode>و</Unicode>
          </TextEquiv>
        </Word>
        <Word id="w48">
          <Coords points="619,405 687,405 687,463 619,463"/>
          <TextEquiv>
            <Unicode>حر</Unicode>
          </TextEquiv>
        </Word>
        <Word id="w49">
          <Coords points="570,376 635,376 635,443 570,443"/>
          <TextEquiv>
            <Unicode>ف</Unicode>
          </TextEquiv>
        </Word>
        <Word id="w50">
          <Coords points="417,368 583,368 583,454 417,454"/>
          <TextEquiv>
            <Unicode>عطف</Unicode>
          </TextEquiv>
        </Word>
        <Word id="w51">
          <Coords points="312,370 427,370 427,453 312,453"/>
          <TextEquiv>
            <Unicode>مبنى</Unicode>
          </TextEquiv>
        </Word>
        <Word id="w52">
          <Coords points="238,362 323,362 323,461 238,461"/>
          <TextEquiv>
            <Unicode>على</Unicode>
          </TextEquiv>
        </Word>
        <Word id="w53">
          <Coords points="226,359 254,359 254,434 226,434"/>
          <TextEquiv>
            <Unicode>ا</Unicode>
          </TextEquiv>
        </Word>
        <Word id="w54">
          <Coords points="139,373 216,373 216,485 139,485"/>
          <TextEquiv>
            <Unicode>لفتح</Unicode>
          </TextEquiv>
        </Word>
        <Word id="w55">
          <Coords points="60,376 116,376 116,452 60,452"/>
          <TextEquiv>
            <Unicode>لا</Unicode>
          </TextEquiv>
        </Word>
        <TextEquiv>
          <Unicode> على تقد ير كو نه فعلا ما ضيا و حر ف عطف مبنى على ا لفتح لا</Unicode>
        </TextEquiv>
      </TextLine>
      <TextLine id="l3">
        <Coords points="95,503 1349,503 1349,622 95,622"/>
        <Word id="w56">
          <Coords points="1263,513 1348,513 1348,602 1263,602"/>
          <TextEquiv>
            <Unicode>محل</Unicode>
          </TextEquiv>
        </Word>
        <Word id="w57">
          <Coords points="1220,514 1264,514 1264,575 1220,575"/>
          <TextEquiv>
            <Unicode>له</Unicode>
          </TextEquiv>
        </Word>
        <Word id="w58">
          <Coords points="1159,544 1203,544 1203,593 1159,593"/>
          <TextEquiv>
            <Unicode>و</Unicode>
          </TextEquiv>
        </Word>
        <Word id="w59">
          <Coords points="1062,504 1164,504 1164,597 1062,597"/>
          <TextEquiv>
            <Unicode>قس</Unicode>
          </TextEquiv>
        </Word>
        <Word id="w60">
          <Coords points="954,503 1074,503 1074,605 954,605"/>
          <TextEquiv>
            <Unicode>عليه</Unicode>
          </TextEquiv>
        </Word>
        <Word id="w61">
          <Coords points="889,510 938,510 938,582 889,582"/>
          <TextEquiv>
            <Unicode>ما</Unicode>
          </TextEquiv>
        </Word>
        <Word id="w62">
          <Coords points="765,505 873,505 873,621 765,621"/>
          <TextEquiv>
            <Unicode>سيئا</Unicode>
          </TextEquiv>
        </Word>
        <Word id="w63">
          <Coords points="701,514 751,514 751,593 701,593"/>
          <TextEquiv>
            <Unicode>تى</Unicode>
          </TextEquiv>
        </Word>
        <Word id="w64">
          <Coords points="629,525 705,525 705,594 629,594"/>
          <TextEquiv>
            <Unicode>من</Unicode>
          </TextEquiv>
        </Word>
        <Word id="w65">
          <Coords points="573,530 643,530 643,612 573,612"/>
          <TextEquiv>
            <Unicode>حر</Unicode>
          </TextEquiv>
        </Word>
        <Word id="w66">
          <Coords points="544,540 578,540 578,591 544,591"/>
          <TextEquiv>
            <Unicode>و</Unicode>
          </TextEquiv>
        </Word>
        <Word id="w67">
          <Coords points="480,521 538,521 538,586 480,586"/>
          <TextEquiv>
            <Unicode>ف</Unicode>
          </TextEquiv>
        </Word>
        <Word id="w68">
          <Coords points="462,512 476,512 476,572 462,572"/>
          <TextEquiv>
            <Unicode>ا</Unicode>
          </TextEquiv>
        </Word>
        <Word id="w69">
          <Coords points="297,527 458,527 458,587 297,587"/>
          <TextEquiv>
            <Unicode>لعطف</Unicode>
          </TextEquiv>
        </Word>
        <Word id="w70">
          <Coords points="280,516 306,516 306,571 280,571"/>
          <TextEquiv>
            <Unicode>ا</Unicode>
          </TextEquiv>
        </Word>
        <Word id="w71">
          <Coords points="113,521 276,521 276,607 113,607"/>
          <TextEquiv>
            <Unicode>لصلو</Unicode>
          </TextEquiv>
        </Word>
        <Word id="w72">
          <Coords points="95,559 117,559 117,585 95,585"/>
          <TextEquiv>
            <Unicode>ه</Unicode>
          </TextEquiv>
        </Word>
        <TextEquiv>
          <Unicode> محل له و قس عليه ما سيئا تى من حر و ف ا لعطف ا لصلو ه</Unicode>
        </TextEquiv>
      </TextLine>
      <TextLine id="l4">
        <Coords points="48,598 1362,598 1362,772 48,772"/>
        <Word id="w73">
          <Coords points="1341,664 1361,664 1361,742 1341,742"/>
          <TextEquiv>
            <Unicode>ا</Unicode>
          </TextEquiv>
        </Word>
        <Word id="w74">
          <Coords points="1262,675 1334,675 1334,745 1262,745"/>
          <TextEquiv>
            <Unicode>للا</Unicode>
          </TextEquiv>
        </Word>
        <Word id="w75">
          <Coords points="1208,702 1256,702 1256,740 1208,740"/>
          <TextEquiv>
            <Unicode>م</Unicode>
          </TextEquiv>
        </Word>
        <Word id="w76">
          <Coords points="1146,690 1220,690 1220,760 1146,760"/>
          <TextEquiv>
            <Unicode>حر</Unicode>
          </TextEquiv>
        </Word>
        <Word id="w77">
          <Coords points="1095,681 1164,681 1164,737 1095,737"/>
          <TextEquiv>
            <Unicode>ف</Unicode>
          </TextEquiv>
        </Word>
        <Word id="w78">
          <Coords points="1008,654 1098,654 1098,756 1008,756"/>
          <TextEquiv>
            <Unicode>تعر</Unicode>
          </TextEquiv>
        </Word>
        <Word id="w79">
          <Coords points="938,666 1028,666 1028,731 938,731"/>
          <TextEquiv>
            <Unicode>يف</Unicode>
          </TextEquiv>
        </Word>
        <Word id="w80">
          <Coords points="835,665 946,665 946,751 835,751"/>
          <TextEquiv>
            <Unicode>مبنى</Unicode>
          </TextEquiv>
        </Word>
        <Word id="w81">
          <Coords points="763,661 832,661 832,759 763,759"/>
          <TextEquiv>
            <Unicode>على</Unicode>
          </TextEquiv>
        </Word>
        <Word id="w82">
          <Coords points="752,667 771,667 771,726 752,726"/>
          <TextEquiv>
            <Unicode>ا</Unicode>
          </TextEquiv>
        </Word>
        <Word id="w83">
          <Coords points="601,653 742,653 742,764 601,764"/>
          <TextEquiv>
            <Unicode>لسكو</Unicode>
          </TextEquiv>
        </Word>
        <Word id="w84">
          <Coords points="569,672 608,672 608,746 569,746"/>
          <TextEquiv>
            <Unicode>ن</Unicode>
          </TextEquiv>
        </Word>
        <Word id="w85">
          <Coords points="495,666 555,666 555,742 495,742"/>
          <TextEquiv>
            <Unicode>لا</Unicode>
          </TextEquiv>
        </Word>
        <Word id="w86">
          <Coords points="416,667 498,667 498,760 416,760"/>
          <TextEquiv>
            <Unicode>محل</Unicode>
          </TextEquiv>
        </Word>
        <Word id="w87">
          <Coords points="369,670 415,670 415,730 369,730"/>
          <TextEquiv>
            <Unicode>له</Unicode>
          </TextEquiv>
        </Word>
        <Word id="w88">
          <Coords points="305,693 346,693 346,742 305,742"/>
          <TextEquiv>
            <Unicode>و</Unicode>
          </TextEquiv>
        </Word>
        <Word id="w89">
          <Coords points="190,671 312,671 312,747 190,747"/>
          <TextEquiv>
            <Unicode>صلو</Unicode>
          </TextEquiv>
        </Word>
        <Word id="w90">
          <Coords points="169,701 191,701 191,730 169,730"/>
          <TextEquiv>
            <Unicode>ه</Unicode>
          </TextEquiv>
        </Word>
        <Word id="w91">
          <Coords points="99,692 160,692 160,771 99,771"/>
          <TextEquiv>
            <Unicode>مر</Unicode>
          </TextEquiv>
        </Word>
        <Word id="w92">
          <Coords points="65,649 133,649 133,758 65,758"/>
          <TextEquiv>
            <Unicode>فو</Unicode>
          </TextEquiv>
        </Word>
        <Word id="w93">
          <Coords points="48,598 110,598 110,685 48,685"/>
          <TextEquiv>
            <Unicode>عة</Unicode>
          </TextEquiv>
        </Word>
        <TextEquiv>
          <Unicode> ا للا م حر ف تعر يف مبنى على ا لسكو ن لا محل له و صلو ه مر فو عة</Unicode>
        </TextEquiv>
      </TextLine>
      <TextLine id="l5">
        <Coords points="91,788 1350,788 1350,915 91,915"/>
        <Word id="w94">
          <Coords points="1229,808 1349,808 1349,879 1229,879"/>
          <TextEquiv>
            <Unicode>لفظا</Unicode>
          </TextEquiv>
        </Word>
        <Word id="w95">
          <Coords points="1106,824 1224,824 1224,893 1106,893"/>
          <TextEquiv>
            <Unicode>مبتد</Unicode>
          </TextEquiv>
        </Word>
        <Word id="w96">
          <Coords points="1093,794 1107,794 1107,851 1093,851"/>
          <TextEquiv>
            <Unicode>ا</Unicode>
          </TextEquiv>
        </Word>
        <Word id="w97">
          <Coords points="1066,840 1086,840 1086,865 1066,865"/>
          <TextEquiv>
            <Unicode>ء</Unicode>
          </TextEquiv>
        </Word>
        <Word id="w98">
          <Coords points="1004,840 1048,840 1048,879 1004,879"/>
          <TextEquiv>
            <Unicode>و</Unicode>
          </TextEquiv>
        </Word>
        <Word id="w99">
          <Coords points="962,788 1007,788 1007,867 962,867"/>
          <TextEquiv>
            <Unicode>عا</Unicode>
          </TextEquiv>
        </Word>
        <Word id="w100">
          <Coords points="829,794 961,794 961,881 829,881"/>
          <TextEquiv>
            <Unicode>طفة</Unicode>
          </TextEquiv>
        </Word>
        <Word id="w101">
          <Coords points="802,810 819,810 819,874 802,874"/>
          <TextEquiv>
            <Unicode>ا</Unicode>
          </TextEquiv>
        </Word>
        <Word id="w102">
          <Coords points="670,816 787,816 787,875 670,875"/>
          <TextEquiv>
            <Unicode>لسلا</Unicode>
          </TextEquiv>
        </Word>
        <Word id="w103">
          <Coords points="603,812 619,812 619,868 603,868"/>
          <TextEquiv>
            <Unicode>ا</Unicode>
          </TextEquiv>
        </Word>
        <Word id="w104">
          <Coords points="601,846 657,846 657,888 601,888"/>
          <TextEquiv>
            <Unicode>م</Unicode>
          </TextEquiv>
        </Word>
        <Word id="w105">
          <Coords points="525,815 591,815 591,880 525,880"/>
          <TextEquiv>
            <Unicode>للا</Unicode>
          </TextEquiv>
        </Word>
        <Word id="w106">
          <Coords points="457,849 518,849 518,895 457,895"/>
          <TextEquiv>
            <Unicode>م</Unicode>
          </TextEquiv>
        </Word>
        <Word id="w107">
          <Coords points="410,835 484,835 484,895 410,895"/>
          <TextEquiv>
            <Unicode>حر</Unicode>
          </TextEquiv>
        </Word>
        <Word id="w108">
          <Coords points="353,816 419,816 419,891 353,891"/>
          <TextEquiv>
            <Unicode>ف</Unicode>
          </TextEquiv>
        </Word>
        <Word id="w109">
          <Coords points="271,810 357,810 357,896 271,896"/>
          <TextEquiv>
            <Unicode>ت</Unicode>
          </TextEquiv>
        </Word>
        <Word id="w110">
          <Coords points="207,818 296,818 296,914 207,914"/>
          <TextEquiv>
            <Unicode>يف</Unicode>
          </TextEquiv>
        </Word>
        <Word id="w111">
          <Coords points="91,810 218,810 218,910 91,910"/>
          <TextEquiv>
            <Unicode>مبني</Unicode>
          </TextEquiv>
        </Word>
        <TextEquiv>
          <Unicode> لفظا مبتد ا ء و عا طفة ا لسلا ا م للا م حر ف ت يف مبني</Unicode>
        </TextEquiv>
      </TextLine>
      <TextLine id="l6">
        <Coords points="74,925 1360,925 1360,1078 74,1078"/>
        <Word id="w112">
          <Coords points="1288,941 1359,941 1359,1032 1288,1032"/>
          <TextEquiv>
            <Unicode>عل</Unicode>
          </TextEquiv>
        </Word>
        <Word id="w113">
          <Coords points="1272,950 1302,950 1302,1006 1272,1006"/>
          <TextEquiv>
            <Unicode>ا</Unicode>
          </TextEquiv>
        </Word>
        <Word id="w114">
          <Coords points="1131,925 1262,925 1262,1030 1131,1030"/>
          <TextEquiv>
            <Unicode>لسكو</Unicode>
          </TextEquiv>
        </Word>
        <Word id="w115">
          <Coords points="1096,946 1137,946 1137,1013 1096,1013"/>
          <TextEquiv>
            <Unicode>ن</Unicode>
          </TextEquiv>
        </Word>
        <Word id="w116">
          <Coords points="1030,948 1086,948 1086,1024 1030,1024"/>
          <TextEquiv>
            <Unicode>لا</Unicode>
          </TextEquiv>
        </Word>
        <Word id="w117">
          <Coords points="948,951 1027,951 1027,1034 948,1034"/>
          <TextEquiv>
            <Unicode>محل</Unicode>
          </TextEquiv>
        </Word>
        <Word id="w118">
          <Coords points="909,947 946,947 946,1014 909,1014"/>
          <TextEquiv>
            <Unicode>له</Unicode>
          </TextEquiv>
        </Word>
        <Word id="w119">
          <Coords points="843,981 895,981 895,1029 843,1029"/>
          <TextEquiv>
            <Unicode>و</Unicode>
          </TextEquiv>
        </Word>
        <Word id="w120">
          <Coords points="747,956 847,956 847,1029 747,1029"/>
          <TextEquiv>
            <Unicode>سلا</Unicode>
          </TextEquiv>
        </Word>
        <Word id="w121">
          <Coords points="704,990 741,990 741,1017 704,1017"/>
          <TextEquiv>
            <Unicode>م</Unicode>
          </TextEquiv>
        </Word>
        <Word id="w122">
          <Coords points="637,983 701,983 701,1035 637,1035"/>
          <TextEquiv>
            <Unicode>مر</Unicode>
          </TextEquiv>
        </Word>
        <Word id="w123">
          <Coords points="594,967 645,967 645,1041 594,1041"/>
          <TextEquiv>
            <Unicode>فو</Unicode>
          </TextEquiv>
        </Word>
        <Word id="w124">
          <Coords points="573,984 648,984 648,1077 573,1077"/>
          <TextEquiv>
            <Unicode>ع</Unicode>
          </TextEquiv>
        </Word>
        <Word id="w125">
          <Coords points="441,943 558,943 558,1022 441,1022"/>
          <TextEquiv>
            <Unicode>لفظا</Unicode>
          </TextEquiv>
        </Word>
        <Word id="w126">
          <Coords points="288,961 436,961 436,1043 288,1043"/>
          <TextEquiv>
            <Unicode>عطف</Unicode>
          </TextEquiv>
        </Word>
        <Word id="w127">
          <Coords points="229,951 294,951 294,1048 229,1048"/>
          <TextEquiv>
            <Unicode>على</Unicode>
          </TextEquiv>
        </Word>
        <Word id="w128">
          <Coords points="216,952 244,952 244,1028 216,1028"/>
          <TextEquiv>
            <Unicode>ا</Unicode>
          </TextEquiv>
        </Word>
        <Word id="w129">
          <Coords points="78,969 206,969 206,1053 78,1053"/>
          <TextEquiv>
            <Unicode>لصلو</Unicode>
          </TextEquiv>
        </Word>
        <Word id="w130">
          <Coords points="74,942 100,942 100,1001 74,1001"/>
          <TextEquiv>
            <Unicode>ة</Unicode>
          </TextEquiv>
        </Word>
        <TextEquiv>
          <Unicode> عل ا لسكو ن لا محل له و سلا م مر فو ع لفظا عطف على ا لصلو ة</Unicode>
        </TextEquiv>
      </TextLine>
      <TextLine id="l7">
        <Coords points="80,1070 1357,1070 1357,1207 80,1207"/>
        <Word id="w131">
          <Coords points="1285,1082 1356,1082 1356,1199 1285,1199"/>
          <TextEquiv>
            <Unicode>على</Unicode>
          </TextEquiv>
        </Word>
        <Word id="w132">
          <Coords points="1228,1120 1300,1120 1300,1190 1228,1190"/>
          <TextEquiv>
            <Unicode>حر</Unicode>
          </TextEquiv>
        </Word>
        <Word id="w133">
          <Coords points="1167,1100 1233,1100 1233,1179 1167,1179"/>
          <TextEquiv>
            <Unicode>ف</Unicode>
          </TextEquiv>
        </Word>
        <Word id="w134">
          <Coords points="1102,1105 1182,1105 1182,1185 1102,1185"/>
          <TextEquiv>
            <Unicode>جر</Unicode>
          </TextEquiv>
        </Word>
        <Word id="w135">
          <Coords points="1002,1089 1114,1089 1114,1177 1002,1177"/>
          <TextEquiv>
            <Unicode>مبنى</Unicode>
          </TextEquiv>
        </Word>
        <Word id="w136">
          <Coords points="940,1087 1006,1087 1006,1185 940,1185"/>
          <TextEquiv>
            <Unicode>على</Unicode>
          </TextEquiv>
        </Word>
        <Word id="w137">
          <Coords points="926,1089 953,1089 953,1139 926,1139"/>
          <TextEquiv>
            <Unicode>ا</Unicode>
          </TextEquiv>
        </Word>
        <Word id="w138">
          <Coords points="784,1070 915,1070 915,1186 784,1186"/>
          <TextEquiv>
            <Unicode>لسكو</Unicode>
          </TextEquiv>
        </Word>
        <Word id="w139">
          <Coords points="742,1100 780,1100 780,1164 742,1164"/>
          <TextEquiv>
            <Unicode>ن</Unicode>
          </TextEquiv>
        </Word>
        <Word id="w140">
          <Coords points="672,1101 729,1101 729,1182 672,1182"/>
          <TextEquiv>
            <Unicode>لا</Unicode>
          </TextEquiv>
        </Word>
        <Word id="w141">
          <Coords points="588,1100 677,1100 677,1206 588,1206"/>
          <TextEquiv>
            <Unicode>محل</Unicode>
          </TextEquiv>
        </Word>
        <Word id="w142">
          <Coords points="537,1110 587,1110 587,1176 537,1176"/>
          <TextEquiv>
            <Unicode>له</Unicode>
          </TextEquiv>
        </Word>
        <Word id="w143">
          <Coords points="449,1123 530,1123 530,1190 449,1190"/>
          <TextEquiv>
            <Unicode>محمد</Unicode>
          </TextEquiv>
        </Word>
        <Word id="w144">
          <Coords points="373,1123 441,1123 441,1200 373,1200"/>
          <TextEquiv>
            <Unicode>مجر</Unicode>
          </TextEquiv>
        </Word>
        <Word id="w145">
          <Coords points="347,1137 383,1137 383,1197 347,1197"/>
          <TextEquiv>
            <Unicode>و</Unicode>
          </TextEquiv>
        </Word>
        <Word id="w146">
          <Coords points="308,1130 346,1130 346,1178 308,1178"/>
          <TextEquiv>
            <Unicode>ر</Unicode>
          </TextEquiv>
        </Word>
        <Word id="w147">
          <Coords points="188,1108 303,1108 303,1190 188,1190"/>
          <TextEquiv>
            <Unicode>لفظا</Unicode>
          </TextEquiv>
        </Word>
        <Word id="w148">
          <Coords points="80,1096 179,1096 179,1195 80,1195"/>
          <TextEquiv>
            <Unicode>بعلى</Unicode>
          </TextEquiv>
        </Word>
        <TextEquiv>
          <Unicode> على حر ف جر مبنى على ا لسكو ن لا محل له محمد مجر و ر لفظا بعلى</Unicode>
        </TextEquiv>
      </TextLine>
      <TextLine id="l8">
        <Coords points="51,1235 1364,1235 1364,1350 51,1350"/>
        <Word id="w149">
          <Coords points="1312,1279 1363,1279 1363,1334 1312,1334"/>
          <TextEquiv>
            <Unicode>و</Unicode>
          </TextEquiv>
        </Word>
        <Word id="w150">
          <Coords points="1242,1273 1328,1273 1328,1341 1242,1341"/>
          <TextEquiv>
            <Unicode>هو</Unicode>
          </TextEquiv>
        </Word>
        <Word id="w151">
          <Coords points="1183,1263 1245,1263 1245,1349 1183,1349"/>
          <TextEquiv>
            <Unicode>مع</Unicode>
          </TextEquiv>
        </Word>
        <Word id="w152">
          <Coords points="1095,1268 1176,1268 1176,1347 1095,1347"/>
          <TextEquiv>
            <Unicode>مجر</Unicode>
          </TextEquiv>
        </Word>
        <Word id="w153">
          <Coords points="1068,1270 1109,1270 1109,1326 1068,1326"/>
          <TextEquiv>
            <Unicode>و</Unicode>
          </TextEquiv>
        </Word>
        <Word id="w154">
          <Coords points="1036,1278 1077,1278 1077,1339 1036,1339"/>
          <TextEquiv>
            <Unicode>ر</Unicode>
          </TextEquiv>
        </Word>
        <Word id="w155">
          <Coords points="1014,1282 1038,1282 1038,1309 1014,1309"/>
          <TextEquiv>
            <Unicode>ه</Unicode>
          </TextEquiv>
        </Word>
        <Word id="w156">
          <Coords points="925,1249 1009,1249 1009,1340 925,1340"/>
          <TextEquiv>
            <Unicode>ظر</Unicode>
          </TextEquiv>
        </Word>
        <Word id="w157">
          <Coords points="886,1254 945,1254 945,1317 886,1317"/>
          <TextEquiv>
            <Unicode>ف</Unicode>
          </TextEquiv>
        </Word>
        <Word id="w158">
          <Coords points="709,1256 893,1256 893,1338 709,1338"/>
          <TextEquiv>
            <Unicode>مستقر</Unicode>
          </TextEquiv>
        </Word>
        <Word id="w159">
          <Coords points="656,1280 701,1280 701,1330 656,1330"/>
          <TextEquiv>
            <Unicode>و</Unicode>
          </TextEquiv>
        </Word>
        <Word id="w160">
          <Coords points="558,1238 664,1238 664,1323 558,1323"/>
          <TextEquiv>
            <Unicode>تحته</Unicode>
          </TextEquiv>
        </Word>
        <Word id="w161">
          <Coords points="481,1247 540,1247 540,1331 481,1331"/>
          <TextEquiv>
            <Unicode>هما</Unicode>
          </TextEquiv>
        </Word>
        <Word id="w162">
          <Coords points="455,1258 467,1258 467,1317 455,1317"/>
          <TextEquiv>
            <Unicode>ا</Unicode>
          </TextEquiv>
        </Word>
        <Word id="w163">
          <Coords points="279,1247 442,1247 442,1345 279,1345"/>
          <TextEquiv>
            <Unicode>لمنتقل</Unicode>
          </TextEquiv>
        </Word>
        <Word id="w164">
          <Coords points="218,1269 287,1269 287,1338 218,1338"/>
          <TextEquiv>
            <Unicode>من</Unicode>
          </TextEquiv>
        </Word>
        <Word id="w165">
          <Coords points="51,1235 225,1235 225,1317 51,1317"/>
          <TextEquiv>
            <Unicode>متعلقة</Unicode>
          </TextEquiv>
        </Word>
        <TextEquiv>
          <Unicode> و هو مع مجر و ر ه ظر ف مستقر و تحته هما ا لمنتقل من متعلقة</Unicode>
        </TextEquiv>
      </TextLine>
      <TextLine id="l9">
        <Coords points="62,1362 1366,1362 1366,1507 62,1507"/>
        <Word id="w166">
          <Coords points="1343,1399 1365,1399 1365,1468 1343,1468"/>
          <TextEquiv>
            <Unicode>ا</Unicode>
          </TextEquiv>
        </Word>
        <Word id="w167">
          <Coords points="1260,1392 1349,1392 1349,1482 1260,1482"/>
          <TextEquiv>
            <Unicode>لمحذ</Unicode>
          </TextEquiv>
        </Word>
        <Word id="w168">
          <Coords points="1219,1436 1267,1436 1267,1486 1219,1486"/>
          <TextEquiv>
            <Unicode>و</Unicode>
          </TextEquiv>
        </Word>
        <Word id="w169">
          <Coords points="1157,1411 1225,1411 1225,1474 1157,1474"/>
          <TextEquiv>
            <Unicode>ف</Unicode>
          </TextEquiv>
        </Word>
        <Word id="w170">
          <Coords points="1104,1435 1146,1435 1146,1478 1104,1478"/>
          <TextEquiv>
            <Unicode>ر</Unicode>
          </TextEquiv>
        </Word>
        <Word id="w171">
          <Coords points="1100,1392 1122,1392 1122,1469 1100,1469"/>
          <TextEquiv>
            <Unicode>ا</Unicode>
          </TextEquiv>
        </Word>
        <Word id="w172">
          <Coords points="1024,1437 1106,1437 1106,1506 1024,1506"/>
          <TextEquiv>
            <Unicode>جع</Unicode>
          </TextEquiv>
        </Word>
        <Word id="w173">
          <Coords points="1008,1404 1020,1404 1020,1457 1008,1457"/>
          <TextEquiv>
            <Unicode>ا</Unicode>
          </TextEquiv>
        </Word>
        <Word id="w174">
          <Coords points="951,1398 1001,1398 1001,1479 951,1479"/>
          <TextEquiv>
            <Unicode>لى</Unicode>
          </TextEquiv>
        </Word>
        <Word id="w175">
          <Coords points="944,1395 960,1395 960,1449 944,1449"/>
          <TextEquiv>
            <Unicode>ا</Unicode>
          </TextEquiv>
        </Word>
        <Word id="w176">
          <Coords points="802,1395 931,1395 931,1477 802,1477"/>
          <TextEquiv>
            <Unicode>لصلو</Unicode>
          </TextEquiv>
        </Word>
        <Word id="w177">
          <Coords points="770,1434 794,1434 794,1459 770,1459"/>
          <TextEquiv>
            <Unicode>ه</Unicode>
          </TextEquiv>
        </Word>
        <Word id="w178">
          <Coords points="711,1431 759,1431 759,1476 711,1476"/>
          <TextEquiv>
            <Unicode>و</Unicode>
          </TextEquiv>
        </Word>
        <Word id="w179">
          <Coords points="708,1400 724,1400 724,1459 708,1459"/>
          <TextEquiv>
            <Unicode>ا</Unicode>
          </TextEquiv>
        </Word>
        <Word id="w180">
          <Coords points="567,1403 700,1403 700,1464 567,1464"/>
          <TextEquiv>
            <Unicode>لسلا</Unicode>
          </TextEquiv>
        </Word>
        <Word id="w181">
          <Coords points="496,1435 553,1435 553,1470 496,1470"/>
          <TextEquiv>
            <Unicode>م</Unicode>
          </TextEquiv>
        </Word>
        <Word id="w182">
          <Coords points="399,1396 510,1396 510,1481 399,1481"/>
          <TextEquiv>
            <Unicode>مبنى</Unicode>
          </TextEquiv>
        </Word>
        <Word id="w183">
          <Coords points="337,1374 406,1374 406,1476 337,1476"/>
          <TextEquiv>
            <Unicode>على</Unicode>
          </TextEquiv>
        </Word>
        <Word id="w184">
          <Coords points="323,1387 337,1387 337,1442 323,1442"/>
          <TextEquiv>
            <Unicode>ا</Unicode>
          </TextEquiv>
        </Word>
        <Word id="w185">
          <Coords points="171,1362 319,1362 319,1477 171,1477"/>
          <TextEquiv>
            <Unicode>لسكو</Unicode>
          </TextEquiv>
        </Word>
        <Word id="w186">
          <Coords points="62,1398 177,1398 177,1485 62,1485"/>
          <TextEquiv>
            <Unicode>ن</Unicode>
          </TextEquiv>
        </Word>
        <TextEquiv>
          <Unicode> ا لمحذ و ف ر ا جع ا لى ا لصلو ه و ا لسلا م مبنى على ا لسكو ن</Unicode>
        </TextEquiv>
      </TextLine>
      <TextLine id="l10">
        <Coords points="59,1529 1364,1529 1364,1664 59,1664"/>
        <Word id="w187">
          <Coords points="1304,1566 1363,1566 1363,1628 1304,1628"/>
          <TextEquiv>
            <Unicode>مر</Unicode>
          </TextEquiv>
        </Word>
        <Word id="w188">
          <Coords points="1280,1534 1320,1534 1320,1628 1280,1628"/>
          <TextEquiv>
            <Unicode>فو</Unicode>
          </TextEquiv>
        </Word>
        <Word id="w189">
          <Coords points="1240,1564 1334,1564 1334,1663 1240,1663"/>
          <TextEquiv>
            <Unicode>ع</Unicode>
          </TextEquiv>
        </Word>
        <Word id="w190">
          <Coords points="1134,1546 1225,1546 1225,1607 1134,1607"/>
          <TextEquiv>
            <Unicode>محلا</Unicode>
          </TextEquiv>
        </Word>
        <Word id="w191">
          <Coords points="1081,1529 1120,1529 1120,1605 1081,1605"/>
          <TextEquiv>
            <Unicode>فا</Unicode>
          </TextEquiv>
        </Word>
        <Word id="w192">
          <Coords points="1005,1533 1073,1533 1073,1625 1005,1625"/>
          <TextEquiv>
            <Unicode>عل</Unicode>
          </TextEquiv>
        </Word>
        <Word id="w193">
          <Coords points="989,1533 1014,1533 1014,1599 989,1599"/>
          <TextEquiv>
            <Unicode>ا</Unicode>
          </TextEquiv>
        </Word>
        <Word id="w194">
          <Coords points="872,1537 979,1537 979,1638 872,1638"/>
          <TextEquiv>
            <Unicode>لظر</Unicode>
          </TextEquiv>
        </Word>
        <Word id="w195">
          <Coords points="826,1557 893,1557 893,1613 826,1613"/>
          <TextEquiv>
            <Unicode>ف</Unicode>
          </TextEquiv>
        </Word>
        <Word id="w196">
          <Coords points="813,1531 826,1531 826,1602 813,1602"/>
          <TextEquiv>
            <Unicode>ا</Unicode>
          </TextEquiv>
        </Word>
        <Word id="w197">
          <Coords points="619,1542 804,1542 804,1641 619,1641"/>
          <TextEquiv>
            <Unicode>لمستقر</Unicode>
          </TextEquiv>
        </Word>
        <Word id="w198">
          <Coords points="577,1562 638,1562 638,1620 577,1620"/>
          <TextEquiv>
            <Unicode>و</Unicode>
          </TextEquiv>
        </Word>
        <Word id="w199">
          <Coords points="502,1562 588,1562 588,1633 502,1633"/>
          <TextEquiv>
            <Unicode>هو</Unicode>
          </TextEquiv>
        </Word>
        <Word id="w200">
          <Coords points="404,1555 506,1555 506,1609 404,1609"/>
          <TextEquiv>
            <Unicode>معه</Unicode>
          </TextEquiv>
        </Word>
        <Word id="w201">
          <Coords points="292,1543 401,1543 401,1629 292,1629"/>
          <TextEquiv>
            <Unicode>جملة</Unicode>
          </TextEquiv>
        </Word>
        <Word id="w202">
          <Coords points="136,1542 273,1542 273,1640 136,1640"/>
          <TextEquiv>
            <Unicode>فعلية</Unicode>
          </TextEquiv>
        </Word>
        <Word id="w203">
          <Coords points="102,1538 124,1538 124,1608 102,1608"/>
          <TextEquiv>
            <Unicode>ا</Unicode>
          </TextEquiv>
        </Word>
        <Word id="w204">
          <Coords points="59,1578 99,1578 99,1617 59,1617"/>
          <TextEquiv>
            <Unicode>و</Unicode>
          </TextEquiv>
        </Word>
        <TextEquiv>
          <Unicode> مر فو ع محلا فا عل ا لظر ف ا لمستقر و هو معه جملة فعلية ا و</Unicode>
        </TextEquiv>
      </TextLine>
      <TextLine id="l11">
        <Coords points="75,1684 1372,1684 1372,1818 75,1818"/>
        <Word id="w205">
          <Coords points="1304,1726 1371,1726 1371,1788 1304,1788"/>
          <TextEquiv>
            <Unicode>مر</Unicode>
          </TextEquiv>
        </Word>
        <Word id="w206">
          <Coords points="1247,1692 1354,1692 1354,1800 1247,1800"/>
          <TextEquiv>
            <Unicode>كب</Unicode>
          </TextEquiv>
        </Word>
        <Word id="w207">
          <Coords points="1178,1733 1239,1733 1239,1783 1178,1783"/>
          <TextEquiv>
            <Unicode>مر</Unicode>
          </TextEquiv>
        </Word>
        <Word id="w208">
          <Coords points="1126,1696 1187,1696 1187,1787 1126,1787"/>
          <TextEquiv>
            <Unicode>فو</Unicode>
          </TextEquiv>
        </Word>
        <Word id="w209">
          <Coords points="1095,1722 1180,1722 1180,1817 1095,1817"/>
          <TextEquiv>
            <Unicode>ع</Unicode>
          </TextEquiv>
        </Word>
        <Word id="w210">
          <Coords points="980,1716 1078,1716 1078,1772 980,1772"/>
          <TextEquiv>
            <Unicode>محلا</Unicode>
          </TextEquiv>
        </Word>
        <Word id="w211">
          <Coords points="874,1698 979,1698 979,1788 874,1788"/>
          <TextEquiv>
            <Unicode>خبر</Unicode>
          </TextEquiv>
        </Word>
        <Word id="w212">
          <Coords points="869,1698 884,1698 884,1757 869,1757"/>
          <TextEquiv>
            <Unicode>ا</Unicode>
          </TextEquiv>
        </Word>
        <Word id="w213">
          <Coords points="742,1709 865,1709 865,1786 742,1786"/>
          <TextEquiv>
            <Unicode>لمبتد</Unicode>
          </TextEquiv>
        </Word>
        <Word id="w214">
          <Coords points="717,1684 745,1684 745,1756 717,1756"/>
          <TextEquiv>
            <Unicode>ا</Unicode>
          </TextEquiv>
        </Word>
        <Word id="w215">
          <Coords points="696,1735 725,1735 725,1762 696,1762"/>
          <TextEquiv>
            <Unicode>ء</Unicode>
          </TextEquiv>
        </Word>
        <Word id="w216">
          <Coords points="634,1734 670,1734 670,1785 634,1785"/>
          <TextEquiv>
            <Unicode>و</Unicode>
          </TextEquiv>
        </Word>
        <Word id="w217">
          <Coords points="545,1727 638,1727 638,1796 545,1796"/>
          <TextEquiv>
            <Unicode>هو</Unicode>
          </TextEquiv>
        </Word>
        <Word id="w218">
          <Coords points="456,1718 561,1718 561,1766 456,1766"/>
          <TextEquiv>
            <Unicode>معه</Unicode>
          </TextEquiv>
        </Word>
        <Word id="w219">
          <Coords points="324,1703 450,1703 450,1788 324,1788"/>
          <TextEquiv>
            <Unicode>جملة</Unicode>
          </TextEquiv>
        </Word>
        <Word id="w220">
          <Coords points="292,1700 311,1700 311,1764 292,1764"/>
          <TextEquiv>
            <Unicode>ا</Unicode>
          </TextEquiv>
        </Word>
        <Word id="w221">
          <Coords points="151,1700 282,1700 282,1801 151,1801"/>
          <TextEquiv>
            <Unicode>سمية</Unicode>
          </TextEquiv>
        </Word>
        <Word id="w222">
          <Coords points="75,1694 137,1694 137,1776 75,1776"/>
          <TextEquiv>
            <Unicode>لا</Unicode>
          </TextEquiv>
        </Word>
        <TextEquiv>
          <Unicode> مر كب مر فو ع محلا خبر ا لمبتد ا ء و هو معه جملة ا سمية لا</Unicode>
        </TextEquiv>
      </TextLine>
      <TextLine id="l12">
        <Coords points="90,1833 1363,1833 1363,1965 90,1965"/>
        <Word id="w223">
          <Coords points="1283,1837 1362,1837 1362,1939 1283,1939"/>
          <TextEquiv>
            <Unicode>محل</Unicode>
          </TextEquiv>
        </Word>
        <Word id="w224">
          <Coords points="1215,1833 1289,1833 1289,1910 1215,1910"/>
          <TextEquiv>
            <Unicode>لها</Unicode>
          </TextEquiv>
        </Word>
        <Word id="w225">
          <Coords points="1039,1853 1201,1853 1201,1922 1039,1922"/>
          <TextEquiv>
            <Unicode>عطف</Unicode>
          </TextEquiv>
        </Word>
        <Word id="w226">
          <Coords points="977,1847 1044,1847 1044,1935 977,1935"/>
          <TextEquiv>
            <Unicode>على</Unicode>
          </TextEquiv>
        </Word>
        <Word id="w227">
          <Coords points="870,1847 976,1847 976,1949 870,1949"/>
          <TextEquiv>
            <Unicode>جملة</Unicode>
          </TextEquiv>
        </Word>
        <Word id="w228">
          <Coords points="842,1842 859,1842 859,1915 842,1915"/>
          <TextEquiv>
            <Unicode>ا</Unicode>
          </TextEquiv>
        </Word>
        <Word id="w229">
          <Coords points="748,1840 832,1840 832,1930 748,1930"/>
          <TextEquiv>
            <Unicode>لحمد</Unicode>
          </TextEquiv>
        </Word>
        <Word id="w230">
          <Coords points="670,1875 732,1875 732,1917 670,1917"/>
          <TextEquiv>
            <Unicode>لله</Unicode>
          </TextEquiv>
        </Word>
        <Word id="w231">
          <Coords points="596,1875 656,1875 656,1931 596,1931"/>
          <TextEquiv>
            <Unicode>و</Unicode>
          </TextEquiv>
        </Word>
        <Word id="w232">
          <Coords points="532,1865 629,1865 629,1964 532,1964"/>
          <TextEquiv>
            <Unicode>يجو</Unicode>
          </TextEquiv>
        </Word>
        <Word id="w233">
          <Coords points="501,1852 539,1852 539,1940 501,1940"/>
          <TextEquiv>
            <Unicode>ز</Unicode>
          </TextEquiv>
        </Word>
        <Word id="w234">
          <Coords points="480,1849 504,1849 504,1914 480,1914"/>
          <TextEquiv>
            <Unicode>ا</Unicode>
          </TextEquiv>
        </Word>
        <Word id="w235">
          <Coords points="439,1850 478,1850 478,1930 439,1930"/>
          <TextEquiv>
            <Unicode>ن</Unicode>
          </TextEquiv>
        </Word>
        <Word id="w236">
          <Coords points="265,1852 431,1852 431,1938 265,1938"/>
          <TextEquiv>
            <Unicode>يعطف</Unicode>
          </TextEquiv>
        </Word>
        <Word id="w237">
          <Coords points="249,1847 266,1847 266,1906 249,1906"/>
          <TextEquiv>
            <Unicode>ا</Unicode>
          </TextEquiv>
        </Word>
        <Word id="w238">
          <Coords points="93,1856 239,1856 239,1944 93,1944"/>
          <TextEquiv>
            <Unicode>لصلو</Unicode>
          </TextEquiv>
        </Word>
        <Word id="w239">
          <Coords points="90,1881 111,1881 111,1907 90,1907"/>
          <TextEquiv>
            <Unicode>ه</Unicode>
          </TextEquiv>
        </Word>
        <TextEquiv>
          <Unicode> محل لها عطف على جملة ا لحمد لله و يجو ز ا ن يعطف ا لصلو ه</Unicode>
        </TextEquiv>
      </TextLine>
      <TextLine id="l13">
        <Coords points="56,1956 149,1956 149,1999 56,1999"/>
        <Word id="w240">
          <Coords points="56,1956 148,1956 148,1998 56,1998"/>
          <TextEquiv>
            <Unicode>في</Unicode>
          </TextEquiv>
        </Word>
        <TextEquiv>
          <Unicode> في</Unicode>
        </TextEquiv>
      </TextLine>
      <TextLine id="l14">
        <Coords points="63,1977 1358,1977 1358,2128 63,2128"/>
        <Word id="w241">
          <Coords points="1277,1982 1357,1982 1357,2086 1277,2086"/>
          <TextEquiv>
            <Unicode>على</Unicode>
          </TextEquiv>
        </Word>
        <Word id="w242">
          <Coords points="1265,1977 1282,1977 1282,2049 1265,2049"/>
          <TextEquiv>
            <Unicode>ا</Unicode>
          </TextEquiv>
        </Word>
        <Word id="w243">
          <Coords points="1168,1982 1250,1982 1250,2075 1168,2075"/>
          <TextEquiv>
            <Unicode>لحمد</Unicode>
          </TextEquiv>
        </Word>
        <Word id="w244">
          <Coords points="1104,2023 1155,2023 1155,2070 1104,2070"/>
          <TextEquiv>
            <Unicode>و</Unicode>
          </TextEquiv>
        </Word>
        <Word id="w245">
          <Coords points="1043,1988 1115,1988 1115,2083 1043,2083"/>
          <TextEquiv>
            <Unicode>على</Unicode>
          </TextEquiv>
        </Word>
        <Word id="w246">
          <Coords points="959,2012 1045,2012 1045,2076 959,2076"/>
          <TextEquiv>
            <Unicode>محمد</Unicode>
          </TextEquiv>
        </Word>
        <Word id="w247">
          <Coords points="883,1987 954,1987 954,2082 883,2082"/>
          <TextEquiv>
            <Unicode>عل</Unicode>
          </TextEquiv>
        </Word>
        <Word id="w248">
          <Coords points="805,2025 870,2025 870,2063 805,2063"/>
          <TextEquiv>
            <Unicode>لله</Unicode>
          </TextEquiv>
        </Word>
        <Word id="w249">
          <Coords points="732,1979 801,1979 801,2088 732,2088"/>
          <TextEquiv>
            <Unicode>كما</Unicode>
          </TextEquiv>
        </Word>
        <Word id="w250">
          <Coords points="632,2040 727,2040 727,2091 632,2091"/>
          <TextEquiv>
            <Unicode>ص</Unicode>
          </TextEquiv>
        </Word>
        <Word id="w251">
          <Coords points="590,2040 678,2040 678,2127 590,2127"/>
          <TextEquiv>
            <Unicode>ح</Unicode>
          </TextEquiv>
        </Word>
        <Word id="w252">
          <Coords points="523,2020 571,2020 571,2095 523,2095"/>
          <TextEquiv>
            <Unicode>به</Unicode>
          </TextEquiv>
        </Word>
        <Word id="w253">
          <Coords points="393,2023 511,2023 511,2069 393,2069"/>
          <TextEquiv>
            <Unicode>سعد</Unicode>
          </TextEquiv>
        </Word>
        <Word id="w254">
          <Coords points="371,2002 390,2002 390,2063 371,2063"/>
          <TextEquiv>
            <Unicode>ا</Unicode>
          </TextEquiv>
        </Word>
        <Word id="w255">
          <Coords points="313,2005 363,2005 363,2075 313,2075"/>
          <TextEquiv>
            <Unicode>ل</Unicode>
          </TextEquiv>
        </Word>
        <Word id="w256">
          <Coords points="255,2003 309,2003 309,2089 255,2089"/>
          <TextEquiv>
            <Unicode>ين</Unicode>
          </TextEquiv>
        </Word>
        <Word id="w257">
          <Coords points="239,2006 252,2006 252,2058 239,2058"/>
          <TextEquiv>
            <Unicode>ا</Unicode>
          </TextEquiv>
        </Word>
        <Word id="w258">
          <Coords points="111,1994 228,1994 228,2076 111,2076"/>
          <TextEquiv>
            <Unicode>لتفتا</Unicode>
          </TextEquiv>
        </Word>
        <Word id="w259">
          <Coords points="72,2051 107,2051 107,2084 72,2084"/>
          <TextEquiv>
            <Unicode>ر</Unicode>
          </TextEquiv>
        </Word>
        <Word id="w260">
          <Coords points="63,2006 88,2006 88,2062 63,2062"/>
          <TextEquiv>
            <Unicode>ا</Unicode>
          </TextEquiv>
        </Word>
        <TextEquiv>
          <Unicode> على ا لحمد و على محمد عل لله كما ص ح به سعد ا ل ين ا لتفتا ر ا</Unicode>
        </TextEquiv>
      </TextLine>
      <TextLine id="l15">
        <Coords points="68,2137 1348,2137 1348,2264 68,2264"/>
        <Word id="w261">
          <Coords points="1304,2177 1347,2177 1347,2227 1304,2227"/>
          <TextEquiv>
            <Unicode>و</Unicode>
          </TextEquiv>
        </Word>
        <Word id="w262">
          <Coords points="1289,2146 1304,2146 1304,2212 1289,2212"/>
          <TextEquiv>
            <Unicode>ا</Unicode>
          </TextEquiv>
        </Word>
        <Word id="w263">
          <Coords points="1198,2138 1276,2138 1276,2213 1198,2213"/>
          <TextEquiv>
            <Unicode>لفا</Unicode>
          </TextEquiv>
        </Word>
        <Word id="w264">
          <Coords points="1087,2147 1192,2147 1192,2248 1087,2248"/>
          <TextEquiv>
            <Unicode>ضل</Unicode>
          </TextEquiv>
        </Word>
        <Word id="w265">
          <Coords points="1064,2153 1095,2153 1095,2210 1064,2210"/>
          <TextEquiv>
            <Unicode>ا</Unicode>
          </TextEquiv>
        </Word>
        <Word id="w266">
          <Coords points="914,2139 1054,2139 1054,2224 914,2224"/>
          <TextEquiv>
            <Unicode>لعصا</Unicode>
          </TextEquiv>
        </Word>
        <Word id="w267">
          <Coords points="850,2184 900,2184 900,2222 850,2222"/>
          <TextEquiv>
            <Unicode>م</Unicode>
          </TextEquiv>
        </Word>
        <Word id="w268">
          <Coords points="791,2146 845,2146 845,2227 791,2227"/>
          <TextEquiv>
            <Unicode>في</Unicode>
          </TextEquiv>
        </Word>
        <Word id="w269">
          <Coords points="699,2143 785,2143 785,2232 699,2232"/>
          <TextEquiv>
            <Unicode>شر</Unicode>
          </TextEquiv>
        </Word>
        <Word id="w270">
          <Coords points="670,2172 755,2172 755,2263 670,2263"/>
          <TextEquiv>
            <Unicode>ح</Unicode>
          </TextEquiv>
        </Word>
        <Word id="w271">
          <Coords points="642,2158 664,2158 664,2219 642,2219"/>
          <TextEquiv>
            <Unicode>ا</Unicode>
          </TextEquiv>
        </Word>
        <Word id="w272">
          <Coords points="540,2137 661,2137 661,2235 540,2235"/>
          <TextEquiv>
            <Unicode>لكا</Unicode>
          </TextEquiv>
        </Word>
        <Word id="w273">
          <Coords points="450,2147 531,2147 531,2255 450,2255"/>
          <TextEquiv>
            <Unicode>فية</Unicode>
          </TextEquiv>
        </Word>
        <Word id="w274">
          <Coords points="388,2139 430,2139 430,2220 388,2220"/>
          <TextEquiv>
            <Unicode>فا</Unicode>
          </TextEquiv>
        </Word>
        <Word id="w275">
          <Coords points="339,2160 392,2160 392,2237 339,2237"/>
          <TextEquiv>
            <Unicode>ن</Unicode>
          </TextEquiv>
        </Word>
        <Word id="w276">
          <Coords points="241,2150 327,2150 327,2249 241,2249"/>
          <TextEquiv>
            <Unicode>قبل</Unicode>
          </TextEquiv>
        </Word>
        <Word id="w277">
          <Coords points="173,2140 252,2140 252,2245 173,2245"/>
          <TextEquiv>
            <Unicode>على</Unicode>
          </TextEquiv>
        </Word>
        <Word id="w278">
          <Coords points="162,2157 183,2157 183,2226 162,2226"/>
          <TextEquiv>
            <Unicode>ا</Unicode>
          </TextEquiv>
        </Word>
        <Word id="w279">
          <Coords points="103,2163 154,2163 154,2240 103,2240"/>
          <TextEquiv>
            <Unicode>لو</Unicode>
          </TextEquiv>
        </Word>
        <Word id="w280">
          <Coords points="68,2152 128,2152 128,2224 68,2224"/>
          <TextEquiv>
            <Unicode>جه</Unicode>
          </TextEquiv>
        </Word>
        <TextEquiv>
          <Unicode> و ا لفا ضل ا لعصا م في شر ح ا لكا فية فا ن قبل على ا لو جه</Unicode>
        </TextEquiv>
      </TextLine>
      <TextLine id="l16">
        <Coords points="86,2284 1342,2284 1342,2417 86,2417"/>
        <Word id="w281">
          <Coords points="1329,2299 1341,2299 1341,2361 1329,2361"/>
          <TextEquiv>
            <Unicode>ا</Unicode>
          </TextEquiv>
        </Word>
        <Word id="w282">
          <Coords points="1249,2301 1315,2301 1315,2373 1249,2373"/>
          <TextEquiv>
            <Unicode>لا</Unicode>
          </TextEquiv>
        </Word>
        <Word id="w283">
          <Coords points="1210,2340 1258,2340 1258,2380 1210,2380"/>
          <TextEquiv>
            <Unicode>و</Unicode>
          </TextEquiv>
        </Word>
        <Word id="w284">
          <Coords points="1175,2303 1214,2303 1214,2371 1175,2371"/>
          <TextEquiv>
            <Unicode>ل</Unicode>
          </TextEquiv>
        </Word>
        <Word id="w285">
          <Coords points="1089,2337 1161,2337 1161,2393 1089,2393"/>
          <TextEquiv>
            <Unicode>ير</Unicode>
          </TextEquiv>
        </Word>
        <Word id="w286">
          <Coords points="1068,2327 1105,2327 1105,2368 1068,2368"/>
          <TextEquiv>
            <Unicode>د</Unicode>
          </TextEquiv>
        </Word>
        <Word id="w287">
          <Coords points="1043,2294 1060,2294 1060,2357 1043,2357"/>
          <TextEquiv>
            <Unicode>ا</Unicode>
          </TextEquiv>
        </Word>
        <Word id="w288">
          <Coords points="993,2298 1038,2298 1038,2379 993,2379"/>
          <TextEquiv>
            <Unicode>ن</Unicode>
          </TextEquiv>
        </Word>
        <Word id="w289">
          <Coords points="974,2295 990,2295 990,2358 974,2358"/>
          <TextEquiv>
            <Unicode>ا</Unicode>
          </TextEquiv>
        </Word>
        <Word id="w290">
          <Coords points="802,2306 960,2306 960,2371 802,2371"/>
          <TextEquiv>
            <Unicode>لعطف</Unicode>
          </TextEquiv>
        </Word>
        <Word id="w291">
          <Coords points="729,2307 798,2307 798,2394 729,2394"/>
          <TextEquiv>
            <Unicode>من</Unicode>
          </TextEquiv>
        </Word>
        <Word id="w292">
          <Coords points="712,2294 743,2294 743,2356 712,2356"/>
          <TextEquiv>
            <Unicode>ا</Unicode>
          </TextEquiv>
        </Word>
        <Word id="w293">
          <Coords points="624,2296 711,2296 711,2392 624,2392"/>
          <TextEquiv>
            <Unicode>لتو</Unicode>
          </TextEquiv>
        </Word>
        <Word id="w294">
          <Coords points="604,2303 636,2303 636,2359 604,2359"/>
          <TextEquiv>
            <Unicode>ا</Unicode>
          </TextEquiv>
        </Word>
        <Word id="w295">
          <Coords points="541,2330 607,2330 607,2409 541,2409"/>
          <TextEquiv>
            <Unicode>بع</Unicode>
          </TextEquiv>
        </Word>
        <Word id="w296">
          <Coords points="478,2337 531,2337 531,2386 478,2386"/>
          <TextEquiv>
            <Unicode>و</Unicode>
          </TextEquiv>
        </Word>
        <Word id="w297">
          <Coords points="421,2327 496,2327 496,2394 421,2394"/>
          <TextEquiv>
            <Unicode>هي</Unicode>
          </TextEquiv>
        </Word>
        <Word id="w298">
          <Coords points="355,2287 443,2287 443,2416 355,2416"/>
          <TextEquiv>
            <Unicode>كل</Unicode>
          </TextEquiv>
        </Word>
        <Word id="w299">
          <Coords points="302,2296 347,2296 347,2372 302,2372"/>
          <TextEquiv>
            <Unicode>ثا</Unicode>
          </TextEquiv>
        </Word>
        <Word id="w300">
          <Coords points="250,2306 291,2306 291,2387 250,2387"/>
          <TextEquiv>
            <Unicode>ن</Unicode>
          </TextEquiv>
        </Word>
        <Word id="w301">
          <Coords points="203,2284 238,2284 238,2383 203,2383"/>
          <TextEquiv>
            <Unicode>با</Unicode>
          </TextEquiv>
        </Word>
        <Word id="w302">
          <Coords points="138,2328 200,2328 200,2397 138,2397"/>
          <TextEquiv>
            <Unicode>عر</Unicode>
          </TextEquiv>
        </Word>
        <Word id="w303">
          <Coords points="136,2296 150,2296 150,2363 136,2363"/>
          <TextEquiv>
            <Unicode>ا</Unicode>
          </TextEquiv>
        </Word>
        <Word id="w304">
          <Coords points="86,2338 134,2338 134,2389 86,2389"/>
          <TextEquiv>
            <Unicode>ب</Unicode>
          </TextEquiv>
        </Word>
        <TextEquiv>
          <Unicode> ا لا و ل ير د ا ن ا لعطف من ا لتو ا بع و هي كل ثا ن با عر ا ب</Unicode>
        </TextEquiv>
      </TextLine>
      <TextLine id="l17">
        <Coords points="80,2421 1353,2421 1353,2540 80,2540"/>
        <Word id="w305">
          <Coords points="1273,2421 1352,2421 1352,2507 1273,2507"/>
          <TextEquiv>
            <Unicode>سا</Unicode>
          </TextEquiv>
        </Word>
        <Word id="w306">
          <Coords points="1161,2426 1256,2426 1256,2533 1161,2533"/>
          <TextEquiv>
            <Unicode>بقة</Unicode>
          </TextEquiv>
        </Word>
        <Word id="w307">
          <Coords points="1068,2456 1146,2456 1146,2519 1068,2519"/>
          <TextEquiv>
            <Unicode>من</Unicode>
          </TextEquiv>
        </Word>
        <Word id="w308">
          <Coords points="959,2429 1070,2429 1070,2539 959,2539"/>
          <TextEquiv>
            <Unicode>جهة</Unicode>
          </TextEquiv>
        </Word>
        <Word id="w309">
          <Coords points="905,2465 946,2465 946,2511 905,2511"/>
          <TextEquiv>
            <Unicode>و</Unicode>
          </TextEquiv>
        </Word>
        <Word id="w310">
          <Coords points="887,2436 917,2436 917,2504 887,2504"/>
          <TextEquiv>
            <Unicode>ا</Unicode>
          </TextEquiv>
        </Word>
        <Word id="w311">
          <Coords points="812,2455 894,2455 894,2517 812,2517"/>
          <TextEquiv>
            <Unicode>حد</Unicode>
          </TextEquiv>
        </Word>
        <Word id="w312">
          <Coords points="805,2459 827,2459 827,2491 805,2491"/>
          <TextEquiv>
            <Unicode>ه</Unicode>
          </TextEquiv>
        </Word>
        <Word id="w313">
          <Coords points="740,2473 780,2473 780,2524 740,2524"/>
          <TextEquiv>
            <Unicode>و</Unicode>
          </TextEquiv>
        </Word>
        <Word id="w314">
          <Coords points="654,2448 743,2448 743,2517 654,2517"/>
          <TextEquiv>
            <Unicode>هذ</Unicode>
          </TextEquiv>
        </Word>
        <Word id="w315">
          <Coords points="640,2439 656,2439 656,2502 640,2502"/>
          <TextEquiv>
            <Unicode>ا</Unicode>
          </TextEquiv>
        </Word>
        <Word id="w316">
          <Coords points="563,2451 620,2451 620,2519 563,2519"/>
          <TextEquiv>
            <Unicode>لا</Unicode>
          </TextEquiv>
        </Word>
        <Word id="w317">
          <Coords points="443,2469 559,2469 559,2529 443,2529"/>
          <TextEquiv>
            <Unicode>يصد</Unicode>
          </TextEquiv>
        </Word>
        <Word id="w318">
          <Coords points="391,2444 436,2444 436,2519 391,2519"/>
          <TextEquiv>
            <Unicode>ق</Unicode>
          </TextEquiv>
        </Word>
        <Word id="w319">
          <Coords points="267,2438 386,2438 386,2531 267,2531"/>
          <TextEquiv>
            <Unicode>عليه</Unicode>
          </TextEquiv>
        </Word>
        <Word id="w320">
          <Coords points="152,2453 247,2453 247,2510 152,2510"/>
          <TextEquiv>
            <Unicode>لعد</Unicode>
          </TextEquiv>
        </Word>
        <Word id="w321">
          <Coords points="80,2473 150,2473 150,2515 80,2515"/>
          <TextEquiv>
            <Unicode>م</Unicode>
          </TextEquiv>
        </Word>
        <TextEquiv>
          <Unicode> سا بقة من جهة و ا حد ه و هذ ا لا يصد ق عليه لعد م</Unicode>
        </TextEquiv>
      </TextLine>
      <TextLine id="l18">
        <Coords points="71,2576 1354,2576 1354,2714 71,2714"/>
        <Word id="w322">
          <Coords points="1342,2588 1353,2588 1353,2657 1342,2657"/>
          <TextEquiv>
            <Unicode>ا</Unicode>
          </TextEquiv>
        </Word>
        <Word id="w323">
          <Coords points="1267,2593 1321,2593 1321,2662 1267,2662"/>
          <TextEquiv>
            <Unicode>لا</Unicode>
          </TextEquiv>
        </Word>
        <Word id="w324">
          <Coords points="1208,2588 1223,2588 1223,2646 1208,2646"/>
          <TextEquiv>
            <Unicode>ا</Unicode>
          </TextEquiv>
        </Word>
        <Word id="w325">
          <Coords points="1208,2626 1274,2626 1274,2686 1208,2686"/>
          <TextEquiv>
            <Unicode>عر</Unicode>
          </TextEquiv>
        </Word>
        <Word id="w326">
          <Coords points="1136,2625 1199,2625 1199,2670 1136,2670"/>
          <TextEquiv>
            <Unicode>ب</Unicode>
          </TextEquiv>
        </Word>
        <Word id="w327">
          <Coords points="1073,2589 1121,2589 1121,2672 1073,2672"/>
          <TextEquiv>
            <Unicode>فى</Unicode>
          </TextEquiv>
        </Word>
        <Word id="w328">
          <Coords points="997,2585 1079,2585 1079,2665 997,2665"/>
          <TextEquiv>
            <Unicode>كلا</Unicode>
          </TextEquiv>
        </Word>
        <Word id="w329">
          <Coords points="971,2601 988,2601 988,2663 971,2663"/>
          <TextEquiv>
            <Unicode>ا</Unicode>
          </TextEquiv>
        </Word>
        <Word id="w330">
          <Coords points="817,2598 962,2598 962,2689 817,2689"/>
          <TextEquiv>
            <Unicode>لمعطو</Unicode>
          </TextEquiv>
        </Word>
        <Word id="w331">
          <Coords points="745,2591 821,2591 821,2687 745,2687"/>
          <TextEquiv>
            <Unicode>فين</Unicode>
          </TextEquiv>
        </Word>
        <Word id="w332">
          <Coords points="659,2590 728,2590 728,2668 659,2668"/>
          <TextEquiv>
            <Unicode>فلا</Unicode>
          </TextEquiv>
        </Word>
        <Word id="w333">
          <Coords points="546,2616 637,2616 637,2713 546,2713"/>
          <TextEquiv>
            <Unicode>يصح</Unicode>
          </TextEquiv>
        </Word>
        <Word id="w334">
          <Coords points="416,2583 546,2583 546,2678 416,2678"/>
          <TextEquiv>
            <Unicode>جعل</Unicode>
          </TextEquiv>
        </Word>
        <Word id="w335">
          <Coords points="319,2576 425,2576 425,2690 319,2690"/>
          <TextEquiv>
            <Unicode>جملة</Unicode>
          </TextEquiv>
        </Word>
        <Word id="w336">
          <Coords points="281,2588 292,2588 292,2653 281,2653"/>
          <TextEquiv>
            <Unicode>ا</Unicode>
          </TextEquiv>
        </Word>
        <Word id="w337">
          <Coords points="71,2582 271,2582 271,2687 71,2687"/>
          <TextEquiv>
            <Unicode>لتصلية</Unicode>
          </TextEquiv>
        </Word>
        <TextEquiv>
          <Unicode> ا لا ا عر ب فى كلا ا لمعطو فين فلا يصح جعل جملة ا لتصلية</Unicode>
        </TextEquiv>
      </TextLine>
      <TextLine id="l19">
        <Coords points="118,2716 1354,2716 1354,2844 118,2844"/>
        <Word id="w338">
          <Coords points="1215,2719 1353,2719 1353,2795 1215,2795"/>
          <TextEquiv>
            <Unicode>عطفا</Unicode>
          </TextEquiv>
        </Word>
        <Word id="w339">
          <Coords points="1120,2735 1198,2735 1198,2823 1120,2823"/>
          <TextEquiv>
            <Unicode>على</Unicode>
          </TextEquiv>
        </Word>
        <Word id="w340">
          <Coords points="1004,2733 1118,2733 1118,2824 1004,2824"/>
          <TextEquiv>
            <Unicode>جملة</Unicode>
          </TextEquiv>
        </Word>
        <Word id="w341">
          <Coords points="970,2738 985,2738 985,2794 970,2794"/>
          <TextEquiv>
            <Unicode>ا</Unicode>
          </TextEquiv>
        </Word>
        <Word id="w342">
          <Coords points="878,2729 958,2729 958,2817 878,2817"/>
          <TextEquiv>
            <Unicode>لحمد</Unicode>
          </TextEquiv>
        </Word>
        <Word id="w343">
          <Coords points="802,2750 870,2750 870,2810 802,2810"/>
          <TextEquiv>
            <Unicode>لله</Unicode>
          </TextEquiv>
        </Word>
        <Word id="w344">
          <Coords points="680,2732 794,2732 794,2818 680,2818"/>
          <TextEquiv>
            <Unicode>قلت</Unicode>
          </TextEquiv>
        </Word>
        <Word id="w345">
          <Coords points="592,2747 667,2747 667,2843 592,2843"/>
          <TextEquiv>
            <Unicode>نعم</Unicode>
          </TextEquiv>
        </Word>
        <Word id="w346">
          <Coords points="506,2730 591,2730 591,2817 506,2817"/>
          <TextEquiv>
            <Unicode>تفا</Unicode>
          </TextEquiv>
        </Word>
        <Word id="w347">
          <Coords points="445,2740 464,2740 464,2810 445,2810"/>
          <TextEquiv>
            <Unicode>ا</Unicode>
          </TextEquiv>
        </Word>
        <Word id="w348">
          <Coords points="382,2749 430,2749 430,2812 382,2812"/>
          <TextEquiv>
            <Unicode>لد</Unicode>
          </TextEquiv>
        </Word>
        <Word id="w349">
          <Coords points="324,2716 371,2716 371,2810 324,2810"/>
          <TextEquiv>
            <Unicode>ما</Unicode>
          </TextEquiv>
        </Word>
        <Word id="w350">
          <Coords points="206,2746 317,2746 317,2828 206,2828"/>
          <TextEquiv>
            <Unicode>مبني</Unicode>
          </TextEquiv>
        </Word>
        <Word id="w351">
          <Coords points="118,2727 225,2727 225,2806 118,2806"/>
          <TextEquiv>
            <Unicode>فى</Unicode>
          </TextEquiv>
        </Word>
        <TextEquiv>
          <Unicode> عطفا على جملة ا لحمد لله قلت نعم تفا ا لد ما مبني فى</Unicode>
        </TextEquiv>
      </TextLine>
    </TextRegion>
  </Page>
</PcGts>
