<?xml version='1.0' encoding='utf-8'?>
<PcGts xmlns:xsi="http://www.w3.org/2001/XMLSchema-instance" xmlns="http://schema.primaresearch.org/PAGE/gts/pagecontent/2019-07-15" xsi:schemaLocation="http://schema.primaresearch.org/PAGE/gts/pagecontent/2019-07-15 http://schema.primaresearch.org/PAGE/gts/pagecontent/2019-07-15/pagecontent.xsd" pcGtsId="pc-aletheiaexamplepage">
  <Metadata>
    <Creator>PRImA Research Lab</Creator>
    <Created>2015-07-17T15:27:13</Created>
    <LastChange>2017-07-14T10:03:33</LastChange>
    <Comments>Example Page</Comments>
  </Metadata>
  <Page imageFilename="3368132/_0009-2.png" imageWidth="1439" imageHeight="2902">
    <TextRegion id="r0" type="paragraph">
      <Coords points="1,1 1437,1 1437,2900 1,2900"/>
      <TextLine id="l0">
        <Coords points="71,46 1352,46 1352,195 71,195"/>
        <Word id="w0">
          <Coords points="1198,58 1351,58 1351,175 1198,175"/>
          <TextEquiv>
            <Unicode>لتحقق</Unicode>
          </TextEquiv>
        </Word>
        <Word id="w1">
          <Coords points="1186,69 1200,69 1200,140 1186,140"/>
          <TextEquiv>
            <Unicode>ا</Unicode>
          </TextEquiv>
        </Word>
        <Word id="w2">
          <Coords points="1116,75 1171,75 1171,146 1116,146"/>
          <TextEquiv>
            <Unicode>لا</Unicode>
          </TextEquiv>
        </Word>
        <Word id="w3">
          <Coords points="1012,65 1120,65 1120,154 1012,154"/>
          <TextEquiv>
            <Unicode>شتر</Unicode>
          </TextEquiv>
        </Word>
        <Word id="w4">
          <Coords points="942,66 990,66 990,135 942,135"/>
          <TextEquiv>
            <Unicode>ك</Unicode>
          </TextEquiv>
        </Word>
        <Word id="w5">
          <Coords points="891,58 936,58 936,146 891,146"/>
          <TextEquiv>
            <Unicode>في</Unicode>
          </TextEquiv>
        </Word>
        <Word id="w6">
          <Coords points="757,59 893,59 893,146 757,146"/>
          <TextEquiv>
            <Unicode>مطلق</Unicode>
          </TextEquiv>
        </Word>
        <Word id="w7">
          <Coords points="742,64 756,64 756,132 742,132"/>
          <TextEquiv>
            <Unicode>ا</Unicode>
          </TextEquiv>
        </Word>
        <Word id="w8">
          <Coords points="640,53 736,53 736,160 640,160"/>
          <TextEquiv>
            <Unicode>لخبر</Unicode>
          </TextEquiv>
        </Word>
        <Word id="w9">
          <Coords points="574,68 630,68 630,176 574,176"/>
          <TextEquiv>
            <Unicode>ية</Unicode>
          </TextEquiv>
        </Word>
        <Word id="w10">
          <Coords points="535,81 564,81 564,140 535,140"/>
          <TextEquiv>
            <Unicode>ذ</Unicode>
          </TextEquiv>
        </Word>
        <Word id="w11">
          <Coords points="473,46 547,46 547,152 473,152"/>
          <TextEquiv>
            <Unicode>كر</Unicode>
          </TextEquiv>
        </Word>
        <Word id="w12">
          <Coords points="448,114 469,114 469,139 448,139"/>
          <TextEquiv>
            <Unicode>ه</Unicode>
          </TextEquiv>
        </Word>
        <Word id="w13">
          <Coords points="380,71 426,71 426,159 380,159"/>
          <TextEquiv>
            <Unicode>في</Unicode>
          </TextEquiv>
        </Word>
        <Word id="w14">
          <Coords points="249,66 375,66 375,152 249,152"/>
          <TextEquiv>
            <Unicode>تحفة</Unicode>
          </TextEquiv>
        </Word>
        <Word id="w15">
          <Coords points="219,73 235,73 235,139 219,139"/>
          <TextEquiv>
            <Unicode>ا</Unicode>
          </TextEquiv>
        </Word>
        <Word id="w16">
          <Coords points="127,62 207,62 207,160 127,160"/>
          <TextEquiv>
            <Unicode>لقر</Unicode>
          </TextEquiv>
        </Word>
        <Word id="w17">
          <Coords points="71,103 148,103 148,194 71,194"/>
          <TextEquiv>
            <Unicode>يب</Unicode>
          </TextEquiv>
        </Word>
        <TextEquiv>
          <Unicode> لتحقق ا لا شتر ك في مطلق ا لخبر ية ذ كر ه في تحفة ا لقر يب</Unicode>
        </TextEquiv>
      </TextLine>
      <TextLine id="l1">
        <Coords points="43,184 1343,184 1343,317 43,317"/>
        <Word id="w18">
          <Coords points="1252,199 1342,199 1342,304 1252,304"/>
          <TextEquiv>
            <Unicode>يقو</Unicode>
          </TextEquiv>
        </Word>
        <Word id="w19">
          <Coords points="1226,203 1264,203 1264,273 1226,273"/>
          <TextEquiv>
            <Unicode>ل</Unicode>
          </TextEquiv>
        </Word>
        <Word id="w20">
          <Coords points="1167,184 1222,184 1222,266 1167,266"/>
          <TextEquiv>
            <Unicode>حا</Unicode>
          </TextEquiv>
        </Word>
        <Word id="w21">
          <Coords points="1085,234 1157,234 1157,316 1085,316"/>
          <TextEquiv>
            <Unicode>مع</Unicode>
          </TextEquiv>
        </Word>
        <Word id="w22">
          <Coords points="990,206 1076,206 1076,272 990,272"/>
          <TextEquiv>
            <Unicode>هذ</Unicode>
          </TextEquiv>
        </Word>
        <Word id="w23">
          <Coords points="974,201 988,201 988,270 974,270"/>
          <TextEquiv>
            <Unicode>ا</Unicode>
          </TextEquiv>
        </Word>
        <Word id="w24">
          <Coords points="946,210 960,210 960,268 946,268"/>
          <TextEquiv>
            <Unicode>ا</Unicode>
          </TextEquiv>
        </Word>
        <Word id="w25">
          <Coords points="778,210 934,210 934,299 778,299"/>
          <TextEquiv>
            <Unicode>لسطو</Unicode>
          </TextEquiv>
        </Word>
        <Word id="w26">
          <Coords points="741,251 773,251 773,283 741,283"/>
          <TextEquiv>
            <Unicode>ر</Unicode>
          </TextEquiv>
        </Word>
        <Word id="w27">
          <Coords points="720,205 742,205 742,269 720,269"/>
          <TextEquiv>
            <Unicode>ا</Unicode>
          </TextEquiv>
        </Word>
        <Word id="w28">
          <Coords points="691,249 717,249 717,283 691,283"/>
          <TextEquiv>
            <Unicode>د</Unicode>
          </TextEquiv>
        </Word>
        <Word id="w29">
          <Coords points="591,198 687,198 687,281 591,281"/>
          <TextEquiv>
            <Unicode>خله</Unicode>
          </TextEquiv>
        </Word>
        <Word id="w30">
          <Coords points="553,207 581,207 581,286 553,286"/>
          <TextEquiv>
            <Unicode>ا</Unicode>
          </TextEquiv>
        </Word>
        <Word id="w31">
          <Coords points="481,240 548,240 548,280 481,280"/>
          <TextEquiv>
            <Unicode>لله</Unicode>
          </TextEquiv>
        </Word>
        <Word id="w32">
          <Coords points="352,200 463,200 463,299 352,299"/>
          <TextEquiv>
            <Unicode>سبحا</Unicode>
          </TextEquiv>
        </Word>
        <Word id="w33">
          <Coords points="294,214 339,214 339,280 294,280"/>
          <TextEquiv>
            <Unicode>نه</Unicode>
          </TextEquiv>
        </Word>
        <Word id="w34">
          <Coords points="243,260 273,260 273,289 243,289"/>
          <TextEquiv>
            <Unicode>د</Unicode>
          </TextEquiv>
        </Word>
        <Word id="w35">
          <Coords points="224,214 243,214 243,276 224,276"/>
          <TextEquiv>
            <Unicode>ا</Unicode>
          </TextEquiv>
        </Word>
        <Word id="w36">
          <Coords points="198,263 222,263 222,300 198,300"/>
          <TextEquiv>
            <Unicode>ر</Unicode>
          </TextEquiv>
        </Word>
        <Word id="w37">
          <Coords points="177,219 197,219 197,285 177,285"/>
          <TextEquiv>
            <Unicode>ا</Unicode>
          </TextEquiv>
        </Word>
        <Word id="w38">
          <Coords points="76,225 171,225 171,307 76,307"/>
          <TextEquiv>
            <Unicode>لسر</Unicode>
          </TextEquiv>
        </Word>
        <Word id="w39">
          <Coords points="58,227 88,227 88,268 58,268"/>
          <TextEquiv>
            <Unicode>و</Unicode>
          </TextEquiv>
        </Word>
        <Word id="w40">
          <Coords points="43,198 72,198 72,236 43,236"/>
          <TextEquiv>
            <Unicode>ر</Unicode>
          </TextEquiv>
        </Word>
        <TextEquiv>
          <Unicode> يقو ل حا مع هذ ا ا لسطو ر ا د خله ا لله سبحا نه د ا ر ا لسر و ر</Unicode>
        </TextEquiv>
      </TextLine>
      <TextLine id="l2">
        <Coords points="70,340 1363,340 1363,496 70,496"/>
        <Word id="w41">
          <Coords points="1300,360 1362,360 1362,444 1300,444"/>
          <TextEquiv>
            <Unicode>كا</Unicode>
          </TextEquiv>
        </Word>
        <Word id="w42">
          <Coords points="1250,363 1288,363 1288,443 1250,443"/>
          <TextEquiv>
            <Unicode>ن</Unicode>
          </TextEquiv>
        </Word>
        <Word id="w43">
          <Coords points="1170,354 1254,354 1254,428 1170,428"/>
          <TextEquiv>
            <Unicode>هذ</Unicode>
          </TextEquiv>
        </Word>
        <Word id="w44">
          <Coords points="1147,340 1175,340 1175,422 1147,422"/>
          <TextEquiv>
            <Unicode>ا</Unicode>
          </TextEquiv>
        </Word>
        <Word id="w45">
          <Coords points="1127,364 1141,364 1141,428 1127,428"/>
          <TextEquiv>
            <Unicode>ا</Unicode>
          </TextEquiv>
        </Word>
        <Word id="w46">
          <Coords points="960,365 1115,365 1115,437 960,437"/>
          <TextEquiv>
            <Unicode>لعطف</Unicode>
          </TextEquiv>
        </Word>
        <Word id="w47">
          <Coords points="764,358 948,358 948,444 764,444"/>
          <TextEquiv>
            <Unicode>مشكلا</Unicode>
          </TextEquiv>
        </Word>
        <Word id="w48">
          <Coords points="696,368 747,368 747,446 696,446"/>
          <TextEquiv>
            <Unicode>لى</Unicode>
          </TextEquiv>
        </Word>
        <Word id="w49">
          <Coords points="625,374 700,374 700,457 625,457"/>
          <TextEquiv>
            <Unicode>من</Unicode>
          </TextEquiv>
        </Word>
        <Word id="w50">
          <Coords points="499,382 624,382 624,484 499,484"/>
          <TextEquiv>
            <Unicode>بضع</Unicode>
          </TextEquiv>
        </Word>
        <Word id="w51">
          <Coords points="452,403 493,403 493,446 452,446"/>
          <TextEquiv>
            <Unicode>و</Unicode>
          </TextEquiv>
        </Word>
        <Word id="w52">
          <Coords points="316,400 454,400 454,468 316,468"/>
          <TextEquiv>
            <Unicode>عسر</Unicode>
          </TextEquiv>
        </Word>
        <Word id="w53">
          <Coords points="188,384 337,384 337,467 188,467"/>
          <TextEquiv>
            <Unicode>سنين</Unicode>
          </TextEquiv>
        </Word>
        <Word id="w54">
          <Coords points="148,349 201,349 201,495 148,495"/>
          <TextEquiv>
            <Unicode>ثم</Unicode>
          </TextEquiv>
        </Word>
        <Word id="w55">
          <Coords points="70,366 133,366 133,478 70,478"/>
          <TextEquiv>
            <Unicode>فتح</Unicode>
          </TextEquiv>
        </Word>
        <TextEquiv>
          <Unicode> كا ن هذ ا ا لعطف مشكلا لى من بضع و عسر سنين ثم فتح</Unicode>
        </TextEquiv>
      </TextLine>
      <TextLine id="l3">
        <Coords points="43,486 1355,486 1355,624 43,624"/>
        <Word id="w56">
          <Coords points="1312,495 1354,495 1354,605 1312,605"/>
          <TextEquiv>
            <Unicode>با</Unicode>
          </TextEquiv>
        </Word>
        <Word id="w57">
          <Coords points="1207,506 1303,506 1303,574 1207,574"/>
          <TextEquiv>
            <Unicode>لمطا</Unicode>
          </TextEquiv>
        </Word>
        <Word id="w58">
          <Coords points="1093,515 1194,515 1194,580 1093,580"/>
          <TextEquiv>
            <Unicode>لعة</Unicode>
          </TextEquiv>
        </Word>
        <Word id="w59">
          <Coords points="927,500 1093,500 1093,618 927,618"/>
          <TextEquiv>
            <Unicode>للكتب</Unicode>
          </TextEquiv>
        </Word>
        <Word id="w60">
          <Coords points="910,504 941,504 941,566 910,566"/>
          <TextEquiv>
            <Unicode>ا</Unicode>
          </TextEquiv>
        </Word>
        <Word id="w61">
          <Coords points="778,521 912,521 912,611 778,611"/>
          <TextEquiv>
            <Unicode>لمعتبر</Unicode>
          </TextEquiv>
        </Word>
        <Word id="w62">
          <Coords points="748,527 771,527 771,575 748,575"/>
          <TextEquiv>
            <Unicode>ة</Unicode>
          </TextEquiv>
        </Word>
        <Word id="w63">
          <Coords points="639,548 723,548 723,610 639,610"/>
          <TextEquiv>
            <Unicode>بعو</Unicode>
          </TextEquiv>
        </Word>
        <Word id="w64">
          <Coords points="599,518 647,518 647,600 599,600"/>
          <TextEquiv>
            <Unicode>ن</Unicode>
          </TextEquiv>
        </Word>
        <Word id="w65">
          <Coords points="584,514 610,514 610,576 584,576"/>
          <TextEquiv>
            <Unicode>ا</Unicode>
          </TextEquiv>
        </Word>
        <Word id="w66">
          <Coords points="517,547 579,547 579,589 517,589"/>
          <TextEquiv>
            <Unicode>لله</Unicode>
          </TextEquiv>
        </Word>
        <Word id="w67">
          <Coords points="468,556 499,556 499,597 468,597"/>
          <TextEquiv>
            <Unicode>ر</Unicode>
          </TextEquiv>
        </Word>
        <Word id="w68">
          <Coords points="398,554 465,554 465,606 398,606"/>
          <TextEquiv>
            <Unicode>ب</Unicode>
          </TextEquiv>
        </Word>
        <Word id="w69">
          <Coords points="384,506 405,506 405,571 384,571"/>
          <TextEquiv>
            <Unicode>ا</Unicode>
          </TextEquiv>
        </Word>
        <Word id="w70">
          <Coords points="298,512 374,512 374,589 298,589"/>
          <TextEquiv>
            <Unicode>لعا</Unicode>
          </TextEquiv>
        </Word>
        <Word id="w71">
          <Coords points="196,524 297,524 297,623 196,623"/>
          <TextEquiv>
            <Unicode>لمن</Unicode>
          </TextEquiv>
        </Word>
        <Word id="w72">
          <Coords points="153,553 202,553 202,617 153,617"/>
          <TextEquiv>
            <Unicode>و</Unicode>
          </TextEquiv>
        </Word>
        <Word id="w73">
          <Coords points="113,539 165,539 165,603 113,603"/>
          <TextEquiv>
            <Unicode>عا</Unicode>
          </TextEquiv>
        </Word>
        <Word id="w74">
          <Coords points="43,486 150,486 150,557 43,557"/>
          <TextEquiv>
            <Unicode>طفة</Unicode>
          </TextEquiv>
        </Word>
        <TextEquiv>
          <Unicode> با لمطا لعة للكتب ا لمعتبر ة بعو ن ا لله ر ب ا لعا لمن و عا طفة</Unicode>
        </TextEquiv>
      </TextLine>
      <TextLine id="l4">
        <Coords points="88,644 1351,644 1351,760 88,760"/>
        <Word id="w75">
          <Coords points="1335,656 1350,656 1350,714 1335,714"/>
          <TextEquiv>
            <Unicode>ا</Unicode>
          </TextEquiv>
        </Word>
        <Word id="w76">
          <Coords points="1271,654 1321,654 1321,726 1271,726"/>
          <TextEquiv>
            <Unicode>له</Unicode>
          </TextEquiv>
        </Word>
        <Word id="w77">
          <Coords points="1239,653 1258,653 1258,712 1239,712"/>
          <TextEquiv>
            <Unicode>ا</Unicode>
          </TextEquiv>
        </Word>
        <Word id="w78">
          <Coords points="1190,659 1230,659 1230,731 1190,731"/>
          <TextEquiv>
            <Unicode>ل</Unicode>
          </TextEquiv>
        </Word>
        <Word id="w79">
          <Coords points="1113,672 1189,672 1189,746 1113,746"/>
          <TextEquiv>
            <Unicode>مجر</Unicode>
          </TextEquiv>
        </Word>
        <Word id="w80">
          <Coords points="1092,689 1121,689 1121,732 1092,732"/>
          <TextEquiv>
            <Unicode>و</Unicode>
          </TextEquiv>
        </Word>
        <Word id="w81">
          <Coords points="1057,692 1084,692 1084,728 1057,728"/>
          <TextEquiv>
            <Unicode>ر</Unicode>
          </TextEquiv>
        </Word>
        <Word id="w82">
          <Coords points="935,644 1048,644 1048,725 935,725"/>
          <TextEquiv>
            <Unicode>لفظا</Unicode>
          </TextEquiv>
        </Word>
        <Word id="w83">
          <Coords points="769,652 921,652 921,735 769,735"/>
          <TextEquiv>
            <Unicode>عطف</Unicode>
          </TextEquiv>
        </Word>
        <Word id="w84">
          <Coords points="692,649 763,649 763,747 692,747"/>
          <TextEquiv>
            <Unicode>على</Unicode>
          </TextEquiv>
        </Word>
        <Word id="w85">
          <Coords points="617,682 690,682 690,740 617,740"/>
          <TextEquiv>
            <Unicode>محمد</Unicode>
          </TextEquiv>
        </Word>
        <Word id="w86">
          <Coords points="559,678 615,678 615,745 559,745"/>
          <TextEquiv>
            <Unicode>و</Unicode>
          </TextEquiv>
        </Word>
        <Word id="w87">
          <Coords points="555,660 571,660 571,718 555,718"/>
          <TextEquiv>
            <Unicode>ا</Unicode>
          </TextEquiv>
        </Word>
        <Word id="w88">
          <Coords points="399,671 536,671 536,759 399,759"/>
          <TextEquiv>
            <Unicode>لضمير</Unicode>
          </TextEquiv>
        </Word>
        <Word id="w89">
          <Coords points="322,685 396,685 396,759 322,759"/>
          <TextEquiv>
            <Unicode>مجر</Unicode>
          </TextEquiv>
        </Word>
        <Word id="w90">
          <Coords points="300,687 332,687 332,752 300,752"/>
          <TextEquiv>
            <Unicode>و</Unicode>
          </TextEquiv>
        </Word>
        <Word id="w91">
          <Coords points="258,701 290,701 290,739 258,739"/>
          <TextEquiv>
            <Unicode>ر</Unicode>
          </TextEquiv>
        </Word>
        <Word id="w92">
          <Coords points="88,669 253,669 253,757 88,757"/>
          <TextEquiv>
            <Unicode>متصل</Unicode>
          </TextEquiv>
        </Word>
        <TextEquiv>
          <Unicode> ا له ا ل مجر و ر لفظا عطف على محمد و ا لضمير مجر و ر متصل</Unicode>
        </TextEquiv>
      </TextLine>
      <TextLine id="l5">
        <Coords points="81,776 1349,776 1349,922 81,922"/>
        <Word id="w93">
          <Coords points="1234,802 1348,802 1348,880 1234,880"/>
          <TextEquiv>
            <Unicode>مبنى</Unicode>
          </TextEquiv>
        </Word>
        <Word id="w94">
          <Coords points="1165,796 1240,796 1240,884 1165,884"/>
          <TextEquiv>
            <Unicode>على</Unicode>
          </TextEquiv>
        </Word>
        <Word id="w95">
          <Coords points="1152,789 1170,789 1170,864 1152,864"/>
          <TextEquiv>
            <Unicode>ا</Unicode>
          </TextEquiv>
        </Word>
        <Word id="w96">
          <Coords points="988,776 1152,776 1152,897 988,897"/>
          <TextEquiv>
            <Unicode>لكسر</Unicode>
          </TextEquiv>
        </Word>
        <Word id="w97">
          <Coords points="921,817 984,817 984,895 921,895"/>
          <TextEquiv>
            <Unicode>مجر</Unicode>
          </TextEquiv>
        </Word>
        <Word id="w98">
          <Coords points="890,834 925,834 925,878 890,878"/>
          <TextEquiv>
            <Unicode>و</Unicode>
          </TextEquiv>
        </Word>
        <Word id="w99">
          <Coords points="848,838 883,838 883,875 848,875"/>
          <TextEquiv>
            <Unicode>ر</Unicode>
          </TextEquiv>
        </Word>
        <Word id="w100">
          <Coords points="751,816 844,816 844,877 751,877"/>
          <TextEquiv>
            <Unicode>محلا</Unicode>
          </TextEquiv>
        </Word>
        <Word id="w101">
          <Coords points="633,797 739,797 739,886 633,886"/>
          <TextEquiv>
            <Unicode>مضا</Unicode>
          </TextEquiv>
        </Word>
        <Word id="w102">
          <Coords points="562,816 627,816 627,882 562,882"/>
          <TextEquiv>
            <Unicode>ف</Unicode>
          </TextEquiv>
        </Word>
        <Word id="w103">
          <Coords points="545,794 566,794 566,865 545,865"/>
          <TextEquiv>
            <Unicode>ا</Unicode>
          </TextEquiv>
        </Word>
        <Word id="w104">
          <Coords points="451,809 532,809 532,896 451,896"/>
          <TextEquiv>
            <Unicode>ليه</Unicode>
          </TextEquiv>
        </Word>
        <Word id="w105">
          <Coords points="372,811 438,811 438,879 372,879"/>
          <TextEquiv>
            <Unicode>للا</Unicode>
          </TextEquiv>
        </Word>
        <Word id="w106">
          <Coords points="320,819 357,819 357,883 320,883"/>
          <TextEquiv>
            <Unicode>ل</Unicode>
          </TextEquiv>
        </Word>
        <Word id="w107">
          <Coords points="304,793 328,793 328,874 304,874"/>
          <TextEquiv>
            <Unicode>ا</Unicode>
          </TextEquiv>
        </Word>
        <Word id="w108">
          <Coords points="81,817 299,817 299,921 81,921"/>
          <TextEquiv>
            <Unicode>جمعين</Unicode>
          </TextEquiv>
        </Word>
        <TextEquiv>
          <Unicode> مبنى على ا لكسر مجر و ر محلا مضا ف ا ليه للا ل ا جمعين</Unicode>
        </TextEquiv>
      </TextLine>
      <TextLine id="l6">
        <Coords points="80,930 1356,930 1356,1066 80,1066"/>
        <Word id="w109">
          <Coords points="1273,962 1355,962 1355,1036 1273,1036"/>
          <TextEquiv>
            <Unicode>يجو</Unicode>
          </TextEquiv>
        </Word>
        <Word id="w110">
          <Coords points="1240,979 1269,979 1269,1022 1240,1022"/>
          <TextEquiv>
            <Unicode>ر</Unicode>
          </TextEquiv>
        </Word>
        <Word id="w111">
          <Coords points="1153,937 1227,937 1227,1036 1153,1036"/>
          <TextEquiv>
            <Unicode>فيه</Unicode>
          </TextEquiv>
        </Word>
        <Word id="w112">
          <Coords points="1127,943 1141,943 1141,1008 1127,1008"/>
          <TextEquiv>
            <Unicode>ا</Unicode>
          </TextEquiv>
        </Word>
        <Word id="w113">
          <Coords points="1039,939 1116,939 1116,1034 1039,1034"/>
          <TextEquiv>
            <Unicode>لجر</Unicode>
          </TextEquiv>
        </Word>
        <Word id="w114">
          <Coords points="981,930 1041,930 1041,1037 981,1037"/>
          <TextEquiv>
            <Unicode>على</Unicode>
          </TextEquiv>
        </Word>
        <Word id="w115">
          <Coords points="965,942 987,942 987,998 965,998"/>
          <TextEquiv>
            <Unicode>ا</Unicode>
          </TextEquiv>
        </Word>
        <Word id="w116">
          <Coords points="879,935 953,935 953,1019 879,1019"/>
          <TextEquiv>
            <Unicode>لتأ</Unicode>
          </TextEquiv>
        </Word>
        <Word id="w117">
          <Coords points="781,947 864,947 864,1045 781,1045"/>
          <TextEquiv>
            <Unicode>كيد</Unicode>
          </TextEquiv>
        </Word>
        <Word id="w118">
          <Coords points="758,943 777,943 777,1005 758,1005"/>
          <TextEquiv>
            <Unicode>ا</Unicode>
          </TextEquiv>
        </Word>
        <Word id="w119">
          <Coords points="634,953 757,953 757,1038 634,1038"/>
          <TextEquiv>
            <Unicode>لمعنو</Unicode>
          </TextEquiv>
        </Word>
        <Word id="w120">
          <Coords points="605,942 706,942 706,1019 605,1019"/>
          <TextEquiv>
            <Unicode>ى</Unicode>
          </TextEquiv>
        </Word>
        <Word id="w121">
          <Coords points="531,943 601,943 601,1038 531,1038"/>
          <TextEquiv>
            <Unicode>كما</Unicode>
          </TextEquiv>
        </Word>
        <Word id="w122">
          <Coords points="434,988 519,988 519,1045 434,1045"/>
          <TextEquiv>
            <Unicode>هو</Unicode>
          </TextEquiv>
        </Word>
        <Word id="w123">
          <Coords points="430,951 447,951 447,1011 430,1011"/>
          <TextEquiv>
            <Unicode>ا</Unicode>
          </TextEquiv>
        </Word>
        <Word id="w124">
          <Coords points="280,957 429,957 429,1047 280,1047"/>
          <TextEquiv>
            <Unicode>لمشهو</Unicode>
          </TextEquiv>
        </Word>
        <Word id="w125">
          <Coords points="256,985 283,985 283,1033 256,1033"/>
          <TextEquiv>
            <Unicode>ر</Unicode>
          </TextEquiv>
        </Word>
        <Word id="w126">
          <Coords points="177,953 241,953 241,1047 177,1047"/>
          <TextEquiv>
            <Unicode>فيما</Unicode>
          </TextEquiv>
        </Word>
        <Word id="w127">
          <Coords points="80,958 176,958 176,1065 80,1065"/>
          <TextEquiv>
            <Unicode>بين</Unicode>
          </TextEquiv>
        </Word>
        <TextEquiv>
          <Unicode> يجو ر فيه ا لجر على ا لتأ كيد ا لمعنو ى كما هو ا لمشهو ر فيما بين</Unicode>
        </TextEquiv>
      </TextLine>
      <TextLine id="l7">
        <Coords points="45,1086 1355,1086 1355,1218 45,1218"/>
        <Word id="w128">
          <Coords points="1338,1093 1354,1093 1354,1167 1338,1167"/>
          <TextEquiv>
            <Unicode>ا</Unicode>
          </TextEquiv>
        </Word>
        <Word id="w129">
          <Coords points="1182,1086 1326,1086 1326,1191 1182,1191"/>
          <TextEquiv>
            <Unicode>لجمهو</Unicode>
          </TextEquiv>
        </Word>
        <Word id="w130">
          <Coords points="1147,1139 1185,1139 1185,1175 1147,1175"/>
          <TextEquiv>
            <Unicode>ر</Unicode>
          </TextEquiv>
        </Word>
        <Word id="w131">
          <Coords points="1101,1130 1146,1130 1146,1178 1101,1178"/>
          <TextEquiv>
            <Unicode>و</Unicode>
          </TextEquiv>
        </Word>
        <Word id="w132">
          <Coords points="1093,1093 1108,1093 1108,1147 1093,1147"/>
          <TextEquiv>
            <Unicode>ا</Unicode>
          </TextEquiv>
        </Word>
        <Word id="w133">
          <Coords points="916,1107 1079,1107 1079,1197 916,1197"/>
          <TextEquiv>
            <Unicode>لنصب</Unicode>
          </TextEquiv>
        </Word>
        <Word id="w134">
          <Coords points="842,1095 915,1095 915,1189 842,1189"/>
          <TextEquiv>
            <Unicode>على</Unicode>
          </TextEquiv>
        </Word>
        <Word id="w135">
          <Coords points="825,1101 842,1101 842,1165 825,1165"/>
          <TextEquiv>
            <Unicode>ا</Unicode>
          </TextEquiv>
        </Word>
        <Word id="w136">
          <Coords points="751,1087 825,1087 825,1175 751,1175"/>
          <TextEquiv>
            <Unicode>لحا</Unicode>
          </TextEquiv>
        </Word>
        <Word id="w137">
          <Coords points="658,1097 742,1097 742,1195 658,1195"/>
          <TextEquiv>
            <Unicode>لية</Unicode>
          </TextEquiv>
        </Word>
        <Word id="w138">
          <Coords points="573,1093 643,1093 643,1195 573,1195"/>
          <TextEquiv>
            <Unicode>على</Unicode>
          </TextEquiv>
        </Word>
        <Word id="w139">
          <Coords points="524,1095 579,1095 579,1167 524,1167"/>
          <TextEquiv>
            <Unicode>ما</Unicode>
          </TextEquiv>
        </Word>
        <Word id="w140">
          <Coords points="463,1094 514,1094 514,1186 463,1186"/>
          <TextEquiv>
            <Unicode>في</Unicode>
          </TextEquiv>
        </Word>
        <Word id="w141">
          <Coords points="448,1096 465,1096 465,1159 448,1159"/>
          <TextEquiv>
            <Unicode>ا</Unicode>
          </TextEquiv>
        </Word>
        <Word id="w142">
          <Coords points="390,1105 444,1105 444,1199 390,1199"/>
          <TextEquiv>
            <Unicode>لمر</Unicode>
          </TextEquiv>
        </Word>
        <Word id="w143">
          <Coords points="370,1100 395,1100 395,1161 370,1161"/>
          <TextEquiv>
            <Unicode>ا</Unicode>
          </TextEquiv>
        </Word>
        <Word id="w144">
          <Coords points="309,1118 372,1118 372,1175 309,1175"/>
          <TextEquiv>
            <Unicode>ت</Unicode>
          </TextEquiv>
        </Word>
        <Word id="w145">
          <Coords points="259,1141 296,1141 296,1193 259,1193"/>
          <TextEquiv>
            <Unicode>و</Unicode>
          </TextEquiv>
        </Word>
        <Word id="w146">
          <Coords points="220,1152 255,1152 255,1192 220,1192"/>
          <TextEquiv>
            <Unicode>ر</Unicode>
          </TextEquiv>
        </Word>
        <Word id="w147">
          <Coords points="193,1149 224,1149 224,1187 193,1187"/>
          <TextEquiv>
            <Unicode>د</Unicode>
          </TextEquiv>
        </Word>
        <Word id="w148">
          <Coords points="172,1104 190,1104 190,1165 172,1165"/>
          <TextEquiv>
            <Unicode>ا</Unicode>
          </TextEquiv>
        </Word>
        <Word id="w149">
          <Coords points="103,1116 161,1116 161,1186 103,1186"/>
          <TextEquiv>
            <Unicode>لا</Unicode>
          </TextEquiv>
        </Word>
        <Word id="w150">
          <Coords points="45,1107 122,1107 122,1217 45,1217"/>
          <TextEquiv>
            <Unicode>خير</Unicode>
          </TextEquiv>
        </Word>
        <TextEquiv>
          <Unicode> ا لجمهو ر و ا لنصب على ا لحا لية على ما في ا لمر ا ت و ر د ا لا خير</Unicode>
        </TextEquiv>
      </TextLine>
      <TextLine id="l8">
        <Coords points="90,1235 1358,1235 1358,1369 90,1369"/>
        <Word id="w151">
          <Coords points="1321,1237 1357,1237 1357,1336 1321,1336"/>
          <TextEquiv>
            <Unicode>با</Unicode>
          </TextEquiv>
        </Word>
        <Word id="w152">
          <Coords points="1256,1254 1307,1254 1307,1314 1256,1314"/>
          <TextEquiv>
            <Unicode>نه</Unicode>
          </TextEquiv>
        </Word>
        <Word id="w153">
          <Coords points="1189,1271 1251,1271 1251,1341 1189,1341"/>
          <TextEquiv>
            <Unicode>يو</Unicode>
          </TextEquiv>
        </Word>
        <Word id="w154">
          <Coords points="1138,1267 1182,1267 1182,1368 1138,1368"/>
          <TextEquiv>
            <Unicode>هم</Unicode>
          </TextEquiv>
        </Word>
        <Word id="w155">
          <Coords points="1102,1242 1136,1242 1136,1322 1102,1322"/>
          <TextEquiv>
            <Unicode>ا</Unicode>
          </TextEquiv>
        </Word>
        <Word id="w156">
          <Coords points="1062,1256 1104,1256 1104,1331 1062,1331"/>
          <TextEquiv>
            <Unicode>ن</Unicode>
          </TextEquiv>
        </Word>
        <Word id="w157">
          <Coords points="1006,1246 1057,1246 1057,1326 1006,1326"/>
          <TextEquiv>
            <Unicode>لا</Unicode>
          </TextEquiv>
        </Word>
        <Word id="w158">
          <Coords points="920,1235 1000,1235 1000,1343 920,1343"/>
          <TextEquiv>
            <Unicode>يكو</Unicode>
          </TextEquiv>
        </Word>
        <Word id="w159">
          <Coords points="881,1247 922,1247 922,1332 881,1332"/>
          <TextEquiv>
            <Unicode>ن</Unicode>
          </TextEquiv>
        </Word>
        <Word id="w160">
          <Coords points="866,1239 884,1239 884,1306 866,1306"/>
          <TextEquiv>
            <Unicode>ا</Unicode>
          </TextEquiv>
        </Word>
        <Word id="w161">
          <Coords points="714,1238 848,1238 848,1343 714,1343"/>
          <TextEquiv>
            <Unicode>لصلو</Unicode>
          </TextEquiv>
        </Word>
        <Word id="w162">
          <Coords points="694,1291 715,1291 715,1319 694,1319"/>
          <TextEquiv>
            <Unicode>ه</Unicode>
          </TextEquiv>
        </Word>
        <Word id="w163">
          <Coords points="634,1283 678,1283 678,1331 634,1331"/>
          <TextEquiv>
            <Unicode>و</Unicode>
          </TextEquiv>
        </Word>
        <Word id="w164">
          <Coords points="629,1246 654,1246 654,1308 629,1308"/>
          <TextEquiv>
            <Unicode>ا</Unicode>
          </TextEquiv>
        </Word>
        <Word id="w165">
          <Coords points="545,1256 626,1256 626,1319 545,1319"/>
          <TextEquiv>
            <Unicode>للا</Unicode>
          </TextEquiv>
        </Word>
        <Word id="w166">
          <Coords points="496,1292 544,1292 544,1326 496,1326"/>
          <TextEquiv>
            <Unicode>م</Unicode>
          </TextEquiv>
        </Word>
        <Word id="w167">
          <Coords points="361,1244 505,1244 505,1351 361,1351"/>
          <TextEquiv>
            <Unicode>عليهم</Unicode>
          </TextEquiv>
        </Word>
        <Word id="w168">
          <Coords points="222,1261 356,1261 356,1348 222,1348"/>
          <TextEquiv>
            <Unicode>متفر</Unicode>
          </TextEquiv>
        </Word>
        <Word id="w169">
          <Coords points="90,1259 235,1259 235,1361 90,1361"/>
          <TextEquiv>
            <Unicode>قين</Unicode>
          </TextEquiv>
        </Word>
        <TextEquiv>
          <Unicode> با نه يو هم ا ن لا يكو ن ا لصلو ه و ا للا م عليهم متفر قين</Unicode>
        </TextEquiv>
      </TextLine>
      <TextLine id="l9">
        <Coords points="78,1381 1358,1381 1358,1514 78,1514"/>
        <Word id="w170">
          <Coords points="1313,1438 1357,1438 1357,1487 1313,1487"/>
          <TextEquiv>
            <Unicode>و</Unicode>
          </TextEquiv>
        </Word>
        <Word id="w171">
          <Coords points="1258,1386 1312,1386 1312,1493 1258,1493"/>
          <TextEquiv>
            <Unicode>بما</Unicode>
          </TextEquiv>
        </Word>
        <Word id="w172">
          <Coords points="1213,1410 1242,1410 1242,1472 1213,1472"/>
          <TextEquiv>
            <Unicode>ذ</Unicode>
          </TextEquiv>
        </Word>
        <Word id="w173">
          <Coords points="1156,1381 1249,1381 1249,1487 1156,1487"/>
          <TextEquiv>
            <Unicode>كر</Unicode>
          </TextEquiv>
        </Word>
        <Word id="w174">
          <Coords points="1132,1444 1154,1444 1154,1472 1132,1472"/>
          <TextEquiv>
            <Unicode>ه</Unicode>
          </TextEquiv>
        </Word>
        <Word id="w175">
          <Coords points="1095,1398 1114,1398 1114,1461 1095,1461"/>
          <TextEquiv>
            <Unicode>ا</Unicode>
          </TextEquiv>
        </Word>
        <Word id="w176">
          <Coords points="1028,1405 1084,1405 1084,1489 1028,1489"/>
          <TextEquiv>
            <Unicode>لر</Unicode>
          </TextEquiv>
        </Word>
        <Word id="w177">
          <Coords points="963,1411 1045,1411 1045,1486 963,1486"/>
          <TextEquiv>
            <Unicode>ضى</Unicode>
          </TextEquiv>
        </Word>
        <Word id="w178">
          <Coords points="918,1435 956,1435 956,1478 918,1478"/>
          <TextEquiv>
            <Unicode>و</Unicode>
          </TextEquiv>
        </Word>
        <Word id="w179">
          <Coords points="907,1399 921,1399 921,1455 907,1455"/>
          <TextEquiv>
            <Unicode>ا</Unicode>
          </TextEquiv>
        </Word>
        <Word id="w180">
          <Coords points="825,1398 909,1398 909,1491 825,1491"/>
          <TextEquiv>
            <Unicode>لجو</Unicode>
          </TextEquiv>
        </Word>
        <Word id="w181">
          <Coords points="764,1423 835,1423 835,1504 764,1504"/>
          <TextEquiv>
            <Unicode>هر</Unicode>
          </TextEquiv>
        </Word>
        <Word id="w182">
          <Coords points="720,1413 771,1413 771,1482 720,1482"/>
          <TextEquiv>
            <Unicode>ي</Unicode>
          </TextEquiv>
        </Word>
        <Word id="w183">
          <Coords points="643,1415 715,1415 715,1493 643,1493"/>
          <TextEquiv>
            <Unicode>من</Unicode>
          </TextEquiv>
        </Word>
        <Word id="w184">
          <Coords points="633,1400 650,1400 650,1459 633,1459"/>
          <TextEquiv>
            <Unicode>ا</Unicode>
          </TextEquiv>
        </Word>
        <Word id="w185">
          <Coords points="587,1406 623,1406 623,1478 587,1478"/>
          <TextEquiv>
            <Unicode>ن</Unicode>
          </TextEquiv>
        </Word>
        <Word id="w186">
          <Coords points="562,1387 588,1387 588,1454 562,1454"/>
          <TextEquiv>
            <Unicode>ا</Unicode>
          </TextEquiv>
        </Word>
        <Word id="w187">
          <Coords points="480,1435 574,1435 574,1513 480,1513"/>
          <TextEquiv>
            <Unicode>جمع</Unicode>
          </TextEquiv>
        </Word>
        <Word id="w188">
          <Coords points="412,1433 464,1433 464,1492 412,1492"/>
          <TextEquiv>
            <Unicode>و</Unicode>
          </TextEquiv>
        </Word>
        <Word id="w189">
          <Coords points="342,1381 425,1381 425,1472 342,1472"/>
          <TextEquiv>
            <Unicode>سا</Unicode>
          </TextEquiv>
        </Word>
        <Word id="w190">
          <Coords points="284,1393 330,1393 330,1489 284,1489"/>
          <TextEquiv>
            <Unicode>ئر</Unicode>
          </TextEquiv>
        </Word>
        <Word id="w191">
          <Coords points="188,1392 285,1392 285,1476 188,1476"/>
          <TextEquiv>
            <Unicode>تصا</Unicode>
          </TextEquiv>
        </Word>
        <Word id="w192">
          <Coords points="144,1447 178,1447 178,1477 144,1477"/>
          <TextEquiv>
            <Unicode>ر</Unicode>
          </TextEquiv>
        </Word>
        <Word id="w193">
          <Coords points="78,1391 157,1391 157,1493 78,1493"/>
          <TextEquiv>
            <Unicode>يفه</Unicode>
          </TextEquiv>
        </Word>
        <TextEquiv>
          <Unicode> و بما ذ كر ه ا لر ضى و ا لجو هر ي من ا ن ا جمع و سا ئر تصا ر يفه</Unicode>
        </TextEquiv>
      </TextLine>
      <TextLine id="l10">
        <Coords points="1047,1520 1067,1520 1067,1550 1047,1550"/>
        <Word id="w194">
          <Coords points="1047,1520 1066,1520 1066,1549 1047,1549"/>
          <TextEquiv>
            <Unicode>ء</Unicode>
          </TextEquiv>
        </Word>
        <TextEquiv>
          <Unicode> ء</Unicode>
        </TextEquiv>
      </TextLine>
      <TextLine id="l11">
        <Coords points="94,1528 1365,1528 1365,1653 94,1653"/>
        <Word id="w195">
          <Coords points="1310,1552 1364,1552 1364,1619 1310,1619"/>
          <TextEquiv>
            <Unicode>لا</Unicode>
          </TextEquiv>
        </Word>
        <Word id="w196">
          <Coords points="1231,1528 1307,1528 1307,1629 1231,1629"/>
          <TextEquiv>
            <Unicode>يكو</Unicode>
          </TextEquiv>
        </Word>
        <Word id="w197">
          <Coords points="1194,1558 1237,1558 1237,1613 1194,1613"/>
          <TextEquiv>
            <Unicode>ن</Unicode>
          </TextEquiv>
        </Word>
        <Word id="w198">
          <Coords points="1170,1537 1189,1537 1189,1622 1170,1622"/>
          <TextEquiv>
            <Unicode>ا</Unicode>
          </TextEquiv>
        </Word>
        <Word id="w199">
          <Coords points="1103,1547 1165,1547 1165,1614 1103,1614"/>
          <TextEquiv>
            <Unicode>لا</Unicode>
          </TextEquiv>
        </Word>
        <Word id="w200">
          <Coords points="1051,1558 1095,1558 1095,1624 1051,1624"/>
          <TextEquiv>
            <Unicode>تا</Unicode>
          </TextEquiv>
        </Word>
        <Word id="w201">
          <Coords points="950,1541 1033,1541 1033,1643 950,1643"/>
          <TextEquiv>
            <Unicode>كيد</Unicode>
          </TextEquiv>
        </Word>
        <Word id="w202">
          <Coords points="934,1541 954,1541 954,1597 934,1597"/>
          <TextEquiv>
            <Unicode>ا</Unicode>
          </TextEquiv>
        </Word>
        <Word id="w203">
          <Coords points="885,1548 924,1548 924,1615 885,1615"/>
          <TextEquiv>
            <Unicode>تا</Unicode>
          </TextEquiv>
        </Word>
        <Word id="w204">
          <Coords points="807,1553 883,1553 883,1636 807,1636"/>
          <TextEquiv>
            <Unicode>بعا</Unicode>
          </TextEquiv>
        </Word>
        <Word id="w205">
          <Coords points="732,1552 799,1552 799,1629 732,1629"/>
          <TextEquiv>
            <Unicode>لما</Unicode>
          </TextEquiv>
        </Word>
        <Word id="w206">
          <Coords points="618,1543 715,1543 715,1645 618,1645"/>
          <TextEquiv>
            <Unicode>قبله</Unicode>
          </TextEquiv>
        </Word>
        <Word id="w207">
          <Coords points="542,1553 596,1553 596,1627 542,1627"/>
          <TextEquiv>
            <Unicode>لا</Unicode>
          </TextEquiv>
        </Word>
        <Word id="w208">
          <Coords points="433,1553 546,1553 546,1643 433,1643"/>
          <TextEquiv>
            <Unicode>يبتد</Unicode>
          </TextEquiv>
        </Word>
        <Word id="w209">
          <Coords points="406,1534 443,1534 443,1601 406,1601"/>
          <TextEquiv>
            <Unicode>ا</Unicode>
          </TextEquiv>
        </Word>
        <Word id="w210">
          <Coords points="383,1587 407,1587 407,1617 383,1617"/>
          <TextEquiv>
            <Unicode>ء</Unicode>
          </TextEquiv>
        </Word>
        <Word id="w211">
          <Coords points="320,1581 358,1581 358,1632 320,1632"/>
          <TextEquiv>
            <Unicode>و</Unicode>
          </TextEquiv>
        </Word>
        <Word id="w212">
          <Coords points="263,1552 313,1552 313,1627 263,1627"/>
          <TextEquiv>
            <Unicode>لا</Unicode>
          </TextEquiv>
        </Word>
        <Word id="w213">
          <Coords points="149,1563 259,1563 259,1652 149,1652"/>
          <TextEquiv>
            <Unicode>يخبر</Unicode>
          </TextEquiv>
        </Word>
        <Word id="w214">
          <Coords points="94,1562 142,1562 142,1628 94,1628"/>
          <TextEquiv>
            <Unicode>به</Unicode>
          </TextEquiv>
        </Word>
        <TextEquiv>
          <Unicode> لا يكو ن ا لا تا كيد ا تا بعا لما قبله لا يبتد ا ء و لا يخبر به</Unicode>
        </TextEquiv>
      </TextLine>
      <TextLine id="l12">
        <Coords points="97,1664 1373,1664 1373,1825 97,1825"/>
        <Word id="w215">
          <Coords points="1331,1733 1372,1733 1372,1785 1331,1785"/>
          <TextEquiv>
            <Unicode>و</Unicode>
          </TextEquiv>
        </Word>
        <Word id="w216">
          <Coords points="1271,1702 1324,1702 1324,1772 1271,1772"/>
          <TextEquiv>
            <Unicode>لا</Unicode>
          </TextEquiv>
        </Word>
        <Word id="w217">
          <Coords points="1181,1712 1282,1712 1282,1768 1181,1768"/>
          <TextEquiv>
            <Unicode>عنه</Unicode>
          </TextEquiv>
        </Word>
        <Word id="w218">
          <Coords points="1121,1734 1160,1734 1160,1777 1121,1777"/>
          <TextEquiv>
            <Unicode>و</Unicode>
          </TextEquiv>
        </Word>
        <Word id="w219">
          <Coords points="1067,1701 1118,1701 1118,1768 1067,1768"/>
          <TextEquiv>
            <Unicode>لا</Unicode>
          </TextEquiv>
        </Word>
        <Word id="w220">
          <Coords points="994,1697 1065,1697 1065,1782 994,1782"/>
          <TextEquiv>
            <Unicode>يكو</Unicode>
          </TextEquiv>
        </Word>
        <Word id="w221">
          <Coords points="954,1703 987,1703 987,1780 954,1780"/>
          <TextEquiv>
            <Unicode>ن</Unicode>
          </TextEquiv>
        </Word>
        <Word id="w222">
          <Coords points="898,1685 941,1685 941,1765 898,1765"/>
          <TextEquiv>
            <Unicode>فا</Unicode>
          </TextEquiv>
        </Word>
        <Word id="w223">
          <Coords points="801,1703 891,1703 891,1788 801,1788"/>
          <TextEquiv>
            <Unicode>علا</Unicode>
          </TextEquiv>
        </Word>
        <Word id="w224">
          <Coords points="745,1733 789,1733 789,1784 745,1784"/>
          <TextEquiv>
            <Unicode>و</Unicode>
          </TextEquiv>
        </Word>
        <Word id="w225">
          <Coords points="687,1695 742,1695 742,1770 687,1770"/>
          <TextEquiv>
            <Unicode>لا</Unicode>
          </TextEquiv>
        </Word>
        <Word id="w226">
          <Coords points="544,1709 679,1709 679,1788 544,1788"/>
          <TextEquiv>
            <Unicode>مفعو</Unicode>
          </TextEquiv>
        </Word>
        <Word id="w227">
          <Coords points="491,1696 549,1696 549,1774 491,1774"/>
          <TextEquiv>
            <Unicode>لا</Unicode>
          </TextEquiv>
        </Word>
        <Word id="w228">
          <Coords points="440,1730 485,1730 485,1788 440,1788"/>
          <TextEquiv>
            <Unicode>و</Unicode>
          </TextEquiv>
        </Word>
        <Word id="w229">
          <Coords points="380,1688 439,1688 439,1799 380,1799"/>
          <TextEquiv>
            <Unicode>بما</Unicode>
          </TextEquiv>
        </Word>
        <Word id="w230">
          <Coords points="335,1704 365,1704 365,1776 335,1776"/>
          <TextEquiv>
            <Unicode>ذ</Unicode>
          </TextEquiv>
        </Word>
        <Word id="w231">
          <Coords points="284,1664 360,1664 360,1780 284,1780"/>
          <TextEquiv>
            <Unicode>كر</Unicode>
          </TextEquiv>
        </Word>
        <Word id="w232">
          <Coords points="262,1696 281,1696 281,1761 262,1761"/>
          <TextEquiv>
            <Unicode>ا</Unicode>
          </TextEquiv>
        </Word>
        <Word id="w233">
          <Coords points="97,1690 249,1690 249,1824 97,1824"/>
          <TextEquiv>
            <Unicode>لشيخ</Unicode>
          </TextEquiv>
        </Word>
        <TextEquiv>
          <Unicode> و لا عنه و لا يكو ن فا علا و لا مفعو لا و بما ذ كر ا لشيخ</Unicode>
        </TextEquiv>
      </TextLine>
      <TextLine id="l13">
        <Coords points="111,1831 1374,1831 1374,1947 111,1947"/>
        <Word id="w234">
          <Coords points="1207,1839 1373,1839 1373,1931 1207,1931"/>
          <TextEquiv>
            <Unicode>مظهر</Unicode>
          </TextEquiv>
        </Word>
        <Word id="w235">
          <Coords points="1201,1833 1225,1833 1225,1894 1201,1894"/>
          <TextEquiv>
            <Unicode>ا</Unicode>
          </TextEquiv>
        </Word>
        <Word id="w236">
          <Coords points="1140,1838 1192,1838 1192,1908 1140,1908"/>
          <TextEquiv>
            <Unicode>لد</Unicode>
          </TextEquiv>
        </Word>
        <Word id="w237">
          <Coords points="1080,1836 1134,1836 1134,1914 1080,1914"/>
          <TextEquiv>
            <Unicode>ين</Unicode>
          </TextEquiv>
        </Word>
        <Word id="w238">
          <Coords points="1008,1852 1080,1852 1080,1928 1008,1928"/>
          <TextEquiv>
            <Unicode>من</Unicode>
          </TextEquiv>
        </Word>
        <Word id="w239">
          <Coords points="996,1831 1017,1831 1017,1902 996,1902"/>
          <TextEquiv>
            <Unicode>ا</Unicode>
          </TextEquiv>
        </Word>
        <Word id="w240">
          <Coords points="933,1858 984,1858 984,1911 933,1911"/>
          <TextEquiv>
            <Unicode>نه</Unicode>
          </TextEquiv>
        </Word>
        <Word id="w241">
          <Coords points="827,1867 931,1867 931,1944 827,1944"/>
          <TextEquiv>
            <Unicode>معر</Unicode>
          </TextEquiv>
        </Word>
        <Word id="w242">
          <Coords points="790,1841 850,1841 850,1906 790,1906"/>
          <TextEquiv>
            <Unicode>فة</Unicode>
          </TextEquiv>
        </Word>
        <Word id="w243">
          <Coords points="726,1878 771,1878 771,1924 726,1924"/>
          <TextEquiv>
            <Unicode>و</Unicode>
          </TextEquiv>
        </Word>
        <Word id="w244">
          <Coords points="716,1840 734,1840 734,1901 716,1901"/>
          <TextEquiv>
            <Unicode>ا</Unicode>
          </TextEquiv>
        </Word>
        <Word id="w245">
          <Coords points="626,1837 714,1837 714,1946 626,1946"/>
          <TextEquiv>
            <Unicode>لجو</Unicode>
          </TextEquiv>
        </Word>
        <Word id="w246">
          <Coords points="623,1842 641,1842 641,1903 623,1903"/>
          <TextEquiv>
            <Unicode>ا</Unicode>
          </TextEquiv>
        </Word>
        <Word id="w247">
          <Coords points="564,1884 615,1884 615,1935 564,1935"/>
          <TextEquiv>
            <Unicode>ب</Unicode>
          </TextEquiv>
        </Word>
        <Word id="w248">
          <Coords points="486,1858 569,1858 569,1930 486,1930"/>
          <TextEquiv>
            <Unicode>عن</Unicode>
          </TextEquiv>
        </Word>
        <Word id="w249">
          <Coords points="469,1836 490,1836 490,1904 469,1904"/>
          <TextEquiv>
            <Unicode>ا</Unicode>
          </TextEquiv>
        </Word>
        <Word id="w250">
          <Coords points="397,1849 457,1849 457,1918 397,1918"/>
          <TextEquiv>
            <Unicode>لا</Unicode>
          </TextEquiv>
        </Word>
        <Word id="w251">
          <Coords points="362,1888 396,1888 396,1932 362,1932"/>
          <TextEquiv>
            <Unicode>و</Unicode>
          </TextEquiv>
        </Word>
        <Word id="w252">
          <Coords points="321,1847 355,1847 355,1926 321,1926"/>
          <TextEquiv>
            <Unicode>ل</Unicode>
          </TextEquiv>
        </Word>
        <Word id="w253">
          <Coords points="302,1847 324,1847 324,1910 302,1910"/>
          <TextEquiv>
            <Unicode>ا</Unicode>
          </TextEquiv>
        </Word>
        <Word id="w254">
          <Coords points="241,1869 291,1869 291,1919 241,1919"/>
          <TextEquiv>
            <Unicode>نه</Unicode>
          </TextEquiv>
        </Word>
        <Word id="w255">
          <Coords points="152,1873 241,1873 241,1944 152,1944"/>
          <TextEquiv>
            <Unicode>يجو</Unicode>
          </TextEquiv>
        </Word>
        <Word id="w256">
          <Coords points="111,1872 147,1872 147,1933 111,1933"/>
          <TextEquiv>
            <Unicode>ز</Unicode>
          </TextEquiv>
        </Word>
        <TextEquiv>
          <Unicode> مظهر ا لد ين من ا نه معر فة و ا لجو ا ب عن ا لا و ل ا نه يجو ز</Unicode>
        </TextEquiv>
      </TextLine>
      <TextLine id="l14">
        <Coords points="90,1965 1390,1965 1390,2111 90,2111"/>
        <Word id="w257">
          <Coords points="1360,1988 1389,1988 1389,2078 1360,2078"/>
          <TextEquiv>
            <Unicode>ا</Unicode>
          </TextEquiv>
        </Word>
        <Word id="w258">
          <Coords points="1313,1986 1355,1986 1355,2069 1313,2069"/>
          <TextEquiv>
            <Unicode>ن</Unicode>
          </TextEquiv>
        </Word>
        <Word id="w259">
          <Coords points="1239,1965 1330,1965 1330,2082 1239,2082"/>
          <TextEquiv>
            <Unicode>يكو</Unicode>
          </TextEquiv>
        </Word>
        <Word id="w260">
          <Coords points="1202,1987 1241,1987 1241,2073 1202,2073"/>
          <TextEquiv>
            <Unicode>ن</Unicode>
          </TextEquiv>
        </Word>
        <Word id="w261">
          <Coords points="1147,1983 1206,1983 1206,2048 1147,2048"/>
          <TextEquiv>
            <Unicode>حا</Unicode>
          </TextEquiv>
        </Word>
        <Word id="w262">
          <Coords points="1092,1996 1143,1996 1143,2061 1092,2061"/>
          <TextEquiv>
            <Unicode>لا</Unicode>
          </TextEquiv>
        </Word>
        <Word id="w263">
          <Coords points="1037,1982 1083,1982 1083,2074 1037,2074"/>
          <TextEquiv>
            <Unicode>فى</Unicode>
          </TextEquiv>
        </Word>
        <Word id="w264">
          <Coords points="1020,1993 1041,1993 1041,2059 1020,2059"/>
          <TextEquiv>
            <Unicode>ا</Unicode>
          </TextEquiv>
        </Word>
        <Word id="w265">
          <Coords points="869,1997 1006,1997 1006,2069 869,2069"/>
          <TextEquiv>
            <Unicode>للفظ</Unicode>
          </TextEquiv>
        </Word>
        <Word id="w266">
          <Coords points="817,2002 862,2002 862,2069 817,2069"/>
          <TextEquiv>
            <Unicode>تا</Unicode>
          </TextEquiv>
        </Word>
        <Word id="w267">
          <Coords points="807,1966 832,1966 832,1996 807,1996"/>
          <TextEquiv>
            <Unicode>ء</Unicode>
          </TextEquiv>
        </Word>
        <Word id="w268">
          <Coords points="717,1992 798,1992 798,2099 717,2099"/>
          <TextEquiv>
            <Unicode>كيد</Unicode>
          </TextEquiv>
        </Word>
        <Word id="w269">
          <Coords points="702,2003 728,2003 728,2059 702,2059"/>
          <TextEquiv>
            <Unicode>ا</Unicode>
          </TextEquiv>
        </Word>
        <Word id="w270">
          <Coords points="641,2002 691,2002 691,2097 641,2097"/>
          <TextEquiv>
            <Unicode>في</Unicode>
          </TextEquiv>
        </Word>
        <Word id="w271">
          <Coords points="627,1994 647,1994 647,2068 627,2068"/>
          <TextEquiv>
            <Unicode>ا</Unicode>
          </TextEquiv>
        </Word>
        <Word id="w272">
          <Coords points="508,2005 620,2005 620,2090 508,2090"/>
          <TextEquiv>
            <Unicode>لمعنى</Unicode>
          </TextEquiv>
        </Word>
        <Word id="w273">
          <Coords points="458,1984 535,1984 535,2083 458,2083"/>
          <TextEquiv>
            <Unicode>كما</Unicode>
          </TextEquiv>
        </Word>
        <Word id="w274">
          <Coords points="412,1999 442,1999 442,2074 412,2074"/>
          <TextEquiv>
            <Unicode>قا</Unicode>
          </TextEquiv>
        </Word>
        <Word id="w275">
          <Coords points="355,2010 403,2010 403,2078 355,2078"/>
          <TextEquiv>
            <Unicode>ل</Unicode>
          </TextEquiv>
        </Word>
        <Word id="w276">
          <Coords points="336,2000 351,2000 351,2065 336,2065"/>
          <TextEquiv>
            <Unicode>ا</Unicode>
          </TextEquiv>
        </Word>
        <Word id="w277">
          <Coords points="179,1999 326,1999 326,2110 179,2110"/>
          <TextEquiv>
            <Unicode>لبيضا</Unicode>
          </TextEquiv>
        </Word>
        <Word id="w278">
          <Coords points="123,2044 163,2044 163,2092 123,2092"/>
          <TextEquiv>
            <Unicode>و</Unicode>
          </TextEquiv>
        </Word>
        <Word id="w279">
          <Coords points="90,1987 172,1987 172,2072 90,2072"/>
          <TextEquiv>
            <Unicode>ي</Unicode>
          </TextEquiv>
        </Word>
        <TextEquiv>
          <Unicode> ا ن يكو ن حا لا فى ا للفظ تا ء كيد ا في ا لمعنى كما قا ل ا لبيضا و ي</Unicode>
        </TextEquiv>
      </TextLine>
      <TextLine id="l15">
        <Coords points="63,2123 1375,2123 1375,2271 63,2271"/>
        <Word id="w280">
          <Coords points="1275,2139 1374,2139 1374,2205 1275,2205"/>
          <TextEquiv>
            <Unicode>عند</Unicode>
          </TextEquiv>
        </Word>
        <Word id="w281">
          <Coords points="1258,2138 1272,2138 1272,2199 1258,2199"/>
          <TextEquiv>
            <Unicode>ا</Unicode>
          </TextEquiv>
        </Word>
        <Word id="w282">
          <Coords points="1133,2127 1257,2127 1257,2216 1133,2216"/>
          <TextEquiv>
            <Unicode>لكلا</Unicode>
          </TextEquiv>
        </Word>
        <Word id="w283">
          <Coords points="1067,2177 1125,2177 1125,2225 1067,2225"/>
          <TextEquiv>
            <Unicode>م</Unicode>
          </TextEquiv>
        </Word>
        <Word id="w284">
          <Coords points="1002,2143 1082,2143 1082,2241 1002,2241"/>
          <TextEquiv>
            <Unicode>على</Unicode>
          </TextEquiv>
        </Word>
        <Word id="w285">
          <Coords points="941,2123 1001,2123 1001,2231 941,2231"/>
          <TextEquiv>
            <Unicode>قو</Unicode>
          </TextEquiv>
        </Word>
        <Word id="w286">
          <Coords points="909,2149 954,2149 954,2213 909,2213"/>
          <TextEquiv>
            <Unicode>ل</Unicode>
          </TextEquiv>
        </Word>
        <Word id="w287">
          <Coords points="901,2144 920,2144 920,2205 901,2205"/>
          <TextEquiv>
            <Unicode>ا</Unicode>
          </TextEquiv>
        </Word>
        <Word id="w288">
          <Coords points="790,2132 905,2132 905,2239 790,2239"/>
          <TextEquiv>
            <Unicode>لكر</Unicode>
          </TextEquiv>
        </Word>
        <Word id="w289">
          <Coords points="757,2185 796,2185 796,2270 757,2270"/>
          <TextEquiv>
            <Unicode>يم</Unicode>
          </TextEquiv>
        </Word>
        <Word id="w290">
          <Coords points="734,2147 747,2147 747,2207 734,2207"/>
          <TextEquiv>
            <Unicode>ا</Unicode>
          </TextEquiv>
        </Word>
        <Word id="w291">
          <Coords points="617,2155 723,2155 723,2228 617,2228"/>
          <TextEquiv>
            <Unicode>لعلا</Unicode>
          </TextEquiv>
        </Word>
        <Word id="w292">
          <Coords points="553,2194 602,2194 602,2238 553,2238"/>
          <TextEquiv>
            <Unicode>م</Unicode>
          </TextEquiv>
        </Word>
        <Word id="w293">
          <Coords points="471,2144 557,2144 557,2225 471,2225"/>
          <TextEquiv>
            <Unicode>قنا</Unicode>
          </TextEquiv>
        </Word>
        <Word id="w294">
          <Coords points="443,2161 457,2161 457,2228 443,2228"/>
          <TextEquiv>
            <Unicode>ا</Unicode>
          </TextEquiv>
        </Word>
        <Word id="w295">
          <Coords points="294,2157 430,2157 430,2259 294,2259"/>
          <TextEquiv>
            <Unicode>هبطو</Unicode>
          </TextEquiv>
        </Word>
        <Word id="w296">
          <Coords points="281,2149 299,2149 299,2224 281,2224"/>
          <TextEquiv>
            <Unicode>ا</Unicode>
          </TextEquiv>
        </Word>
        <Word id="w297">
          <Coords points="180,2145 271,2145 271,2250 180,2250"/>
          <TextEquiv>
            <Unicode>منها</Unicode>
          </TextEquiv>
        </Word>
        <Word id="w298">
          <Coords points="63,2142 178,2142 178,2256 63,2256"/>
          <TextEquiv>
            <Unicode>جميعا</Unicode>
          </TextEquiv>
        </Word>
        <TextEquiv>
          <Unicode> عند ا لكلا م على قو ل ا لكر يم ا لعلا م قنا ا هبطو ا منها جميعا</Unicode>
        </TextEquiv>
      </TextLine>
      <TextLine id="l16">
        <Coords points="91,2275 1377,2275 1377,2407 91,2407"/>
        <Word id="w299">
          <Coords points="1358,2292 1376,2292 1376,2361 1358,2361"/>
          <TextEquiv>
            <Unicode>ا</Unicode>
          </TextEquiv>
        </Word>
        <Word id="w300">
          <Coords points="1303,2295 1345,2295 1345,2373 1303,2373"/>
          <TextEquiv>
            <Unicode>ن</Unicode>
          </TextEquiv>
        </Word>
        <Word id="w301">
          <Coords points="1191,2302 1307,2302 1307,2386 1191,2386"/>
          <TextEquiv>
            <Unicode>جميعا</Unicode>
          </TextEquiv>
        </Word>
        <Word id="w302">
          <Coords points="1131,2280 1188,2280 1188,2363 1131,2363"/>
          <TextEquiv>
            <Unicode>حا</Unicode>
          </TextEquiv>
        </Word>
        <Word id="w303">
          <Coords points="1082,2290 1118,2290 1118,2374 1082,2374"/>
          <TextEquiv>
            <Unicode>ل</Unicode>
          </TextEquiv>
        </Word>
        <Word id="w304">
          <Coords points="1017,2275 1094,2275 1094,2354 1017,2354"/>
          <TextEquiv>
            <Unicode>فى</Unicode>
          </TextEquiv>
        </Word>
        <Word id="w305">
          <Coords points="986,2283 1015,2283 1015,2358 986,2358"/>
          <TextEquiv>
            <Unicode>ا</Unicode>
          </TextEquiv>
        </Word>
        <Word id="w306">
          <Coords points="851,2280 984,2280 984,2364 851,2364"/>
          <TextEquiv>
            <Unicode>للفظ</Unicode>
          </TextEquiv>
        </Word>
        <Word id="w307">
          <Coords points="784,2284 827,2284 827,2364 784,2364"/>
          <TextEquiv>
            <Unicode>تأ</Unicode>
          </TextEquiv>
        </Word>
        <Word id="w308">
          <Coords points="689,2285 780,2285 780,2391 689,2391"/>
          <TextEquiv>
            <Unicode>كيد</Unicode>
          </TextEquiv>
        </Word>
        <Word id="w309">
          <Coords points="664,2287 694,2287 694,2348 664,2348"/>
          <TextEquiv>
            <Unicode>ا</Unicode>
          </TextEquiv>
        </Word>
        <Word id="w310">
          <Coords points="605,2290 662,2290 662,2389 605,2389"/>
          <TextEquiv>
            <Unicode>فى</Unicode>
          </TextEquiv>
        </Word>
        <Word id="w311">
          <Coords points="584,2296 610,2296 610,2367 584,2367"/>
          <TextEquiv>
            <Unicode>ا</Unicode>
          </TextEquiv>
        </Word>
        <Word id="w312">
          <Coords points="478,2303 582,2303 582,2393 478,2393"/>
          <TextEquiv>
            <Unicode>لمعنى</Unicode>
          </TextEquiv>
        </Word>
        <Word id="w313">
          <Coords points="425,2290 483,2290 483,2373 425,2373"/>
          <TextEquiv>
            <Unicode>كا</Unicode>
          </TextEquiv>
        </Word>
        <Word id="w314">
          <Coords points="362,2309 421,2309 421,2369 362,2369"/>
          <TextEquiv>
            <Unicode>نه</Unicode>
          </TextEquiv>
        </Word>
        <Word id="w315">
          <Coords points="254,2300 345,2300 345,2406 254,2406"/>
          <TextEquiv>
            <Unicode>قيل</Unicode>
          </TextEquiv>
        </Word>
        <Word id="w316">
          <Coords points="240,2302 257,2302 257,2380 240,2380"/>
          <TextEquiv>
            <Unicode>ا</Unicode>
          </TextEquiv>
        </Word>
        <Word id="w317">
          <Coords points="91,2295 233,2295 233,2399 91,2399"/>
          <TextEquiv>
            <Unicode>هبطو</Unicode>
          </TextEquiv>
        </Word>
        <TextEquiv>
          <Unicode> ا ن جميعا حا ل فى ا للفظ تأ كيد ا فى ا لمعنى كا نه قيل ا هبطو</Unicode>
        </TextEquiv>
      </TextLine>
      <TextLine id="l17">
        <Coords points="99,2422 1370,2422 1370,2543 99,2543"/>
        <Word id="w318">
          <Coords points="1357,2448 1369,2448 1369,2519 1357,2519"/>
          <TextEquiv>
            <Unicode>ا</Unicode>
          </TextEquiv>
        </Word>
        <Word id="w319">
          <Coords points="1285,2422 1341,2422 1341,2541 1285,2541"/>
          <TextEquiv>
            <Unicode>نتم</Unicode>
          </TextEquiv>
        </Word>
        <Word id="w320">
          <Coords points="1257,2428 1277,2428 1277,2503 1257,2503"/>
          <TextEquiv>
            <Unicode>ا</Unicode>
          </TextEquiv>
        </Word>
        <Word id="w321">
          <Coords points="1128,2455 1253,2455 1253,2522 1128,2522"/>
          <TextEquiv>
            <Unicode>جمعو</Unicode>
          </TextEquiv>
        </Word>
        <Word id="w322">
          <Coords points="1099,2431 1133,2431 1133,2501 1099,2501"/>
          <TextEquiv>
            <Unicode>ن</Unicode>
          </TextEquiv>
        </Word>
        <Word id="w323">
          <Coords points="1036,2462 1084,2462 1084,2513 1036,2513"/>
          <TextEquiv>
            <Unicode>و</Unicode>
          </TextEquiv>
        </Word>
        <Word id="w324">
          <Coords points="970,2440 1041,2440 1041,2519 970,2519"/>
          <TextEquiv>
            <Unicode>عن</Unicode>
          </TextEquiv>
        </Word>
        <Word id="w325">
          <Coords points="955,2427 975,2427 975,2494 955,2494"/>
          <TextEquiv>
            <Unicode>ا</Unicode>
          </TextEquiv>
        </Word>
        <Word id="w326">
          <Coords points="874,2437 947,2437 947,2503 874,2503"/>
          <TextEquiv>
            <Unicode>لثا</Unicode>
          </TextEquiv>
        </Word>
        <Word id="w327">
          <Coords points="813,2440 861,2440 861,2512 813,2512"/>
          <TextEquiv>
            <Unicode>ني</Unicode>
          </TextEquiv>
        </Word>
        <Word id="w328">
          <Coords points="793,2440 811,2440 811,2498 793,2498"/>
          <TextEquiv>
            <Unicode>ا</Unicode>
          </TextEquiv>
        </Word>
        <Word id="w329">
          <Coords points="745,2466 783,2466 783,2523 745,2523"/>
          <TextEquiv>
            <Unicode>ن</Unicode>
          </TextEquiv>
        </Word>
        <Word id="w330">
          <Coords points="678,2437 731,2437 731,2508 678,2508"/>
          <TextEquiv>
            <Unicode>ما</Unicode>
          </TextEquiv>
        </Word>
        <Word id="w331">
          <Coords points="572,2435 662,2435 662,2527 572,2527"/>
          <TextEquiv>
            <Unicode>نقل</Unicode>
          </TextEquiv>
        </Word>
        <Word id="w332">
          <Coords points="492,2453 572,2453 572,2520 492,2520"/>
          <TextEquiv>
            <Unicode>عن</Unicode>
          </TextEquiv>
        </Word>
        <Word id="w333">
          <Coords points="481,2434 505,2434 505,2496 481,2496"/>
          <TextEquiv>
            <Unicode>ا</Unicode>
          </TextEquiv>
        </Word>
        <Word id="w334">
          <Coords points="425,2448 470,2448 470,2517 425,2517"/>
          <TextEquiv>
            <Unicode>لر</Unicode>
          </TextEquiv>
        </Word>
        <Word id="w335">
          <Coords points="360,2452 441,2452 441,2520 360,2520"/>
          <TextEquiv>
            <Unicode>ضى</Unicode>
          </TextEquiv>
        </Word>
        <Word id="w336">
          <Coords points="301,2476 348,2476 348,2528 301,2528"/>
          <TextEquiv>
            <Unicode>و</Unicode>
          </TextEquiv>
        </Word>
        <Word id="w337">
          <Coords points="299,2436 311,2436 311,2505 299,2505"/>
          <TextEquiv>
            <Unicode>ا</Unicode>
          </TextEquiv>
        </Word>
        <Word id="w338">
          <Coords points="210,2437 295,2437 295,2539 210,2539"/>
          <TextEquiv>
            <Unicode>لجو</Unicode>
          </TextEquiv>
        </Word>
        <Word id="w339">
          <Coords points="143,2473 223,2473 223,2542 143,2542"/>
          <TextEquiv>
            <Unicode>هر</Unicode>
          </TextEquiv>
        </Word>
        <Word id="w340">
          <Coords points="99,2461 170,2461 170,2514 99,2514"/>
          <TextEquiv>
            <Unicode>ى</Unicode>
          </TextEquiv>
        </Word>
        <TextEquiv>
          <Unicode> ا نتم ا جمعو ن و عن ا لثا ني ا ن ما نقل عن ا لر ضى و ا لجو هر ى</Unicode>
        </TextEquiv>
      </TextLine>
      <TextLine id="l18">
        <Coords points="103,2558 1361,2558 1361,2700 103,2700"/>
        <Word id="w341">
          <Coords points="1244,2591 1360,2591 1360,2670 1244,2670"/>
          <TextEquiv>
            <Unicode>ليس</Unicode>
          </TextEquiv>
        </Word>
        <Word id="w342">
          <Coords points="1099,2583 1251,2583 1251,2670 1099,2670"/>
          <TextEquiv>
            <Unicode>بمتفق</Unicode>
          </TextEquiv>
        </Word>
        <Word id="w343">
          <Coords points="990,2576 1094,2576 1094,2671 990,2671"/>
          <TextEquiv>
            <Unicode>عليه</Unicode>
          </TextEquiv>
        </Word>
        <Word id="w344">
          <Coords points="857,2558 1005,2558 1005,2676 857,2676"/>
          <TextEquiv>
            <Unicode>كيف</Unicode>
          </TextEquiv>
        </Word>
        <Word id="w345">
          <Coords points="811,2619 853,2619 853,2662 811,2662"/>
          <TextEquiv>
            <Unicode>و</Unicode>
          </TextEquiv>
        </Word>
        <Word id="w346">
          <Coords points="801,2582 818,2582 818,2636 801,2636"/>
          <TextEquiv>
            <Unicode>ا</Unicode>
          </TextEquiv>
        </Word>
        <Word id="w347">
          <Coords points="738,2592 815,2592 815,2676 738,2676"/>
          <TextEquiv>
            <Unicode>ين</Unicode>
          </TextEquiv>
        </Word>
        <Word id="w348">
          <Coords points="707,2625 734,2625 734,2657 707,2657"/>
          <TextEquiv>
            <Unicode>د</Unicode>
          </TextEquiv>
        </Word>
        <Word id="w349">
          <Coords points="664,2628 697,2628 697,2663 664,2663"/>
          <TextEquiv>
            <Unicode>ر</Unicode>
          </TextEquiv>
        </Word>
        <Word id="w350">
          <Coords points="534,2600 660,2600 660,2674 534,2674"/>
          <TextEquiv>
            <Unicode>ستو</Unicode>
          </TextEquiv>
        </Word>
        <Word id="w351">
          <Coords points="484,2608 535,2608 535,2677 484,2677"/>
          <TextEquiv>
            <Unicode>يه</Unicode>
          </TextEquiv>
        </Word>
        <Word id="w352">
          <Coords points="409,2619 479,2619 479,2676 409,2676"/>
          <TextEquiv>
            <Unicode>جو</Unicode>
          </TextEquiv>
        </Word>
        <Word id="w353">
          <Coords points="365,2629 408,2629 408,2662 365,2662"/>
          <TextEquiv>
            <Unicode>ر</Unicode>
          </TextEquiv>
        </Word>
        <Word id="w354">
          <Coords points="351,2593 370,2593 370,2647 351,2647"/>
          <TextEquiv>
            <Unicode>ا</Unicode>
          </TextEquiv>
        </Word>
        <Word id="w355">
          <Coords points="288,2578 352,2578 352,2657 288,2657"/>
          <TextEquiv>
            <Unicode>لحا</Unicode>
          </TextEquiv>
        </Word>
        <Word id="w356">
          <Coords points="187,2603 277,2603 277,2699 187,2699"/>
          <TextEquiv>
            <Unicode>لية</Unicode>
          </TextEquiv>
        </Word>
        <Word id="w357">
          <Coords points="147,2591 176,2591 176,2666 147,2666"/>
          <TextEquiv>
            <Unicode>قا</Unicode>
          </TextEquiv>
        </Word>
        <Word id="w358">
          <Coords points="103,2606 136,2606 136,2665 103,2665"/>
          <TextEquiv>
            <Unicode>ل</Unicode>
          </TextEquiv>
        </Word>
        <TextEquiv>
          <Unicode> ليس بمتفق عليه كيف و ا ين د ر ستو يه جو ر ا لحا لية قا ل</Unicode>
        </TextEquiv>
      </TextLine>
      <TextLine id="l19">
        <Coords points="84,2709 1373,2709 1373,2861 84,2861"/>
        <Word id="w359">
          <Coords points="1321,2729 1372,2729 1372,2818 1321,2818"/>
          <TextEquiv>
            <Unicode>في</Unicode>
          </TextEquiv>
        </Word>
        <Word id="w360">
          <Coords points="1303,2723 1325,2723 1325,2793 1303,2793"/>
          <TextEquiv>
            <Unicode>ا</Unicode>
          </TextEquiv>
        </Word>
        <Word id="w361">
          <Coords points="1220,2727 1297,2727 1297,2804 1220,2804"/>
          <TextEquiv>
            <Unicode>لقا</Unicode>
          </TextEquiv>
        </Word>
        <Word id="w362">
          <Coords points="1152,2767 1216,2767 1216,2815 1152,2815"/>
          <TextEquiv>
            <Unicode>مو</Unicode>
          </TextEquiv>
        </Word>
        <Word id="w363">
          <Coords points="1079,2765 1154,2765 1154,2811 1079,2811"/>
          <TextEquiv>
            <Unicode>س</Unicode>
          </TextEquiv>
        </Word>
        <Word id="w364">
          <Coords points="1038,2756 1081,2756 1081,2801 1038,2801"/>
          <TextEquiv>
            <Unicode>و</Unicode>
          </TextEquiv>
        </Word>
        <Word id="w365">
          <Coords points="964,2749 1048,2749 1048,2811 964,2811"/>
          <TextEquiv>
            <Unicode>هو</Unicode>
          </TextEquiv>
        </Word>
        <Word id="w366">
          <Coords points="960,2718 973,2718 973,2777 960,2777"/>
          <TextEquiv>
            <Unicode>ا</Unicode>
          </TextEquiv>
        </Word>
        <Word id="w367">
          <Coords points="819,2725 944,2725 944,2860 819,2860"/>
          <TextEquiv>
            <Unicode>لصحيح</Unicode>
          </TextEquiv>
        </Word>
        <Word id="w368">
          <Coords points="766,2766 810,2766 810,2814 766,2814"/>
          <TextEquiv>
            <Unicode>و</Unicode>
          </TextEquiv>
        </Word>
        <Word id="w369">
          <Coords points="714,2709 800,2709 800,2797 714,2797"/>
          <TextEquiv>
            <Unicode>كذ</Unicode>
          </TextEquiv>
        </Word>
        <Word id="w370">
          <Coords points="690,2721 716,2721 716,2786 690,2786"/>
          <TextEquiv>
            <Unicode>ا</Unicode>
          </TextEquiv>
        </Word>
        <Word id="w371">
          <Coords points="621,2766 695,2766 695,2818 621,2818"/>
          <TextEquiv>
            <Unicode>جو</Unicode>
          </TextEquiv>
        </Word>
        <Word id="w372">
          <Coords points="580,2744 624,2744 624,2820 580,2820"/>
          <TextEquiv>
            <Unicode>ز</Unicode>
          </TextEquiv>
        </Word>
        <Word id="w373">
          <Coords points="521,2719 585,2719 585,2800 521,2800"/>
          <TextEquiv>
            <Unicode>ها</Unicode>
          </TextEquiv>
        </Word>
        <Word id="w374">
          <Coords points="488,2740 504,2740 504,2802 488,2802"/>
          <TextEquiv>
            <Unicode>ا</Unicode>
          </TextEquiv>
        </Word>
        <Word id="w375">
          <Coords points="324,2729 475,2729 475,2831 324,2831"/>
          <TextEquiv>
            <Unicode>لبيضا</Unicode>
          </TextEquiv>
        </Word>
        <Word id="w376">
          <Coords points="260,2729 337,2729 337,2786 260,2786"/>
          <TextEquiv>
            <Unicode>ي</Unicode>
          </TextEquiv>
        </Word>
        <Word id="w377">
          <Coords points="200,2733 244,2733 244,2825 200,2825"/>
          <TextEquiv>
            <Unicode>في</Unicode>
          </TextEquiv>
        </Word>
        <Word id="w378">
          <Coords points="84,2734 212,2734 212,2840 84,2840"/>
          <TextEquiv>
            <Unicode>تفسير</Unicode>
          </TextEquiv>
        </Word>
        <TextEquiv>
          <Unicode> في ا لقا مو س و هو ا لصحيح و كذ ا جو ز ها ا لبيضا ي في تفسير</Unicode>
        </TextEquiv>
      </TextLine>
    </TextRegion>
  </Page>
</PcGts>
