<?xml version='1.0' encoding='utf-8'?>
<PcGts xmlns:xsi="http://www.w3.org/2001/XMLSchema-instance" xmlns="http://schema.primaresearch.org/PAGE/gts/pagecontent/2019-07-15" xsi:schemaLocation="http://schema.primaresearch.org/PAGE/gts/pagecontent/2019-07-15 http://schema.primaresearch.org/PAGE/gts/pagecontent/2019-07-15/pagecontent.xsd" pcGtsId="pc-aletheiaexamplepage">
  <Metadata>
    <Creator>PRImA Research Lab</Creator>
    <Created>2015-07-17T15:27:13</Created>
    <LastChange>2017-07-14T10:03:33</LastChange>
    <Comments>Example Page</Comments>
  </Metadata>
  <Page imageFilename="3368132/_0007-1.png" imageWidth="1373" imageHeight="2895">
    <TextRegion id="r0" type="paragraph">
      <Coords points="1,1 1371,1 1371,2893 1,2893"/>
      <TextLine id="l0">
        <Coords points="45,56 1348,56 1348,188 45,188"/>
        <Word id="w0">
          <Coords points="1248,60 1347,60 1347,158 1248,158"/>
          <TextEquiv>
            <Unicode>فعل</Unicode>
          </TextEquiv>
        </Word>
        <Word id="w1">
          <Coords points="1231,69 1254,69 1254,132 1231,132"/>
          <TextEquiv>
            <Unicode>ا</Unicode>
          </TextEquiv>
        </Word>
        <Word id="w2">
          <Coords points="1172,81 1222,81 1222,146 1172,146"/>
          <TextEquiv>
            <Unicode>لا</Unicode>
          </TextEquiv>
        </Word>
        <Word id="w3">
          <Coords points="1137,114 1170,114 1170,158 1137,158"/>
          <TextEquiv>
            <Unicode>و</Unicode>
          </TextEquiv>
        </Word>
        <Word id="w4">
          <Coords points="1101,82 1132,82 1132,144 1101,144"/>
          <TextEquiv>
            <Unicode>ل</Unicode>
          </TextEquiv>
        </Word>
        <Word id="w5">
          <Coords points="1018,91 1097,91 1097,179 1018,179"/>
          <TextEquiv>
            <Unicode>يجو</Unicode>
          </TextEquiv>
        </Word>
        <Word id="w6">
          <Coords points="989,109 1021,109 1021,145 989,145"/>
          <TextEquiv>
            <Unicode>ر</Unicode>
          </TextEquiv>
        </Word>
        <Word id="w7">
          <Coords points="904,73 980,73 980,174 904,174"/>
          <TextEquiv>
            <Unicode>فيه</Unicode>
          </TextEquiv>
        </Word>
        <Word id="w8">
          <Coords points="880,78 892,78 892,137 880,137"/>
          <TextEquiv>
            <Unicode>ا</Unicode>
          </TextEquiv>
        </Word>
        <Word id="w9">
          <Coords points="789,74 872,74 872,170 789,170"/>
          <TextEquiv>
            <Unicode>لجر</Unicode>
          </TextEquiv>
        </Word>
        <Word id="w10">
          <Coords points="731,80 796,80 796,184 731,184"/>
          <TextEquiv>
            <Unicode>على</Unicode>
          </TextEquiv>
        </Word>
        <Word id="w11">
          <Coords points="714,81 738,81 738,143 714,143"/>
          <TextEquiv>
            <Unicode>ا</Unicode>
          </TextEquiv>
        </Word>
        <Word id="w12">
          <Coords points="672,85 708,85 708,153 672,153"/>
          <TextEquiv>
            <Unicode>ن</Unicode>
          </TextEquiv>
        </Word>
        <Word id="w13">
          <Coords points="596,56 675,56 675,161 596,161"/>
          <TextEquiv>
            <Unicode>يكو</Unicode>
          </TextEquiv>
        </Word>
        <Word id="w14">
          <Coords points="557,82 589,82 589,143 557,143"/>
          <TextEquiv>
            <Unicode>ن</Unicode>
          </TextEquiv>
        </Word>
        <Word id="w15">
          <Coords points="420,70 558,70 558,143 420,143"/>
          <TextEquiv>
            <Unicode>صفة</Unicode>
          </TextEquiv>
        </Word>
        <Word id="w16">
          <Coords points="300,76 406,76 406,155 300,155"/>
          <TextEquiv>
            <Unicode>للجلا</Unicode>
          </TextEquiv>
        </Word>
        <Word id="w17">
          <Coords points="254,87 295,87 295,141 254,141"/>
          <TextEquiv>
            <Unicode>له</Unicode>
          </TextEquiv>
        </Word>
        <Word id="w18">
          <Coords points="168,80 240,80 240,162 168,162"/>
          <TextEquiv>
            <Unicode>بلا</Unicode>
          </TextEquiv>
        </Word>
        <Word id="w19">
          <Coords points="80,68 161,68 161,139 80,139"/>
          <TextEquiv>
            <Unicode>تقد</Unicode>
          </TextEquiv>
        </Word>
        <Word id="w20">
          <Coords points="45,76 105,76 105,187 45,187"/>
          <TextEquiv>
            <Unicode>ير</Unicode>
          </TextEquiv>
        </Word>
        <TextEquiv>
          <Unicode> فعل ا لا و ل يجو ر فيه ا لجر على ا ن يكو ن صفة للجلا له بلا تقد ير</Unicode>
        </TextEquiv>
      </TextLine>
      <TextLine id="l1">
        <Coords points="78,201 1351,201 1351,308 78,308"/>
        <Word id="w21">
          <Coords points="1326,212 1350,212 1350,292 1326,292"/>
          <TextEquiv>
            <Unicode>ا</Unicode>
          </TextEquiv>
        </Word>
        <Word id="w22">
          <Coords points="1206,218 1317,218 1317,296 1206,296"/>
          <TextEquiv>
            <Unicode>لمضا</Unicode>
          </TextEquiv>
        </Word>
        <Word id="w23">
          <Coords points="1135,231 1193,231 1193,289 1135,289"/>
          <TextEquiv>
            <Unicode>ف</Unicode>
          </TextEquiv>
        </Word>
        <Word id="w24">
          <Coords points="1035,225 1123,225 1123,305 1035,305"/>
          <TextEquiv>
            <Unicode>للميا</Unicode>
          </TextEquiv>
        </Word>
        <Word id="w25">
          <Coords points="940,221 1025,221 1025,288 940,288"/>
          <TextEquiv>
            <Unicode>لغة</Unicode>
          </TextEquiv>
        </Word>
        <Word id="w26">
          <Coords points="872,201 941,201 941,300 872,300"/>
          <TextEquiv>
            <Unicode>كما</Unicode>
          </TextEquiv>
        </Word>
        <Word id="w27">
          <Coords points="812,222 858,222 858,295 812,295"/>
          <TextEquiv>
            <Unicode>فى</Unicode>
          </TextEquiv>
        </Word>
        <Word id="w28">
          <Coords points="754,249 819,249 819,307 754,307"/>
          <TextEquiv>
            <Unicode>مر</Unicode>
          </TextEquiv>
        </Word>
        <Word id="w29">
          <Coords points="724,250 758,250 758,288 724,288"/>
          <TextEquiv>
            <Unicode>ر</Unicode>
          </TextEquiv>
        </Word>
        <Word id="w30">
          <Coords points="658,252 723,252 723,306 658,306"/>
          <TextEquiv>
            <Unicode>ب</Unicode>
          </TextEquiv>
        </Word>
        <Word id="w31">
          <Coords points="599,246 646,246 646,294 599,294"/>
          <TextEquiv>
            <Unicode>بر</Unicode>
          </TextEquiv>
        </Word>
        <Word id="w32">
          <Coords points="527,207 604,207 604,306 527,306"/>
          <TextEquiv>
            <Unicode>جل</Unicode>
          </TextEquiv>
        </Word>
        <Word id="w33">
          <Coords points="456,238 521,238 521,279 456,279"/>
          <TextEquiv>
            <Unicode>عد</Unicode>
          </TextEquiv>
        </Word>
        <Word id="w34">
          <Coords points="403,204 441,204 441,280 403,280"/>
          <TextEquiv>
            <Unicode>ل</Unicode>
          </TextEquiv>
        </Word>
        <Word id="w35">
          <Coords points="386,208 401,208 401,268 386,268"/>
          <TextEquiv>
            <Unicode>ا</Unicode>
          </TextEquiv>
        </Word>
        <Word id="w36">
          <Coords points="327,242 375,242 375,292 327,292"/>
          <TextEquiv>
            <Unicode>و</Unicode>
          </TextEquiv>
        </Word>
        <Word id="w37">
          <Coords points="240,206 337,206 337,277 240,277"/>
          <TextEquiv>
            <Unicode>تقد</Unicode>
          </TextEquiv>
        </Word>
        <Word id="w38">
          <Coords points="183,241 233,241 233,290 183,290"/>
          <TextEquiv>
            <Unicode>ير</Unicode>
          </TextEquiv>
        </Word>
        <Word id="w39">
          <Coords points="165,248 186,248 186,270 165,270"/>
          <TextEquiv>
            <Unicode>ه</Unicode>
          </TextEquiv>
        </Word>
        <Word id="w40">
          <Coords points="138,218 151,218 151,274 138,274"/>
          <TextEquiv>
            <Unicode>ا</Unicode>
          </TextEquiv>
        </Word>
        <Word id="w41">
          <Coords points="78,239 126,239 126,290 78,290"/>
          <TextEquiv>
            <Unicode>ى</Unicode>
          </TextEquiv>
        </Word>
        <TextEquiv>
          <Unicode> ا لمضا ف للميا لغة كما فى مر ر ب بر جل عد ل ا و تقد ير ه ا ى</Unicode>
        </TextEquiv>
      </TextLine>
      <TextLine id="l2">
        <Coords points="60,336 1337,336 1337,492 60,492"/>
        <Word id="w42">
          <Coords points="1303,388 1336,388 1336,446 1303,446"/>
          <TextEquiv>
            <Unicode>ذ</Unicode>
          </TextEquiv>
        </Word>
        <Word id="w43">
          <Coords points="1240,399 1294,399 1294,451 1240,451"/>
          <TextEquiv>
            <Unicode>ى</Unicode>
          </TextEquiv>
        </Word>
        <Word id="w44">
          <Coords points="1193,409 1229,409 1229,453 1193,453"/>
          <TextEquiv>
            <Unicode>ر</Unicode>
          </TextEquiv>
        </Word>
        <Word id="w45">
          <Coords points="1126,410 1192,410 1192,465 1126,465"/>
          <TextEquiv>
            <Unicode>ب</Unicode>
          </TextEquiv>
        </Word>
        <Word id="w46">
          <Coords points="1014,358 1134,358 1134,446 1014,446"/>
          <TextEquiv>
            <Unicode>لكنه</Unicode>
          </TextEquiv>
        </Word>
        <Word id="w47">
          <Coords points="897,370 996,370 996,463 897,463"/>
          <TextEquiv>
            <Unicode>يفو</Unicode>
          </TextEquiv>
        </Word>
        <Word id="w48">
          <Coords points="850,372 911,372 911,437 850,437"/>
          <TextEquiv>
            <Unicode>ت</Unicode>
          </TextEquiv>
        </Word>
        <Word id="w49">
          <Coords points="793,361 841,361 841,445 793,445"/>
          <TextEquiv>
            <Unicode>في</Unicode>
          </TextEquiv>
        </Word>
        <Word id="w50">
          <Coords points="685,375 801,375 801,453 685,453"/>
          <TextEquiv>
            <Unicode>معنى</Unicode>
          </TextEquiv>
        </Word>
        <Word id="w51">
          <Coords points="672,359 690,359 690,430 672,430"/>
          <TextEquiv>
            <Unicode>ا</Unicode>
          </TextEquiv>
        </Word>
        <Word id="w52">
          <Coords points="589,371 663,371 663,462 589,462"/>
          <TextEquiv>
            <Unicode>لمبا</Unicode>
          </TextEquiv>
        </Word>
        <Word id="w53">
          <Coords points="484,382 577,382 577,439 484,439"/>
          <TextEquiv>
            <Unicode>لغة</Unicode>
          </TextEquiv>
        </Word>
        <Word id="w54">
          <Coords points="401,372 468,372 468,461 401,461"/>
          <TextEquiv>
            <Unicode>على</Unicode>
          </TextEquiv>
        </Word>
        <Word id="w55">
          <Coords points="353,370 405,370 405,437 353,437"/>
          <TextEquiv>
            <Unicode>ما</Unicode>
          </TextEquiv>
        </Word>
        <Word id="w56">
          <Coords points="256,398 341,398 341,455 256,455"/>
          <TextEquiv>
            <Unicode>صر</Unicode>
          </TextEquiv>
        </Word>
        <Word id="w57">
          <Coords points="217,407 292,407 292,491 217,491"/>
          <TextEquiv>
            <Unicode>ح</Unicode>
          </TextEquiv>
        </Word>
        <Word id="w58">
          <Coords points="201,340 210,340 210,386 201,386"/>
          <TextEquiv>
            <Unicode>ا</Unicode>
          </TextEquiv>
        </Word>
        <Word id="w59">
          <Coords points="153,395 199,395 199,455 153,455"/>
          <TextEquiv>
            <Unicode>به</Unicode>
          </TextEquiv>
        </Word>
        <Word id="w60">
          <Coords points="60,336 182,336 182,483 60,483"/>
          <TextEquiv>
            <Unicode>لشيخ</Unicode>
          </TextEquiv>
        </Word>
        <TextEquiv>
          <Unicode> ذ ى ر ب لكنه يفو ت في معنى ا لمبا لغة على ما صر ح ا به لشيخ</Unicode>
        </TextEquiv>
      </TextLine>
      <TextLine id="l3">
        <Coords points="33,502 1334,502 1334,631 33,631"/>
        <Word id="w61">
          <Coords points="1231,547 1333,547 1333,617 1231,617"/>
          <TextEquiv>
            <Unicode>عبد</Unicode>
          </TextEquiv>
        </Word>
        <Word id="w62">
          <Coords points="1214,520 1230,520 1230,575 1214,575"/>
          <TextEquiv>
            <Unicode>ا</Unicode>
          </TextEquiv>
        </Word>
        <Word id="w63">
          <Coords points="1126,512 1200,512 1200,586 1126,586"/>
          <TextEquiv>
            <Unicode>لقا</Unicode>
          </TextEquiv>
        </Word>
        <Word id="w64">
          <Coords points="1030,548 1113,548 1113,618 1030,618"/>
          <TextEquiv>
            <Unicode>هر</Unicode>
          </TextEquiv>
        </Word>
        <Word id="w65">
          <Coords points="971,505 1049,505 1049,599 971,599"/>
          <TextEquiv>
            <Unicode>فى</Unicode>
          </TextEquiv>
        </Word>
        <Word id="w66">
          <Coords points="930,553 957,553 957,586 930,586"/>
          <TextEquiv>
            <Unicode>د</Unicode>
          </TextEquiv>
        </Word>
        <Word id="w67">
          <Coords points="863,519 912,519 912,590 863,590"/>
          <TextEquiv>
            <Unicode>لا</Unicode>
          </TextEquiv>
        </Word>
        <Word id="w68">
          <Coords points="796,509 864,509 864,614 796,614"/>
          <TextEquiv>
            <Unicode>يل</Unicode>
          </TextEquiv>
        </Word>
        <Word id="w69">
          <Coords points="782,515 794,515 794,578 782,578"/>
          <TextEquiv>
            <Unicode>ا</Unicode>
          </TextEquiv>
        </Word>
        <Word id="w70">
          <Coords points="708,508 768,508 768,592 708,592"/>
          <TextEquiv>
            <Unicode>لا</Unicode>
          </TextEquiv>
        </Word>
        <Word id="w71">
          <Coords points="650,508 719,508 719,608 650,608"/>
          <TextEquiv>
            <Unicode>عجا</Unicode>
          </TextEquiv>
        </Word>
        <Word id="w72">
          <Coords points="606,526 636,526 636,593 606,593"/>
          <TextEquiv>
            <Unicode>ز</Unicode>
          </TextEquiv>
        </Word>
        <Word id="w73">
          <Coords points="554,551 596,551 596,599 554,599"/>
          <TextEquiv>
            <Unicode>و</Unicode>
          </TextEquiv>
        </Word>
        <Word id="w74">
          <Coords points="544,517 559,517 559,578 544,578"/>
          <TextEquiv>
            <Unicode>ا</Unicode>
          </TextEquiv>
        </Word>
        <Word id="w75">
          <Coords points="484,523 533,523 533,599 484,599"/>
          <TextEquiv>
            <Unicode>لر</Unicode>
          </TextEquiv>
        </Word>
        <Word id="w76">
          <Coords points="410,521 491,521 491,609 410,609"/>
          <TextEquiv>
            <Unicode>ضى</Unicode>
          </TextEquiv>
        </Word>
        <Word id="w77">
          <Coords points="339,502 412,502 412,588 339,588"/>
          <TextEquiv>
            <Unicode>فى</Unicode>
          </TextEquiv>
        </Word>
        <Word id="w78">
          <Coords points="230,515 319,515 319,599 230,599"/>
          <TextEquiv>
            <Unicode>شر</Unicode>
          </TextEquiv>
        </Word>
        <Word id="w79">
          <Coords points="203,545 285,545 285,630 203,630"/>
          <TextEquiv>
            <Unicode>ح</Unicode>
          </TextEquiv>
        </Word>
        <Word id="w80">
          <Coords points="186,531 201,531 201,596 186,596"/>
          <TextEquiv>
            <Unicode>ا</Unicode>
          </TextEquiv>
        </Word>
        <Word id="w81">
          <Coords points="103,508 202,508 202,617 103,617"/>
          <TextEquiv>
            <Unicode>لكا</Unicode>
          </TextEquiv>
        </Word>
        <Word id="w82">
          <Coords points="33,509 93,509 93,627 33,627"/>
          <TextEquiv>
            <Unicode>فية</Unicode>
          </TextEquiv>
        </Word>
        <TextEquiv>
          <Unicode> عبد ا لقا هر فى د لا يل ا لا عجا ز و ا لر ضى فى شر ح ا لكا فية</Unicode>
        </TextEquiv>
      </TextLine>
      <TextLine id="l4">
        <Coords points="63,641 1340,641 1340,793 63,793"/>
        <Word id="w83">
          <Coords points="1291,695 1339,695 1339,753 1291,753"/>
          <TextEquiv>
            <Unicode>و</Unicode>
          </TextEquiv>
        </Word>
        <Word id="w84">
          <Coords points="1287,668 1298,668 1298,723 1287,723"/>
          <TextEquiv>
            <Unicode>ا</Unicode>
          </TextEquiv>
        </Word>
        <Word id="w85">
          <Coords points="1222,673 1274,673 1274,751 1222,751"/>
          <TextEquiv>
            <Unicode>لر</Unicode>
          </TextEquiv>
        </Word>
        <Word id="w86">
          <Coords points="1166,672 1262,672 1262,792 1166,792"/>
          <TextEquiv>
            <Unicode>فع</Unicode>
          </TextEquiv>
        </Word>
        <Word id="w87">
          <Coords points="1086,662 1160,662 1160,761 1086,761"/>
          <TextEquiv>
            <Unicode>على</Unicode>
          </TextEquiv>
        </Word>
        <Word id="w88">
          <Coords points="1079,671 1090,671 1090,725 1079,725"/>
          <TextEquiv>
            <Unicode>ا</Unicode>
          </TextEquiv>
        </Word>
        <Word id="w89">
          <Coords points="1034,684 1068,684 1068,741 1034,741"/>
          <TextEquiv>
            <Unicode>ن</Unicode>
          </TextEquiv>
        </Word>
        <Word id="w90">
          <Coords points="963,641 1055,641 1055,752 963,752"/>
          <TextEquiv>
            <Unicode>يكو</Unicode>
          </TextEquiv>
        </Word>
        <Word id="w91">
          <Coords points="917,665 957,665 957,737 917,737"/>
          <TextEquiv>
            <Unicode>ن</Unicode>
          </TextEquiv>
        </Word>
        <Word id="w92">
          <Coords points="827,665 922,665 922,749 827,749"/>
          <TextEquiv>
            <Unicode>خبر</Unicode>
          </TextEquiv>
        </Word>
        <Word id="w93">
          <Coords points="698,666 822,666 822,745 698,745"/>
          <TextEquiv>
            <Unicode>مبتد</Unicode>
          </TextEquiv>
        </Word>
        <Word id="w94">
          <Coords points="686,645 699,645 699,706 686,706"/>
          <TextEquiv>
            <Unicode>ا</Unicode>
          </TextEquiv>
        </Word>
        <Word id="w95">
          <Coords points="655,697 684,697 684,723 655,723"/>
          <TextEquiv>
            <Unicode>ء</Unicode>
          </TextEquiv>
        </Word>
        <Word id="w96">
          <Coords points="564,664 647,664 647,727 564,727"/>
          <TextEquiv>
            <Unicode>محذ</Unicode>
          </TextEquiv>
        </Word>
        <Word id="w97">
          <Coords points="511,686 554,686 554,728 511,728"/>
          <TextEquiv>
            <Unicode>ز</Unicode>
          </TextEquiv>
        </Word>
        <Word id="w98">
          <Coords points="450,659 511,659 511,720 450,720"/>
          <TextEquiv>
            <Unicode>ف</Unicode>
          </TextEquiv>
        </Word>
        <Word id="w99">
          <Coords points="394,644 459,644 459,740 394,740"/>
          <TextEquiv>
            <Unicode>على</Unicode>
          </TextEquiv>
        </Word>
        <Word id="w100">
          <Coords points="374,659 399,659 399,723 374,723"/>
          <TextEquiv>
            <Unicode>ا</Unicode>
          </TextEquiv>
        </Word>
        <Word id="w101">
          <Coords points="305,660 363,660 363,735 305,735"/>
          <TextEquiv>
            <Unicode>لو</Unicode>
          </TextEquiv>
        </Word>
        <Word id="w102">
          <Coords points="242,681 306,681 306,743 242,743"/>
          <TextEquiv>
            <Unicode>جه</Unicode>
          </TextEquiv>
        </Word>
        <Word id="w103">
          <Coords points="205,656 219,656 219,721 205,721"/>
          <TextEquiv>
            <Unicode>ا</Unicode>
          </TextEquiv>
        </Word>
        <Word id="w104">
          <Coords points="140,662 190,662 190,729 140,729"/>
          <TextEquiv>
            <Unicode>لذ</Unicode>
          </TextEquiv>
        </Word>
        <Word id="w105">
          <Coords points="63,679 134,679 134,736 63,736"/>
          <TextEquiv>
            <Unicode>ى</Unicode>
          </TextEquiv>
        </Word>
        <TextEquiv>
          <Unicode> و ا لر فع على ا ن يكو ن خبر مبتد ا ء محذ ز ف على ا لو جه ا لذ ى</Unicode>
        </TextEquiv>
      </TextLine>
      <TextLine id="l5">
        <Coords points="76,776 1350,776 1350,905 76,905"/>
        <Word id="w106">
          <Coords points="1220,813 1349,813 1349,898 1220,898"/>
          <TextEquiv>
            <Unicode>سبق</Unicode>
          </TextEquiv>
        </Word>
        <Word id="w107">
          <Coords points="1165,818 1235,818 1235,880 1165,880"/>
          <TextEquiv>
            <Unicode>من</Unicode>
          </TextEquiv>
        </Word>
        <Word id="w108">
          <Coords points="1070,797 1164,797 1164,868 1070,868"/>
          <TextEquiv>
            <Unicode>تقد</Unicode>
          </TextEquiv>
        </Word>
        <Word id="w109">
          <Coords points="1019,835 1074,835 1074,890 1019,890"/>
          <TextEquiv>
            <Unicode>ير</Unicode>
          </TextEquiv>
        </Word>
        <Word id="w110">
          <Coords points="1012,805 1028,805 1028,855 1012,855"/>
          <TextEquiv>
            <Unicode>ا</Unicode>
          </TextEquiv>
        </Word>
        <Word id="w111">
          <Coords points="897,776 1010,776 1010,871 897,871"/>
          <TextEquiv>
            <Unicode>لمضا</Unicode>
          </TextEquiv>
        </Word>
        <Word id="w112">
          <Coords points="815,799 886,799 886,877 815,877"/>
          <TextEquiv>
            <Unicode>ف</Unicode>
          </TextEquiv>
        </Word>
        <Word id="w113">
          <Coords points="764,829 812,829 812,882 764,882"/>
          <TextEquiv>
            <Unicode>و</Unicode>
          </TextEquiv>
        </Word>
        <Word id="w114">
          <Coords points="702,812 774,812 774,868 702,868"/>
          <TextEquiv>
            <Unicode>عد</Unicode>
          </TextEquiv>
        </Word>
        <Word id="w115">
          <Coords points="630,817 699,817 699,865 630,865"/>
          <TextEquiv>
            <Unicode>مه</Unicode>
          </TextEquiv>
        </Word>
        <Word id="w116">
          <Coords points="577,832 618,832 618,884 577,884"/>
          <TextEquiv>
            <Unicode>و</Unicode>
          </TextEquiv>
        </Word>
        <Word id="w117">
          <Coords points="521,792 577,792 577,879 521,879"/>
          <TextEquiv>
            <Unicode>لا</Unicode>
          </TextEquiv>
        </Word>
        <Word id="w118">
          <Coords points="445,825 536,825 536,904 445,904"/>
          <TextEquiv>
            <Unicode>يجو</Unicode>
          </TextEquiv>
        </Word>
        <Word id="w119">
          <Coords points="407,833 449,833 449,879 407,879"/>
          <TextEquiv>
            <Unicode>ر</Unicode>
          </TextEquiv>
        </Word>
        <Word id="w120">
          <Coords points="321,800 404,800 404,902 321,902"/>
          <TextEquiv>
            <Unicode>فيه</Unicode>
          </TextEquiv>
        </Word>
        <Word id="w121">
          <Coords points="296,800 312,800 312,876 296,876"/>
          <TextEquiv>
            <Unicode>ا</Unicode>
          </TextEquiv>
        </Word>
        <Word id="w122">
          <Coords points="121,812 280,812 280,897 121,897"/>
          <TextEquiv>
            <Unicode>لنصب</Unicode>
          </TextEquiv>
        </Word>
        <Word id="w123">
          <Coords points="76,796 133,796 133,882 76,882"/>
          <TextEquiv>
            <Unicode>على</Unicode>
          </TextEquiv>
        </Word>
        <TextEquiv>
          <Unicode> سبق من تقد ير ا لمضا ف و عد مه و لا يجو ر فيه ا لنصب على</Unicode>
        </TextEquiv>
      </TextLine>
      <TextLine id="l6">
        <Coords points="82,938 1351,938 1351,1066 82,1066"/>
        <Word id="w124">
          <Coords points="1331,966 1350,966 1350,1031 1331,1031"/>
          <TextEquiv>
            <Unicode>ا</Unicode>
          </TextEquiv>
        </Word>
        <Word id="w125">
          <Coords points="1263,954 1327,954 1327,1042 1263,1042"/>
          <TextEquiv>
            <Unicode>لحا</Unicode>
          </TextEquiv>
        </Word>
        <Word id="w126">
          <Coords points="1163,976 1247,976 1247,1065 1163,1065"/>
          <TextEquiv>
            <Unicode>لية</Unicode>
          </TextEquiv>
        </Word>
        <Word id="w127">
          <Coords points="1082,978 1153,978 1153,1043 1082,1043"/>
          <TextEquiv>
            <Unicode>من</Unicode>
          </TextEquiv>
        </Word>
        <Word id="w128">
          <Coords points="1071,949 1091,949 1091,1016 1071,1016"/>
          <TextEquiv>
            <Unicode>ا</Unicode>
          </TextEquiv>
        </Word>
        <Word id="w129">
          <Coords points="968,947 1074,947 1074,1063 968,1063"/>
          <TextEquiv>
            <Unicode>لجلا</Unicode>
          </TextEquiv>
        </Word>
        <Word id="w130">
          <Coords points="904,962 961,962 961,1023 904,1023"/>
          <TextEquiv>
            <Unicode>لة</Unicode>
          </TextEquiv>
        </Word>
        <Word id="w131">
          <Coords points="808,938 904,938 904,1050 808,1050"/>
          <TextEquiv>
            <Unicode>لكو</Unicode>
          </TextEquiv>
        </Word>
        <Word id="w132">
          <Coords points="749,961 803,961 803,1021 749,1021"/>
          <TextEquiv>
            <Unicode>نه</Unicode>
          </TextEquiv>
        </Word>
        <Word id="w133">
          <Coords points="638,977 744,977 744,1052 638,1052"/>
          <TextEquiv>
            <Unicode>معر</Unicode>
          </TextEquiv>
        </Word>
        <Word id="w134">
          <Coords points="596,956 668,956 668,1031 596,1031"/>
          <TextEquiv>
            <Unicode>فة</Unicode>
          </TextEquiv>
        </Word>
        <Word id="w135">
          <Coords points="514,956 584,956 584,1016 514,1016"/>
          <TextEquiv>
            <Unicode>بلا</Unicode>
          </TextEquiv>
        </Word>
        <Word id="w136">
          <Coords points="488,955 502,955 502,1019 488,1019"/>
          <TextEquiv>
            <Unicode>ا</Unicode>
          </TextEquiv>
        </Word>
        <Word id="w137">
          <Coords points="404,944 481,944 481,1018 404,1018"/>
          <TextEquiv>
            <Unicode>ضا</Unicode>
          </TextEquiv>
        </Word>
        <Word id="w138">
          <Coords points="334,949 391,949 391,1019 334,1019"/>
          <TextEquiv>
            <Unicode>فة</Unicode>
          </TextEquiv>
        </Word>
        <Word id="w139">
          <Coords points="307,952 319,952 319,1007 307,1007"/>
          <TextEquiv>
            <Unicode>ا</Unicode>
          </TextEquiv>
        </Word>
        <Word id="w140">
          <Coords points="243,943 298,943 298,1040 243,1040"/>
          <TextEquiv>
            <Unicode>لى</Unicode>
          </TextEquiv>
        </Word>
        <Word id="w141">
          <Coords points="231,947 249,947 249,1003 231,1003"/>
          <TextEquiv>
            <Unicode>ا</Unicode>
          </TextEquiv>
        </Word>
        <Word id="w142">
          <Coords points="131,953 222,953 222,1049 131,1049"/>
          <TextEquiv>
            <Unicode>لمعر</Unicode>
          </TextEquiv>
        </Word>
        <Word id="w143">
          <Coords points="82,939 141,939 141,1004 82,1004"/>
          <TextEquiv>
            <Unicode>فة</Unicode>
          </TextEquiv>
        </Word>
        <TextEquiv>
          <Unicode> ا لحا لية من ا لجلا لة لكو نه معر فة بلا ا ضا فة ا لى ا لمعر فة</Unicode>
        </TextEquiv>
      </TextLine>
      <TextLine id="l7">
        <Coords points="69,1100 1346,1100 1346,1221 69,1221"/>
        <Word id="w144">
          <Coords points="1310,1104 1345,1104 1345,1195 1310,1195"/>
          <TextEquiv>
            <Unicode>با</Unicode>
          </TextEquiv>
        </Word>
        <Word id="w145">
          <Coords points="1233,1122 1298,1122 1298,1175 1233,1175"/>
          <TextEquiv>
            <Unicode>للا</Unicode>
          </TextEquiv>
        </Word>
        <Word id="w146">
          <Coords points="1191,1142 1231,1142 1231,1173 1191,1173"/>
          <TextEquiv>
            <Unicode>م</Unicode>
          </TextEquiv>
        </Word>
        <Word id="w147">
          <Coords points="1177,1106 1194,1106 1194,1162 1177,1162"/>
          <TextEquiv>
            <Unicode>ا</Unicode>
          </TextEquiv>
        </Word>
        <Word id="w148">
          <Coords points="1099,1101 1174,1101 1174,1173 1099,1173"/>
          <TextEquiv>
            <Unicode>ضا</Unicode>
          </TextEquiv>
        </Word>
        <Word id="w149">
          <Coords points="1030,1105 1085,1105 1085,1173 1030,1173"/>
          <TextEquiv>
            <Unicode>فة</Unicode>
          </TextEquiv>
        </Word>
        <Word id="w150">
          <Coords points="890,1121 1014,1121 1014,1200 890,1200"/>
          <TextEquiv>
            <Unicode>معنو</Unicode>
          </TextEquiv>
        </Word>
        <Word id="w151">
          <Coords points="840,1107 892,1107 892,1213 840,1213"/>
          <TextEquiv>
            <Unicode>ية</Unicode>
          </TextEquiv>
        </Word>
        <Word id="w152">
          <Coords points="784,1141 826,1141 826,1187 784,1187"/>
          <TextEquiv>
            <Unicode>و</Unicode>
          </TextEquiv>
        </Word>
        <Word id="w153">
          <Coords points="779,1110 792,1110 792,1165 779,1165"/>
          <TextEquiv>
            <Unicode>ا</Unicode>
          </TextEquiv>
        </Word>
        <Word id="w154">
          <Coords points="675,1115 774,1115 774,1214 675,1214"/>
          <TextEquiv>
            <Unicode>لمعر</Unicode>
          </TextEquiv>
        </Word>
        <Word id="w155">
          <Coords points="640,1113 697,1113 697,1171 640,1171"/>
          <TextEquiv>
            <Unicode>فة</Unicode>
          </TextEquiv>
        </Word>
        <Word id="w156">
          <Coords points="570,1117 624,1117 624,1189 570,1189"/>
          <TextEquiv>
            <Unicode>لا</Unicode>
          </TextEquiv>
        </Word>
        <Word id="w157">
          <Coords points="471,1108 561,1108 561,1220 471,1220"/>
          <TextEquiv>
            <Unicode>نقع</Unicode>
          </TextEquiv>
        </Word>
        <Word id="w158">
          <Coords points="417,1109 468,1109 468,1173 417,1173"/>
          <TextEquiv>
            <Unicode>حا</Unicode>
          </TextEquiv>
        </Word>
        <Word id="w159">
          <Coords points="352,1110 404,1110 404,1180 352,1180"/>
          <TextEquiv>
            <Unicode>لا</Unicode>
          </TextEquiv>
        </Word>
        <Word id="w160">
          <Coords points="301,1141 346,1141 346,1184 301,1184"/>
          <TextEquiv>
            <Unicode>و</Unicode>
          </TextEquiv>
        </Word>
        <Word id="w161">
          <Coords points="233,1106 309,1106 309,1197 233,1197"/>
          <TextEquiv>
            <Unicode>على</Unicode>
          </TextEquiv>
        </Word>
        <Word id="w162">
          <Coords points="222,1111 238,1111 238,1169 222,1169"/>
          <TextEquiv>
            <Unicode>ا</Unicode>
          </TextEquiv>
        </Word>
        <Word id="w163">
          <Coords points="140,1100 209,1100 209,1177 140,1177"/>
          <TextEquiv>
            <Unicode>لثا</Unicode>
          </TextEquiv>
        </Word>
        <Word id="w164">
          <Coords points="69,1108 131,1108 131,1180 69,1180"/>
          <TextEquiv>
            <Unicode>نى</Unicode>
          </TextEquiv>
        </Word>
        <TextEquiv>
          <Unicode> با للا م ا ضا فة معنو ية و ا لمعر فة لا نقع حا لا و على ا لثا نى</Unicode>
        </TextEquiv>
      </TextLine>
      <TextLine id="l8">
        <Coords points="77,1250 1349,1250 1349,1357 77,1357"/>
        <Word id="w165">
          <Coords points="1297,1270 1348,1270 1348,1356 1297,1356"/>
          <TextEquiv>
            <Unicode>و</Unicode>
          </TextEquiv>
        </Word>
        <Word id="w166">
          <Coords points="1286,1253 1303,1253 1303,1317 1286,1317"/>
          <TextEquiv>
            <Unicode>ا</Unicode>
          </TextEquiv>
        </Word>
        <Word id="w167">
          <Coords points="1208,1260 1275,1260 1275,1327 1208,1327"/>
          <TextEquiv>
            <Unicode>لثا</Unicode>
          </TextEquiv>
        </Word>
        <Word id="w168">
          <Coords points="1122,1256 1190,1256 1190,1316 1122,1316"/>
          <TextEquiv>
            <Unicode>لث</Unicode>
          </TextEquiv>
        </Word>
        <Word id="w169">
          <Coords points="1044,1264 1118,1264 1118,1346 1044,1346"/>
          <TextEquiv>
            <Unicode>يجو</Unicode>
          </TextEquiv>
        </Word>
        <Word id="w170">
          <Coords points="1010,1261 1040,1261 1040,1330 1010,1330"/>
          <TextEquiv>
            <Unicode>ز</Unicode>
          </TextEquiv>
        </Word>
        <Word id="w171">
          <Coords points="927,1251 997,1251 997,1351 927,1351"/>
          <TextEquiv>
            <Unicode>فيه</Unicode>
          </TextEquiv>
        </Word>
        <Word id="w172">
          <Coords points="896,1255 911,1255 911,1323 896,1323"/>
          <TextEquiv>
            <Unicode>ا</Unicode>
          </TextEquiv>
        </Word>
        <Word id="w173">
          <Coords points="811,1251 894,1251 894,1350 811,1350"/>
          <TextEquiv>
            <Unicode>لجر</Unicode>
          </TextEquiv>
        </Word>
        <Word id="w174">
          <Coords points="742,1250 808,1250 808,1352 742,1352"/>
          <TextEquiv>
            <Unicode>على</Unicode>
          </TextEquiv>
        </Word>
        <Word id="w175">
          <Coords points="727,1258 747,1258 747,1327 727,1327"/>
          <TextEquiv>
            <Unicode>ا</Unicode>
          </TextEquiv>
        </Word>
        <Word id="w176">
          <Coords points="661,1267 715,1267 715,1346 661,1346"/>
          <TextEquiv>
            <Unicode>لو</Unicode>
          </TextEquiv>
        </Word>
        <Word id="w177">
          <Coords points="526,1261 669,1261 669,1355 526,1355"/>
          <TextEquiv>
            <Unicode>صفية</Unicode>
          </TextEquiv>
        </Word>
        <Word id="w178">
          <Coords points="409,1256 514,1256 514,1356 409,1356"/>
          <TextEquiv>
            <Unicode>للجلا</Unicode>
          </TextEquiv>
        </Word>
        <Word id="w179">
          <Coords points="347,1258 409,1258 409,1332 347,1332"/>
          <TextEquiv>
            <Unicode>لة</Unicode>
          </TextEquiv>
        </Word>
        <Word id="w180">
          <Coords points="323,1259 335,1259 335,1315 323,1315"/>
          <TextEquiv>
            <Unicode>ا</Unicode>
          </TextEquiv>
        </Word>
        <Word id="w181">
          <Coords points="273,1285 312,1285 312,1331 273,1331"/>
          <TextEquiv>
            <Unicode>و</Unicode>
          </TextEquiv>
        </Word>
        <Word id="w182">
          <Coords points="267,1257 281,1257 281,1311 267,1311"/>
          <TextEquiv>
            <Unicode>ا</Unicode>
          </TextEquiv>
        </Word>
        <Word id="w183">
          <Coords points="173,1262 250,1262 250,1337 173,1337"/>
          <TextEquiv>
            <Unicode>لبد</Unicode>
          </TextEquiv>
        </Word>
        <Word id="w184">
          <Coords points="77,1255 158,1255 158,1346 77,1346"/>
          <TextEquiv>
            <Unicode>لية</Unicode>
          </TextEquiv>
        </Word>
        <TextEquiv>
          <Unicode> و ا لثا لث يجو ز فيه ا لجر على ا لو صفية للجلا لة ا و ا لبد لية</Unicode>
        </TextEquiv>
      </TextLine>
      <TextLine id="l9">
        <Coords points="86,1378 1346,1378 1346,1496 86,1496"/>
        <Word id="w185">
          <Coords points="1323,1402 1345,1402 1345,1479 1323,1479"/>
          <TextEquiv>
            <Unicode>ا</Unicode>
          </TextEquiv>
        </Word>
        <Word id="w186">
          <Coords points="1270,1438 1313,1438 1313,1484 1270,1484"/>
          <TextEquiv>
            <Unicode>و</Unicode>
          </TextEquiv>
        </Word>
        <Word id="w187">
          <Coords points="1129,1407 1276,1407 1276,1475 1129,1475"/>
          <TextEquiv>
            <Unicode>عطف</Unicode>
          </TextEquiv>
        </Word>
        <Word id="w188">
          <Coords points="1055,1395 1121,1395 1121,1491 1055,1491"/>
          <TextEquiv>
            <Unicode>بيا</Unicode>
          </TextEquiv>
        </Word>
        <Word id="w189">
          <Coords points="1010,1402 1042,1402 1042,1475 1010,1475"/>
          <TextEquiv>
            <Unicode>ن</Unicode>
          </TextEquiv>
        </Word>
        <Word id="w190">
          <Coords points="940,1396 1008,1396 1008,1491 940,1491"/>
          <TextEquiv>
            <Unicode>على</Unicode>
          </TextEquiv>
        </Word>
        <Word id="w191">
          <Coords points="877,1405 938,1405 938,1466 877,1466"/>
          <TextEquiv>
            <Unicode>مذ</Unicode>
          </TextEquiv>
        </Word>
        <Word id="w192">
          <Coords points="778,1422 869,1422 869,1488 778,1488"/>
          <TextEquiv>
            <Unicode>هب</Unicode>
          </TextEquiv>
        </Word>
        <Word id="w193">
          <Coords points="764,1390 778,1390 778,1451 764,1451"/>
          <TextEquiv>
            <Unicode>ا</Unicode>
          </TextEquiv>
        </Word>
        <Word id="w194">
          <Coords points="646,1399 758,1399 758,1488 646,1488"/>
          <TextEquiv>
            <Unicode>لمص</Unicode>
          </TextEquiv>
        </Word>
        <Word id="w195">
          <Coords points="599,1433 639,1433 639,1478 599,1478"/>
          <TextEquiv>
            <Unicode>و</Unicode>
          </TextEquiv>
        </Word>
        <Word id="w196">
          <Coords points="533,1396 603,1396 603,1490 533,1490"/>
          <TextEquiv>
            <Unicode>على</Unicode>
          </TextEquiv>
        </Word>
        <Word id="w197">
          <Coords points="477,1426 543,1426 543,1467 477,1467"/>
          <TextEquiv>
            <Unicode>مد</Unicode>
          </TextEquiv>
        </Word>
        <Word id="w198">
          <Coords points="380,1425 472,1425 472,1493 380,1493"/>
          <TextEquiv>
            <Unicode>هب</Unicode>
          </TextEquiv>
        </Word>
        <Word id="w199">
          <Coords points="362,1388 394,1388 394,1445 362,1445"/>
          <TextEquiv>
            <Unicode>ا</Unicode>
          </TextEquiv>
        </Word>
        <Word id="w200">
          <Coords points="299,1393 373,1393 373,1492 299,1492"/>
          <TextEquiv>
            <Unicode>بن</Unicode>
          </TextEquiv>
        </Word>
        <Word id="w201">
          <Coords points="275,1378 305,1378 305,1455 275,1455"/>
          <TextEquiv>
            <Unicode>ا</Unicode>
          </TextEquiv>
        </Word>
        <Word id="w202">
          <Coords points="224,1403 283,1403 283,1479 224,1479"/>
          <TextEquiv>
            <Unicode>لحا</Unicode>
          </TextEquiv>
        </Word>
        <Word id="w203">
          <Coords points="86,1435 216,1435 216,1495 86,1495"/>
          <TextEquiv>
            <Unicode>جب</Unicode>
          </TextEquiv>
        </Word>
        <TextEquiv>
          <Unicode> ا و عطف بيا ن على مذ هب ا لمص و على مد هب ا بن ا لحا جب</Unicode>
        </TextEquiv>
      </TextLine>
      <TextLine id="l10">
        <Coords points="69,1537 1335,1537 1335,1664 69,1664"/>
        <Word id="w204">
          <Coords points="1295,1546 1334,1546 1334,1622 1295,1622"/>
          <TextEquiv>
            <Unicode>فا</Unicode>
          </TextEquiv>
        </Word>
        <Word id="w205">
          <Coords points="1220,1560 1275,1560 1275,1628 1220,1628"/>
          <TextEquiv>
            <Unicode>لا</Unicode>
          </TextEquiv>
        </Word>
        <Word id="w206">
          <Coords points="1189,1591 1222,1591 1222,1633 1189,1633"/>
          <TextEquiv>
            <Unicode>و</Unicode>
          </TextEquiv>
        </Word>
        <Word id="w207">
          <Coords points="1125,1563 1177,1563 1177,1630 1125,1630"/>
          <TextEquiv>
            <Unicode>لا</Unicode>
          </TextEquiv>
        </Word>
        <Word id="w208">
          <Coords points="1086,1567 1119,1567 1119,1638 1086,1638"/>
          <TextEquiv>
            <Unicode>ن</Unicode>
          </TextEquiv>
        </Word>
        <Word id="w209">
          <Coords points="1024,1557 1072,1557 1072,1624 1024,1624"/>
          <TextEquiv>
            <Unicode>لا</Unicode>
          </TextEquiv>
        </Word>
        <Word id="w210">
          <Coords points="949,1556 1017,1556 1017,1640 949,1640"/>
          <TextEquiv>
            <Unicode>غير</Unicode>
          </TextEquiv>
        </Word>
        <Word id="w211">
          <Coords points="881,1547 940,1547 940,1610 881,1610"/>
          <TextEquiv>
            <Unicode>لما</Unicode>
          </TextEquiv>
        </Word>
        <Word id="w212">
          <Coords points="798,1579 882,1579 882,1643 798,1643"/>
          <TextEquiv>
            <Unicode>مر</Unicode>
          </TextEquiv>
        </Word>
        <Word id="w213">
          <Coords points="767,1539 816,1539 816,1617 767,1617"/>
          <TextEquiv>
            <Unicode>لا</Unicode>
          </TextEquiv>
        </Word>
        <Word id="w214">
          <Coords points="687,1543 758,1543 758,1639 687,1639"/>
          <TextEquiv>
            <Unicode>يقا</Unicode>
          </TextEquiv>
        </Word>
        <Word id="w215">
          <Coords points="644,1560 679,1560 679,1621 644,1621"/>
          <TextEquiv>
            <Unicode>ل</Unicode>
          </TextEquiv>
        </Word>
        <Word id="w216">
          <Coords points="584,1555 634,1555 634,1622 584,1622"/>
          <TextEquiv>
            <Unicode>لا</Unicode>
          </TextEquiv>
        </Word>
        <Word id="w217">
          <Coords points="477,1564 574,1564 574,1663 477,1663"/>
          <TextEquiv>
            <Unicode>يصح</Unicode>
          </TextEquiv>
        </Word>
        <Word id="w218">
          <Coords points="469,1545 477,1545 477,1600 469,1600"/>
          <TextEquiv>
            <Unicode>ا</Unicode>
          </TextEquiv>
        </Word>
        <Word id="w219">
          <Coords points="398,1550 456,1550 456,1616 398,1616"/>
          <TextEquiv>
            <Unicode>لا</Unicode>
          </TextEquiv>
        </Word>
        <Word id="w220">
          <Coords points="366,1589 401,1589 401,1630 366,1630"/>
          <TextEquiv>
            <Unicode>و</Unicode>
          </TextEquiv>
        </Word>
        <Word id="w221">
          <Coords points="328,1554 364,1554 364,1626 328,1626"/>
          <TextEquiv>
            <Unicode>ل</Unicode>
          </TextEquiv>
        </Word>
        <Word id="w222">
          <Coords points="269,1555 323,1555 323,1626 269,1626"/>
          <TextEquiv>
            <Unicode>لا</Unicode>
          </TextEquiv>
        </Word>
        <Word id="w223">
          <Coords points="230,1566 265,1566 265,1622 230,1622"/>
          <TextEquiv>
            <Unicode>ن</Unicode>
          </TextEquiv>
        </Word>
        <Word id="w224">
          <Coords points="201,1537 227,1537 227,1605 201,1605"/>
          <TextEquiv>
            <Unicode>ا</Unicode>
          </TextEquiv>
        </Word>
        <Word id="w225">
          <Coords points="129,1545 205,1545 205,1619 129,1619"/>
          <TextEquiv>
            <Unicode>ضا</Unicode>
          </TextEquiv>
        </Word>
        <Word id="w226">
          <Coords points="69,1550 121,1550 121,1616 69,1616"/>
          <TextEquiv>
            <Unicode>فة</Unicode>
          </TextEquiv>
        </Word>
        <TextEquiv>
          <Unicode> فا لا و لا ن لا غير لما مر لا يقا ل لا يصح ا لا و ل لا ن ا ضا فة</Unicode>
        </TextEquiv>
      </TextLine>
      <TextLine id="l11">
        <Coords points="61,1667 1346,1667 1346,1800 61,1800"/>
        <Word id="w227">
          <Coords points="1317,1701 1345,1701 1345,1788 1317,1788"/>
          <TextEquiv>
            <Unicode>ا</Unicode>
          </TextEquiv>
        </Word>
        <Word id="w228">
          <Coords points="1142,1699 1301,1699 1301,1779 1142,1779"/>
          <TextEquiv>
            <Unicode>لصفة</Unicode>
          </TextEquiv>
        </Word>
        <Word id="w229">
          <Coords points="1036,1692 1123,1692 1123,1775 1036,1775"/>
          <TextEquiv>
            <Unicode>هنا</Unicode>
          </TextEquiv>
        </Word>
        <Word id="w230">
          <Coords points="1002,1707 1018,1707 1018,1766 1002,1766"/>
          <TextEquiv>
            <Unicode>ا</Unicode>
          </TextEquiv>
        </Word>
        <Word id="w231">
          <Coords points="941,1707 992,1707 992,1783 941,1783"/>
          <TextEquiv>
            <Unicode>لى</Unicode>
          </TextEquiv>
        </Word>
        <Word id="w232">
          <Coords points="841,1722 951,1722 951,1790 841,1790"/>
          <TextEquiv>
            <Unicode>معمو</Unicode>
          </TextEquiv>
        </Word>
        <Word id="w233">
          <Coords points="776,1693 854,1693 854,1771 776,1771"/>
          <TextEquiv>
            <Unicode>لها</Unicode>
          </TextEquiv>
        </Word>
        <Word id="w234">
          <Coords points="654,1679 765,1679 765,1790 654,1790"/>
          <TextEquiv>
            <Unicode>فتكو</Unicode>
          </TextEquiv>
        </Word>
        <Word id="w235">
          <Coords points="620,1714 653,1714 653,1776 620,1776"/>
          <TextEquiv>
            <Unicode>ن</Unicode>
          </TextEquiv>
        </Word>
        <Word id="w236">
          <Coords points="441,1701 606,1701 606,1799 441,1799"/>
          <TextEquiv>
            <Unicode>لفظية</Unicode>
          </TextEquiv>
        </Word>
        <Word id="w237">
          <Coords points="388,1733 428,1733 428,1779 388,1779"/>
          <TextEquiv>
            <Unicode>و</Unicode>
          </TextEquiv>
        </Word>
        <Word id="w238">
          <Coords points="330,1706 383,1706 383,1774 330,1774"/>
          <TextEquiv>
            <Unicode>لا</Unicode>
          </TextEquiv>
        </Word>
        <Word id="w239">
          <Coords points="224,1696 322,1696 322,1795 224,1795"/>
          <TextEquiv>
            <Unicode>تفيد</Unicode>
          </TextEquiv>
        </Word>
        <Word id="w240">
          <Coords points="120,1693 207,1693 207,1785 120,1785"/>
          <TextEquiv>
            <Unicode>تعر</Unicode>
          </TextEquiv>
        </Word>
        <Word id="w241">
          <Coords points="61,1667 141,1667 141,1794 61,1794"/>
          <TextEquiv>
            <Unicode>يفا</Unicode>
          </TextEquiv>
        </Word>
        <TextEquiv>
          <Unicode> ا لصفة هنا ا لى معمو لها فتكو ن لفظية و لا تفيد تعر يفا</Unicode>
        </TextEquiv>
      </TextLine>
      <TextLine id="l12">
        <Coords points="91,1825 1331,1825 1331,1979 91,1979"/>
        <Word id="w242">
          <Coords points="1254,1845 1330,1845 1330,1930 1254,1930"/>
          <TextEquiv>
            <Unicode>فلا</Unicode>
          </TextEquiv>
        </Word>
        <Word id="w243">
          <Coords points="1163,1864 1252,1864 1252,1978 1163,1978"/>
          <TextEquiv>
            <Unicode>يصح</Unicode>
          </TextEquiv>
        </Word>
        <Word id="w244">
          <Coords points="1098,1825 1161,1825 1161,1931 1098,1931"/>
          <TextEquiv>
            <Unicode>كو</Unicode>
          </TextEquiv>
        </Word>
        <Word id="w245">
          <Coords points="1056,1858 1093,1858 1093,1939 1056,1939"/>
          <TextEquiv>
            <Unicode>ن</Unicode>
          </TextEquiv>
        </Word>
        <Word id="w246">
          <Coords points="1041,1853 1056,1853 1056,1911 1041,1911"/>
          <TextEquiv>
            <Unicode>ا</Unicode>
          </TextEquiv>
        </Word>
        <Word id="w247">
          <Coords points="935,1833 1033,1833 1033,1935 935,1935"/>
          <TextEquiv>
            <Unicode>لنكر</Unicode>
          </TextEquiv>
        </Word>
        <Word id="w248">
          <Coords points="899,1893 924,1893 924,1925 899,1925"/>
          <TextEquiv>
            <Unicode>ه</Unicode>
          </TextEquiv>
        </Word>
        <Word id="w249">
          <Coords points="763,1847 884,1847 884,1917 763,1917"/>
          <TextEquiv>
            <Unicode>صفة</Unicode>
          </TextEquiv>
        </Word>
        <Word id="w250">
          <Coords points="650,1862 754,1862 754,1953 650,1953"/>
          <TextEquiv>
            <Unicode>للمعر</Unicode>
          </TextEquiv>
        </Word>
        <Word id="w251">
          <Coords points="609,1852 658,1852 658,1919 609,1919"/>
          <TextEquiv>
            <Unicode>فة</Unicode>
          </TextEquiv>
        </Word>
        <Word id="w252">
          <Coords points="536,1854 590,1854 590,1927 536,1927"/>
          <TextEquiv>
            <Unicode>لا</Unicode>
          </TextEquiv>
        </Word>
        <Word id="w253">
          <Coords points="496,1848 529,1848 529,1915 496,1915"/>
          <TextEquiv>
            <Unicode>نا</Unicode>
          </TextEquiv>
        </Word>
        <Word id="w254">
          <Coords points="390,1848 475,1848 475,1939 390,1939"/>
          <TextEquiv>
            <Unicode>نقو</Unicode>
          </TextEquiv>
        </Word>
        <Word id="w255">
          <Coords points="357,1852 407,1852 407,1930 357,1930"/>
          <TextEquiv>
            <Unicode>ل</Unicode>
          </TextEquiv>
        </Word>
        <Word id="w256">
          <Coords points="263,1850 370,1850 370,1945 263,1945"/>
          <TextEquiv>
            <Unicode>معنى</Unicode>
          </TextEquiv>
        </Word>
        <Word id="w257">
          <Coords points="244,1842 274,1842 274,1909 244,1909"/>
          <TextEquiv>
            <Unicode>ا</Unicode>
          </TextEquiv>
        </Word>
        <Word id="w258">
          <Coords points="91,1841 244,1841 244,1913 91,1913"/>
          <TextEquiv>
            <Unicode>لصفة</Unicode>
          </TextEquiv>
        </Word>
        <TextEquiv>
          <Unicode> فلا يصح كو ن ا لنكر ه صفة للمعر فة لا نا نقو ل معنى ا لصفة</Unicode>
        </TextEquiv>
      </TextLine>
      <TextLine id="l13">
        <Coords points="76,1980 1324,1980 1324,2118 76,2118"/>
        <Word id="w259">
          <Coords points="1236,1996 1323,1996 1323,2069 1236,2069"/>
          <TextEquiv>
            <Unicode>هنا</Unicode>
          </TextEquiv>
        </Word>
        <Word id="w260">
          <Coords points="1151,2012 1220,2012 1220,2079 1151,2079"/>
          <TextEquiv>
            <Unicode>للا</Unicode>
          </TextEquiv>
        </Word>
        <Word id="w261">
          <Coords points="1021,2007 1138,2007 1138,2096 1021,2096"/>
          <TextEquiv>
            <Unicode>ستمر</Unicode>
          </TextEquiv>
        </Word>
        <Word id="w262">
          <Coords points="1019,2000 1033,2000 1033,2046 1019,2046"/>
          <TextEquiv>
            <Unicode>ا</Unicode>
          </TextEquiv>
        </Word>
        <Word id="w263">
          <Coords points="977,2035 1011,2035 1011,2073 977,2073"/>
          <TextEquiv>
            <Unicode>ر</Unicode>
          </TextEquiv>
        </Word>
        <Word id="w264">
          <Coords points="872,1994 978,1994 978,2117 872,2117"/>
          <TextEquiv>
            <Unicode>فيصح</Unicode>
          </TextEquiv>
        </Word>
        <Word id="w265">
          <Coords points="850,1997 862,1997 862,2059 850,2059"/>
          <TextEquiv>
            <Unicode>ا</Unicode>
          </TextEquiv>
        </Word>
        <Word id="w266">
          <Coords points="785,1985 841,1985 841,2072 785,2072"/>
          <TextEquiv>
            <Unicode>عما</Unicode>
          </TextEquiv>
        </Word>
        <Word id="w267">
          <Coords points="711,1998 781,1998 781,2069 711,2069"/>
          <TextEquiv>
            <Unicode>لها</Unicode>
          </TextEquiv>
        </Word>
        <Word id="w268">
          <Coords points="596,1994 701,1994 701,2091 596,2091"/>
          <TextEquiv>
            <Unicode>نظر</Unicode>
          </TextEquiv>
        </Word>
        <Word id="w269">
          <Coords points="594,2000 615,2000 615,2058 594,2058"/>
          <TextEquiv>
            <Unicode>ا</Unicode>
          </TextEquiv>
        </Word>
        <Word id="w270">
          <Coords points="562,1992 586,1992 586,2064 562,2064"/>
          <TextEquiv>
            <Unicode>ا</Unicode>
          </TextEquiv>
        </Word>
        <Word id="w271">
          <Coords points="511,1993 557,1993 557,2081 511,2081"/>
          <TextEquiv>
            <Unicode>لى</Unicode>
          </TextEquiv>
        </Word>
        <Word id="w272">
          <Coords points="499,1994 519,1994 519,2058 499,2058"/>
          <TextEquiv>
            <Unicode>ا</Unicode>
          </TextEquiv>
        </Word>
        <Word id="w273">
          <Coords points="391,1980 497,1980 497,2080 391,2080"/>
          <TextEquiv>
            <Unicode>شتما</Unicode>
          </TextEquiv>
        </Word>
        <Word id="w274">
          <Coords points="319,1993 387,1993 387,2083 319,2083"/>
          <TextEquiv>
            <Unicode>لها</Unicode>
          </TextEquiv>
        </Word>
        <Word id="w275">
          <Coords points="231,1991 305,1991 305,2087 231,2087"/>
          <TextEquiv>
            <Unicode>على</Unicode>
          </TextEquiv>
        </Word>
        <Word id="w276">
          <Coords points="76,2013 238,2013 238,2083 76,2083"/>
          <TextEquiv>
            <Unicode>معنى</Unicode>
          </TextEquiv>
        </Word>
        <TextEquiv>
          <Unicode> هنا للا ستمر ا ر فيصح ا عما لها نظر ا ا لى ا شتما لها على معنى</Unicode>
        </TextEquiv>
      </TextLine>
      <TextLine id="l14">
        <Coords points="79,2123 1324,2123 1324,2239 79,2239"/>
        <Word id="w277">
          <Coords points="1311,2147 1323,2147 1323,2213 1311,2213"/>
          <TextEquiv>
            <Unicode>ا</Unicode>
          </TextEquiv>
        </Word>
        <Word id="w278">
          <Coords points="1244,2137 1302,2137 1302,2218 1244,2218"/>
          <TextEquiv>
            <Unicode>لحا</Unicode>
          </TextEquiv>
        </Word>
        <Word id="w279">
          <Coords points="1199,2142 1234,2142 1234,2214 1199,2214"/>
          <TextEquiv>
            <Unicode>ل</Unicode>
          </TextEquiv>
        </Word>
        <Word id="w280">
          <Coords points="1148,2169 1195,2169 1195,2218 1148,2218"/>
          <TextEquiv>
            <Unicode>و</Unicode>
          </TextEquiv>
        </Word>
        <Word id="w281">
          <Coords points="1142,2139 1168,2139 1168,2204 1142,2204"/>
          <TextEquiv>
            <Unicode>ا</Unicode>
          </TextEquiv>
        </Word>
        <Word id="w282">
          <Coords points="1080,2138 1137,2138 1137,2222 1080,2222"/>
          <TextEquiv>
            <Unicode>لا</Unicode>
          </TextEquiv>
        </Word>
        <Word id="w283">
          <Coords points="934,2134 1082,2134 1082,2235 934,2235"/>
          <TextEquiv>
            <Unicode>ستقبا</Unicode>
          </TextEquiv>
        </Word>
        <Word id="w284">
          <Coords points="887,2152 922,2152 922,2219 887,2219"/>
          <TextEquiv>
            <Unicode>ل</Unicode>
          </TextEquiv>
        </Word>
        <Word id="w285">
          <Coords points="833,2174 880,2174 880,2220 833,2220"/>
          <TextEquiv>
            <Unicode>و</Unicode>
          </TextEquiv>
        </Word>
        <Word id="w286">
          <Coords points="780,2166 842,2166 842,2212 780,2212"/>
          <TextEquiv>
            <Unicode>عد</Unicode>
          </TextEquiv>
        </Word>
        <Word id="w287">
          <Coords points="710,2137 737,2137 737,2193 710,2193"/>
          <TextEquiv>
            <Unicode>ا</Unicode>
          </TextEquiv>
        </Word>
        <Word id="w288">
          <Coords points="702,2179 770,2179 770,2222 702,2222"/>
          <TextEquiv>
            <Unicode>م</Unicode>
          </TextEquiv>
        </Word>
        <Word id="w289">
          <Coords points="649,2143 704,2143 704,2224 649,2224"/>
          <TextEquiv>
            <Unicode>عما</Unicode>
          </TextEquiv>
        </Word>
        <Word id="w290">
          <Coords points="568,2135 645,2135 645,2215 568,2215"/>
          <TextEquiv>
            <Unicode>لها</Unicode>
          </TextEquiv>
        </Word>
        <Word id="w291">
          <Coords points="457,2143 560,2143 560,2238 457,2238"/>
          <TextEquiv>
            <Unicode>نظر</Unicode>
          </TextEquiv>
        </Word>
        <Word id="w292">
          <Coords points="453,2141 478,2141 478,2212 453,2212"/>
          <TextEquiv>
            <Unicode>ا</Unicode>
          </TextEquiv>
        </Word>
        <Word id="w293">
          <Coords points="430,2144 447,2144 447,2210 430,2210"/>
          <TextEquiv>
            <Unicode>ا</Unicode>
          </TextEquiv>
        </Word>
        <Word id="w294">
          <Coords points="369,2143 418,2143 418,2222 369,2222"/>
          <TextEquiv>
            <Unicode>لى</Unicode>
          </TextEquiv>
        </Word>
        <Word id="w295">
          <Coords points="360,2144 375,2144 375,2190 360,2190"/>
          <TextEquiv>
            <Unicode>ا</Unicode>
          </TextEquiv>
        </Word>
        <Word id="w296">
          <Coords points="247,2123 355,2123 355,2222 247,2222"/>
          <TextEquiv>
            <Unicode>شتما</Unicode>
          </TextEquiv>
        </Word>
        <Word id="w297">
          <Coords points="178,2147 248,2147 248,2215 178,2215"/>
          <TextEquiv>
            <Unicode>لها</Unicode>
          </TextEquiv>
        </Word>
        <Word id="w298">
          <Coords points="79,2131 170,2131 170,2225 79,2225"/>
          <TextEquiv>
            <Unicode>على</Unicode>
          </TextEquiv>
        </Word>
        <TextEquiv>
          <Unicode> ا لحا ل و ا لا ستقبا ل و عد ا م عما لها نظر ا ا لى ا شتما لها على</Unicode>
        </TextEquiv>
      </TextLine>
      <TextLine id="l15">
        <Coords points="1132,2240 1274,2240 1274,2306 1132,2306"/>
        <Word id="w299">
          <Coords points="1132,2240 1273,2240 1273,2305 1132,2305"/>
          <TextEquiv>
            <Unicode>ضي</Unicode>
          </TextEquiv>
        </Word>
        <TextEquiv>
          <Unicode> ضي</Unicode>
        </TextEquiv>
      </TextLine>
      <TextLine id="l16">
        <Coords points="78,2276 1322,2276 1322,2401 78,2401"/>
        <Word id="w300">
          <Coords points="1221,2300 1321,2300 1321,2374 1221,2374"/>
          <TextEquiv>
            <Unicode>معنى</Unicode>
          </TextEquiv>
        </Word>
        <Word id="w301">
          <Coords points="1210,2287 1230,2287 1230,2344 1210,2344"/>
          <TextEquiv>
            <Unicode>ا</Unicode>
          </TextEquiv>
        </Word>
        <Word id="w302">
          <Coords points="1155,2297 1206,2297 1206,2365 1155,2365"/>
          <TextEquiv>
            <Unicode>لما</Unicode>
          </TextEquiv>
        </Word>
        <Word id="w303">
          <Coords points="1007,2286 1145,2286 1145,2400 1007,2400"/>
          <TextEquiv>
            <Unicode>فيحتمل</Unicode>
          </TextEquiv>
        </Word>
        <Word id="w304">
          <Coords points="994,2288 1023,2288 1023,2370 994,2370"/>
          <TextEquiv>
            <Unicode>ا</Unicode>
          </TextEquiv>
        </Word>
        <Word id="w305">
          <Coords points="939,2284 994,2284 994,2371 939,2371"/>
          <TextEquiv>
            <Unicode>لا</Unicode>
          </TextEquiv>
        </Word>
        <Word id="w306">
          <Coords points="865,2299 945,2299 945,2377 865,2377"/>
          <TextEquiv>
            <Unicode>ضا</Unicode>
          </TextEquiv>
        </Word>
        <Word id="w307">
          <Coords points="798,2290 849,2290 849,2360 798,2360"/>
          <TextEquiv>
            <Unicode>فة</Unicode>
          </TextEquiv>
        </Word>
        <Word id="w308">
          <Coords points="768,2294 783,2294 783,2366 768,2366"/>
          <TextEquiv>
            <Unicode>ا</Unicode>
          </TextEquiv>
        </Word>
        <Word id="w309">
          <Coords points="713,2296 761,2296 761,2376 713,2376"/>
          <TextEquiv>
            <Unicode>لى</Unicode>
          </TextEquiv>
        </Word>
        <Word id="w310">
          <Coords points="573,2283 707,2283 707,2390 573,2390"/>
          <TextEquiv>
            <Unicode>قسمها</Unicode>
          </TextEquiv>
        </Word>
        <Word id="w311">
          <Coords points="494,2303 571,2303 571,2377 494,2377"/>
          <TextEquiv>
            <Unicode>من</Unicode>
          </TextEquiv>
        </Word>
        <Word id="w312">
          <Coords points="489,2276 503,2276 503,2360 489,2360"/>
          <TextEquiv>
            <Unicode>ا</Unicode>
          </TextEquiv>
        </Word>
        <Word id="w313">
          <Coords points="371,2295 485,2295 485,2379 371,2379"/>
          <TextEquiv>
            <Unicode>لمعنو</Unicode>
          </TextEquiv>
        </Word>
        <Word id="w314">
          <Coords points="327,2286 374,2286 374,2386 327,2386"/>
          <TextEquiv>
            <Unicode>ية</Unicode>
          </TextEquiv>
        </Word>
        <Word id="w315">
          <Coords points="270,2279 315,2279 315,2358 270,2358"/>
          <TextEquiv>
            <Unicode>فا</Unicode>
          </TextEquiv>
        </Word>
        <Word id="w316">
          <Coords points="78,2288 262,2288 262,2392 78,2392"/>
          <TextEquiv>
            <Unicode>للفظية</Unicode>
          </TextEquiv>
        </Word>
        <TextEquiv>
          <Unicode> معنى ا لما فيحتمل ا لا ضا فة ا لى قسمها من ا لمعنو ية فا للفظية</Unicode>
        </TextEquiv>
      </TextLine>
      <TextLine id="l17">
        <Coords points="65,2407 1317,2407 1317,2534 65,2534"/>
        <Word id="w317">
          <Coords points="1245,2438 1316,2438 1316,2531 1245,2531"/>
          <TextEquiv>
            <Unicode>على</Unicode>
          </TextEquiv>
        </Word>
        <Word id="w318">
          <Coords points="1207,2434 1249,2434 1249,2503 1207,2503"/>
          <TextEquiv>
            <Unicode>ما</Unicode>
          </TextEquiv>
        </Word>
        <Word id="w319">
          <Coords points="1082,2444 1199,2444 1199,2533 1082,2533"/>
          <TextEquiv>
            <Unicode>حقق</Unicode>
          </TextEquiv>
        </Word>
        <Word id="w320">
          <Coords points="1068,2440 1098,2440 1098,2509 1068,2509"/>
          <TextEquiv>
            <Unicode>ا</Unicode>
          </TextEquiv>
        </Word>
        <Word id="w321">
          <Coords points="987,2436 1051,2436 1051,2506 987,2506"/>
          <TextEquiv>
            <Unicode>لفا</Unicode>
          </TextEquiv>
        </Word>
        <Word id="w322">
          <Coords points="890,2436 981,2436 981,2531 890,2531"/>
          <TextEquiv>
            <Unicode>ضل</Unicode>
          </TextEquiv>
        </Word>
        <Word id="w323">
          <Coords points="878,2436 904,2436 904,2495 878,2495"/>
          <TextEquiv>
            <Unicode>ا</Unicode>
          </TextEquiv>
        </Word>
        <Word id="w324">
          <Coords points="576,2417 701,2417 701,2524 576,2524"/>
          <TextEquiv>
            <Unicode>فصحة</Unicode>
          </TextEquiv>
        </Word>
        <Word id="w325">
          <Coords points="540,2433 571,2433 571,2511 540,2511"/>
          <TextEquiv>
            <Unicode>ا</Unicode>
          </TextEquiv>
        </Word>
        <Word id="w326">
          <Coords points="373,2438 534,2438 534,2523 373,2523"/>
          <TextEquiv>
            <Unicode>لصفة</Unicode>
          </TextEquiv>
        </Word>
        <Word id="w327">
          <Coords points="305,2422 366,2422 366,2523 305,2523"/>
          <TextEquiv>
            <Unicode>على</Unicode>
          </TextEquiv>
        </Word>
        <Word id="w328">
          <Coords points="291,2432 320,2432 320,2499 291,2499"/>
          <TextEquiv>
            <Unicode>ا</Unicode>
          </TextEquiv>
        </Word>
        <Word id="w329">
          <Coords points="169,2429 279,2429 279,2532 169,2532"/>
          <TextEquiv>
            <Unicode>عتبا</Unicode>
          </TextEquiv>
        </Word>
        <Word id="w330">
          <Coords points="128,2480 161,2480 161,2515 128,2515"/>
          <TextEquiv>
            <Unicode>ر</Unicode>
          </TextEquiv>
        </Word>
        <Word id="w331">
          <Coords points="90,2407 189,2407 189,2525 90,2525"/>
          <TextEquiv>
            <Unicode>كو</Unicode>
          </TextEquiv>
        </Word>
        <Word id="w332">
          <Coords points="65,2433 93,2433 93,2491 65,2491"/>
          <TextEquiv>
            <Unicode>ن</Unicode>
          </TextEquiv>
        </Word>
        <TextEquiv>
          <Unicode> على ما حقق ا لفا ضل ا فصحة ا لصفة على ا عتبا ر كو ن</Unicode>
        </TextEquiv>
      </TextLine>
      <TextLine id="l18">
        <Coords points="65,2559 1317,2559 1317,2697 65,2697"/>
        <Word id="w333">
          <Coords points="1304,2590 1316,2590 1316,2655 1304,2655"/>
          <TextEquiv>
            <Unicode>ا</Unicode>
          </TextEquiv>
        </Word>
        <Word id="w334">
          <Coords points="1224,2593 1279,2593 1279,2666 1224,2666"/>
          <TextEquiv>
            <Unicode>لا</Unicode>
          </TextEquiv>
        </Word>
        <Word id="w335">
          <Coords points="1149,2597 1233,2597 1233,2664 1149,2664"/>
          <TextEquiv>
            <Unicode>ضا</Unicode>
          </TextEquiv>
        </Word>
        <Word id="w336">
          <Coords points="1077,2587 1134,2587 1134,2658 1077,2658"/>
          <TextEquiv>
            <Unicode>فة</Unicode>
          </TextEquiv>
        </Word>
        <Word id="w337">
          <Coords points="931,2602 1070,2602 1070,2682 931,2682"/>
          <TextEquiv>
            <Unicode>معنو</Unicode>
          </TextEquiv>
        </Word>
        <Word id="w338">
          <Coords points="885,2582 937,2582 937,2696 885,2696"/>
          <TextEquiv>
            <Unicode>ية</Unicode>
          </TextEquiv>
        </Word>
        <Word id="w339">
          <Coords points="805,2582 876,2582 876,2690 805,2690"/>
          <TextEquiv>
            <Unicode>على</Unicode>
          </TextEquiv>
        </Word>
        <Word id="w340">
          <Coords points="759,2584 813,2584 813,2659 759,2659"/>
          <TextEquiv>
            <Unicode>ما</Unicode>
          </TextEquiv>
        </Word>
        <Word id="w341">
          <Coords points="668,2615 743,2615 743,2680 668,2680"/>
          <TextEquiv>
            <Unicode>هو</Unicode>
          </TextEquiv>
        </Word>
        <Word id="w342">
          <Coords points="647,2576 682,2576 682,2645 647,2645"/>
          <TextEquiv>
            <Unicode>ا</Unicode>
          </TextEquiv>
        </Word>
        <Word id="w343">
          <Coords points="506,2586 650,2586 650,2678 506,2678"/>
          <TextEquiv>
            <Unicode>لمشهو</Unicode>
          </TextEquiv>
        </Word>
        <Word id="w344">
          <Coords points="474,2611 515,2611 515,2673 474,2673"/>
          <TextEquiv>
            <Unicode>ر</Unicode>
          </TextEquiv>
        </Word>
        <Word id="w345">
          <Coords points="451,2559 483,2559 483,2641 451,2641"/>
          <TextEquiv>
            <Unicode>ا</Unicode>
          </TextEquiv>
        </Word>
        <Word id="w346">
          <Coords points="402,2616 454,2616 454,2668 402,2668"/>
          <TextEquiv>
            <Unicode>و</Unicode>
          </TextEquiv>
        </Word>
        <Word id="w347">
          <Coords points="347,2576 414,2576 414,2675 347,2675"/>
          <TextEquiv>
            <Unicode>على</Unicode>
          </TextEquiv>
        </Word>
        <Word id="w348">
          <Coords points="329,2590 345,2590 345,2644 329,2644"/>
          <TextEquiv>
            <Unicode>ا</Unicode>
          </TextEquiv>
        </Word>
        <Word id="w349">
          <Coords points="213,2582 321,2582 321,2681 213,2681"/>
          <TextEquiv>
            <Unicode>عتبا</Unicode>
          </TextEquiv>
        </Word>
        <Word id="w350">
          <Coords points="172,2627 203,2627 203,2664 172,2664"/>
          <TextEquiv>
            <Unicode>ر</Unicode>
          </TextEquiv>
        </Word>
        <Word id="w351">
          <Coords points="128,2563 208,2563 208,2682 128,2682"/>
          <TextEquiv>
            <Unicode>كو</Unicode>
          </TextEquiv>
        </Word>
        <Word id="w352">
          <Coords points="65,2611 128,2611 128,2660 65,2660"/>
          <TextEquiv>
            <Unicode>ن</Unicode>
          </TextEquiv>
        </Word>
        <TextEquiv>
          <Unicode> ا لا ضا فة معنو ية على ما هو ا لمشهو ر ا و على ا عتبا ر كو ن</Unicode>
        </TextEquiv>
      </TextLine>
      <TextLine id="l19">
        <Coords points="52,2699 1327,2699 1327,2840 52,2840"/>
        <Word id="w353">
          <Coords points="1315,2742 1326,2742 1326,2804 1315,2804"/>
          <TextEquiv>
            <Unicode>ا</Unicode>
          </TextEquiv>
        </Word>
        <Word id="w354">
          <Coords points="1242,2744 1296,2744 1296,2810 1242,2810"/>
          <TextEquiv>
            <Unicode>لا</Unicode>
          </TextEquiv>
        </Word>
        <Word id="w355">
          <Coords points="1168,2738 1239,2738 1239,2817 1168,2817"/>
          <TextEquiv>
            <Unicode>ضا</Unicode>
          </TextEquiv>
        </Word>
        <Word id="w356">
          <Coords points="1092,2737 1153,2737 1153,2817 1092,2817"/>
          <TextEquiv>
            <Unicode>فة</Unicode>
          </TextEquiv>
        </Word>
        <Word id="w357">
          <Coords points="892,2732 1074,2732 1074,2836 892,2836"/>
          <TextEquiv>
            <Unicode>لفظية</Unicode>
          </TextEquiv>
        </Word>
        <Word id="w358">
          <Coords points="821,2731 881,2731 881,2828 821,2828"/>
          <TextEquiv>
            <Unicode>بنا</Unicode>
          </TextEquiv>
        </Word>
        <Word id="w359">
          <Coords points="706,2733 783,2733 783,2839 706,2839"/>
          <TextEquiv>
            <Unicode>على</Unicode>
          </TextEquiv>
        </Word>
        <Word id="w360">
          <Coords points="695,2737 717,2737 717,2797 695,2797"/>
          <TextEquiv>
            <Unicode>ا</Unicode>
          </TextEquiv>
        </Word>
        <Word id="w361">
          <Coords points="645,2754 679,2754 679,2820 645,2820"/>
          <TextEquiv>
            <Unicode>ن</Unicode>
          </TextEquiv>
        </Word>
        <Word id="w362">
          <Coords points="559,2758 634,2758 634,2823 559,2823"/>
          <TextEquiv>
            <Unicode>من</Unicode>
          </TextEquiv>
        </Word>
        <Word id="w363">
          <Coords points="440,2728 565,2728 565,2824 440,2824"/>
          <TextEquiv>
            <Unicode>خصا</Unicode>
          </TextEquiv>
        </Word>
        <Word id="w364">
          <Coords points="320,2714 432,2714 432,2834 320,2834"/>
          <TextEquiv>
            <Unicode>يص</Unicode>
          </TextEquiv>
        </Word>
        <Word id="w365">
          <Coords points="214,2726 331,2726 331,2802 214,2802"/>
          <TextEquiv>
            <Unicode>لفظة</Unicode>
          </TextEquiv>
        </Word>
        <Word id="w366">
          <Coords points="183,2728 199,2728 199,2814 183,2814"/>
          <TextEquiv>
            <Unicode>ا</Unicode>
          </TextEquiv>
        </Word>
        <Word id="w367">
          <Coords points="86,2734 174,2734 174,2814 86,2814"/>
          <TextEquiv>
            <Unicode>لجلا</Unicode>
          </TextEquiv>
        </Word>
        <Word id="w368">
          <Coords points="52,2699 107,2699 107,2753 52,2753"/>
          <TextEquiv>
            <Unicode>لة</Unicode>
          </TextEquiv>
        </Word>
        <TextEquiv>
          <Unicode> ا لا ضا فة لفظية بنا على ا ن من خصا يص لفظة ا لجلا لة</Unicode>
        </TextEquiv>
      </TextLine>
    </TextRegion>
  </Page>
</PcGts>
