<?xml version='1.0' encoding='utf-8'?>
<PcGts xmlns:xsi="http://www.w3.org/2001/XMLSchema-instance" xmlns="http://schema.primaresearch.org/PAGE/gts/pagecontent/2019-07-15" xsi:schemaLocation="http://schema.primaresearch.org/PAGE/gts/pagecontent/2019-07-15 http://schema.primaresearch.org/PAGE/gts/pagecontent/2019-07-15/pagecontent.xsd" pcGtsId="pc-aletheiaexamplepage">
  <Metadata>
    <Creator>PRImA Research Lab</Creator>
    <Created>2015-07-17T15:27:13</Created>
    <LastChange>2017-07-14T10:03:33</LastChange>
    <Comments>Example Page</Comments>
  </Metadata>
  <Page imageFilename="3368132/_0017-2.png" imageWidth="1422" imageHeight="2914">
    <TextRegion id="r0" type="paragraph">
      <Coords points="1,1 1420,1 1420,2912 1,2912"/>
      <TextLine id="l0">
        <Coords points="86,69 1392,69 1392,219 86,219"/>
        <Word id="w0">
          <Coords points="1363,127 1379,127 1379,188 1363,188"/>
          <TextEquiv>
            <Unicode>ا</Unicode>
          </TextEquiv>
        </Word>
        <Word id="w1">
          <Coords points="1289,99 1391,99 1391,143 1289,143"/>
          <TextEquiv>
            <Unicode>ني</Unicode>
          </TextEquiv>
        </Word>
        <Word id="w2">
          <Coords points="1270,108 1349,108 1349,196 1270,196"/>
          <TextEquiv>
            <Unicode>لمعا</Unicode>
          </TextEquiv>
        </Word>
        <Word id="w3">
          <Coords points="1217,152 1264,152 1264,190 1217,190"/>
          <TextEquiv>
            <Unicode>و</Unicode>
          </TextEquiv>
        </Word>
        <Word id="w4">
          <Coords points="1216,109 1232,109 1232,172 1216,172"/>
          <TextEquiv>
            <Unicode>ا</Unicode>
          </TextEquiv>
        </Word>
        <Word id="w5">
          <Coords points="1158,109 1204,109 1204,180 1158,180"/>
          <TextEquiv>
            <Unicode>لا</Unicode>
          </TextEquiv>
        </Word>
        <Word id="w6">
          <Coords points="1036,102 1158,102 1158,198 1036,198"/>
          <TextEquiv>
            <Unicode>ستينا</Unicode>
          </TextEquiv>
        </Word>
        <Word id="w7">
          <Coords points="968,141 1022,141 1022,176 968,176"/>
          <TextEquiv>
            <Unicode>ف</Unicode>
          </TextEquiv>
        </Word>
        <Word id="w8">
          <Coords points="888,117 971,117 971,172 888,172"/>
          <TextEquiv>
            <Unicode>عند</Unicode>
          </TextEquiv>
        </Word>
        <Word id="w9">
          <Coords points="809,95 871,95 871,175 809,175"/>
          <TextEquiv>
            <Unicode>لخا</Unicode>
          </TextEquiv>
        </Word>
        <Word id="w10">
          <Coords points="762,109 792,109 792,171 762,171"/>
          <TextEquiv>
            <Unicode>ة</Unicode>
          </TextEquiv>
        </Word>
        <Word id="w11">
          <Coords points="731,102 751,102 751,166 731,166"/>
          <TextEquiv>
            <Unicode>ا</Unicode>
          </TextEquiv>
        </Word>
        <Word id="w12">
          <Coords points="612,92 734,92 734,175 612,175"/>
          <TextEquiv>
            <Unicode>لكلا</Unicode>
          </TextEquiv>
        </Word>
        <Word id="w13">
          <Coords points="562,130 601,130 601,176 562,176"/>
          <TextEquiv>
            <Unicode>م</Unicode>
          </TextEquiv>
        </Word>
        <Word id="w14">
          <Coords points="556,91 571,91 571,156 556,156"/>
          <TextEquiv>
            <Unicode>ا</Unicode>
          </TextEquiv>
        </Word>
        <Word id="w15">
          <Coords points="493,69 545,69 545,177 493,177"/>
          <TextEquiv>
            <Unicode>لذ</Unicode>
          </TextEquiv>
        </Word>
        <Word id="w16">
          <Coords points="462,83 590,83 590,147 462,147"/>
          <TextEquiv>
            <Unicode>ي</Unicode>
          </TextEquiv>
        </Word>
        <Word id="w17">
          <Coords points="413,120 452,120 452,176 413,176"/>
          <TextEquiv>
            <Unicode>و</Unicode>
          </TextEquiv>
        </Word>
        <Word id="w18">
          <Coords points="351,94 438,94 438,218 351,218"/>
          <TextEquiv>
            <Unicode>قع</Unicode>
          </TextEquiv>
        </Word>
        <Word id="w19">
          <Coords points="293,85 345,85 345,181 293,181"/>
          <TextEquiv>
            <Unicode>في</Unicode>
          </TextEquiv>
        </Word>
        <Word id="w20">
          <Coords points="280,89 298,89 298,157 280,157"/>
          <TextEquiv>
            <Unicode>ا</Unicode>
          </TextEquiv>
        </Word>
        <Word id="w21">
          <Coords points="216,88 267,88 267,170 216,170"/>
          <TextEquiv>
            <Unicode>لا</Unicode>
          </TextEquiv>
        </Word>
        <Word id="w22">
          <Coords points="135,99 205,99 205,183 135,183"/>
          <TextEquiv>
            <Unicode>بتد</Unicode>
          </TextEquiv>
        </Word>
        <Word id="w23">
          <Coords points="118,86 131,86 131,142 118,142"/>
          <TextEquiv>
            <Unicode>ا</Unicode>
          </TextEquiv>
        </Word>
        <Word id="w24">
          <Coords points="86,123 111,123 111,153 86,153"/>
          <TextEquiv>
            <Unicode>ء</Unicode>
          </TextEquiv>
        </Word>
        <TextEquiv>
          <Unicode> ا ني لمعا و ا لا ستينا ف عند لخا ة ا لكلا م ا لذ ي و قع في ا لا بتد ا ء</Unicode>
        </TextEquiv>
      </TextLine>
      <TextLine id="l1">
        <Coords points="70,216 1378,216 1378,345 70,345"/>
        <Word id="w25">
          <Coords points="1292,257 1308,257 1308,304 1292,304"/>
          <TextEquiv>
            <Unicode>ا</Unicode>
          </TextEquiv>
        </Word>
        <Word id="w26">
          <Coords points="1289,297 1377,297 1377,344 1289,344"/>
          <TextEquiv>
            <Unicode>سو</Unicode>
          </TextEquiv>
        </Word>
        <Word id="w27">
          <Coords points="1264,288 1289,288 1289,318 1264,318"/>
          <TextEquiv>
            <Unicode>ء</Unicode>
          </TextEquiv>
        </Word>
        <Word id="w28">
          <Coords points="1216,241 1286,241 1286,328 1216,328"/>
          <TextEquiv>
            <Unicode>كا</Unicode>
          </TextEquiv>
        </Word>
        <Word id="w29">
          <Coords points="1176,262 1206,262 1206,331 1176,331"/>
          <TextEquiv>
            <Unicode>ن</Unicode>
          </TextEquiv>
        </Word>
        <Word id="w30">
          <Coords points="1114,258 1168,258 1168,344 1114,344"/>
          <TextEquiv>
            <Unicode>جو</Unicode>
          </TextEquiv>
        </Word>
        <Word id="w31">
          <Coords points="1099,256 1123,256 1123,318 1099,318"/>
          <TextEquiv>
            <Unicode>ا</Unicode>
          </TextEquiv>
        </Word>
        <Word id="w32">
          <Coords points="1054,259 1095,259 1095,344 1054,344"/>
          <TextEquiv>
            <Unicode>با</Unicode>
          </TextEquiv>
        </Word>
        <Word id="w33">
          <Coords points="939,257 1036,257 1036,336 939,336"/>
          <TextEquiv>
            <Unicode>لسؤ</Unicode>
          </TextEquiv>
        </Word>
        <Word id="w34">
          <Coords points="929,242 954,242 954,303 929,303"/>
          <TextEquiv>
            <Unicode>ا</Unicode>
          </TextEquiv>
        </Word>
        <Word id="w35">
          <Coords points="893,257 927,257 927,319 893,319"/>
          <TextEquiv>
            <Unicode>ل</Unicode>
          </TextEquiv>
        </Word>
        <Word id="w36">
          <Coords points="788,256 881,256 881,319 788,319"/>
          <TextEquiv>
            <Unicode>مقد</Unicode>
          </TextEquiv>
        </Word>
        <Word id="w37">
          <Coords points="748,281 782,281 782,318 748,318"/>
          <TextEquiv>
            <Unicode>ر</Unicode>
          </TextEquiv>
        </Word>
        <Word id="w38">
          <Coords points="735,241 752,241 752,296 735,296"/>
          <TextEquiv>
            <Unicode>ا</Unicode>
          </TextEquiv>
        </Word>
        <Word id="w39">
          <Coords points="689,280 726,280 726,333 689,333"/>
          <TextEquiv>
            <Unicode>و</Unicode>
          </TextEquiv>
        </Word>
        <Word id="w40">
          <Coords points="651,251 695,251 695,317 651,317"/>
          <TextEquiv>
            <Unicode>لا</Unicode>
          </TextEquiv>
        </Word>
        <Word id="w41">
          <Coords points="565,245 654,245 654,336 565,336"/>
          <TextEquiv>
            <Unicode>بخلا</Unicode>
          </TextEquiv>
        </Word>
        <Word id="w42">
          <Coords points="500,253 557,253 557,314 500,314"/>
          <TextEquiv>
            <Unicode>ف</Unicode>
          </TextEquiv>
        </Word>
        <Word id="w43">
          <Coords points="487,246 506,246 506,305 487,305"/>
          <TextEquiv>
            <Unicode>ا</Unicode>
          </TextEquiv>
        </Word>
        <Word id="w44">
          <Coords points="357,234 484,234 484,333 357,333"/>
          <TextEquiv>
            <Unicode>ستينا</Unicode>
          </TextEquiv>
        </Word>
        <Word id="w45">
          <Coords points="293,255 343,255 343,315 293,315"/>
          <TextEquiv>
            <Unicode>ف</Unicode>
          </TextEquiv>
        </Word>
        <Word id="w46">
          <Coords points="283,229 307,229 307,291 283,291"/>
          <TextEquiv>
            <Unicode>ا</Unicode>
          </TextEquiv>
        </Word>
        <Word id="w47">
          <Coords points="206,233 281,233 281,336 206,336"/>
          <TextEquiv>
            <Unicode>هل</Unicode>
          </TextEquiv>
        </Word>
        <Word id="w48">
          <Coords points="194,250 213,250 213,302 194,302"/>
          <TextEquiv>
            <Unicode>ا</Unicode>
          </TextEquiv>
        </Word>
        <Word id="w49">
          <Coords points="93,216 219,216 219,278 93,278"/>
          <TextEquiv>
            <Unicode>ني</Unicode>
          </TextEquiv>
        </Word>
        <Word id="w50">
          <Coords points="70,217 190,217 190,315 70,315"/>
          <TextEquiv>
            <Unicode>لمعا</Unicode>
          </TextEquiv>
        </Word>
        <TextEquiv>
          <Unicode> ا سو ء كا ن جو ا با لسؤ ا ل مقد ر ا و لا بخلا ف ا ستينا ف ا هل ا ني لمعا</Unicode>
        </TextEquiv>
      </TextLine>
      <TextLine id="l2">
        <Coords points="71,381 1373,381 1373,521 71,521"/>
        <Word id="w51">
          <Coords points="1337,398 1372,398 1372,485 1337,485"/>
          <TextEquiv>
            <Unicode>فا</Unicode>
          </TextEquiv>
        </Word>
        <Word id="w52">
          <Coords points="1274,425 1326,425 1326,479 1274,479"/>
          <TextEquiv>
            <Unicode>نه</Unicode>
          </TextEquiv>
        </Word>
        <Word id="w53">
          <Coords points="1221,417 1268,417 1268,485 1221,485"/>
          <TextEquiv>
            <Unicode>لا</Unicode>
          </TextEquiv>
        </Word>
        <Word id="w54">
          <Coords points="1177,435 1223,435 1223,500 1177,500"/>
          <TextEquiv>
            <Unicode>بد</Unicode>
          </TextEquiv>
        </Word>
        <Word id="w55">
          <Coords points="1166,409 1183,409 1183,460 1166,460"/>
          <TextEquiv>
            <Unicode>ا</Unicode>
          </TextEquiv>
        </Word>
        <Word id="w56">
          <Coords points="1119,415 1158,415 1158,486 1119,486"/>
          <TextEquiv>
            <Unicode>ن</Unicode>
          </TextEquiv>
        </Word>
        <Word id="w57">
          <Coords points="1043,381 1130,381 1130,497 1043,497"/>
          <TextEquiv>
            <Unicode>يكو</Unicode>
          </TextEquiv>
        </Word>
        <Word id="w58">
          <Coords points="1012,416 1050,416 1050,475 1012,475"/>
          <TextEquiv>
            <Unicode>ن</Unicode>
          </TextEquiv>
        </Word>
        <Word id="w59">
          <Coords points="950,416 1008,416 1008,492 950,492"/>
          <TextEquiv>
            <Unicode>جو</Unicode>
          </TextEquiv>
        </Word>
        <Word id="w60">
          <Coords points="929,406 943,406 943,467 929,467"/>
          <TextEquiv>
            <Unicode>ا</Unicode>
          </TextEquiv>
        </Word>
        <Word id="w61">
          <Coords points="890,408 929,408 929,494 890,494"/>
          <TextEquiv>
            <Unicode>با</Unicode>
          </TextEquiv>
        </Word>
        <Word id="w62">
          <Coords points="752,410 877,410 877,496 752,496"/>
          <TextEquiv>
            <Unicode>للسؤ</Unicode>
          </TextEquiv>
        </Word>
        <Word id="w63">
          <Coords points="737,402 758,402 758,462 737,462"/>
          <TextEquiv>
            <Unicode>ا</Unicode>
          </TextEquiv>
        </Word>
        <Word id="w64">
          <Coords points="695,412 729,412 729,479 695,479"/>
          <TextEquiv>
            <Unicode>ل</Unicode>
          </TextEquiv>
        </Word>
        <Word id="w65">
          <Coords points="680,408 697,408 697,456 680,456"/>
          <TextEquiv>
            <Unicode>ا</Unicode>
          </TextEquiv>
        </Word>
        <Word id="w66">
          <Coords points="586,415 676,415 676,482 586,482"/>
          <TextEquiv>
            <Unicode>لمقد</Unicode>
          </TextEquiv>
        </Word>
        <Word id="w67">
          <Coords points="538,440 569,440 569,481 538,481"/>
          <TextEquiv>
            <Unicode>ر</Unicode>
          </TextEquiv>
        </Word>
        <Word id="w68">
          <Coords points="457,439 537,439 537,492 457,492"/>
          <TextEquiv>
            <Unicode>صر</Unicode>
          </TextEquiv>
        </Word>
        <Word id="w69">
          <Coords points="421,435 496,435 496,520 421,520"/>
          <TextEquiv>
            <Unicode>ح</Unicode>
          </TextEquiv>
        </Word>
        <Word id="w70">
          <Coords points="364,413 410,413 410,486 364,486"/>
          <TextEquiv>
            <Unicode>به</Unicode>
          </TextEquiv>
        </Word>
        <Word id="w71">
          <Coords points="299,415 347,415 347,492 299,492"/>
          <TextEquiv>
            <Unicode>في</Unicode>
          </TextEquiv>
        </Word>
        <Word id="w72">
          <Coords points="206,406 304,406 304,493 206,493"/>
          <TextEquiv>
            <Unicode>مغنى</Unicode>
          </TextEquiv>
        </Word>
        <Word id="w73">
          <Coords points="195,397 212,397 212,463 195,463"/>
          <TextEquiv>
            <Unicode>ا</Unicode>
          </TextEquiv>
        </Word>
        <Word id="w74">
          <Coords points="71,406 188,406 188,500 71,500"/>
          <TextEquiv>
            <Unicode>للبيب</Unicode>
          </TextEquiv>
        </Word>
        <TextEquiv>
          <Unicode> فا نه لا بد ا ن يكو ن جو ا با للسؤ ا ل ا لمقد ر صر ح به في مغنى ا للبيب</Unicode>
        </TextEquiv>
      </TextLine>
      <TextLine id="l3">
        <Coords points="37,535 1365,535 1365,661 37,661"/>
        <Word id="w75">
          <Coords points="1240,541 1364,541 1364,645 1240,645"/>
          <TextEquiv>
            <Unicode>لفظي</Unicode>
          </TextEquiv>
        </Word>
        <Word id="w76">
          <Coords points="1190,580 1248,580 1248,638 1190,638"/>
          <TextEquiv>
            <Unicode>مر</Unicode>
          </TextEquiv>
        </Word>
        <Word id="w77">
          <Coords points="1144,550 1199,550 1199,631 1144,631"/>
          <TextEquiv>
            <Unicode>فو</Unicode>
          </TextEquiv>
        </Word>
        <Word id="w78">
          <Coords points="1121,574 1187,574 1187,660 1121,660"/>
          <TextEquiv>
            <Unicode>ع</Unicode>
          </TextEquiv>
        </Word>
        <Word id="w79">
          <Coords points="1000,551 1102,551 1102,625 1000,625"/>
          <TextEquiv>
            <Unicode>لفظا</Unicode>
          </TextEquiv>
        </Word>
        <Word id="w80">
          <Coords points="908,555 992,555 992,636 908,636"/>
          <TextEquiv>
            <Unicode>خبر</Unicode>
          </TextEquiv>
        </Word>
        <Word id="w81">
          <Coords points="792,557 906,557 906,639 792,639"/>
          <TextEquiv>
            <Unicode>مبتد</Unicode>
          </TextEquiv>
        </Word>
        <Word id="w82">
          <Coords points="778,535 791,535 791,590 778,590"/>
          <TextEquiv>
            <Unicode>ا</Unicode>
          </TextEquiv>
        </Word>
        <Word id="w83">
          <Coords points="744,577 773,577 773,605 744,605"/>
          <TextEquiv>
            <Unicode>ء</Unicode>
          </TextEquiv>
        </Word>
        <Word id="w84">
          <Coords points="658,548 735,548 735,626 658,626"/>
          <TextEquiv>
            <Unicode>محذ</Unicode>
          </TextEquiv>
        </Word>
        <Word id="w85">
          <Coords points="608,573 659,573 659,623 608,623"/>
          <TextEquiv>
            <Unicode>و</Unicode>
          </TextEquiv>
        </Word>
        <Word id="w86">
          <Coords points="559,561 619,561 619,621 559,621"/>
          <TextEquiv>
            <Unicode>ف</Unicode>
          </TextEquiv>
        </Word>
        <Word id="w87">
          <Coords points="543,540 555,540 555,594 543,594"/>
          <TextEquiv>
            <Unicode>ا</Unicode>
          </TextEquiv>
        </Word>
        <Word id="w88">
          <Coords points="489,579 537,579 537,629 489,629"/>
          <TextEquiv>
            <Unicode>ى</Unicode>
          </TextEquiv>
        </Word>
        <Word id="w89">
          <Coords points="478,540 494,540 494,599 478,599"/>
          <TextEquiv>
            <Unicode>ا</Unicode>
          </TextEquiv>
        </Word>
        <Word id="w90">
          <Coords points="416,545 468,545 468,626 416,626"/>
          <TextEquiv>
            <Unicode>لا</Unicode>
          </TextEquiv>
        </Word>
        <Word id="w91">
          <Coords points="387,580 419,580 419,629 387,629"/>
          <TextEquiv>
            <Unicode>و</Unicode>
          </TextEquiv>
        </Word>
        <Word id="w92">
          <Coords points="347,549 383,549 383,632 347,632"/>
          <TextEquiv>
            <Unicode>ل</Unicode>
          </TextEquiv>
        </Word>
        <Word id="w93">
          <Coords points="294,587 338,587 338,631 294,631"/>
          <TextEquiv>
            <Unicode>و</Unicode>
          </TextEquiv>
        </Word>
        <Word id="w94">
          <Coords points="229,568 303,568 303,642 229,642"/>
          <TextEquiv>
            <Unicode>هو</Unicode>
          </TextEquiv>
        </Word>
        <Word id="w95">
          <Coords points="134,575 231,575 231,615 134,615"/>
          <TextEquiv>
            <Unicode>معه</Unicode>
          </TextEquiv>
        </Word>
        <Word id="w96">
          <Coords points="37,541 131,541 131,631 37,631"/>
          <TextEquiv>
            <Unicode>جملة</Unicode>
          </TextEquiv>
        </Word>
        <TextEquiv>
          <Unicode> لفظي مر فو ع لفظا خبر مبتد ا ء محذ و ف ا ى ا لا و ل و هو معه جملة</Unicode>
        </TextEquiv>
      </TextLine>
      <TextLine id="l4">
        <Coords points="60,675 1372,675 1372,806 60,806"/>
        <Word id="w97">
          <Coords points="1363,701 1371,701 1371,774 1363,774"/>
          <TextEquiv>
            <Unicode>ا</Unicode>
          </TextEquiv>
        </Word>
        <Word id="w98">
          <Coords points="1230,705 1354,705 1354,797 1230,797"/>
          <TextEquiv>
            <Unicode>سمية</Unicode>
          </TextEquiv>
        </Word>
        <Word id="w99">
          <Coords points="1169,696 1221,696 1221,776 1169,776"/>
          <TextEquiv>
            <Unicode>ل</Unicode>
          </TextEquiv>
        </Word>
        <Word id="w100">
          <Coords points="1081,690 1160,690 1160,788 1081,788"/>
          <TextEquiv>
            <Unicode>محل</Unicode>
          </TextEquiv>
        </Word>
        <Word id="w101">
          <Coords points="1024,700 1095,700 1095,767 1024,767"/>
          <TextEquiv>
            <Unicode>لها</Unicode>
          </TextEquiv>
        </Word>
        <Word id="w102">
          <Coords points="987,703 1010,703 1010,762 987,762"/>
          <TextEquiv>
            <Unicode>ا</Unicode>
          </TextEquiv>
        </Word>
        <Word id="w103">
          <Coords points="832,675 982,675 982,791 832,791"/>
          <TextEquiv>
            <Unicode>ستينا</Unicode>
          </TextEquiv>
        </Word>
        <Word id="w104">
          <Coords points="746,695 825,695 825,789 746,789"/>
          <TextEquiv>
            <Unicode>فية</Unicode>
          </TextEquiv>
        </Word>
        <Word id="w105">
          <Coords points="693,722 738,722 738,772 693,772"/>
          <TextEquiv>
            <Unicode>و</Unicode>
          </TextEquiv>
        </Word>
        <Word id="w106">
          <Coords points="652,678 696,678 696,759 652,759"/>
          <TextEquiv>
            <Unicode>عا</Unicode>
          </TextEquiv>
        </Word>
        <Word id="w107">
          <Coords points="526,684 643,684 643,772 526,772"/>
          <TextEquiv>
            <Unicode>طفة</Unicode>
          </TextEquiv>
        </Word>
        <Word id="w108">
          <Coords points="403,704 523,704 523,776 403,776"/>
          <TextEquiv>
            <Unicode>معنو</Unicode>
          </TextEquiv>
        </Word>
        <Word id="w109">
          <Coords points="370,701 428,701 428,756 370,756"/>
          <TextEquiv>
            <Unicode>ي</Unicode>
          </TextEquiv>
        </Word>
        <Word id="w110">
          <Coords points="318,719 379,719 379,777 318,777"/>
          <TextEquiv>
            <Unicode>مر</Unicode>
          </TextEquiv>
        </Word>
        <Word id="w111">
          <Coords points="274,694 331,694 331,781 274,781"/>
          <TextEquiv>
            <Unicode>فو</Unicode>
          </TextEquiv>
        </Word>
        <Word id="w112">
          <Coords points="252,717 325,717 325,805 252,805"/>
          <TextEquiv>
            <Unicode>ع</Unicode>
          </TextEquiv>
        </Word>
        <Word id="w113">
          <Coords points="135,695 238,695 238,765 135,765"/>
          <TextEquiv>
            <Unicode>لفظا</Unicode>
          </TextEquiv>
        </Word>
        <Word id="w114">
          <Coords points="60,699 131,699 131,778 60,778"/>
          <TextEquiv>
            <Unicode>خبر</Unicode>
          </TextEquiv>
        </Word>
        <TextEquiv>
          <Unicode> ا سمية ل محل لها ا ستينا فية و عا طفة معنو ي مر فو ع لفظا خبر</Unicode>
        </TextEquiv>
      </TextLine>
      <TextLine id="l5">
        <Coords points="61,820 1382,820 1382,940 61,940"/>
        <Word id="w115">
          <Coords points="1276,849 1381,849 1381,939 1276,939"/>
          <TextEquiv>
            <Unicode>مبتد</Unicode>
          </TextEquiv>
        </Word>
        <Word id="w116">
          <Coords points="1255,838 1275,838 1275,896 1255,896"/>
          <TextEquiv>
            <Unicode>ا</Unicode>
          </TextEquiv>
        </Word>
        <Word id="w117">
          <Coords points="1231,875 1252,875 1252,904 1231,904"/>
          <TextEquiv>
            <Unicode>ء</Unicode>
          </TextEquiv>
        </Word>
        <Word id="w118">
          <Coords points="1147,836 1223,836 1223,931 1147,931"/>
          <TextEquiv>
            <Unicode>محذ</Unicode>
          </TextEquiv>
        </Word>
        <Word id="w119">
          <Coords points="1108,876 1153,876 1153,923 1108,923"/>
          <TextEquiv>
            <Unicode>و</Unicode>
          </TextEquiv>
        </Word>
        <Word id="w120">
          <Coords points="1049,854 1116,854 1116,918 1049,918"/>
          <TextEquiv>
            <Unicode>ف</Unicode>
          </TextEquiv>
        </Word>
        <Word id="w121">
          <Coords points="1035,838 1058,838 1058,891 1035,891"/>
          <TextEquiv>
            <Unicode>ا</Unicode>
          </TextEquiv>
        </Word>
        <Word id="w122">
          <Coords points="977,874 1032,874 1032,924 977,924"/>
          <TextEquiv>
            <Unicode>ي</Unicode>
          </TextEquiv>
        </Word>
        <Word id="w123">
          <Coords points="961,840 985,840 985,890 961,890"/>
          <TextEquiv>
            <Unicode>ا</Unicode>
          </TextEquiv>
        </Word>
        <Word id="w124">
          <Coords points="887,853 958,853 958,913 887,913"/>
          <TextEquiv>
            <Unicode>لثا</Unicode>
          </TextEquiv>
        </Word>
        <Word id="w125">
          <Coords points="873,820 989,820 989,854 873,854"/>
          <TextEquiv>
            <Unicode>ني</Unicode>
          </TextEquiv>
        </Word>
        <Word id="w126">
          <Coords points="840,887 874,887 874,924 840,924"/>
          <TextEquiv>
            <Unicode>و</Unicode>
          </TextEquiv>
        </Word>
        <Word id="w127">
          <Coords points="763,873 838,873 838,927 763,927"/>
          <TextEquiv>
            <Unicode>هو</Unicode>
          </TextEquiv>
        </Word>
        <Word id="w128">
          <Coords points="672,854 765,854 765,907 672,907"/>
          <TextEquiv>
            <Unicode>معه</Unicode>
          </TextEquiv>
        </Word>
        <Word id="w129">
          <Coords points="551,833 658,833 658,923 551,923"/>
          <TextEquiv>
            <Unicode>جملة</Unicode>
          </TextEquiv>
        </Word>
        <Word id="w130">
          <Coords points="527,833 547,833 547,900 527,900"/>
          <TextEquiv>
            <Unicode>ا</Unicode>
          </TextEquiv>
        </Word>
        <Word id="w131">
          <Coords points="403,840 520,840 520,937 403,937"/>
          <TextEquiv>
            <Unicode>سمية</Unicode>
          </TextEquiv>
        </Word>
        <Word id="w132">
          <Coords points="346,827 393,827 393,908 346,908"/>
          <TextEquiv>
            <Unicode>لا</Unicode>
          </TextEquiv>
        </Word>
        <Word id="w133">
          <Coords points="264,824 340,824 340,933 264,933"/>
          <TextEquiv>
            <Unicode>محل</Unicode>
          </TextEquiv>
        </Word>
        <Word id="w134">
          <Coords points="207,830 271,830 271,901 207,901"/>
          <TextEquiv>
            <Unicode>لها</Unicode>
          </TextEquiv>
        </Word>
        <Word id="w135">
          <Coords points="61,825 200,825 200,901 61,901"/>
          <TextEquiv>
            <Unicode>عطف</Unicode>
          </TextEquiv>
        </Word>
        <TextEquiv>
          <Unicode> مبتد ا ء محذ و ف ا ي ا لثا ني و هو معه جملة ا سمية لا محل لها عطف</Unicode>
        </TextEquiv>
      </TextLine>
      <TextLine id="l6">
        <Coords points="349,948 468,948 468,988 349,988"/>
        <Word id="w136">
          <Coords points="349,948 467,948 467,987 349,987"/>
          <TextEquiv>
            <Unicode>ني</Unicode>
          </TextEquiv>
        </Word>
        <TextEquiv>
          <Unicode> ني</Unicode>
        </TextEquiv>
      </TextLine>
      <TextLine id="l7">
        <Coords points="65,970 1376,970 1376,1098 65,1098"/>
        <Word id="w137">
          <Coords points="1312,975 1375,975 1375,1085 1312,1085"/>
          <TextEquiv>
            <Unicode>على</Unicode>
          </TextEquiv>
        </Word>
        <Word id="w138">
          <Coords points="1296,988 1316,988 1316,1058 1296,1058"/>
          <TextEquiv>
            <Unicode>ا</Unicode>
          </TextEquiv>
        </Word>
        <Word id="w139">
          <Coords points="1195,986 1292,986 1292,1097 1195,1097"/>
          <TextEquiv>
            <Unicode>لجملة</Unicode>
          </TextEquiv>
        </Word>
        <Word id="w140">
          <Coords points="1165,988 1181,988 1181,1043 1165,1043"/>
          <TextEquiv>
            <Unicode>ا</Unicode>
          </TextEquiv>
        </Word>
        <Word id="w141">
          <Coords points="1072,974 1153,974 1153,1063 1072,1063"/>
          <TextEquiv>
            <Unicode>لسا</Unicode>
          </TextEquiv>
        </Word>
        <Word id="w142">
          <Coords points="973,997 1071,997 1071,1083 973,1083"/>
          <TextEquiv>
            <Unicode>بقة</Unicode>
          </TextEquiv>
        </Word>
        <Word id="w143">
          <Coords points="928,1019 965,1019 965,1074 928,1074"/>
          <TextEquiv>
            <Unicode>و</Unicode>
          </TextEquiv>
        </Word>
        <Word id="w144">
          <Coords points="864,999 931,999 931,1074 864,1074"/>
          <TextEquiv>
            <Unicode>قد</Unicode>
          </TextEquiv>
        </Word>
        <Word id="w145">
          <Coords points="780,1019 871,1019 871,1085 780,1085"/>
          <TextEquiv>
            <Unicode>عر</Unicode>
          </TextEquiv>
        </Word>
        <Word id="w146">
          <Coords points="722,996 812,996 812,1062 722,1062"/>
          <TextEquiv>
            <Unicode>فت</Unicode>
          </TextEquiv>
        </Word>
        <Word id="w147">
          <Coords points="657,1011 728,1011 728,1079 657,1079"/>
          <TextEquiv>
            <Unicode>جو</Unicode>
          </TextEquiv>
        </Word>
        <Word id="w148">
          <Coords points="644,977 664,977 664,1039 644,1039"/>
          <TextEquiv>
            <Unicode>ا</Unicode>
          </TextEquiv>
        </Word>
        <Word id="w149">
          <Coords points="604,992 636,992 636,1072 604,1072"/>
          <TextEquiv>
            <Unicode>ز</Unicode>
          </TextEquiv>
        </Word>
        <Word id="w150">
          <Coords points="455,983 601,983 601,1061 455,1061"/>
          <TextEquiv>
            <Unicode>عطف</Unicode>
          </TextEquiv>
        </Word>
        <Word id="w151">
          <Coords points="441,970 457,970 457,1039 441,1039"/>
          <TextEquiv>
            <Unicode>ا</Unicode>
          </TextEquiv>
        </Word>
        <Word id="w152">
          <Coords points="371,996 433,996 433,1055 371,1055"/>
          <TextEquiv>
            <Unicode>لثا</Unicode>
          </TextEquiv>
        </Word>
        <Word id="w153">
          <Coords points="330,988 352,988 352,1049 330,1049"/>
          <TextEquiv>
            <Unicode>ا</Unicode>
          </TextEquiv>
        </Word>
        <Word id="w154">
          <Coords points="239,982 329,982 329,1065 239,1065"/>
          <TextEquiv>
            <Unicode>لمحذ</Unicode>
          </TextEquiv>
        </Word>
        <Word id="w155">
          <Coords points="198,1005 232,1005 232,1068 198,1068"/>
          <TextEquiv>
            <Unicode>و</Unicode>
          </TextEquiv>
        </Word>
        <Word id="w156">
          <Coords points="141,995 198,995 198,1053 141,1053"/>
          <TextEquiv>
            <Unicode>ف</Unicode>
          </TextEquiv>
        </Word>
        <Word id="w157">
          <Coords points="65,974 147,974 147,1067 65,1067"/>
          <TextEquiv>
            <Unicode>على</Unicode>
          </TextEquiv>
        </Word>
        <TextEquiv>
          <Unicode> على ا لجملة ا لسا بقة و قد عر فت جو ا ز عطف ا لثا ا لمحذ و ف على</Unicode>
        </TextEquiv>
      </TextLine>
      <TextLine id="l8">
        <Coords points="48,1105 1381,1105 1381,1242 48,1242"/>
        <Word id="w158">
          <Coords points="1362,1141 1380,1141 1380,1214 1362,1214"/>
          <TextEquiv>
            <Unicode>ا</Unicode>
          </TextEquiv>
        </Word>
        <Word id="w159">
          <Coords points="1298,1145 1346,1145 1346,1224 1298,1224"/>
          <TextEquiv>
            <Unicode>لا</Unicode>
          </TextEquiv>
        </Word>
        <Word id="w160">
          <Coords points="1254,1186 1297,1186 1297,1229 1254,1229"/>
          <TextEquiv>
            <Unicode>و</Unicode>
          </TextEquiv>
        </Word>
        <Word id="w161">
          <Coords points="1224,1144 1263,1144 1263,1215 1224,1215"/>
          <TextEquiv>
            <Unicode>ل</Unicode>
          </TextEquiv>
        </Word>
        <Word id="w162">
          <Coords points="1214,1141 1235,1141 1235,1198 1214,1198"/>
          <TextEquiv>
            <Unicode>ا</Unicode>
          </TextEquiv>
        </Word>
        <Word id="w163">
          <Coords points="1133,1143 1206,1143 1206,1224 1133,1224"/>
          <TextEquiv>
            <Unicode>لمحذ</Unicode>
          </TextEquiv>
        </Word>
        <Word id="w164">
          <Coords points="1092,1164 1123,1164 1123,1221 1092,1221"/>
          <TextEquiv>
            <Unicode>و</Unicode>
          </TextEquiv>
        </Word>
        <Word id="w165">
          <Coords points="1025,1157 1094,1157 1094,1217 1025,1217"/>
          <TextEquiv>
            <Unicode>ف</Unicode>
          </TextEquiv>
        </Word>
        <Word id="w166">
          <Coords points="987,1169 1027,1169 1027,1223 987,1223"/>
          <TextEquiv>
            <Unicode>و</Unicode>
          </TextEquiv>
        </Word>
        <Word id="w167">
          <Coords points="851,1141 992,1141 992,1211 851,1211"/>
          <TextEquiv>
            <Unicode>عطف</Unicode>
          </TextEquiv>
        </Word>
        <Word id="w168">
          <Coords points="741,1151 861,1151 861,1229 741,1229"/>
          <TextEquiv>
            <Unicode>معنو</Unicode>
          </TextEquiv>
        </Word>
        <Word id="w169">
          <Coords points="708,1156 754,1156 754,1212 708,1212"/>
          <TextEquiv>
            <Unicode>ي</Unicode>
          </TextEquiv>
        </Word>
        <Word id="w170">
          <Coords points="634,1125 700,1125 700,1241 634,1241"/>
          <TextEquiv>
            <Unicode>على</Unicode>
          </TextEquiv>
        </Word>
        <Word id="w171">
          <Coords points="510,1121 631,1121 631,1234 510,1234"/>
          <TextEquiv>
            <Unicode>لفظى</Unicode>
          </TextEquiv>
        </Word>
        <Word id="w172">
          <Coords points="461,1114 515,1114 515,1233 461,1233"/>
          <TextEquiv>
            <Unicode>فيما</Unicode>
          </TextEquiv>
        </Word>
        <Word id="w173">
          <Coords points="340,1134 449,1134 449,1227 340,1227"/>
          <TextEquiv>
            <Unicode>سبق</Unicode>
          </TextEquiv>
        </Word>
        <Word id="w174">
          <Coords points="261,1128 331,1128 331,1202 261,1202"/>
          <TextEquiv>
            <Unicode>فتذ</Unicode>
          </TextEquiv>
        </Word>
        <Word id="w175">
          <Coords points="209,1105 293,1105 293,1213 209,1213"/>
          <TextEquiv>
            <Unicode>كر</Unicode>
          </TextEquiv>
        </Word>
        <Word id="w176">
          <Coords points="197,1129 212,1129 212,1194 197,1194"/>
          <TextEquiv>
            <Unicode>ا</Unicode>
          </TextEquiv>
        </Word>
        <Word id="w177">
          <Coords points="158,1129 172,1129 172,1191 158,1191"/>
          <TextEquiv>
            <Unicode>ا</Unicode>
          </TextEquiv>
        </Word>
        <Word id="w178">
          <Coords points="153,1171 195,1171 195,1217 153,1217"/>
          <TextEquiv>
            <Unicode>و</Unicode>
          </TextEquiv>
        </Word>
        <Word id="w179">
          <Coords points="48,1116 145,1116 145,1237 48,1237"/>
          <TextEquiv>
            <Unicode>للفظي</Unicode>
          </TextEquiv>
        </Word>
        <TextEquiv>
          <Unicode> ا لا و ل ا لمحذ و ف و عطف معنو ي على لفظى فيما سبق فتذ كر ا ا و للفظي</Unicode>
        </TextEquiv>
      </TextLine>
      <TextLine id="l9">
        <Coords points="76,1267 1385,1267 1385,1414 76,1414"/>
        <Word id="w180">
          <Coords points="1317,1326 1384,1326 1384,1378 1317,1378"/>
          <TextEquiv>
            <Unicode>مر</Unicode>
          </TextEquiv>
        </Word>
        <Word id="w181">
          <Coords points="1282,1298 1339,1298 1339,1377 1282,1377"/>
          <TextEquiv>
            <Unicode>فو</Unicode>
          </TextEquiv>
        </Word>
        <Word id="w182">
          <Coords points="1255,1327 1320,1327 1320,1413 1255,1413"/>
          <TextEquiv>
            <Unicode>ع</Unicode>
          </TextEquiv>
        </Word>
        <Word id="w183">
          <Coords points="1118,1273 1236,1273 1236,1376 1118,1376"/>
          <TextEquiv>
            <Unicode>لفظا</Unicode>
          </TextEquiv>
        </Word>
        <Word id="w184">
          <Coords points="1022,1299 1113,1299 1113,1381 1022,1381"/>
          <TextEquiv>
            <Unicode>خير</Unicode>
          </TextEquiv>
        </Word>
        <Word id="w185">
          <Coords points="930,1302 1016,1302 1016,1380 930,1380"/>
          <TextEquiv>
            <Unicode>بعد</Unicode>
          </TextEquiv>
        </Word>
        <Word id="w186">
          <Coords points="913,1284 933,1284 933,1349 913,1349"/>
          <TextEquiv>
            <Unicode>ا</Unicode>
          </TextEquiv>
        </Word>
        <Word id="w187">
          <Coords points="811,1280 915,1280 915,1387 811,1387"/>
          <TextEquiv>
            <Unicode>لخبر</Unicode>
          </TextEquiv>
        </Word>
        <Word id="w188">
          <Coords points="692,1294 821,1294 821,1375 692,1375"/>
          <TextEquiv>
            <Unicode>للمبتد</Unicode>
          </TextEquiv>
        </Word>
        <Word id="w189">
          <Coords points="684,1292 701,1292 701,1341 684,1341"/>
          <TextEquiv>
            <Unicode>ا</Unicode>
          </TextEquiv>
        </Word>
        <Word id="w190">
          <Coords points="654,1316 678,1316 678,1352 654,1352"/>
          <TextEquiv>
            <Unicode>ء</Unicode>
          </TextEquiv>
        </Word>
        <Word id="w191">
          <Coords points="619,1291 641,1291 641,1360 619,1360"/>
          <TextEquiv>
            <Unicode>ا</Unicode>
          </TextEquiv>
        </Word>
        <Word id="w192">
          <Coords points="579,1316 612,1316 612,1379 579,1379"/>
          <TextEquiv>
            <Unicode>و</Unicode>
          </TextEquiv>
        </Word>
        <Word id="w193">
          <Coords points="532,1305 576,1305 576,1383 532,1383"/>
          <TextEquiv>
            <Unicode>بد</Unicode>
          </TextEquiv>
        </Word>
        <Word id="w194">
          <Coords points="486,1284 526,1284 526,1363 486,1363"/>
          <TextEquiv>
            <Unicode>ل</Unicode>
          </TextEquiv>
        </Word>
        <Word id="w195">
          <Coords points="430,1299 490,1299 490,1370 430,1370"/>
          <TextEquiv>
            <Unicode>من</Unicode>
          </TextEquiv>
        </Word>
        <Word id="w196">
          <Coords points="425,1278 440,1278 440,1334 425,1334"/>
          <TextEquiv>
            <Unicode>ا</Unicode>
          </TextEquiv>
        </Word>
        <Word id="w197">
          <Coords points="335,1286 422,1286 422,1369 335,1369"/>
          <TextEquiv>
            <Unicode>لخبر</Unicode>
          </TextEquiv>
        </Word>
        <Word id="w198">
          <Coords points="292,1302 333,1302 333,1360 292,1360"/>
          <TextEquiv>
            <Unicode>و</Unicode>
          </TextEquiv>
        </Word>
        <Word id="w199">
          <Coords points="281,1267 299,1267 299,1341 281,1341"/>
          <TextEquiv>
            <Unicode>ا</Unicode>
          </TextEquiv>
        </Word>
        <Word id="w200">
          <Coords points="161,1277 277,1277 277,1372 161,1372"/>
          <TextEquiv>
            <Unicode>لمعنو</Unicode>
          </TextEquiv>
        </Word>
        <Word id="w201">
          <Coords points="76,1296 182,1296 182,1364 76,1364"/>
          <TextEquiv>
            <Unicode>ي</Unicode>
          </TextEquiv>
        </Word>
        <TextEquiv>
          <Unicode> مر فو ع لفظا خير بعد ا لخبر للمبتد ا ء ا و بد ل من ا لخبر و ا لمعنو ي</Unicode>
        </TextEquiv>
      </TextLine>
      <TextLine id="l10">
        <Coords points="43,1402 1370,1402 1370,1540 43,1540"/>
        <Word id="w202">
          <Coords points="1240,1431 1369,1431 1369,1533 1240,1533"/>
          <TextEquiv>
            <Unicode>معطو</Unicode>
          </TextEquiv>
        </Word>
        <Word id="w203">
          <Coords points="1189,1441 1254,1441 1254,1501 1189,1501"/>
          <TextEquiv>
            <Unicode>ف</Unicode>
          </TextEquiv>
        </Word>
        <Word id="w204">
          <Coords points="1071,1421 1184,1421 1184,1534 1071,1534"/>
          <TextEquiv>
            <Unicode>عليه</Unicode>
          </TextEquiv>
        </Word>
        <Word id="w205">
          <Coords points="999,1412 1062,1412 1062,1526 999,1526"/>
          <TextEquiv>
            <Unicode>بنا</Unicode>
          </TextEquiv>
        </Word>
        <Word id="w206">
          <Coords points="966,1473 994,1473 994,1505 966,1505"/>
          <TextEquiv>
            <Unicode>ء</Unicode>
          </TextEquiv>
        </Word>
        <Word id="w207">
          <Coords points="894,1439 958,1439 958,1530 894,1530"/>
          <TextEquiv>
            <Unicode>على</Unicode>
          </TextEquiv>
        </Word>
        <Word id="w208">
          <Coords points="875,1433 891,1433 891,1501 875,1501"/>
          <TextEquiv>
            <Unicode>ا</Unicode>
          </TextEquiv>
        </Word>
        <Word id="w209">
          <Coords points="827,1452 868,1452 868,1521 827,1521"/>
          <TextEquiv>
            <Unicode>ن</Unicode>
          </TextEquiv>
        </Word>
        <Word id="w210">
          <Coords points="810,1426 831,1426 831,1502 810,1502"/>
          <TextEquiv>
            <Unicode>ا</Unicode>
          </TextEquiv>
        </Word>
        <Word id="w211">
          <Coords points="727,1437 804,1437 804,1529 727,1529"/>
          <TextEquiv>
            <Unicode>ليا</Unicode>
          </TextEquiv>
        </Word>
        <Word id="w212">
          <Coords points="696,1462 724,1462 724,1493 696,1493"/>
          <TextEquiv>
            <Unicode>ء</Unicode>
          </TextEquiv>
        </Word>
        <Word id="w213">
          <Coords points="583,1433 678,1433 678,1535 583,1535"/>
          <TextEquiv>
            <Unicode>فيهما</Unicode>
          </TextEquiv>
        </Word>
        <Word id="w214">
          <Coords points="417,1443 573,1443 573,1537 417,1537"/>
          <TextEquiv>
            <Unicode>للنسب</Unicode>
          </TextEquiv>
        </Word>
        <Word id="w215">
          <Coords points="361,1421 433,1421 433,1521 361,1521"/>
          <TextEquiv>
            <Unicode>على</Unicode>
          </TextEquiv>
        </Word>
        <Word id="w216">
          <Coords points="326,1411 369,1411 369,1493 326,1493"/>
          <TextEquiv>
            <Unicode>ما</Unicode>
          </TextEquiv>
        </Word>
        <Word id="w217">
          <Coords points="235,1459 315,1459 315,1508 235,1508"/>
          <TextEquiv>
            <Unicode>صر</Unicode>
          </TextEquiv>
        </Word>
        <Word id="w218">
          <Coords points="206,1453 277,1453 277,1539 206,1539"/>
          <TextEquiv>
            <Unicode>ح</Unicode>
          </TextEquiv>
        </Word>
        <Word id="w219">
          <Coords points="160,1402 194,1402 194,1510 160,1510"/>
          <TextEquiv>
            <Unicode>با</Unicode>
          </TextEquiv>
        </Word>
        <Word id="w220">
          <Coords points="43,1415 157,1415 157,1523 43,1523"/>
          <TextEquiv>
            <Unicode>لشمني</Unicode>
          </TextEquiv>
        </Word>
        <TextEquiv>
          <Unicode> معطو ف عليه بنا ء على ا ن ا ليا ء فيهما للنسب على ما صر ح با لشمني</Unicode>
        </TextEquiv>
      </TextLine>
      <TextLine id="l11">
        <Coords points="54,1544 1379,1544 1379,1711 54,1711"/>
        <Word id="w221">
          <Coords points="1328,1570 1378,1570 1378,1669 1328,1669"/>
          <TextEquiv>
            <Unicode>في</Unicode>
          </TextEquiv>
        </Word>
        <Word id="w222">
          <Coords points="1238,1569 1325,1569 1325,1664 1238,1664"/>
          <TextEquiv>
            <Unicode>شر</Unicode>
          </TextEquiv>
        </Word>
        <Word id="w223">
          <Coords points="1214,1608 1293,1608 1293,1688 1214,1688"/>
          <TextEquiv>
            <Unicode>ح</Unicode>
          </TextEquiv>
        </Word>
        <Word id="w224">
          <Coords points="1096,1573 1202,1573 1202,1671 1096,1671"/>
          <TextEquiv>
            <Unicode>معنى</Unicode>
          </TextEquiv>
        </Word>
        <Word id="w225">
          <Coords points="1084,1572 1102,1572 1102,1648 1084,1648"/>
          <TextEquiv>
            <Unicode>ا</Unicode>
          </TextEquiv>
        </Word>
        <Word id="w226">
          <Coords points="945,1585 1079,1585 1079,1671 945,1671"/>
          <TextEquiv>
            <Unicode>للبيب</Unicode>
          </TextEquiv>
        </Word>
        <Word id="w227">
          <Coords points="930,1572 955,1572 955,1639 930,1639"/>
          <TextEquiv>
            <Unicode>ا</Unicode>
          </TextEquiv>
        </Word>
        <Word id="w228">
          <Coords points="888,1609 927,1609 927,1658 888,1658"/>
          <TextEquiv>
            <Unicode>و</Unicode>
          </TextEquiv>
        </Word>
        <Word id="w229">
          <Coords points="874,1574 892,1574 892,1646 874,1646"/>
          <TextEquiv>
            <Unicode>ا</Unicode>
          </TextEquiv>
        </Word>
        <Word id="w230">
          <Coords points="712,1582 867,1582 867,1681 712,1681"/>
          <TextEquiv>
            <Unicode>للفظى</Unicode>
          </TextEquiv>
        </Word>
        <Word id="w231">
          <Coords points="658,1612 730,1612 730,1670 658,1670"/>
          <TextEquiv>
            <Unicode>مر</Unicode>
          </TextEquiv>
        </Word>
        <Word id="w232">
          <Coords points="622,1588 670,1588 670,1672 622,1672"/>
          <TextEquiv>
            <Unicode>فو</Unicode>
          </TextEquiv>
        </Word>
        <Word id="w233">
          <Coords points="597,1612 676,1612 676,1710 597,1710"/>
          <TextEquiv>
            <Unicode>ع</Unicode>
          </TextEquiv>
        </Word>
        <Word id="w234">
          <Coords points="467,1588 583,1588 583,1658 467,1658"/>
          <TextEquiv>
            <Unicode>لفظا</Unicode>
          </TextEquiv>
        </Word>
        <Word id="w235">
          <Coords points="399,1603 457,1603 457,1684 399,1684"/>
          <TextEquiv>
            <Unicode>مع</Unicode>
          </TextEquiv>
        </Word>
        <Word id="w236">
          <Coords points="323,1565 389,1565 389,1652 323,1652"/>
          <TextEquiv>
            <Unicode>سا</Unicode>
          </TextEquiv>
        </Word>
        <Word id="w237">
          <Coords points="230,1566 320,1566 320,1655 230,1655"/>
          <TextEquiv>
            <Unicode>قة</Unicode>
          </TextEquiv>
        </Word>
        <Word id="w238">
          <Coords points="142,1590 220,1590 220,1664 142,1664"/>
          <TextEquiv>
            <Unicode>خبر</Unicode>
          </TextEquiv>
        </Word>
        <Word id="w239">
          <Coords points="72,1568 171,1568 171,1672 72,1672"/>
          <TextEquiv>
            <Unicode>مبتد</Unicode>
          </TextEquiv>
        </Word>
        <Word id="w240">
          <Coords points="54,1544 77,1544 77,1629 54,1629"/>
          <TextEquiv>
            <Unicode>أ</Unicode>
          </TextEquiv>
        </Word>
        <TextEquiv>
          <Unicode> في شر ح معنى ا للبيب ا و ا للفظى مر فو ع لفظا مع سا قة خبر مبتد أ</Unicode>
        </TextEquiv>
      </TextLine>
      <TextLine id="l12">
        <Coords points="78,1707 1363,1707 1363,1838 78,1838"/>
        <Word id="w241">
          <Coords points="1283,1726 1362,1726 1362,1818 1283,1818"/>
          <TextEquiv>
            <Unicode>محذ</Unicode>
          </TextEquiv>
        </Word>
        <Word id="w242">
          <Coords points="1248,1754 1278,1754 1278,1812 1248,1812"/>
          <TextEquiv>
            <Unicode>و</Unicode>
          </TextEquiv>
        </Word>
        <Word id="w243">
          <Coords points="1180,1739 1250,1739 1250,1798 1180,1798"/>
          <TextEquiv>
            <Unicode>ف</Unicode>
          </TextEquiv>
        </Word>
        <Word id="w244">
          <Coords points="1056,1731 1173,1731 1173,1827 1056,1827"/>
          <TextEquiv>
            <Unicode>بتقد</Unicode>
          </TextEquiv>
        </Word>
        <Word id="w245">
          <Coords points="1009,1764 1057,1764 1057,1823 1009,1823"/>
          <TextEquiv>
            <Unicode>ير</Unicode>
          </TextEquiv>
        </Word>
        <Word id="w246">
          <Coords points="1004,1727 1017,1727 1017,1780 1004,1780"/>
          <TextEquiv>
            <Unicode>ا</Unicode>
          </TextEquiv>
        </Word>
        <Word id="w247">
          <Coords points="933,1733 1001,1733 1001,1818 933,1818"/>
          <TextEquiv>
            <Unicode>لمو</Unicode>
          </TextEquiv>
        </Word>
        <Word id="w248">
          <Coords points="848,1762 944,1762 944,1823 848,1823"/>
          <TextEquiv>
            <Unicode>صو</Unicode>
          </TextEquiv>
        </Word>
        <Word id="w249">
          <Coords points="802,1746 873,1746 873,1796 802,1796"/>
          <TextEquiv>
            <Unicode>ف</Unicode>
          </TextEquiv>
        </Word>
        <Word id="w250">
          <Coords points="750,1733 800,1733 800,1818 750,1818"/>
          <TextEquiv>
            <Unicode>فى</Unicode>
          </TextEquiv>
        </Word>
        <Word id="w251">
          <Coords points="684,1730 751,1730 751,1832 684,1832"/>
          <TextEquiv>
            <Unicode>كل</Unicode>
          </TextEquiv>
        </Word>
        <Word id="w252">
          <Coords points="581,1721 685,1721 685,1835 581,1835"/>
          <TextEquiv>
            <Unicode>منهما</Unicode>
          </TextEquiv>
        </Word>
        <Word id="w253">
          <Coords points="553,1735 568,1735 568,1801 553,1801"/>
          <TextEquiv>
            <Unicode>ا</Unicode>
          </TextEquiv>
        </Word>
        <Word id="w254">
          <Coords points="494,1763 548,1763 548,1822 494,1822"/>
          <TextEquiv>
            <Unicode>ى</Unicode>
          </TextEquiv>
        </Word>
        <Word id="w255">
          <Coords points="437,1715 498,1715 498,1816 437,1816"/>
          <TextEquiv>
            <Unicode>هما</Unicode>
          </TextEquiv>
        </Word>
        <Word id="w256">
          <Coords points="341,1707 434,1707 434,1827 341,1827"/>
          <TextEquiv>
            <Unicode>شيء</Unicode>
          </TextEquiv>
        </Word>
        <Word id="w257">
          <Coords points="221,1713 330,1713 330,1830 221,1830"/>
          <TextEquiv>
            <Unicode>لفظى</Unicode>
          </TextEquiv>
        </Word>
        <Word id="w258">
          <Coords points="200,1758 229,1758 229,1799 200,1799"/>
          <TextEquiv>
            <Unicode>و</Unicode>
          </TextEquiv>
        </Word>
        <Word id="w259">
          <Coords points="78,1717 206,1717 206,1837 78,1837"/>
          <TextEquiv>
            <Unicode>شيء</Unicode>
          </TextEquiv>
        </Word>
        <TextEquiv>
          <Unicode> محذ و ف بتقد ير ا لمو صو ف فى كل منهما ا ى هما شيء لفظى و شيء</Unicode>
        </TextEquiv>
      </TextLine>
      <TextLine id="l13">
        <Coords points="47,1857 1361,1857 1361,1993 47,1993"/>
        <Word id="w260">
          <Coords points="1246,1904 1360,1904 1360,1967 1246,1967"/>
          <TextEquiv>
            <Unicode>معنو</Unicode>
          </TextEquiv>
        </Word>
        <Word id="w261">
          <Coords points="1200,1895 1256,1895 1256,1951 1200,1951"/>
          <TextEquiv>
            <Unicode>ى</Unicode>
          </TextEquiv>
        </Word>
        <Word id="w262">
          <Coords points="1142,1876 1162,1876 1162,1939 1142,1939"/>
          <TextEquiv>
            <Unicode>ا</Unicode>
          </TextEquiv>
        </Word>
        <Word id="w263">
          <Coords points="1140,1910 1191,1910 1191,1960 1140,1960"/>
          <TextEquiv>
            <Unicode>و</Unicode>
          </TextEquiv>
        </Word>
        <Word id="w264">
          <Coords points="970,1872 1131,1872 1131,1967 970,1967"/>
          <TextEquiv>
            <Unicode>لعطف</Unicode>
          </TextEquiv>
        </Word>
        <Word id="w265">
          <Coords points="849,1878 863,1878 863,1963 849,1963"/>
          <TextEquiv>
            <Unicode>ا</Unicode>
          </TextEquiv>
        </Word>
        <Word id="w266">
          <Coords points="846,1894 962,1894 962,1988 846,1988"/>
          <TextEquiv>
            <Unicode>ليس</Unicode>
          </TextEquiv>
        </Word>
        <Word id="w267">
          <Coords points="796,1887 841,1887 841,1954 796,1954"/>
          <TextEquiv>
            <Unicode>لا</Unicode>
          </TextEquiv>
        </Word>
        <Word id="w268">
          <Coords points="701,1914 793,1914 793,1966 701,1966"/>
          <TextEquiv>
            <Unicode>صو</Unicode>
          </TextEquiv>
        </Word>
        <Word id="w269">
          <Coords points="663,1923 704,1923 704,1967 663,1967"/>
          <TextEquiv>
            <Unicode>ر</Unicode>
          </TextEquiv>
        </Word>
        <Word id="w270">
          <Coords points="643,1868 685,1868 685,1992 643,1992"/>
          <TextEquiv>
            <Unicode>يا</Unicode>
          </TextEquiv>
        </Word>
        <Word id="w271">
          <Coords points="567,1875 620,1875 620,1961 567,1961"/>
          <TextEquiv>
            <Unicode>ل</Unicode>
          </TextEquiv>
        </Word>
        <Word id="w272">
          <Coords points="521,1888 565,1888 565,1963 521,1963"/>
          <TextEquiv>
            <Unicode>نه</Unicode>
          </TextEquiv>
        </Word>
        <Word id="w273">
          <Coords points="378,1882 498,1882 498,1969 378,1969"/>
          <TextEquiv>
            <Unicode>ليس</Unicode>
          </TextEquiv>
        </Word>
        <Word id="w274">
          <Coords points="270,1871 391,1871 391,1970 270,1970"/>
          <TextEquiv>
            <Unicode>لتشر</Unicode>
          </TextEquiv>
        </Word>
        <Word id="w275">
          <Coords points="203,1871 280,1871 280,1960 203,1960"/>
          <TextEquiv>
            <Unicode>يك</Unicode>
          </TextEquiv>
        </Word>
        <Word id="w276">
          <Coords points="174,1860 196,1860 196,1927 174,1927"/>
          <TextEquiv>
            <Unicode>ا</Unicode>
          </TextEquiv>
        </Word>
        <Word id="w277">
          <Coords points="57,1867 178,1867 178,1948 57,1948"/>
          <TextEquiv>
            <Unicode>لمعطو</Unicode>
          </TextEquiv>
        </Word>
        <Word id="w278">
          <Coords points="47,1857 89,1857 89,1914 47,1914"/>
          <TextEquiv>
            <Unicode>ف</Unicode>
          </TextEquiv>
        </Word>
        <TextEquiv>
          <Unicode> معنو ى ا و لعطف ا ليس لا صو ر يا ل نه ليس لتشر يك ا لمعطو ف</Unicode>
        </TextEquiv>
      </TextLine>
      <TextLine id="l14">
        <Coords points="89,2004 1365,2004 1365,2141 89,2141"/>
        <Word id="w279">
          <Coords points="1248,2021 1364,2021 1364,2136 1248,2136"/>
          <TextEquiv>
            <Unicode>عليه</Unicode>
          </TextEquiv>
        </Word>
        <Word id="w280">
          <Coords points="1183,2019 1231,2019 1231,2112 1183,2112"/>
          <TextEquiv>
            <Unicode>في</Unicode>
          </TextEquiv>
        </Word>
        <Word id="w281">
          <Coords points="1002,2027 1163,2027 1163,2117 1002,2117"/>
          <TextEquiv>
            <Unicode>لنسبت</Unicode>
          </TextEquiv>
        </Word>
        <Word id="w282">
          <Coords points="927,2013 996,2013 996,2112 927,2112"/>
          <TextEquiv>
            <Unicode>بل</Unicode>
          </TextEquiv>
        </Word>
        <Word id="w283">
          <Coords points="922,2016 940,2016 940,2071 922,2071"/>
          <TextEquiv>
            <Unicode>ا</Unicode>
          </TextEquiv>
        </Word>
        <Word id="w284">
          <Coords points="820,2026 913,2026 913,2112 820,2112"/>
          <TextEquiv>
            <Unicode>لمجمو</Unicode>
          </TextEquiv>
        </Word>
        <Word id="w285">
          <Coords points="801,2048 876,2048 876,2139 801,2139"/>
          <TextEquiv>
            <Unicode>ع</Unicode>
          </TextEquiv>
        </Word>
        <Word id="w286">
          <Coords points="724,2035 790,2035 790,2102 724,2102"/>
          <TextEquiv>
            <Unicode>من</Unicode>
          </TextEquiv>
        </Word>
        <Word id="w287">
          <Coords points="612,2022 732,2022 732,2115 612,2115"/>
          <TextEquiv>
            <Unicode>حيث</Unicode>
          </TextEquiv>
        </Word>
        <Word id="w288">
          <Coords points="599,2004 618,2004 618,2062 599,2062"/>
          <TextEquiv>
            <Unicode>ا</Unicode>
          </TextEquiv>
        </Word>
        <Word id="w289">
          <Coords points="504,2009 603,2009 603,2110 504,2110"/>
          <TextEquiv>
            <Unicode>لمجمو</Unicode>
          </TextEquiv>
        </Word>
        <Word id="w290">
          <Coords points="482,2046 537,2046 537,2139 482,2139"/>
          <TextEquiv>
            <Unicode>ع</Unicode>
          </TextEquiv>
        </Word>
        <Word id="w291">
          <Coords points="316,2022 470,2022 470,2108 316,2108"/>
          <TextEquiv>
            <Unicode>منسو</Unicode>
          </TextEquiv>
        </Word>
        <Word id="w292">
          <Coords points="272,2042 341,2042 341,2108 272,2108"/>
          <TextEquiv>
            <Unicode>ب</Unicode>
          </TextEquiv>
        </Word>
        <Word id="w293">
          <Coords points="216,2004 228,2004 228,2071 216,2071"/>
          <TextEquiv>
            <Unicode>ا</Unicode>
          </TextEquiv>
        </Word>
        <Word id="w294">
          <Coords points="209,2041 268,2041 268,2090 209,2090"/>
          <TextEquiv>
            <Unicode>و</Unicode>
          </TextEquiv>
        </Word>
        <Word id="w295">
          <Coords points="122,2008 215,2008 215,2109 122,2109"/>
          <TextEquiv>
            <Unicode>لمجمو</Unicode>
          </TextEquiv>
        </Word>
        <Word id="w296">
          <Coords points="89,2045 182,2045 182,2140 89,2140"/>
          <TextEquiv>
            <Unicode>ع</Unicode>
          </TextEquiv>
        </Word>
        <TextEquiv>
          <Unicode> عليه في لنسبت بل ا لمجمو ع من حيث ا لمجمو ع منسو ب ا و لمجمو ع</Unicode>
        </TextEquiv>
      </TextLine>
      <TextLine id="l15">
        <Coords points="57,2142 1351,2142 1351,2289 57,2289"/>
        <Word id="w297">
          <Coords points="1203,2184 1350,2184 1350,2273 1203,2273"/>
          <TextEquiv>
            <Unicode>يستحق</Unicode>
          </TextEquiv>
        </Word>
        <Word id="w298">
          <Coords points="1192,2179 1216,2179 1216,2244 1192,2244"/>
          <TextEquiv>
            <Unicode>ا</Unicode>
          </TextEquiv>
        </Word>
        <Word id="w299">
          <Coords points="1113,2172 1130,2172 1130,2238 1113,2238"/>
          <TextEquiv>
            <Unicode>ا</Unicode>
          </TextEquiv>
        </Word>
        <Word id="w300">
          <Coords points="1110,2214 1190,2214 1190,2272 1110,2272"/>
          <TextEquiv>
            <Unicode>عر</Unicode>
          </TextEquiv>
        </Word>
        <Word id="w301">
          <Coords points="1059,2166 1102,2166 1102,2268 1059,2268"/>
          <TextEquiv>
            <Unicode>با</Unicode>
          </TextEquiv>
        </Word>
        <Word id="w302">
          <Coords points="1013,2204 1054,2204 1054,2258 1013,2258"/>
          <TextEquiv>
            <Unicode>و</Unicode>
          </TextEquiv>
        </Word>
        <Word id="w303">
          <Coords points="1002,2160 1023,2160 1023,2223 1002,2223"/>
          <TextEquiv>
            <Unicode>ا</Unicode>
          </TextEquiv>
        </Word>
        <Word id="w304">
          <Coords points="923,2192 1006,2192 1006,2244 923,2244"/>
          <TextEquiv>
            <Unicode>حد</Unicode>
          </TextEquiv>
        </Word>
        <Word id="w305">
          <Coords points="908,2165 929,2165 929,2222 908,2222"/>
          <TextEquiv>
            <Unicode>ا</Unicode>
          </TextEquiv>
        </Word>
        <Word id="w306">
          <Coords points="883,2184 902,2184 902,2238 883,2238"/>
          <TextEquiv>
            <Unicode>ا</Unicode>
          </TextEquiv>
        </Word>
        <Word id="w307">
          <Coords points="823,2171 870,2171 870,2253 823,2253"/>
          <TextEquiv>
            <Unicode>لا</Unicode>
          </TextEquiv>
        </Word>
        <Word id="w308">
          <Coords points="795,2172 814,2172 814,2242 795,2242"/>
          <TextEquiv>
            <Unicode>ا</Unicode>
          </TextEquiv>
        </Word>
        <Word id="w309">
          <Coords points="732,2186 784,2186 784,2247 732,2247"/>
          <TextEquiv>
            <Unicode>نه</Unicode>
          </TextEquiv>
        </Word>
        <Word id="w310">
          <Coords points="699,2169 713,2169 713,2243 699,2243"/>
          <TextEquiv>
            <Unicode>ا</Unicode>
          </TextEquiv>
        </Word>
        <Word id="w311">
          <Coords points="628,2169 649,2169 649,2219 628,2219"/>
          <TextEquiv>
            <Unicode>ا</Unicode>
          </TextEquiv>
        </Word>
        <Word id="w312">
          <Coords points="617,2205 692,2205 692,2268 617,2268"/>
          <TextEquiv>
            <Unicode>عر</Unicode>
          </TextEquiv>
        </Word>
        <Word id="w313">
          <Coords points="563,2199 616,2199 616,2262 563,2262"/>
          <TextEquiv>
            <Unicode>ب</Unicode>
          </TextEquiv>
        </Word>
        <Word id="w314">
          <Coords points="493,2157 590,2157 590,2261 493,2261"/>
          <TextEquiv>
            <Unicode>كل</Unicode>
          </TextEquiv>
        </Word>
        <Word id="w315">
          <Coords points="430,2177 506,2177 506,2277 430,2277"/>
          <TextEquiv>
            <Unicode>جز</Unicode>
          </TextEquiv>
        </Word>
        <Word id="w316">
          <Coords points="411,2199 432,2199 432,2225 411,2225"/>
          <TextEquiv>
            <Unicode>ء</Unicode>
          </TextEquiv>
        </Word>
        <Word id="w317">
          <Coords points="364,2195 399,2195 399,2253 364,2253"/>
          <TextEquiv>
            <Unicode>د</Unicode>
          </TextEquiv>
        </Word>
        <Word id="w318">
          <Coords points="284,2177 355,2177 355,2253 284,2253"/>
          <TextEquiv>
            <Unicode>فعا</Unicode>
          </TextEquiv>
        </Word>
        <Word id="w319">
          <Coords points="158,2142 275,2142 275,2288 158,2288"/>
          <TextEquiv>
            <Unicode>للتحكم</Unicode>
          </TextEquiv>
        </Word>
        <Word id="w320">
          <Coords points="81,2160 157,2160 157,2263 81,2263"/>
          <TextEquiv>
            <Unicode>كذ</Unicode>
          </TextEquiv>
        </Word>
        <Word id="w321">
          <Coords points="57,2169 79,2169 79,2246 57,2246"/>
          <TextEquiv>
            <Unicode>ا</Unicode>
          </TextEquiv>
        </Word>
        <TextEquiv>
          <Unicode> يستحق ا ا عر با و ا حد ا ا لا ا نه ا ا عر ب كل جز ء د فعا للتحكم كذ ا</Unicode>
        </TextEquiv>
      </TextLine>
      <TextLine id="l16">
        <Coords points="77,2306 1355,2306 1355,2452 77,2452"/>
        <Word id="w322">
          <Coords points="1296,2319 1354,2319 1354,2421 1296,2421"/>
          <TextEquiv>
            <Unicode>في</Unicode>
          </TextEquiv>
        </Word>
        <Word id="w323">
          <Coords points="1212,2335 1297,2335 1297,2414 1212,2414"/>
          <TextEquiv>
            <Unicode>شر</Unicode>
          </TextEquiv>
        </Word>
        <Word id="w324">
          <Coords points="1186,2361 1273,2361 1273,2451 1186,2451"/>
          <TextEquiv>
            <Unicode>ح</Unicode>
          </TextEquiv>
        </Word>
        <Word id="w325">
          <Coords points="1158,2319 1173,2319 1173,2394 1158,2394"/>
          <TextEquiv>
            <Unicode>ا</Unicode>
          </TextEquiv>
        </Word>
        <Word id="w326">
          <Coords points="1019,2322 1143,2322 1143,2408 1019,2408"/>
          <TextEquiv>
            <Unicode>لعصا</Unicode>
          </TextEquiv>
        </Word>
        <Word id="w327">
          <Coords points="964,2353 1015,2353 1015,2407 964,2407"/>
          <TextEquiv>
            <Unicode>م</Unicode>
          </TextEquiv>
        </Word>
        <Word id="w328">
          <Coords points="931,2343 962,2343 962,2407 931,2407"/>
          <TextEquiv>
            <Unicode>و</Unicode>
          </TextEquiv>
        </Word>
        <Word id="w329">
          <Coords points="854,2342 935,2342 935,2424 854,2424"/>
          <TextEquiv>
            <Unicode>مجر</Unicode>
          </TextEquiv>
        </Word>
        <Word id="w330">
          <Coords points="820,2356 867,2356 867,2407 820,2407"/>
          <TextEquiv>
            <Unicode>و</Unicode>
          </TextEquiv>
        </Word>
        <Word id="w331">
          <Coords points="784,2352 833,2352 833,2400 784,2400"/>
          <TextEquiv>
            <Unicode>ر</Unicode>
          </TextEquiv>
        </Word>
        <Word id="w332">
          <Coords points="667,2309 786,2309 786,2397 667,2397"/>
          <TextEquiv>
            <Unicode>لفظا</Unicode>
          </TextEquiv>
        </Word>
        <Word id="w333">
          <Coords points="598,2353 669,2353 669,2435 598,2435"/>
          <TextEquiv>
            <Unicode>مع</Unicode>
          </TextEquiv>
        </Word>
        <Word id="w334">
          <Coords points="521,2312 586,2312 586,2389 521,2389"/>
          <TextEquiv>
            <Unicode>سا</Unicode>
          </TextEquiv>
        </Word>
        <Word id="w335">
          <Coords points="429,2316 509,2316 509,2404 429,2404"/>
          <TextEquiv>
            <Unicode>قة</Unicode>
          </TextEquiv>
        </Word>
        <Word id="w336">
          <Coords points="262,2306 424,2306 424,2408 262,2408"/>
          <TextEquiv>
            <Unicode>عطف</Unicode>
          </TextEquiv>
        </Word>
        <Word id="w337">
          <Coords points="186,2310 261,2310 261,2419 186,2419"/>
          <TextEquiv>
            <Unicode>بيا</Unicode>
          </TextEquiv>
        </Word>
        <Word id="w338">
          <Coords points="77,2311 179,2311 179,2405 77,2405"/>
          <TextEquiv>
            <Unicode>ن</Unicode>
          </TextEquiv>
        </Word>
        <TextEquiv>
          <Unicode> في شر ح ا لعصا م و مجر و ر لفظا مع سا قة عطف بيا ن</Unicode>
        </TextEquiv>
      </TextLine>
      <TextLine id="l17">
        <Coords points="97,2454 1356,2454 1356,2595 97,2595"/>
        <Word id="w339">
          <Coords points="1245,2496 1355,2496 1355,2578 1245,2578"/>
          <TextEquiv>
            <Unicode>لضر</Unicode>
          </TextEquiv>
        </Word>
        <Word id="w340">
          <Coords points="1174,2496 1251,2496 1251,2594 1174,2594"/>
          <TextEquiv>
            <Unicode>بين</Unicode>
          </TextEquiv>
        </Word>
        <Word id="w341">
          <Coords points="1156,2469 1173,2469 1173,2539 1156,2539"/>
          <TextEquiv>
            <Unicode>ا</Unicode>
          </TextEquiv>
        </Word>
        <Word id="w342">
          <Coords points="1115,2513 1151,2513 1151,2569 1115,2569"/>
          <TextEquiv>
            <Unicode>و</Unicode>
          </TextEquiv>
        </Word>
        <Word id="w343">
          <Coords points="1065,2501 1112,2501 1112,2574 1065,2574"/>
          <TextEquiv>
            <Unicode>بد</Unicode>
          </TextEquiv>
        </Word>
        <Word id="w344">
          <Coords points="1024,2480 1060,2480 1060,2560 1024,2560"/>
          <TextEquiv>
            <Unicode>ل</Unicode>
          </TextEquiv>
        </Word>
        <Word id="w345">
          <Coords points="929,2491 1024,2491 1024,2547 929,2547"/>
          <TextEquiv>
            <Unicode>منه</Unicode>
          </TextEquiv>
        </Word>
        <Word id="w346">
          <Coords points="844,2474 911,2474 911,2571 844,2571"/>
          <TextEquiv>
            <Unicode>على</Unicode>
          </TextEquiv>
        </Word>
        <Word id="w347">
          <Coords points="830,2477 851,2477 851,2539 830,2539"/>
          <TextEquiv>
            <Unicode>ا</Unicode>
          </TextEquiv>
        </Word>
        <Word id="w348">
          <Coords points="748,2481 819,2481 819,2576 748,2576"/>
          <TextEquiv>
            <Unicode>لبد</Unicode>
          </TextEquiv>
        </Word>
        <Word id="w349">
          <Coords points="705,2475 739,2475 739,2557 705,2557"/>
          <TextEquiv>
            <Unicode>ل</Unicode>
          </TextEquiv>
        </Word>
        <Word id="w350">
          <Coords points="692,2474 713,2474 713,2548 692,2548"/>
          <TextEquiv>
            <Unicode>ا</Unicode>
          </TextEquiv>
        </Word>
        <Word id="w351">
          <Coords points="471,2473 680,2473 680,2585 471,2585"/>
          <TextEquiv>
            <Unicode>لفصيلى</Unicode>
          </TextEquiv>
        </Word>
        <Word id="w352">
          <Coords points="419,2464 476,2464 476,2573 419,2573"/>
          <TextEquiv>
            <Unicode>بنا</Unicode>
          </TextEquiv>
        </Word>
        <Word id="w353">
          <Coords points="392,2508 414,2508 414,2539 392,2539"/>
          <TextEquiv>
            <Unicode>ء</Unicode>
          </TextEquiv>
        </Word>
        <Word id="w354">
          <Coords points="324,2454 389,2454 389,2572 324,2572"/>
          <TextEquiv>
            <Unicode>على</Unicode>
          </TextEquiv>
        </Word>
        <Word id="w355">
          <Coords points="304,2469 319,2469 319,2551 304,2551"/>
          <TextEquiv>
            <Unicode>ا</Unicode>
          </TextEquiv>
        </Word>
        <Word id="w356">
          <Coords points="260,2494 299,2494 299,2561 260,2561"/>
          <TextEquiv>
            <Unicode>ن</Unicode>
          </TextEquiv>
        </Word>
        <Word id="w357">
          <Coords points="97,2458 249,2458 249,2575 97,2575"/>
          <TextEquiv>
            <Unicode>فيهما</Unicode>
          </TextEquiv>
        </Word>
        <TextEquiv>
          <Unicode> لضر بين ا و بد ل منه على ا لبد ل ا لفصيلى بنا ء على ا ن فيهما</Unicode>
        </TextEquiv>
      </TextLine>
      <TextLine id="l18">
        <Coords points="58,2583 1357,2583 1357,2751 58,2751"/>
        <Word id="w358">
          <Coords points="1229,2640 1356,2640 1356,2723 1229,2723"/>
          <TextEquiv>
            <Unicode>للمصد</Unicode>
          </TextEquiv>
        </Word>
        <Word id="w359">
          <Coords points="1186,2665 1221,2665 1221,2707 1186,2707"/>
          <TextEquiv>
            <Unicode>ر</Unicode>
          </TextEquiv>
        </Word>
        <Word id="w360">
          <Coords points="1150,2646 1201,2646 1201,2728 1150,2728"/>
          <TextEquiv>
            <Unicode>يه</Unicode>
          </TextEquiv>
        </Word>
        <Word id="w361">
          <Coords points="1068,2628 1139,2628 1139,2723 1068,2723"/>
          <TextEquiv>
            <Unicode>على</Unicode>
          </TextEquiv>
        </Word>
        <Word id="w362">
          <Coords points="1040,2619 1084,2619 1084,2701 1040,2701"/>
          <TextEquiv>
            <Unicode>ما</Unicode>
          </TextEquiv>
        </Word>
        <Word id="w363">
          <Coords points="940,2666 1028,2666 1028,2716 940,2716"/>
          <TextEquiv>
            <Unicode>صر</Unicode>
          </TextEquiv>
        </Word>
        <Word id="w364">
          <Coords points="907,2659 1000,2659 1000,2750 907,2750"/>
          <TextEquiv>
            <Unicode>ح</Unicode>
          </TextEquiv>
        </Word>
        <Word id="w365">
          <Coords points="851,2631 898,2631 898,2707 851,2707"/>
          <TextEquiv>
            <Unicode>به</Unicode>
          </TextEquiv>
        </Word>
        <Word id="w366">
          <Coords points="811,2622 825,2622 825,2696 811,2696"/>
          <TextEquiv>
            <Unicode>ا</Unicode>
          </TextEquiv>
        </Word>
        <Word id="w367">
          <Coords points="707,2621 808,2621 808,2717 707,2717"/>
          <TextEquiv>
            <Unicode>يضا</Unicode>
          </TextEquiv>
        </Word>
        <Word id="w368">
          <Coords points="688,2627 706,2627 706,2694 688,2694"/>
          <TextEquiv>
            <Unicode>ا</Unicode>
          </TextEquiv>
        </Word>
        <Word id="w369">
          <Coords points="628,2631 680,2631 680,2716 628,2716"/>
          <TextEquiv>
            <Unicode>لمو</Unicode>
          </TextEquiv>
        </Word>
        <Word id="w370">
          <Coords points="574,2630 625,2630 625,2711 574,2711"/>
          <TextEquiv>
            <Unicode>لى</Unicode>
          </TextEquiv>
        </Word>
        <Word id="w371">
          <Coords points="564,2632 582,2632 582,2682 564,2682"/>
          <TextEquiv>
            <Unicode>ا</Unicode>
          </TextEquiv>
        </Word>
        <Word id="w372">
          <Coords points="490,2626 558,2626 558,2723 490,2723"/>
          <TextEquiv>
            <Unicode>لمز</Unicode>
          </TextEquiv>
        </Word>
        <Word id="w373">
          <Coords points="439,2646 490,2646 490,2732 439,2732"/>
          <TextEquiv>
            <Unicode>بو</Unicode>
          </TextEquiv>
        </Word>
        <Word id="w374">
          <Coords points="402,2669 443,2669 443,2708 402,2708"/>
          <TextEquiv>
            <Unicode>ر</Unicode>
          </TextEquiv>
        </Word>
        <Word id="w375">
          <Coords points="348,2607 428,2607 428,2724 348,2724"/>
          <TextEquiv>
            <Unicode>في</Unicode>
          </TextEquiv>
        </Word>
        <Word id="w376">
          <Coords points="268,2599 343,2599 343,2714 268,2714"/>
          <TextEquiv>
            <Unicode>كتا</Unicode>
          </TextEquiv>
        </Word>
        <Word id="w377">
          <Coords points="212,2638 259,2638 259,2724 212,2724"/>
          <TextEquiv>
            <Unicode>به</Unicode>
          </TextEquiv>
        </Word>
        <Word id="w378">
          <Coords points="179,2625 199,2625 199,2696 179,2696"/>
          <TextEquiv>
            <Unicode>ا</Unicode>
          </TextEquiv>
        </Word>
        <Word id="w379">
          <Coords points="112,2623 175,2623 175,2708 112,2708"/>
          <TextEquiv>
            <Unicode>لمذ</Unicode>
          </TextEquiv>
        </Word>
        <Word id="w380">
          <Coords points="76,2583 164,2583 164,2683 76,2683"/>
          <TextEquiv>
            <Unicode>كو</Unicode>
          </TextEquiv>
        </Word>
        <Word id="w381">
          <Coords points="58,2634 85,2634 85,2672 58,2672"/>
          <TextEquiv>
            <Unicode>ر</Unicode>
          </TextEquiv>
        </Word>
        <TextEquiv>
          <Unicode> للمصد ر يه على ما صر ح به ا يضا ا لمو لى ا لمز بو ر في كتا به ا لمذ كو ر</Unicode>
        </TextEquiv>
      </TextLine>
      <TextLine id="l19">
        <Coords points="83,2747 1366,2747 1366,2871 83,2871"/>
        <Word id="w382">
          <Coords points="1326,2794 1365,2794 1365,2847 1326,2847"/>
          <TextEquiv>
            <Unicode>و</Unicode>
          </TextEquiv>
        </Word>
        <Word id="w383">
          <Coords points="1314,2767 1329,2767 1329,2824 1314,2824"/>
          <TextEquiv>
            <Unicode>ا</Unicode>
          </TextEquiv>
        </Word>
        <Word id="w384">
          <Coords points="1263,2763 1307,2763 1307,2844 1263,2844"/>
          <TextEquiv>
            <Unicode>ما</Unicode>
          </TextEquiv>
        </Word>
        <Word id="w385">
          <Coords points="1090,2768 1250,2768 1250,2860 1090,2860"/>
          <TextEquiv>
            <Unicode>نصبهما</Unicode>
          </TextEquiv>
        </Word>
        <Word id="w386">
          <Coords points="1038,2771 1062,2771 1062,2837 1038,2837"/>
          <TextEquiv>
            <Unicode>ا</Unicode>
          </TextEquiv>
        </Word>
        <Word id="w387">
          <Coords points="998,2773 1032,2773 1032,2859 998,2859"/>
          <TextEquiv>
            <Unicode>ن</Unicode>
          </TextEquiv>
        </Word>
        <Word id="w388">
          <Coords points="922,2776 999,2776 999,2865 922,2865"/>
          <TextEquiv>
            <Unicode>لم</Unicode>
          </TextEquiv>
        </Word>
        <Word id="w389">
          <Coords points="850,2747 947,2747 947,2865 850,2865"/>
          <TextEquiv>
            <Unicode>يسا</Unicode>
          </TextEquiv>
        </Word>
        <Word id="w390">
          <Coords points="788,2782 847,2782 847,2838 788,2838"/>
          <TextEquiv>
            <Unicode>عد</Unicode>
          </TextEquiv>
        </Word>
        <Word id="w391">
          <Coords points="757,2795 776,2795 776,2834 757,2834"/>
          <TextEquiv>
            <Unicode>ه</Unicode>
          </TextEquiv>
        </Word>
        <Word id="w392">
          <Coords points="702,2790 743,2790 743,2842 702,2842"/>
          <TextEquiv>
            <Unicode>ر</Unicode>
          </TextEquiv>
        </Word>
        <Word id="w393">
          <Coords points="639,2789 701,2789 701,2867 639,2867"/>
          <TextEquiv>
            <Unicode>سم</Unicode>
          </TextEquiv>
        </Word>
        <Word id="w394">
          <Coords points="623,2760 637,2760 637,2833 623,2833"/>
          <TextEquiv>
            <Unicode>ا</Unicode>
          </TextEquiv>
        </Word>
        <Word id="w395">
          <Coords points="510,2766 618,2766 618,2848 510,2848"/>
          <TextEquiv>
            <Unicode>لخط</Unicode>
          </TextEquiv>
        </Word>
        <Word id="w396">
          <Coords points="399,2769 501,2769 501,2870 399,2870"/>
          <TextEquiv>
            <Unicode>فعلى</Unicode>
          </TextEquiv>
        </Word>
        <Word id="w397">
          <Coords points="390,2774 405,2774 405,2833 390,2833"/>
          <TextEquiv>
            <Unicode>ا</Unicode>
          </TextEquiv>
        </Word>
        <Word id="w398">
          <Coords points="254,2780 379,2780 379,2864 254,2864"/>
          <TextEquiv>
            <Unicode>لمفعو</Unicode>
          </TextEquiv>
        </Word>
        <Word id="w399">
          <Coords points="229,2762 272,2762 272,2834 229,2834"/>
          <TextEquiv>
            <Unicode>ل</Unicode>
          </TextEquiv>
        </Word>
        <Word id="w400">
          <Coords points="203,2774 237,2774 237,2852 203,2852"/>
          <TextEquiv>
            <Unicode>به</Unicode>
          </TextEquiv>
        </Word>
        <Word id="w401">
          <Coords points="134,2756 196,2756 196,2847 134,2847"/>
          <TextEquiv>
            <Unicode>لا</Unicode>
          </TextEquiv>
        </Word>
        <Word id="w402">
          <Coords points="83,2768 139,2768 139,2859 83,2859"/>
          <TextEquiv>
            <Unicode>عني</Unicode>
          </TextEquiv>
        </Word>
        <TextEquiv>
          <Unicode> و ا ما نصبهما ا ن لم يسا عد ه ر سم ا لخط فعلى ا لمفعو ل به لا عني</Unicode>
        </TextEquiv>
      </TextLine>
    </TextRegion>
  </Page>
</PcGts>
