<?xml version='1.0' encoding='utf-8'?>
<PcGts xmlns:xsi="http://www.w3.org/2001/XMLSchema-instance" xmlns="http://schema.primaresearch.org/PAGE/gts/pagecontent/2019-07-15" xsi:schemaLocation="http://schema.primaresearch.org/PAGE/gts/pagecontent/2019-07-15 http://schema.primaresearch.org/PAGE/gts/pagecontent/2019-07-15/pagecontent.xsd" pcGtsId="pc-aletheiaexamplepage">
  <Metadata>
    <Creator>PRImA Research Lab</Creator>
    <Created>2015-07-17T15:27:13</Created>
    <LastChange>2017-07-14T10:03:33</LastChange>
    <Comments>Example Page</Comments>
  </Metadata>
  <Page imageFilename="3368132/_0010-1.png" imageWidth="1345" imageHeight="2866">
    <TextRegion id="r0" type="paragraph">
      <Coords points="1,1 1343,1 1343,2864 1,2864"/>
      <TextLine id="l0">
        <Coords points="56,45 1323,45 1323,189 56,189"/>
        <Word id="w0">
          <Coords points="1271,68 1322,68 1322,162 1271,162"/>
          <TextEquiv>
            <Unicode>قو</Unicode>
          </TextEquiv>
        </Word>
        <Word id="w1">
          <Coords points="1232,78 1271,78 1271,131 1232,131"/>
          <TextEquiv>
            <Unicode>له</Unicode>
          </TextEquiv>
        </Word>
        <Word id="w2">
          <Coords points="1148,64 1229,64 1229,103 1148,103"/>
          <TextEquiv>
            <Unicode>لى</Unicode>
          </TextEquiv>
        </Word>
        <Word id="w3">
          <Coords points="1133,59 1231,59 1231,150 1133,150"/>
          <TextEquiv>
            <Unicode>تعا</Unicode>
          </TextEquiv>
        </Word>
        <Word id="w4">
          <Coords points="1088,103 1129,103 1129,149 1088,149"/>
          <TextEquiv>
            <Unicode>و</Unicode>
          </TextEquiv>
        </Word>
        <Word id="w5">
          <Coords points="1081,68 1095,68 1095,123 1081,123"/>
          <TextEquiv>
            <Unicode>ا</Unicode>
          </TextEquiv>
        </Word>
        <Word id="w6">
          <Coords points="1039,84 1077,84 1077,146 1039,146"/>
          <TextEquiv>
            <Unicode>ن</Unicode>
          </TextEquiv>
        </Word>
        <Word id="w7">
          <Coords points="892,72 1042,72 1042,188 892,188"/>
          <TextEquiv>
            <Unicode>جهنم</Unicode>
          </TextEquiv>
        </Word>
        <Word id="w8">
          <Coords points="806,72 881,72 881,151 806,151"/>
          <TextEquiv>
            <Unicode>لمو</Unicode>
          </TextEquiv>
        </Word>
        <Word id="w9">
          <Coords points="755,86 815,86 815,128 755,128"/>
          <TextEquiv>
            <Unicode>عد</Unicode>
          </TextEquiv>
        </Word>
        <Word id="w10">
          <Coords points="676,52 690,52 690,119 676,119"/>
          <TextEquiv>
            <Unicode>ا</Unicode>
          </TextEquiv>
        </Word>
        <Word id="w11">
          <Coords points="661,80 748,80 748,155 661,155"/>
          <TextEquiv>
            <Unicode>هم</Unicode>
          </TextEquiv>
        </Word>
        <Word id="w12">
          <Coords points="521,72 666,72 666,155 521,155"/>
          <TextEquiv>
            <Unicode>جمعين</Unicode>
          </TextEquiv>
        </Word>
        <Word id="w13">
          <Coords points="501,53 522,53 522,118 501,118"/>
          <TextEquiv>
            <Unicode>ا</Unicode>
          </TextEquiv>
        </Word>
        <Word id="w14">
          <Coords points="439,57 490,57 490,149 439,149"/>
          <TextEquiv>
            <Unicode>قو</Unicode>
          </TextEquiv>
        </Word>
        <Word id="w15">
          <Coords points="402,63 439,63 439,134 402,134"/>
          <TextEquiv>
            <Unicode>ل</Unicode>
          </TextEquiv>
        </Word>
        <Word id="w16">
          <Coords points="262,63 398,63 398,151 262,151"/>
          <TextEquiv>
            <Unicode>يشهد</Unicode>
          </TextEquiv>
        </Word>
        <Word id="w17">
          <Coords points="168,57 255,57 255,147 168,147"/>
          <TextEquiv>
            <Unicode>بقو</Unicode>
          </TextEquiv>
        </Word>
        <Word id="w18">
          <Coords points="56,45 178,45 178,143 56,143"/>
          <TextEquiv>
            <Unicode>ل</Unicode>
          </TextEquiv>
        </Word>
        <TextEquiv>
          <Unicode> قو له لى تعا و ا ن جهنم لمو عد ا هم جمعين ا قو ل يشهد بقو ل</Unicode>
        </TextEquiv>
      </TextLine>
      <TextLine id="l1">
        <Coords points="55,191 1309,191 1309,328 55,328"/>
        <Word id="w19">
          <Coords points="1222,219 1308,219 1308,304 1222,304"/>
          <TextEquiv>
            <Unicode>هؤ</Unicode>
          </TextEquiv>
        </Word>
        <Word id="w20">
          <Coords points="1163,218 1218,218 1218,287 1163,287"/>
          <TextEquiv>
            <Unicode>لا</Unicode>
          </TextEquiv>
        </Word>
        <Word id="w21">
          <Coords points="1151,252 1177,252 1177,279 1151,279"/>
          <TextEquiv>
            <Unicode>ء</Unicode>
          </TextEquiv>
        </Word>
        <Word id="w22">
          <Coords points="1117,215 1150,215 1150,283 1117,283"/>
          <TextEquiv>
            <Unicode>ا</Unicode>
          </TextEquiv>
        </Word>
        <Word id="w23">
          <Coords points="1024,191 1118,191 1118,295 1024,295"/>
          <TextEquiv>
            <Unicode>لكر</Unicode>
          </TextEquiv>
        </Word>
        <Word id="w24">
          <Coords points="993,239 1040,239 1040,327 993,327"/>
          <TextEquiv>
            <Unicode>يم</Unicode>
          </TextEquiv>
        </Word>
        <Word id="w25">
          <Coords points="926,208 975,208 975,277 926,277"/>
          <TextEquiv>
            <Unicode>ما</Unicode>
          </TextEquiv>
        </Word>
        <Word id="w26">
          <Coords points="873,242 912,242 912,286 873,286"/>
          <TextEquiv>
            <Unicode>و</Unicode>
          </TextEquiv>
        </Word>
        <Word id="w27">
          <Coords points="821,210 893,210 893,327 821,327"/>
          <TextEquiv>
            <Unicode>قع</Unicode>
          </TextEquiv>
        </Word>
        <Word id="w28">
          <Coords points="753,204 808,204 808,292 753,292"/>
          <TextEquiv>
            <Unicode>في</Unicode>
          </TextEquiv>
        </Word>
        <Word id="w29">
          <Coords points="749,214 763,214 763,273 749,273"/>
          <TextEquiv>
            <Unicode>ا</Unicode>
          </TextEquiv>
        </Word>
        <Word id="w30">
          <Coords points="671,224 743,224 743,294 671,294"/>
          <TextEquiv>
            <Unicode>لمو</Unicode>
          </TextEquiv>
        </Word>
        <Word id="w31">
          <Coords points="609,210 674,210 674,279 609,279"/>
          <TextEquiv>
            <Unicode>طا</Unicode>
          </TextEquiv>
        </Word>
        <Word id="w32">
          <Coords points="571,248 605,248 605,275 571,275"/>
          <TextEquiv>
            <Unicode>ء</Unicode>
          </TextEquiv>
        </Word>
        <Word id="w33">
          <Coords points="484,228 568,228 568,297 484,297"/>
          <TextEquiv>
            <Unicode>عن</Unicode>
          </TextEquiv>
        </Word>
        <Word id="w34">
          <Coords points="373,229 493,229 493,301 373,301"/>
          <TextEquiv>
            <Unicode>سيد</Unicode>
          </TextEquiv>
        </Word>
        <Word id="w35">
          <Coords points="357,198 371,198 371,269 357,269"/>
          <TextEquiv>
            <Unicode>ا</Unicode>
          </TextEquiv>
        </Word>
        <Word id="w36">
          <Coords points="287,199 344,199 344,277 287,277"/>
          <TextEquiv>
            <Unicode>لا</Unicode>
          </TextEquiv>
        </Word>
        <Word id="w37">
          <Coords points="247,203 295,203 295,280 247,280"/>
          <TextEquiv>
            <Unicode>نا</Unicode>
          </TextEquiv>
        </Word>
        <Word id="w38">
          <Coords points="183,243 239,243 239,285 183,285"/>
          <TextEquiv>
            <Unicode>م</Unicode>
          </TextEquiv>
        </Word>
        <Word id="w39">
          <Coords points="153,231 192,231 192,279 153,279"/>
          <TextEquiv>
            <Unicode>و</Unicode>
          </TextEquiv>
        </Word>
        <Word id="w40">
          <Coords points="142,197 158,197 158,261 142,261"/>
          <TextEquiv>
            <Unicode>ا</Unicode>
          </TextEquiv>
        </Word>
        <Word id="w41">
          <Coords points="55,193 136,193 136,288 55,288"/>
          <TextEquiv>
            <Unicode>ن</Unicode>
          </TextEquiv>
        </Word>
        <TextEquiv>
          <Unicode> هؤ لا ء ا لكر يم ما و قع في ا لمو طا ء عن سيد ا لا نا م و ا ن</Unicode>
        </TextEquiv>
      </TextLine>
      <TextLine id="l2">
        <Coords points="57,356 1326,356 1326,467 57,467"/>
        <Word id="w42">
          <Coords points="1213,379 1325,379 1325,464 1213,464"/>
          <TextEquiv>
            <Unicode>صلى</Unicode>
          </TextEquiv>
        </Word>
        <Word id="w43">
          <Coords points="1114,368 1207,368 1207,458 1114,458"/>
          <TextEquiv>
            <Unicode>قعو</Unicode>
          </TextEquiv>
        </Word>
        <Word id="w44">
          <Coords points="1085,408 1116,408 1116,439 1085,439"/>
          <TextEquiv>
            <Unicode>د</Unicode>
          </TextEquiv>
        </Word>
        <Word id="w45">
          <Coords points="1064,362 1089,362 1089,422 1064,422"/>
          <TextEquiv>
            <Unicode>ا</Unicode>
          </TextEquiv>
        </Word>
        <Word id="w46">
          <Coords points="928,368 1060,368 1060,464 928,464"/>
          <TextEquiv>
            <Unicode>فصلى</Unicode>
          </TextEquiv>
        </Word>
        <Word id="w47">
          <Coords points="845,356 920,356 920,458 845,458"/>
          <TextEquiv>
            <Unicode>قعو</Unicode>
          </TextEquiv>
        </Word>
        <Word id="w48">
          <Coords points="807,407 838,407 838,446 807,446"/>
          <TextEquiv>
            <Unicode>د</Unicode>
          </TextEquiv>
        </Word>
        <Word id="w49">
          <Coords points="797,373 819,373 819,427 797,427"/>
          <TextEquiv>
            <Unicode>ا</Unicode>
          </TextEquiv>
        </Word>
        <Word id="w50">
          <Coords points="766,370 788,370 788,450 766,450"/>
          <TextEquiv>
            <Unicode>ا</Unicode>
          </TextEquiv>
        </Word>
        <Word id="w51">
          <Coords points="594,388 760,388 760,452 594,452"/>
          <TextEquiv>
            <Unicode>جمعين</Unicode>
          </TextEquiv>
        </Word>
        <Word id="w52">
          <Coords points="459,386 601,386 601,462 459,462"/>
          <TextEquiv>
            <Unicode>حيث</Unicode>
          </TextEquiv>
        </Word>
        <Word id="w53">
          <Coords points="277,358 445,358 445,459 277,459"/>
          <TextEquiv>
            <Unicode>تنصب</Unicode>
          </TextEquiv>
        </Word>
        <Word id="w54">
          <Coords points="257,357 284,357 284,411 257,411"/>
          <TextEquiv>
            <Unicode>ا</Unicode>
          </TextEquiv>
        </Word>
        <Word id="w55">
          <Coords points="57,377 255,377 255,466 57,466"/>
          <TextEquiv>
            <Unicode>جمعين</Unicode>
          </TextEquiv>
        </Word>
        <TextEquiv>
          <Unicode> صلى قعو د ا فصلى قعو د ا ا جمعين حيث تنصب ا جمعين</Unicode>
        </TextEquiv>
      </TextLine>
      <TextLine id="l3">
        <Coords points="56,492 1320,492 1320,642 56,642"/>
        <Word id="w56">
          <Coords points="1245,513 1319,513 1319,608 1245,608"/>
          <TextEquiv>
            <Unicode>على</Unicode>
          </TextEquiv>
        </Word>
        <Word id="w57">
          <Coords points="1233,518 1250,518 1250,576 1233,576"/>
          <TextEquiv>
            <Unicode>ا</Unicode>
          </TextEquiv>
        </Word>
        <Word id="w58">
          <Coords points="1166,508 1231,508 1231,585 1166,585"/>
          <TextEquiv>
            <Unicode>لحا</Unicode>
          </TextEquiv>
        </Word>
        <Word id="w59">
          <Coords points="1076,521 1157,521 1157,611 1076,611"/>
          <TextEquiv>
            <Unicode>لية</Unicode>
          </TextEquiv>
        </Word>
        <Word id="w60">
          <Coords points="1024,550 1061,550 1061,596 1024,596"/>
          <TextEquiv>
            <Unicode>و</Unicode>
          </TextEquiv>
        </Word>
        <Word id="w61">
          <Coords points="968,516 1019,516 1019,585 968,585"/>
          <TextEquiv>
            <Unicode>لا</Unicode>
          </TextEquiv>
        </Word>
        <Word id="w62">
          <Coords points="906,504 975,504 975,602 906,602"/>
          <TextEquiv>
            <Unicode>مجا</Unicode>
          </TextEquiv>
        </Word>
        <Word id="w63">
          <Coords points="861,523 898,523 898,586 861,586"/>
          <TextEquiv>
            <Unicode>ل</Unicode>
          </TextEquiv>
        </Word>
        <Word id="w64">
          <Coords points="739,492 855,492 855,591 739,591"/>
          <TextEquiv>
            <Unicode>للتأ</Unicode>
          </TextEquiv>
        </Word>
        <Word id="w65">
          <Coords points="647,521 728,521 728,611 647,611"/>
          <TextEquiv>
            <Unicode>كيد</Unicode>
          </TextEquiv>
        </Word>
        <Word id="w66">
          <Coords points="594,550 632,550 632,597 594,597"/>
          <TextEquiv>
            <Unicode>و</Unicode>
          </TextEquiv>
        </Word>
        <Word id="w67">
          <Coords points="577,506 592,506 592,580 577,580"/>
          <TextEquiv>
            <Unicode>ا</Unicode>
          </TextEquiv>
        </Word>
        <Word id="w68">
          <Coords points="513,513 573,513 573,588 513,588"/>
          <TextEquiv>
            <Unicode>لا</Unicode>
          </TextEquiv>
        </Word>
        <Word id="w69">
          <Coords points="458,529 506,529 506,600 458,600"/>
          <TextEquiv>
            <Unicode>لر</Unicode>
          </TextEquiv>
        </Word>
        <Word id="w70">
          <Coords points="399,515 494,515 494,641 399,641"/>
          <TextEquiv>
            <Unicode>فع</Unicode>
          </TextEquiv>
        </Word>
        <Word id="w71">
          <Coords points="346,557 389,557 389,606 346,606"/>
          <TextEquiv>
            <Unicode>و</Unicode>
          </TextEquiv>
        </Word>
        <Word id="w72">
          <Coords points="313,560 347,560 347,606 313,606"/>
          <TextEquiv>
            <Unicode>ر</Unicode>
          </TextEquiv>
        </Word>
        <Word id="w73">
          <Coords points="269,560 312,560 312,610 269,610"/>
          <TextEquiv>
            <Unicode>و</Unicode>
          </TextEquiv>
        </Word>
        <Word id="w74">
          <Coords points="229,541 273,541 273,628 229,628"/>
          <TextEquiv>
            <Unicode>ي</Unicode>
          </TextEquiv>
        </Word>
        <Word id="w75">
          <Coords points="209,514 235,514 235,571 209,571"/>
          <TextEquiv>
            <Unicode>ا</Unicode>
          </TextEquiv>
        </Word>
        <Word id="w76">
          <Coords points="88,555 216,555 216,618 88,618"/>
          <TextEquiv>
            <Unicode>جمعو</Unicode>
          </TextEquiv>
        </Word>
        <Word id="w77">
          <Coords points="56,524 104,524 104,593 56,593"/>
          <TextEquiv>
            <Unicode>ن</Unicode>
          </TextEquiv>
        </Word>
        <TextEquiv>
          <Unicode> على ا لحا لية و لا مجا ل للتأ كيد و ا لا لر فع و ر و ي ا جمعو ن</Unicode>
        </TextEquiv>
      </TextLine>
      <TextLine id="l4">
        <Coords points="66,645 1314,645 1314,755 66,755"/>
        <Word id="w78">
          <Coords points="1277,661 1313,661 1313,753 1277,753"/>
          <TextEquiv>
            <Unicode>با</Unicode>
          </TextEquiv>
        </Word>
        <Word id="w79">
          <Coords points="1215,667 1263,667 1263,751 1215,751"/>
          <TextEquiv>
            <Unicode>لو</Unicode>
          </TextEquiv>
        </Word>
        <Word id="w80">
          <Coords points="1194,663 1215,663 1215,719 1194,719"/>
          <TextEquiv>
            <Unicode>ا</Unicode>
          </TextEquiv>
        </Word>
        <Word id="w81">
          <Coords points="1138,694 1193,694 1193,744 1138,744"/>
          <TextEquiv>
            <Unicode>و</Unicode>
          </TextEquiv>
        </Word>
        <Word id="w82">
          <Coords points="1066,656 1149,656 1149,754 1066,754"/>
          <TextEquiv>
            <Unicode>على</Unicode>
          </TextEquiv>
        </Word>
        <Word id="w83">
          <Coords points="1058,657 1087,657 1087,725 1058,725"/>
          <TextEquiv>
            <Unicode>ا</Unicode>
          </TextEquiv>
        </Word>
        <Word id="w84">
          <Coords points="957,646 1045,646 1045,740 957,740"/>
          <TextEquiv>
            <Unicode>لتأ</Unicode>
          </TextEquiv>
        </Word>
        <Word id="w85">
          <Coords points="873,657 949,657 949,750 873,750"/>
          <TextEquiv>
            <Unicode>كيد</Unicode>
          </TextEquiv>
        </Word>
        <Word id="w86">
          <Coords points="798,646 878,646 878,743 798,743"/>
          <TextEquiv>
            <Unicode>كما</Unicode>
          </TextEquiv>
        </Word>
        <Word id="w87">
          <Coords points="759,670 787,670 787,736 759,736"/>
          <TextEquiv>
            <Unicode>ذ</Unicode>
          </TextEquiv>
        </Word>
        <Word id="w88">
          <Coords points="692,645 777,645 777,753 692,753"/>
          <TextEquiv>
            <Unicode>كر</Unicode>
          </TextEquiv>
        </Word>
        <Word id="w89">
          <Coords points="675,696 698,696 698,728 675,728"/>
          <TextEquiv>
            <Unicode>ه</Unicode>
          </TextEquiv>
        </Word>
        <Word id="w90">
          <Coords points="640,663 656,663 656,735 640,735"/>
          <TextEquiv>
            <Unicode>ا</Unicode>
          </TextEquiv>
        </Word>
        <Word id="w91">
          <Coords points="475,669 630,669 630,747 475,747"/>
          <TextEquiv>
            <Unicode>لسيو</Unicode>
          </TextEquiv>
        </Word>
        <Word id="w92">
          <Coords points="438,658 506,658 506,742 438,742"/>
          <TextEquiv>
            <Unicode>طى</Unicode>
          </TextEquiv>
        </Word>
        <Word id="w93">
          <Coords points="375,692 428,692 428,741 375,741"/>
          <TextEquiv>
            <Unicode>و</Unicode>
          </TextEquiv>
        </Word>
        <Word id="w94">
          <Coords points="313,678 388,678 388,751 313,751"/>
          <TextEquiv>
            <Unicode>عن</Unicode>
          </TextEquiv>
        </Word>
        <Word id="w95">
          <Coords points="305,665 320,665 320,715 305,715"/>
          <TextEquiv>
            <Unicode>ا</Unicode>
          </TextEquiv>
        </Word>
        <Word id="w96">
          <Coords points="221,658 288,658 288,737 221,737"/>
          <TextEquiv>
            <Unicode>لثا</Unicode>
          </TextEquiv>
        </Word>
        <Word id="w97">
          <Coords points="143,665 211,665 211,731 143,731"/>
          <TextEquiv>
            <Unicode>لث</Unicode>
          </TextEquiv>
        </Word>
        <Word id="w98">
          <Coords points="128,661 142,661 142,718 128,718"/>
          <TextEquiv>
            <Unicode>ا</Unicode>
          </TextEquiv>
        </Word>
        <Word id="w99">
          <Coords points="66,676 120,676 120,730 66,730"/>
          <TextEquiv>
            <Unicode>ن</Unicode>
          </TextEquiv>
        </Word>
        <TextEquiv>
          <Unicode> با لو ا و على ا لتأ كيد كما ذ كر ه ا لسيو طى و عن ا لثا لث ا ن</Unicode>
        </TextEquiv>
      </TextLine>
      <TextLine id="l5">
        <Coords points="62,784 1313,784 1313,916 62,916"/>
        <Word id="w100">
          <Coords points="1228,810 1312,810 1312,900 1228,900"/>
          <TextEquiv>
            <Unicode>تعر</Unicode>
          </TextEquiv>
        </Word>
        <Word id="w101">
          <Coords points="1164,806 1242,806 1242,908 1164,908"/>
          <TextEquiv>
            <Unicode>يف</Unicode>
          </TextEquiv>
        </Word>
        <Word id="w102">
          <Coords points="1158,794 1174,794 1174,844 1158,844"/>
          <TextEquiv>
            <Unicode>ا</Unicode>
          </TextEquiv>
        </Word>
        <Word id="w103">
          <Coords points="1003,809 1154,809 1154,899 1003,899"/>
          <TextEquiv>
            <Unicode>جمعين</Unicode>
          </TextEquiv>
        </Word>
        <Word id="w104">
          <Coords points="939,808 991,808 991,892 939,892"/>
          <TextEquiv>
            <Unicode>لو</Unicode>
          </TextEquiv>
        </Word>
        <Word id="w105">
          <Coords points="868,807 944,807 944,915 868,915"/>
          <TextEquiv>
            <Unicode>سلم</Unicode>
          </TextEquiv>
        </Word>
        <Word id="w106">
          <Coords points="758,815 857,815 857,911 758,911"/>
          <TextEquiv>
            <Unicode>فهو</Unicode>
          </TextEquiv>
        </Word>
        <Word id="w107">
          <Coords points="680,803 764,803 764,908 680,908"/>
          <TextEquiv>
            <Unicode>مؤ</Unicode>
          </TextEquiv>
        </Word>
        <Word id="w108">
          <Coords points="648,807 684,807 684,876 648,876"/>
          <TextEquiv>
            <Unicode>ل</Unicode>
          </TextEquiv>
        </Word>
        <Word id="w109">
          <Coords points="601,789 637,789 637,897 601,897"/>
          <TextEquiv>
            <Unicode>با</Unicode>
          </TextEquiv>
        </Word>
        <Word id="w110">
          <Coords points="473,794 587,794 587,892 473,892"/>
          <TextEquiv>
            <Unicode>لنكر</Unicode>
          </TextEquiv>
        </Word>
        <Word id="w111">
          <Coords points="446,804 467,804 467,867 446,867"/>
          <TextEquiv>
            <Unicode>ة</Unicode>
          </TextEquiv>
        </Word>
        <Word id="w112">
          <Coords points="420,809 433,809 433,856 420,856"/>
          <TextEquiv>
            <Unicode>ا</Unicode>
          </TextEquiv>
        </Word>
        <Word id="w113">
          <Coords points="350,831 414,831 414,896 350,896"/>
          <TextEquiv>
            <Unicode>ي</Unicode>
          </TextEquiv>
        </Word>
        <Word id="w114">
          <Coords points="187,804 356,804 356,904 187,904"/>
          <TextEquiv>
            <Unicode>مجتمعين</Unicode>
          </TextEquiv>
        </Word>
        <Word id="w115">
          <Coords points="128,784 205,784 205,885 128,885"/>
          <TextEquiv>
            <Unicode>كما</Unicode>
          </TextEquiv>
        </Word>
        <Word id="w116">
          <Coords points="62,795 113,795 113,885 62,885"/>
          <TextEquiv>
            <Unicode>في</Unicode>
          </TextEquiv>
        </Word>
        <TextEquiv>
          <Unicode> تعر يف ا جمعين لو سلم فهو مؤ ل با لنكر ة ا ي مجتمعين كما في</Unicode>
        </TextEquiv>
      </TextLine>
      <TextLine id="l6">
        <Coords points="66,912 1325,912 1325,1055 66,1055"/>
        <Word id="w117">
          <Coords points="1253,988 1324,988 1324,1054 1253,1054"/>
          <TextEquiv>
            <Unicode>مر</Unicode>
          </TextEquiv>
        </Word>
        <Word id="w118">
          <Coords points="1235,996 1268,996 1268,1033 1235,1033"/>
          <TextEquiv>
            <Unicode>ر</Unicode>
          </TextEquiv>
        </Word>
        <Word id="w119">
          <Coords points="1177,969 1233,969 1233,1025 1177,1025"/>
          <TextEquiv>
            <Unicode>ت</Unicode>
          </TextEquiv>
        </Word>
        <Word id="w120">
          <Coords points="1107,974 1155,974 1155,1040 1107,1040"/>
          <TextEquiv>
            <Unicode>به</Unicode>
          </TextEquiv>
        </Word>
        <Word id="w121">
          <Coords points="1048,989 1089,989 1089,1032 1048,1032"/>
          <TextEquiv>
            <Unicode>و</Unicode>
          </TextEquiv>
        </Word>
        <Word id="w122">
          <Coords points="985,969 1055,969 1055,1020 985,1020"/>
          <TextEquiv>
            <Unicode>حد</Unicode>
          </TextEquiv>
        </Word>
        <Word id="w123">
          <Coords points="952,986 975,986 975,1015 952,1015"/>
          <TextEquiv>
            <Unicode>ه</Unicode>
          </TextEquiv>
        </Word>
        <Word id="w124">
          <Coords points="923,958 936,958 936,1021 923,1021"/>
          <TextEquiv>
            <Unicode>ا</Unicode>
          </TextEquiv>
        </Word>
        <Word id="w125">
          <Coords points="859,982 909,982 909,1033 859,1033"/>
          <TextEquiv>
            <Unicode>ى</Unicode>
          </TextEquiv>
        </Word>
        <Word id="w126">
          <Coords points="740,961 861,961 861,1045 740,1045"/>
          <TextEquiv>
            <Unicode>منفر</Unicode>
          </TextEquiv>
        </Word>
        <Word id="w127">
          <Coords points="727,980 757,980 757,1014 727,1014"/>
          <TextEquiv>
            <Unicode>د</Unicode>
          </TextEquiv>
        </Word>
        <Word id="w128">
          <Coords points="711,938 728,938 728,998 711,998"/>
          <TextEquiv>
            <Unicode>ا</Unicode>
          </TextEquiv>
        </Word>
        <Word id="w129">
          <Coords points="662,986 707,986 707,1036 662,1036"/>
          <TextEquiv>
            <Unicode>و</Unicode>
          </TextEquiv>
        </Word>
        <Word id="w130">
          <Coords points="590,968 668,968 668,1048 590,1048"/>
          <TextEquiv>
            <Unicode>جو</Unicode>
          </TextEquiv>
        </Word>
        <Word id="w131">
          <Coords points="551,961 595,961 595,1027 551,1027"/>
          <TextEquiv>
            <Unicode>ز</Unicode>
          </TextEquiv>
        </Word>
        <Word id="w132">
          <Coords points="546,948 562,948 562,1007 546,1007"/>
          <TextEquiv>
            <Unicode>ا</Unicode>
          </TextEquiv>
        </Word>
        <Word id="w133">
          <Coords points="377,912 499,912 499,981 377,981"/>
          <TextEquiv>
            <Unicode>ي</Unicode>
          </TextEquiv>
        </Word>
        <Word id="w134">
          <Coords points="346,948 536,948 536,1033 346,1033"/>
          <TextEquiv>
            <Unicode>لقهستا</Unicode>
          </TextEquiv>
        </Word>
        <Word id="w135">
          <Coords points="287,930 367,930 367,1039 287,1039"/>
          <TextEquiv>
            <Unicode>كو</Unicode>
          </TextEquiv>
        </Word>
        <Word id="w136">
          <Coords points="238,964 282,964 282,1020 238,1020"/>
          <TextEquiv>
            <Unicode>نه</Unicode>
          </TextEquiv>
        </Word>
        <Word id="w137">
          <Coords points="66,955 227,955 227,1021 66,1021"/>
          <TextEquiv>
            <Unicode>صفة</Unicode>
          </TextEquiv>
        </Word>
        <TextEquiv>
          <Unicode> مر ر ت به و حد ه ا ى منفر د ا و جو ز ا ي لقهستا كو نه صفة</Unicode>
        </TextEquiv>
      </TextLine>
      <TextLine id="l7">
        <Coords points="54,1071 1314,1071 1314,1207 54,1207"/>
        <Word id="w138">
          <Coords points="1251,1121 1313,1121 1313,1181 1251,1181"/>
          <TextEquiv>
            <Unicode>للا</Unicode>
          </TextEquiv>
        </Word>
        <Word id="w139">
          <Coords points="1199,1101 1239,1101 1239,1177 1199,1177"/>
          <TextEquiv>
            <Unicode>ل</Unicode>
          </TextEquiv>
        </Word>
        <Word id="w140">
          <Coords points="1142,1131 1186,1131 1186,1180 1142,1180"/>
          <TextEquiv>
            <Unicode>و</Unicode>
          </TextEquiv>
        </Word>
        <Word id="w141">
          <Coords points="1053,1099 1149,1099 1149,1185 1053,1185"/>
          <TextEquiv>
            <Unicode>لعل</Unicode>
          </TextEquiv>
        </Word>
        <Word id="w142">
          <Coords points="946,1071 1051,1071 1051,1186 946,1186"/>
          <TextEquiv>
            <Unicode>مبنا</Unicode>
          </TextEquiv>
        </Word>
        <Word id="w143">
          <Coords points="914,1142 947,1142 947,1170 914,1170"/>
          <TextEquiv>
            <Unicode>ه</Unicode>
          </TextEquiv>
        </Word>
        <Word id="w144">
          <Coords points="829,1088 903,1088 903,1206 829,1206"/>
          <TextEquiv>
            <Unicode>على</Unicode>
          </TextEquiv>
        </Word>
        <Word id="w145">
          <Coords points="815,1096 837,1096 837,1167 815,1167"/>
          <TextEquiv>
            <Unicode>ا</Unicode>
          </TextEquiv>
        </Word>
        <Word id="w146">
          <Coords points="754,1112 804,1112 804,1175 754,1175"/>
          <TextEquiv>
            <Unicode>نه</Unicode>
          </TextEquiv>
        </Word>
        <Word id="w147">
          <Coords points="635,1132 740,1132 740,1201 635,1201"/>
          <TextEquiv>
            <Unicode>معر</Unicode>
          </TextEquiv>
        </Word>
        <Word id="w148">
          <Coords points="586,1095 643,1095 643,1167 586,1167"/>
          <TextEquiv>
            <Unicode>فة</Unicode>
          </TextEquiv>
        </Word>
        <Word id="w149">
          <Coords points="551,1102 566,1102 566,1173 551,1173"/>
          <TextEquiv>
            <Unicode>ا</Unicode>
          </TextEquiv>
        </Word>
        <Word id="w150">
          <Coords points="487,1132 540,1132 540,1184 487,1184"/>
          <TextEquiv>
            <Unicode>و</Unicode>
          </TextEquiv>
        </Word>
        <Word id="w151">
          <Coords points="426,1091 500,1091 500,1183 426,1183"/>
          <TextEquiv>
            <Unicode>على</Unicode>
          </TextEquiv>
        </Word>
        <Word id="w152">
          <Coords points="348,1082 432,1082 432,1201 348,1201"/>
          <TextEquiv>
            <Unicode>حمل</Unicode>
          </TextEquiv>
        </Word>
        <Word id="w153">
          <Coords points="334,1101 349,1101 349,1165 334,1165"/>
          <TextEquiv>
            <Unicode>ا</Unicode>
          </TextEquiv>
        </Word>
        <Word id="w154">
          <Coords points="242,1090 325,1090 325,1170 242,1170"/>
          <TextEquiv>
            <Unicode>ضا</Unicode>
          </TextEquiv>
        </Word>
        <Word id="w155">
          <Coords points="184,1090 237,1090 237,1170 184,1170"/>
          <TextEquiv>
            <Unicode>فة</Unicode>
          </TextEquiv>
        </Word>
        <Word id="w156">
          <Coords points="158,1096 172,1096 172,1164 158,1164"/>
          <TextEquiv>
            <Unicode>ا</Unicode>
          </TextEquiv>
        </Word>
        <Word id="w157">
          <Coords points="89,1100 148,1100 148,1178 89,1178"/>
          <TextEquiv>
            <Unicode>لا</Unicode>
          </TextEquiv>
        </Word>
        <Word id="w158">
          <Coords points="54,1111 88,1111 88,1178 54,1178"/>
          <TextEquiv>
            <Unicode>ل</Unicode>
          </TextEquiv>
        </Word>
        <TextEquiv>
          <Unicode> للا ل و لعل مبنا ه على ا نه معر فة ا و على حمل ا ضا فة ا لا ل</Unicode>
        </TextEquiv>
      </TextLine>
      <TextLine id="l8">
        <Coords points="21,1238 1318,1238 1318,1367 21,1367"/>
        <Word id="w159">
          <Coords points="1247,1255 1317,1255 1317,1356 1247,1356"/>
          <TextEquiv>
            <Unicode>على</Unicode>
          </TextEquiv>
        </Word>
        <Word id="w160">
          <Coords points="1234,1261 1259,1261 1259,1321 1234,1321"/>
          <TextEquiv>
            <Unicode>ا</Unicode>
          </TextEquiv>
        </Word>
        <Word id="w161">
          <Coords points="1102,1263 1228,1263 1228,1343 1102,1343"/>
          <TextEquiv>
            <Unicode>لعهد</Unicode>
          </TextEquiv>
        </Word>
        <Word id="w162">
          <Coords points="1082,1253 1107,1253 1107,1323 1082,1323"/>
          <TextEquiv>
            <Unicode>ا</Unicode>
          </TextEquiv>
        </Word>
        <Word id="w163">
          <Coords points="1021,1257 1075,1257 1075,1329 1021,1329"/>
          <TextEquiv>
            <Unicode>لذ</Unicode>
          </TextEquiv>
        </Word>
        <Word id="w164">
          <Coords points="927,1267 1016,1267 1016,1345 927,1345"/>
          <TextEquiv>
            <Unicode>هني</Unicode>
          </TextEquiv>
        </Word>
        <Word id="w165">
          <Coords points="911,1250 931,1250 931,1311 911,1311"/>
          <TextEquiv>
            <Unicode>ا</Unicode>
          </TextEquiv>
        </Word>
        <Word id="w166">
          <Coords points="864,1261 906,1261 906,1338 864,1338"/>
          <TextEquiv>
            <Unicode>ن</Unicode>
          </TextEquiv>
        </Word>
        <Word id="w167">
          <Coords points="772,1266 861,1266 861,1366 772,1366"/>
          <TextEquiv>
            <Unicode>منع</Unicode>
          </TextEquiv>
        </Word>
        <Word id="w168">
          <Coords points="753,1252 769,1252 769,1317 753,1317"/>
          <TextEquiv>
            <Unicode>ا</Unicode>
          </TextEquiv>
        </Word>
        <Word id="w169">
          <Coords points="618,1260 739,1260 739,1352 618,1352"/>
          <TextEquiv>
            <Unicode>لتعر</Unicode>
          </TextEquiv>
        </Word>
        <Word id="w170">
          <Coords points="550,1247 636,1247 636,1362 550,1362"/>
          <TextEquiv>
            <Unicode>يف</Unicode>
          </TextEquiv>
        </Word>
        <Word id="w171">
          <Coords points="499,1277 545,1277 545,1330 499,1330"/>
          <TextEquiv>
            <Unicode>و</Unicode>
          </TextEquiv>
        </Word>
        <Word id="w172">
          <Coords points="492,1244 515,1244 515,1320 492,1320"/>
          <TextEquiv>
            <Unicode>ا</Unicode>
          </TextEquiv>
        </Word>
        <Word id="w173">
          <Coords points="438,1251 487,1251 487,1338 438,1338"/>
          <TextEquiv>
            <Unicode>لو</Unicode>
          </TextEquiv>
        </Word>
        <Word id="w174">
          <Coords points="426,1249 444,1249 444,1305 426,1305"/>
          <TextEquiv>
            <Unicode>ا</Unicode>
          </TextEquiv>
        </Word>
        <Word id="w175">
          <Coords points="358,1290 413,1290 413,1338 358,1338"/>
          <TextEquiv>
            <Unicode>و</Unicode>
          </TextEquiv>
        </Word>
        <Word id="w176">
          <Coords points="354,1246 370,1246 370,1323 354,1323"/>
          <TextEquiv>
            <Unicode>ا</Unicode>
          </TextEquiv>
        </Word>
        <Word id="w177">
          <Coords points="264,1255 347,1255 347,1350 264,1350"/>
          <TextEquiv>
            <Unicode>بتد</Unicode>
          </TextEquiv>
        </Word>
        <Word id="w178">
          <Coords points="247,1238 262,1238 262,1312 247,1312"/>
          <TextEquiv>
            <Unicode>ا</Unicode>
          </TextEquiv>
        </Word>
        <Word id="w179">
          <Coords points="158,1243 244,1243 244,1338 158,1338"/>
          <TextEquiv>
            <Unicode>ئية</Unicode>
          </TextEquiv>
        </Word>
        <Word id="w180">
          <Coords points="21,1246 149,1246 149,1326 21,1326"/>
          <TextEquiv>
            <Unicode>مخصة</Unicode>
          </TextEquiv>
        </Word>
        <TextEquiv>
          <Unicode> على ا لعهد ا لذ هني ا ن منع ا لتعر يف و ا لو ا و ا بتد ا ئية مخصة</Unicode>
        </TextEquiv>
      </TextLine>
      <TextLine id="l9">
        <Coords points="50,1388 1322,1388 1322,1502 50,1502"/>
        <Word id="w181">
          <Coords points="1309,1411 1321,1411 1321,1472 1309,1472"/>
          <TextEquiv>
            <Unicode>ا</Unicode>
          </TextEquiv>
        </Word>
        <Word id="w182">
          <Coords points="1249,1438 1293,1438 1293,1485 1249,1485"/>
          <TextEquiv>
            <Unicode>و</Unicode>
          </TextEquiv>
        </Word>
        <Word id="w183">
          <Coords points="1182,1437 1256,1437 1256,1501 1182,1501"/>
          <TextEquiv>
            <Unicode>مع</Unicode>
          </TextEquiv>
        </Word>
        <Word id="w184">
          <Coords points="1174,1403 1191,1403 1191,1459 1174,1459"/>
          <TextEquiv>
            <Unicode>ا</Unicode>
          </TextEquiv>
        </Word>
        <Word id="w185">
          <Coords points="1077,1403 1161,1403 1161,1491 1077,1491"/>
          <TextEquiv>
            <Unicode>لعو</Unicode>
          </TextEquiv>
        </Word>
        <Word id="w186">
          <Coords points="970,1392 1087,1392 1087,1494 970,1494"/>
          <TextEquiv>
            <Unicode>ضية</Unicode>
          </TextEquiv>
        </Word>
        <Word id="w187">
          <Coords points="890,1415 970,1415 970,1493 890,1493"/>
          <TextEquiv>
            <Unicode>عن</Unicode>
          </TextEquiv>
        </Word>
        <Word id="w188">
          <Coords points="879,1401 905,1401 905,1467 879,1467"/>
          <TextEquiv>
            <Unicode>ا</Unicode>
          </TextEquiv>
        </Word>
        <Word id="w189">
          <Coords points="825,1401 876,1401 876,1472 825,1472"/>
          <TextEquiv>
            <Unicode>ما</Unicode>
          </TextEquiv>
        </Word>
        <Word id="w190">
          <Coords points="799,1412 812,1412 812,1469 799,1469"/>
          <TextEquiv>
            <Unicode>ا</Unicode>
          </TextEquiv>
        </Word>
        <Word id="w191">
          <Coords points="688,1411 796,1411 796,1468 688,1468"/>
          <TextEquiv>
            <Unicode>لمقد</Unicode>
          </TextEquiv>
        </Word>
        <Word id="w192">
          <Coords points="650,1431 681,1431 681,1465 650,1465"/>
          <TextEquiv>
            <Unicode>ر</Unicode>
          </TextEquiv>
        </Word>
        <Word id="w193">
          <Coords points="631,1402 644,1402 644,1457 631,1457"/>
          <TextEquiv>
            <Unicode>ا</Unicode>
          </TextEquiv>
        </Word>
        <Word id="w194">
          <Coords points="572,1432 619,1432 619,1477 572,1477"/>
          <TextEquiv>
            <Unicode>و</Unicode>
          </TextEquiv>
        </Word>
        <Word id="w195">
          <Coords points="540,1390 580,1390 580,1472 540,1472"/>
          <TextEquiv>
            <Unicode>عا</Unicode>
          </TextEquiv>
        </Word>
        <Word id="w196">
          <Coords points="421,1396 537,1396 537,1469 421,1469"/>
          <TextEquiv>
            <Unicode>طفة</Unicode>
          </TextEquiv>
        </Word>
        <Word id="w197">
          <Coords points="314,1419 398,1419 398,1487 314,1487"/>
          <TextEquiv>
            <Unicode>بعد</Unicode>
          </TextEquiv>
        </Word>
        <Word id="w198">
          <Coords points="237,1401 314,1401 314,1479 237,1479"/>
          <TextEquiv>
            <Unicode>من</Unicode>
          </TextEquiv>
        </Word>
        <Word id="w199">
          <Coords points="225,1390 245,1390 245,1446 225,1446"/>
          <TextEquiv>
            <Unicode>ا</Unicode>
          </TextEquiv>
        </Word>
        <Word id="w200">
          <Coords points="115,1388 216,1388 216,1495 115,1495"/>
          <TextEquiv>
            <Unicode>لظر</Unicode>
          </TextEquiv>
        </Word>
        <Word id="w201">
          <Coords points="89,1421 136,1421 136,1478 89,1478"/>
          <TextEquiv>
            <Unicode>و</Unicode>
          </TextEquiv>
        </Word>
        <Word id="w202">
          <Coords points="50,1402 101,1402 101,1459 50,1459"/>
          <TextEquiv>
            <Unicode>ف</Unicode>
          </TextEquiv>
        </Word>
        <TextEquiv>
          <Unicode> ا و مع ا لعو ضية عن ا ما ا لمقد ر ا و عا طفة بعد من ا لظر و ف</Unicode>
        </TextEquiv>
      </TextLine>
      <TextLine id="l10">
        <Coords points="22,1516 1314,1516 1314,1664 22,1664"/>
        <Word id="w203">
          <Coords points="1300,1549 1313,1549 1313,1615 1300,1615"/>
          <TextEquiv>
            <Unicode>ا</Unicode>
          </TextEquiv>
        </Word>
        <Word id="w204">
          <Coords points="1229,1558 1285,1558 1285,1631 1229,1631"/>
          <TextEquiv>
            <Unicode>لز</Unicode>
          </TextEquiv>
        </Word>
        <Word id="w205">
          <Coords points="1191,1548 1237,1548 1237,1613 1191,1613"/>
          <TextEquiv>
            <Unicode>ما</Unicode>
          </TextEquiv>
        </Word>
        <Word id="w206">
          <Coords points="1097,1546 1178,1546 1178,1636 1097,1636"/>
          <TextEquiv>
            <Unicode>نية</Unicode>
          </TextEquiv>
        </Word>
        <Word id="w207">
          <Coords points="989,1552 1093,1552 1093,1624 989,1624"/>
          <TextEquiv>
            <Unicode>مبنى</Unicode>
          </TextEquiv>
        </Word>
        <Word id="w208">
          <Coords points="922,1537 992,1537 992,1646 922,1646"/>
          <TextEquiv>
            <Unicode>على</Unicode>
          </TextEquiv>
        </Word>
        <Word id="w209">
          <Coords points="911,1537 930,1537 930,1605 911,1605"/>
          <TextEquiv>
            <Unicode>ا</Unicode>
          </TextEquiv>
        </Word>
        <Word id="w210">
          <Coords points="816,1546 900,1546 900,1663 816,1663"/>
          <TextEquiv>
            <Unicode>لضم</Unicode>
          </TextEquiv>
        </Word>
        <Word id="w211">
          <Coords points="670,1547 814,1547 814,1638 670,1638"/>
          <TextEquiv>
            <Unicode>مصو</Unicode>
          </TextEquiv>
        </Word>
        <Word id="w212">
          <Coords points="622,1566 683,1566 683,1637 622,1637"/>
          <TextEquiv>
            <Unicode>ب</Unicode>
          </TextEquiv>
        </Word>
        <Word id="w213">
          <Coords points="524,1542 619,1542 619,1622 524,1622"/>
          <TextEquiv>
            <Unicode>محلا</Unicode>
          </TextEquiv>
        </Word>
        <Word id="w214">
          <Coords points="387,1549 522,1549 522,1628 387,1628"/>
          <TextEquiv>
            <Unicode>مفعو</Unicode>
          </TextEquiv>
        </Word>
        <Word id="w215">
          <Coords points="339,1538 392,1538 392,1610 339,1610"/>
          <TextEquiv>
            <Unicode>ل</Unicode>
          </TextEquiv>
        </Word>
        <Word id="w216">
          <Coords points="260,1543 338,1543 338,1633 260,1633"/>
          <TextEquiv>
            <Unicode>فيه</Unicode>
          </TextEquiv>
        </Word>
        <Word id="w217">
          <Coords points="189,1541 245,1541 245,1614 189,1614"/>
          <TextEquiv>
            <Unicode>لا</Unicode>
          </TextEquiv>
        </Word>
        <Word id="w218">
          <Coords points="151,1545 198,1545 198,1613 151,1613"/>
          <TextEquiv>
            <Unicode>ما</Unicode>
          </TextEquiv>
        </Word>
        <Word id="w219">
          <Coords points="128,1557 153,1557 153,1631 128,1631"/>
          <TextEquiv>
            <Unicode>ا</Unicode>
          </TextEquiv>
        </Word>
        <Word id="w220">
          <Coords points="35,1516 121,1516 121,1617 35,1617"/>
          <TextEquiv>
            <Unicode>لمقد</Unicode>
          </TextEquiv>
        </Word>
        <Word id="w221">
          <Coords points="22,1532 69,1532 69,1577 22,1577"/>
          <TextEquiv>
            <Unicode>ر</Unicode>
          </TextEquiv>
        </Word>
        <TextEquiv>
          <Unicode> ا لز ما نية مبنى على ا لضم مصو ب محلا مفعو ل فيه لا ما ا لمقد ر</Unicode>
        </TextEquiv>
      </TextLine>
      <TextLine id="l11">
        <Coords points="27,1680 1310,1680 1310,1796 27,1796"/>
        <Word id="w222">
          <Coords points="1217,1688 1309,1688 1309,1790 1217,1790"/>
          <TextEquiv>
            <Unicode>لنيا</Unicode>
          </TextEquiv>
        </Word>
        <Word id="w223">
          <Coords points="1117,1697 1209,1697 1209,1794 1117,1794"/>
          <TextEquiv>
            <Unicode>بتها</Unicode>
          </TextEquiv>
        </Word>
        <Word id="w224">
          <Coords points="1026,1697 1044,1697 1044,1761 1026,1761"/>
          <TextEquiv>
            <Unicode>ا</Unicode>
          </TextEquiv>
        </Word>
        <Word id="w225">
          <Coords points="1026,1704 1110,1704 1110,1788 1026,1788"/>
          <TextEquiv>
            <Unicode>عن</Unicode>
          </TextEquiv>
        </Word>
        <Word id="w226">
          <Coords points="888,1689 1018,1689 1018,1785 888,1785"/>
          <TextEquiv>
            <Unicode>لفعل</Unicode>
          </TextEquiv>
        </Word>
        <Word id="w227">
          <Coords points="872,1694 886,1694 886,1757 872,1757"/>
          <TextEquiv>
            <Unicode>ا</Unicode>
          </TextEquiv>
        </Word>
        <Word id="w228">
          <Coords points="822,1728 868,1728 868,1773 822,1773"/>
          <TextEquiv>
            <Unicode>و</Unicode>
          </TextEquiv>
        </Word>
        <Word id="w229">
          <Coords points="750,1699 824,1699 824,1783 750,1783"/>
          <TextEquiv>
            <Unicode>للو</Unicode>
          </TextEquiv>
        </Word>
        <Word id="w230">
          <Coords points="742,1700 767,1700 767,1761 742,1761"/>
          <TextEquiv>
            <Unicode>ا</Unicode>
          </TextEquiv>
        </Word>
        <Word id="w231">
          <Coords points="684,1732 734,1732 734,1781 684,1781"/>
          <TextEquiv>
            <Unicode>و</Unicode>
          </TextEquiv>
        </Word>
        <Word id="w232">
          <Coords points="593,1684 691,1684 691,1795 593,1795"/>
          <TextEquiv>
            <Unicode>لنيا</Unicode>
          </TextEquiv>
        </Word>
        <Word id="w233">
          <Coords points="494,1711 580,1711 580,1794 494,1794"/>
          <TextEquiv>
            <Unicode>بتها</Unicode>
          </TextEquiv>
        </Word>
        <Word id="w234">
          <Coords points="413,1706 485,1706 485,1788 413,1788"/>
          <TextEquiv>
            <Unicode>عن</Unicode>
          </TextEquiv>
        </Word>
        <Word id="w235">
          <Coords points="396,1690 421,1690 421,1751 396,1751"/>
          <TextEquiv>
            <Unicode>ا</Unicode>
          </TextEquiv>
        </Word>
        <Word id="w236">
          <Coords points="353,1700 402,1700 402,1768 353,1768"/>
          <TextEquiv>
            <Unicode>ما</Unicode>
          </TextEquiv>
        </Word>
        <Word id="w237">
          <Coords points="322,1709 338,1709 338,1762 322,1762"/>
          <TextEquiv>
            <Unicode>ا</Unicode>
          </TextEquiv>
        </Word>
        <Word id="w238">
          <Coords points="274,1731 316,1731 316,1774 274,1774"/>
          <TextEquiv>
            <Unicode>و</Unicode>
          </TextEquiv>
        </Word>
        <Word id="w239">
          <Coords points="163,1704 278,1704 278,1788 163,1788"/>
          <TextEquiv>
            <Unicode>للشر</Unicode>
          </TextEquiv>
        </Word>
        <Word id="w240">
          <Coords points="155,1680 207,1680 207,1745 155,1745"/>
          <TextEquiv>
            <Unicode>ط</Unicode>
          </TextEquiv>
        </Word>
        <Word id="w241">
          <Coords points="140,1691 153,1691 153,1740 140,1740"/>
          <TextEquiv>
            <Unicode>ا</Unicode>
          </TextEquiv>
        </Word>
        <Word id="w242">
          <Coords points="49,1688 139,1688 139,1759 49,1759"/>
          <TextEquiv>
            <Unicode>لمقد</Unicode>
          </TextEquiv>
        </Word>
        <Word id="w243">
          <Coords points="27,1693 69,1693 69,1739 27,1739"/>
          <TextEquiv>
            <Unicode>ر</Unicode>
          </TextEquiv>
        </Word>
        <TextEquiv>
          <Unicode> لنيا بتها ا عن لفعل ا و للو ا و لنيا بتها عن ا ما ا و للشر ط ا لمقد ر</Unicode>
        </TextEquiv>
      </TextLine>
      <TextLine id="l12">
        <Coords points="40,1823 1313,1823 1313,1969 40,1969"/>
        <Word id="w244">
          <Coords points="1299,1857 1312,1857 1312,1924 1299,1924"/>
          <TextEquiv>
            <Unicode>ا</Unicode>
          </TextEquiv>
        </Word>
        <Word id="w245">
          <Coords points="1236,1882 1287,1882 1287,1930 1236,1930"/>
          <TextEquiv>
            <Unicode>و</Unicode>
          </TextEquiv>
        </Word>
        <Word id="w246">
          <Coords points="1194,1854 1245,1854 1245,1915 1194,1915"/>
          <TextEquiv>
            <Unicode>لا</Unicode>
          </TextEquiv>
        </Word>
        <Word id="w247">
          <Coords points="1146,1851 1197,1851 1197,1968 1146,1968"/>
          <TextEquiv>
            <Unicode>علم</Unicode>
          </TextEquiv>
        </Word>
        <Word id="w248">
          <Coords points="1092,1879 1135,1879 1135,1924 1092,1924"/>
          <TextEquiv>
            <Unicode>و</Unicode>
          </TextEquiv>
        </Word>
        <Word id="w249">
          <Coords points="1090,1849 1106,1849 1106,1906 1090,1906"/>
          <TextEquiv>
            <Unicode>ا</Unicode>
          </TextEquiv>
        </Word>
        <Word id="w250">
          <Coords points="968,1848 1081,1848 1081,1920 968,1920"/>
          <TextEquiv>
            <Unicode>لتقد</Unicode>
          </TextEquiv>
        </Word>
        <Word id="w251">
          <Coords points="913,1880 973,1880 973,1949 913,1949"/>
          <TextEquiv>
            <Unicode>ير</Unicode>
          </TextEquiv>
        </Word>
        <Word id="w252">
          <Coords points="792,1827 919,1827 919,1931 792,1931"/>
          <TextEquiv>
            <Unicode>مهما</Unicode>
          </TextEquiv>
        </Word>
        <Word id="w253">
          <Coords points="688,1823 787,1823 787,1944 688,1944"/>
          <TextEquiv>
            <Unicode>يكن</Unicode>
          </TextEquiv>
        </Word>
        <Word id="w254">
          <Coords points="598,1861 679,1861 679,1930 598,1930"/>
          <TextEquiv>
            <Unicode>من</Unicode>
          </TextEquiv>
        </Word>
        <Word id="w255">
          <Coords points="520,1840 609,1840 609,1947 520,1947"/>
          <TextEquiv>
            <Unicode>شيء</Unicode>
          </TextEquiv>
        </Word>
        <Word id="w256">
          <Coords points="417,1866 500,1866 500,1935 417,1935"/>
          <TextEquiv>
            <Unicode>بعد</Unicode>
          </TextEquiv>
        </Word>
        <Word id="w257">
          <Coords points="402,1844 416,1844 416,1892 402,1892"/>
          <TextEquiv>
            <Unicode>ا</Unicode>
          </TextEquiv>
        </Word>
        <Word id="w258">
          <Coords points="239,1839 389,1839 389,1913 239,1913"/>
          <TextEquiv>
            <Unicode>لبسملة</Unicode>
          </TextEquiv>
        </Word>
        <Word id="w259">
          <Coords points="182,1862 228,1862 228,1914 182,1914"/>
          <TextEquiv>
            <Unicode>و</Unicode>
          </TextEquiv>
        </Word>
        <Word id="w260">
          <Coords points="176,1829 190,1829 190,1887 176,1887"/>
          <TextEquiv>
            <Unicode>ا</Unicode>
          </TextEquiv>
        </Word>
        <Word id="w261">
          <Coords points="40,1826 180,1826 180,1908 40,1908"/>
          <TextEquiv>
            <Unicode>لحمد</Unicode>
          </TextEquiv>
        </Word>
        <TextEquiv>
          <Unicode> ا و لا علم و ا لتقد ير مهما يكن من شيء بعد ا لبسملة و ا لحمد</Unicode>
        </TextEquiv>
      </TextLine>
      <TextLine id="l13">
        <Coords points="44,1967 1311,1967 1311,2101 44,2101"/>
        <Word id="w262">
          <Coords points="1260,1993 1271,1993 1271,2044 1260,2044"/>
          <TextEquiv>
            <Unicode>ا</Unicode>
          </TextEquiv>
        </Word>
        <Word id="w263">
          <Coords points="1259,2025 1310,2025 1310,2076 1259,2076"/>
          <TextEquiv>
            <Unicode>و</Unicode>
          </TextEquiv>
        </Word>
        <Word id="w264">
          <Coords points="1104,1995 1248,1995 1248,2082 1104,2082"/>
          <TextEquiv>
            <Unicode>لصلو</Unicode>
          </TextEquiv>
        </Word>
        <Word id="w265">
          <Coords points="1101,2003 1126,2003 1126,2042 1101,2042"/>
          <TextEquiv>
            <Unicode>ة</Unicode>
          </TextEquiv>
        </Word>
        <Word id="w266">
          <Coords points="1048,1978 1081,1978 1081,2053 1048,2053"/>
          <TextEquiv>
            <Unicode>فا</Unicode>
          </TextEquiv>
        </Word>
        <Word id="w267">
          <Coords points="981,1989 1038,1989 1038,2100 981,2100"/>
          <TextEquiv>
            <Unicode>علم</Unicode>
          </TextEquiv>
        </Word>
        <Word id="w268">
          <Coords points="948,1999 969,1999 969,2060 948,2060"/>
          <TextEquiv>
            <Unicode>ا</Unicode>
          </TextEquiv>
        </Word>
        <Word id="w269">
          <Coords points="892,2024 937,2024 937,2073 892,2073"/>
          <TextEquiv>
            <Unicode>و</Unicode>
          </TextEquiv>
        </Word>
        <Word id="w270">
          <Coords points="806,1967 889,1967 889,2070 806,2070"/>
          <TextEquiv>
            <Unicode>مهما</Unicode>
          </TextEquiv>
        </Word>
        <Word id="w271">
          <Coords points="708,1973 805,1973 805,2076 708,2076"/>
          <TextEquiv>
            <Unicode>يكن</Unicode>
          </TextEquiv>
        </Word>
        <Word id="w272">
          <Coords points="629,2006 701,2006 701,2077 629,2077"/>
          <TextEquiv>
            <Unicode>من</Unicode>
          </TextEquiv>
        </Word>
        <Word id="w273">
          <Coords points="548,1986 637,1986 637,2097 548,2097"/>
          <TextEquiv>
            <Unicode>شيء</Unicode>
          </TextEquiv>
        </Word>
        <Word id="w274">
          <Coords points="491,1976 533,1976 533,2067 491,2067"/>
          <TextEquiv>
            <Unicode>فا</Unicode>
          </TextEquiv>
        </Word>
        <Word id="w275">
          <Coords points="430,1982 489,1982 489,2098 430,2098"/>
          <TextEquiv>
            <Unicode>علم</Unicode>
          </TextEquiv>
        </Word>
        <Word id="w276">
          <Coords points="340,2004 419,2004 419,2073 340,2073"/>
          <TextEquiv>
            <Unicode>بعد</Unicode>
          </TextEquiv>
        </Word>
        <Word id="w277">
          <Coords points="319,1968 344,1968 344,2025 319,2025"/>
          <TextEquiv>
            <Unicode>ا</Unicode>
          </TextEquiv>
        </Word>
        <Word id="w278">
          <Coords points="181,1975 317,1975 317,2061 181,2061"/>
          <TextEquiv>
            <Unicode>لبسمله</Unicode>
          </TextEquiv>
        </Word>
        <Word id="w279">
          <Coords points="127,1967 142,1967 142,2029 127,2029"/>
          <TextEquiv>
            <Unicode>ا</Unicode>
          </TextEquiv>
        </Word>
        <Word id="w280">
          <Coords points="124,2013 169,2013 169,2057 124,2057"/>
          <TextEquiv>
            <Unicode>و</Unicode>
          </TextEquiv>
        </Word>
        <Word id="w281">
          <Coords points="44,1973 123,1973 123,2055 44,2055"/>
          <TextEquiv>
            <Unicode>لحمد</Unicode>
          </TextEquiv>
        </Word>
        <TextEquiv>
          <Unicode> ا و لصلو ة فا علم ا و مهما يكن من شيء فا علم بعد ا لبسمله ا و لحمد</Unicode>
        </TextEquiv>
      </TextLine>
      <TextLine id="l14">
        <Coords points="55,2113 1293,2113 1293,2239 55,2239"/>
        <Word id="w282">
          <Coords points="1248,2180 1292,2180 1292,2225 1248,2225"/>
          <TextEquiv>
            <Unicode>و</Unicode>
          </TextEquiv>
        </Word>
        <Word id="w283">
          <Coords points="1244,2137 1262,2137 1262,2203 1244,2203"/>
          <TextEquiv>
            <Unicode>ا</Unicode>
          </TextEquiv>
        </Word>
        <Word id="w284">
          <Coords points="1105,2157 1123,2157 1123,2196 1105,2196"/>
          <TextEquiv>
            <Unicode>ة</Unicode>
          </TextEquiv>
        </Word>
        <Word id="w285">
          <Coords points="1099,2152 1229,2152 1229,2222 1099,2222"/>
          <TextEquiv>
            <Unicode>لصلو</Unicode>
          </TextEquiv>
        </Word>
        <Word id="w286">
          <Coords points="1010,2148 1087,2148 1087,2210 1010,2210"/>
          <TextEquiv>
            <Unicode>محذ</Unicode>
          </TextEquiv>
        </Word>
        <Word id="w287">
          <Coords points="963,2168 1003,2168 1003,2206 963,2206"/>
          <TextEquiv>
            <Unicode>و</Unicode>
          </TextEquiv>
        </Word>
        <Word id="w288">
          <Coords points="909,2135 969,2135 969,2201 909,2201"/>
          <TextEquiv>
            <Unicode>ف</Unicode>
          </TextEquiv>
        </Word>
        <Word id="w289">
          <Coords points="827,2117 904,2117 904,2221 827,2221"/>
          <TextEquiv>
            <Unicode>مهما</Unicode>
          </TextEquiv>
        </Word>
        <Word id="w290">
          <Coords points="734,2119 819,2119 819,2234 734,2234"/>
          <TextEquiv>
            <Unicode>يكن</Unicode>
          </TextEquiv>
        </Word>
        <Word id="w291">
          <Coords points="647,2153 721,2153 721,2216 647,2216"/>
          <TextEquiv>
            <Unicode>من</Unicode>
          </TextEquiv>
        </Word>
        <Word id="w292">
          <Coords points="553,2123 655,2123 655,2219 553,2219"/>
          <TextEquiv>
            <Unicode>شبر</Unicode>
          </TextEquiv>
        </Word>
        <Word id="w293">
          <Coords points="493,2161 555,2161 555,2198 493,2198"/>
          <TextEquiv>
            <Unicode>مد</Unicode>
          </TextEquiv>
        </Word>
        <Word id="w294">
          <Coords points="454,2158 492,2158 492,2205 454,2205"/>
          <TextEquiv>
            <Unicode>و</Unicode>
          </TextEquiv>
        </Word>
        <Word id="w295">
          <Coords points="417,2113 464,2113 464,2198 417,2198"/>
          <TextEquiv>
            <Unicode>ما</Unicode>
          </TextEquiv>
        </Word>
        <Word id="w296">
          <Coords points="341,2133 409,2133 409,2198 341,2198"/>
          <TextEquiv>
            <Unicode>للا</Unicode>
          </TextEquiv>
        </Word>
        <Word id="w297">
          <Coords points="207,2117 339,2117 339,2201 207,2201"/>
          <TextEquiv>
            <Unicode>حتضا</Unicode>
          </TextEquiv>
        </Word>
        <Word id="w298">
          <Coords points="162,2169 199,2169 199,2202 162,2202"/>
          <TextEquiv>
            <Unicode>ر</Unicode>
          </TextEquiv>
        </Word>
        <Word id="w299">
          <Coords points="121,2134 131,2134 131,2187 121,2187"/>
          <TextEquiv>
            <Unicode>ا</Unicode>
          </TextEquiv>
        </Word>
        <Word id="w300">
          <Coords points="119,2163 160,2163 160,2205 119,2205"/>
          <TextEquiv>
            <Unicode>و</Unicode>
          </TextEquiv>
        </Word>
        <Word id="w301">
          <Coords points="55,2128 105,2128 105,2238 55,2238"/>
          <TextEquiv>
            <Unicode>قيم</Unicode>
          </TextEquiv>
        </Word>
        <TextEquiv>
          <Unicode> و ا ة لصلو محذ و ف مهما يكن من شبر مد و ما للا حتضا ر ا و قيم</Unicode>
        </TextEquiv>
      </TextLine>
      <TextLine id="l15">
        <Coords points="34,2262 1296,2262 1296,2407 34,2407"/>
        <Word id="w302">
          <Coords points="1282,2301 1295,2301 1295,2369 1282,2369"/>
          <TextEquiv>
            <Unicode>ا</Unicode>
          </TextEquiv>
        </Word>
        <Word id="w303">
          <Coords points="1224,2293 1269,2293 1269,2362 1224,2362"/>
          <TextEquiv>
            <Unicode>ما</Unicode>
          </TextEquiv>
        </Word>
        <Word id="w304">
          <Coords points="1129,2288 1211,2288 1211,2359 1129,2359"/>
          <TextEquiv>
            <Unicode>مقا</Unicode>
          </TextEquiv>
        </Word>
        <Word id="w305">
          <Coords points="1062,2313 1122,2313 1122,2354 1062,2354"/>
          <TextEquiv>
            <Unicode>مه</Unicode>
          </TextEquiv>
        </Word>
        <Word id="w306">
          <Coords points="1007,2262 1086,2262 1086,2362 1007,2362"/>
          <TextEquiv>
            <Unicode>كما</Unicode>
          </TextEquiv>
        </Word>
        <Word id="w307">
          <Coords points="982,2280 1003,2280 1003,2364 982,2364"/>
          <TextEquiv>
            <Unicode>ا</Unicode>
          </TextEquiv>
        </Word>
        <Word id="w308">
          <Coords points="938,2287 973,2287 973,2361 938,2361"/>
          <TextEquiv>
            <Unicode>قا</Unicode>
          </TextEquiv>
        </Word>
        <Word id="w309">
          <Coords points="886,2281 906,2281 906,2348 886,2348"/>
          <TextEquiv>
            <Unicode>ا</Unicode>
          </TextEquiv>
        </Word>
        <Word id="w310">
          <Coords points="872,2328 933,2328 933,2365 872,2365"/>
          <TextEquiv>
            <Unicode>م</Unicode>
          </TextEquiv>
        </Word>
        <Word id="w311">
          <Coords points="811,2279 875,2279 875,2383 811,2383"/>
          <TextEquiv>
            <Unicode>ليا</Unicode>
          </TextEquiv>
        </Word>
        <Word id="w312">
          <Coords points="785,2332 804,2332 804,2353 785,2353"/>
          <TextEquiv>
            <Unicode>ء</Unicode>
          </TextEquiv>
        </Word>
        <Word id="w313">
          <Coords points="690,2287 774,2287 774,2360 690,2360"/>
          <TextEquiv>
            <Unicode>مقا</Unicode>
          </TextEquiv>
        </Word>
        <Word id="w314">
          <Coords points="632,2327 678,2327 678,2366 632,2366"/>
          <TextEquiv>
            <Unicode>م</Unicode>
          </TextEquiv>
        </Word>
        <Word id="w315">
          <Coords points="625,2287 640,2287 640,2338 625,2338"/>
          <TextEquiv>
            <Unicode>ا</Unicode>
          </TextEquiv>
        </Word>
        <Word id="w316">
          <Coords points="595,2329 621,2329 621,2358 595,2358"/>
          <TextEquiv>
            <Unicode>د</Unicode>
          </TextEquiv>
        </Word>
        <Word id="w317">
          <Coords points="516,2317 596,2317 596,2369 516,2369"/>
          <TextEquiv>
            <Unicode>عو</Unicode>
          </TextEquiv>
        </Word>
        <Word id="w318">
          <Coords points="481,2288 517,2288 517,2406 481,2406"/>
          <TextEquiv>
            <Unicode>ثم</Unicode>
          </TextEquiv>
        </Word>
        <Word id="w319">
          <Coords points="399,2287 473,2287 473,2353 399,2353"/>
          <TextEquiv>
            <Unicode>حذ</Unicode>
          </TextEquiv>
        </Word>
        <Word id="w320">
          <Coords points="333,2294 386,2294 386,2354 333,2354"/>
          <TextEquiv>
            <Unicode>ف</Unicode>
          </TextEquiv>
        </Word>
        <Word id="w321">
          <Coords points="264,2272 339,2272 339,2356 264,2356"/>
          <TextEquiv>
            <Unicode>كلمة</Unicode>
          </TextEquiv>
        </Word>
        <Word id="w322">
          <Coords points="232,2280 261,2280 261,2358 232,2358"/>
          <TextEquiv>
            <Unicode>ا</Unicode>
          </TextEquiv>
        </Word>
        <Word id="w323">
          <Coords points="184,2276 232,2276 232,2356 184,2356"/>
          <TextEquiv>
            <Unicode>ما</Unicode>
          </TextEquiv>
        </Word>
        <Word id="w324">
          <Coords points="125,2296 171,2296 171,2357 125,2357"/>
          <TextEquiv>
            <Unicode>لد</Unicode>
          </TextEquiv>
        </Word>
        <Word id="w325">
          <Coords points="74,2287 121,2287 121,2360 74,2360"/>
          <TextEquiv>
            <Unicode>لا</Unicode>
          </TextEquiv>
        </Word>
        <Word id="w326">
          <Coords points="34,2265 75,2265 75,2355 34,2355"/>
          <TextEquiv>
            <Unicode>لة</Unicode>
          </TextEquiv>
        </Word>
        <TextEquiv>
          <Unicode> ا ما مقا مه كما ا قا ا م ليا ء مقا م ا د عو ثم حذ ف كلمة ا ما لد لا لة</Unicode>
        </TextEquiv>
      </TextLine>
      <TextLine id="l16">
        <Coords points="60,2420 1295,2420 1295,2533 60,2533"/>
        <Word id="w327">
          <Coords points="1279,2440 1294,2440 1294,2511 1279,2511"/>
          <TextEquiv>
            <Unicode>ا</Unicode>
          </TextEquiv>
        </Word>
        <Word id="w328">
          <Coords points="1202,2440 1266,2440 1266,2510 1202,2510"/>
          <TextEquiv>
            <Unicode>لفا</Unicode>
          </TextEquiv>
        </Word>
        <Word id="w329">
          <Coords points="1174,2476 1194,2476 1194,2499 1174,2499"/>
          <TextEquiv>
            <Unicode>ء</Unicode>
          </TextEquiv>
        </Word>
        <Word id="w330">
          <Coords points="1102,2429 1149,2429 1149,2519 1102,2519"/>
          <TextEquiv>
            <Unicode>في</Unicode>
          </TextEquiv>
        </Word>
        <Word id="w331">
          <Coords points="1092,2432 1113,2432 1113,2494 1092,2494"/>
          <TextEquiv>
            <Unicode>ا</Unicode>
          </TextEquiv>
        </Word>
        <Word id="w332">
          <Coords points="1015,2435 1093,2435 1093,2532 1015,2532"/>
          <TextEquiv>
            <Unicode>لجو</Unicode>
          </TextEquiv>
        </Word>
        <Word id="w333">
          <Coords points="1007,2434 1023,2434 1023,2484 1007,2484"/>
          <TextEquiv>
            <Unicode>ا</Unicode>
          </TextEquiv>
        </Word>
        <Word id="w334">
          <Coords points="947,2473 1000,2473 1000,2515 947,2515"/>
          <TextEquiv>
            <Unicode>ب</Unicode>
          </TextEquiv>
        </Word>
        <Word id="w335">
          <Coords points="829,2423 948,2423 948,2520 829,2520"/>
          <TextEquiv>
            <Unicode>عليها</Unicode>
          </TextEquiv>
        </Word>
        <Word id="w336">
          <Coords points="728,2420 823,2420 823,2504 728,2504"/>
          <TextEquiv>
            <Unicode>فصا</Unicode>
          </TextEquiv>
        </Word>
        <Word id="w337">
          <Coords points="682,2473 723,2473 723,2509 682,2509"/>
          <TextEquiv>
            <Unicode>ر</Unicode>
          </TextEquiv>
        </Word>
        <Word id="w338">
          <Coords points="602,2451 689,2451 689,2527 602,2527"/>
          <TextEquiv>
            <Unicode>بعد</Unicode>
          </TextEquiv>
        </Word>
        <Word id="w339">
          <Coords points="580,2427 602,2427 602,2500 580,2500"/>
          <TextEquiv>
            <Unicode>ا</Unicode>
          </TextEquiv>
        </Word>
        <Word id="w340">
          <Coords points="416,2433 572,2433 572,2512 416,2512"/>
          <TextEquiv>
            <Unicode>لبسملة</Unicode>
          </TextEquiv>
        </Word>
        <Word id="w341">
          <Coords points="375,2466 412,2466 412,2512 375,2512"/>
          <TextEquiv>
            <Unicode>و</Unicode>
          </TextEquiv>
        </Word>
        <Word id="w342">
          <Coords points="358,2424 377,2424 377,2498 358,2498"/>
          <TextEquiv>
            <Unicode>ا</Unicode>
          </TextEquiv>
        </Word>
        <Word id="w343">
          <Coords points="269,2425 353,2425 353,2516 269,2516"/>
          <TextEquiv>
            <Unicode>لحمد</Unicode>
          </TextEquiv>
        </Word>
        <Word id="w344">
          <Coords points="221,2461 262,2461 262,2505 221,2505"/>
          <TextEquiv>
            <Unicode>و</Unicode>
          </TextEquiv>
        </Word>
        <Word id="w345">
          <Coords points="213,2428 229,2428 229,2488 213,2488"/>
          <TextEquiv>
            <Unicode>ا</Unicode>
          </TextEquiv>
        </Word>
        <Word id="w346">
          <Coords points="76,2426 201,2426 201,2513 76,2513"/>
          <TextEquiv>
            <Unicode>لصلو</Unicode>
          </TextEquiv>
        </Word>
        <Word id="w347">
          <Coords points="60,2429 88,2429 88,2479 60,2479"/>
          <TextEquiv>
            <Unicode>ة</Unicode>
          </TextEquiv>
        </Word>
        <TextEquiv>
          <Unicode> ا لفا ء في ا لجو ا ب عليها فصا ر بعد ا لبسملة و ا لحمد و ا لصلو ة</Unicode>
        </TextEquiv>
      </TextLine>
      <TextLine id="l17">
        <Coords points="55,2568 1295,2568 1295,2714 55,2714"/>
        <Word id="w348">
          <Coords points="1257,2579 1294,2579 1294,2656 1257,2656"/>
          <TextEquiv>
            <Unicode>فا</Unicode>
          </TextEquiv>
        </Word>
        <Word id="w349">
          <Coords points="1178,2577 1244,2577 1244,2713 1178,2713"/>
          <TextEquiv>
            <Unicode>علم</Unicode>
          </TextEquiv>
        </Word>
        <Word id="w350">
          <Coords points="1119,2576 1164,2576 1164,2694 1119,2694"/>
          <TextEquiv>
            <Unicode>ثم</Unicode>
          </TextEquiv>
        </Word>
        <Word id="w351">
          <Coords points="1033,2590 1105,2590 1105,2649 1033,2649"/>
          <TextEquiv>
            <Unicode>حذ</Unicode>
          </TextEquiv>
        </Word>
        <Word id="w352">
          <Coords points="973,2587 1032,2587 1032,2654 973,2654"/>
          <TextEquiv>
            <Unicode>ف</Unicode>
          </TextEquiv>
        </Word>
        <Word id="w353">
          <Coords points="959,2575 982,2575 982,2630 959,2630"/>
          <TextEquiv>
            <Unicode>ا</Unicode>
          </TextEquiv>
        </Word>
        <Word id="w354">
          <Coords points="847,2571 955,2571 955,2654 847,2654"/>
          <TextEquiv>
            <Unicode>لمضا</Unicode>
          </TextEquiv>
        </Word>
        <Word id="w355">
          <Coords points="791,2595 838,2595 838,2660 791,2660"/>
          <TextEquiv>
            <Unicode>ف</Unicode>
          </TextEquiv>
        </Word>
        <Word id="w356">
          <Coords points="776,2583 791,2583 791,2639 776,2639"/>
          <TextEquiv>
            <Unicode>ا</Unicode>
          </TextEquiv>
        </Word>
        <Word id="w357">
          <Coords points="690,2594 767,2594 767,2678 690,2678"/>
          <TextEquiv>
            <Unicode>ليه</Unicode>
          </TextEquiv>
        </Word>
        <Word id="w358">
          <Coords points="561,2586 678,2586 678,2684 561,2684"/>
          <TextEquiv>
            <Unicode>للظر</Unicode>
          </TextEquiv>
        </Word>
        <Word id="w359">
          <Coords points="539,2613 579,2613 579,2669 539,2669"/>
          <TextEquiv>
            <Unicode>و</Unicode>
          </TextEquiv>
        </Word>
        <Word id="w360">
          <Coords points="481,2598 547,2598 547,2661 481,2661"/>
          <TextEquiv>
            <Unicode>ف</Unicode>
          </TextEquiv>
        </Word>
        <Word id="w361">
          <Coords points="437,2617 476,2617 476,2661 437,2661"/>
          <TextEquiv>
            <Unicode>و</Unicode>
          </TextEquiv>
        </Word>
        <Word id="w362">
          <Coords points="377,2595 444,2595 444,2686 377,2686"/>
          <TextEquiv>
            <Unicode>بنى</Unicode>
          </TextEquiv>
        </Word>
        <Word id="w363">
          <Coords points="319,2580 371,2580 371,2685 319,2685"/>
          <TextEquiv>
            <Unicode>على</Unicode>
          </TextEquiv>
        </Word>
        <Word id="w364">
          <Coords points="307,2586 328,2586 328,2644 307,2644"/>
          <TextEquiv>
            <Unicode>ا</Unicode>
          </TextEquiv>
        </Word>
        <Word id="w365">
          <Coords points="203,2593 293,2593 293,2706 203,2706"/>
          <TextEquiv>
            <Unicode>لضم</Unicode>
          </TextEquiv>
        </Word>
        <Word id="w366">
          <Coords points="62,2568 79,2568 79,2637 62,2637"/>
          <TextEquiv>
            <Unicode>ا</Unicode>
          </TextEquiv>
        </Word>
        <Word id="w367">
          <Coords points="55,2610 207,2610 207,2684 55,2684"/>
          <TextEquiv>
            <Unicode>جير</Unicode>
          </TextEquiv>
        </Word>
        <TextEquiv>
          <Unicode> فا علم ثم حذ ف ا لمضا ف ا ليه للظر و ف و بنى على ا لضم ا جير</Unicode>
        </TextEquiv>
      </TextLine>
      <TextLine id="l18">
        <Coords points="52,2702 1295,2702 1295,2840 52,2840"/>
        <Word id="w368">
          <Coords points="1199,2724 1294,2724 1294,2821 1199,2821"/>
          <TextEquiv>
            <Unicode>فصا</Unicode>
          </TextEquiv>
        </Word>
        <Word id="w369">
          <Coords points="1157,2771 1195,2771 1195,2811 1157,2811"/>
          <TextEquiv>
            <Unicode>ر</Unicode>
          </TextEquiv>
        </Word>
        <Word id="w370">
          <Coords points="1068,2748 1158,2748 1158,2828 1068,2828"/>
          <TextEquiv>
            <Unicode>بعد</Unicode>
          </TextEquiv>
        </Word>
        <Word id="w371">
          <Coords points="1023,2722 1062,2722 1062,2795 1023,2795"/>
          <TextEquiv>
            <Unicode>فا</Unicode>
          </TextEquiv>
        </Word>
        <Word id="w372">
          <Coords points="952,2720 1019,2720 1019,2834 952,2834"/>
          <TextEquiv>
            <Unicode>علم</Unicode>
          </TextEquiv>
        </Word>
        <Word id="w373">
          <Coords points="893,2715 946,2715 946,2834 893,2834"/>
          <TextEquiv>
            <Unicode>ثم</Unicode>
          </TextEquiv>
        </Word>
        <Word id="w374">
          <Coords points="804,2742 886,2742 886,2832 804,2832"/>
          <TextEquiv>
            <Unicode>جئ</Unicode>
          </TextEquiv>
        </Word>
        <Word id="w375">
          <Coords points="755,2724 785,2724 785,2808 755,2808"/>
          <TextEquiv>
            <Unicode>با</Unicode>
          </TextEquiv>
        </Word>
        <Word id="w376">
          <Coords points="698,2729 749,2729 749,2816 698,2816"/>
          <TextEquiv>
            <Unicode>لو</Unicode>
          </TextEquiv>
        </Word>
        <Word id="w377">
          <Coords points="687,2728 706,2728 706,2788 687,2788"/>
          <TextEquiv>
            <Unicode>ا</Unicode>
          </TextEquiv>
        </Word>
        <Word id="w378">
          <Coords points="640,2767 679,2767 679,2816 640,2816"/>
          <TextEquiv>
            <Unicode>و</Unicode>
          </TextEquiv>
        </Word>
        <Word id="w379">
          <Coords points="555,2730 644,2730 644,2814 555,2814"/>
          <TextEquiv>
            <Unicode>فصا</Unicode>
          </TextEquiv>
        </Word>
        <Word id="w380">
          <Coords points="424,2756 514,2756 514,2834 424,2834"/>
          <TextEquiv>
            <Unicode>بعد</Unicode>
          </TextEquiv>
        </Word>
        <Word id="w381">
          <Coords points="385,2726 425,2726 425,2808 385,2808"/>
          <TextEquiv>
            <Unicode>فا</Unicode>
          </TextEquiv>
        </Word>
        <Word id="w382">
          <Coords points="317,2721 376,2721 376,2839 317,2839"/>
          <TextEquiv>
            <Unicode>علم</Unicode>
          </TextEquiv>
        </Word>
        <Word id="w383">
          <Coords points="271,2760 306,2760 306,2805 271,2805"/>
          <TextEquiv>
            <Unicode>و</Unicode>
          </TextEquiv>
        </Word>
        <Word id="w384">
          <Coords points="198,2728 275,2728 275,2834 198,2834"/>
          <TextEquiv>
            <Unicode>قيل</Unicode>
          </TextEquiv>
        </Word>
        <Word id="w385">
          <Coords points="125,2737 195,2737 195,2824 125,2824"/>
          <TextEquiv>
            <Unicode>غير</Unicode>
          </TextEquiv>
        </Word>
        <Word id="w386">
          <Coords points="52,2702 133,2702 133,2804 52,2804"/>
          <TextEquiv>
            <Unicode>مهما</Unicode>
          </TextEquiv>
        </Word>
        <TextEquiv>
          <Unicode> فصا ر بعد فا علم ثم جئ با لو ا و فصا بعد فا علم و قيل غير مهما</Unicode>
        </TextEquiv>
      </TextLine>
    </TextRegion>
  </Page>
</PcGts>
