<?xml version='1.0' encoding='utf-8'?>
<PcGts xmlns:xsi="http://www.w3.org/2001/XMLSchema-instance" xmlns="http://schema.primaresearch.org/PAGE/gts/pagecontent/2019-07-15" xsi:schemaLocation="http://schema.primaresearch.org/PAGE/gts/pagecontent/2019-07-15 http://schema.primaresearch.org/PAGE/gts/pagecontent/2019-07-15/pagecontent.xsd" pcGtsId="pc-aletheiaexamplepage">
  <Metadata>
    <Creator>PRImA Research Lab</Creator>
    <Created>2015-07-17T15:27:13</Created>
    <LastChange>2017-07-14T10:03:33</LastChange>
    <Comments>Example Page</Comments>
  </Metadata>
  <Page imageFilename="3368132/_0015-2.png" imageWidth="1381" imageHeight="2868">
    <TextRegion id="r0" type="paragraph">
      <Coords points="1,1 1379,1 1379,2866 1,2866"/>
      <TextLine id="l0">
        <Coords points="55,66 1327,66 1327,177 55,177"/>
        <Word id="w0">
          <Coords points="1284,84 1326,84 1326,176 1284,176"/>
          <TextEquiv>
            <Unicode>با</Unicode>
          </TextEquiv>
        </Word>
        <Word id="w1">
          <Coords points="1240,100 1277,100 1277,171 1240,171"/>
          <TextEquiv>
            <Unicode>ن</Unicode>
          </TextEquiv>
        </Word>
        <Word id="w2">
          <Coords points="1216,79 1238,79 1238,140 1216,140"/>
          <TextEquiv>
            <Unicode>ا</Unicode>
          </TextEquiv>
        </Word>
        <Word id="w3">
          <Coords points="1075,87 1209,87 1209,174 1075,174"/>
          <TextEquiv>
            <Unicode>لفضل</Unicode>
          </TextEquiv>
        </Word>
        <Word id="w4">
          <Coords points="986,84 1076,84 1076,157 986,157"/>
          <TextEquiv>
            <Unicode>هنا</Unicode>
          </TextEquiv>
        </Word>
        <Word id="w5">
          <Coords points="855,106 977,106 977,174 855,174"/>
          <TextEquiv>
            <Unicode>يسير</Unicode>
          </TextEquiv>
        </Word>
        <Word id="w6">
          <Coords points="794,74 856,74 856,150 794,150"/>
          <TextEquiv>
            <Unicode>فجا</Unicode>
          </TextEquiv>
        </Word>
        <Word id="w7">
          <Coords points="747,84 785,84 785,162 747,162"/>
          <TextEquiv>
            <Unicode>ز</Unicode>
          </TextEquiv>
        </Word>
        <Word id="w8">
          <Coords points="704,99 741,99 741,165 704,165"/>
          <TextEquiv>
            <Unicode>و</Unicode>
          </TextEquiv>
        </Word>
        <Word id="w9">
          <Coords points="630,84 699,84 699,173 630,173"/>
          <TextEquiv>
            <Unicode>فيه</Unicode>
          </TextEquiv>
        </Word>
        <Word id="w10">
          <Coords points="518,67 531,67 531,127 518,127"/>
          <TextEquiv>
            <Unicode>ا</Unicode>
          </TextEquiv>
        </Word>
        <Word id="w11">
          <Coords points="516,66 624,66 624,167 516,167"/>
          <TextEquiv>
            <Unicode>نظر</Unicode>
          </TextEquiv>
        </Word>
        <Word id="w12">
          <Coords points="410,75 509,75 509,160 410,160"/>
          <TextEquiv>
            <Unicode>نتهى</Unicode>
          </TextEquiv>
        </Word>
        <Word id="w13">
          <Coords points="329,87 392,87 392,154 329,154"/>
          <TextEquiv>
            <Unicode>لله</Unicode>
          </TextEquiv>
        </Word>
        <Word id="w14">
          <Coords points="249,96 315,96 315,169 249,169"/>
          <TextEquiv>
            <Unicode>مجر</Unicode>
          </TextEquiv>
        </Word>
        <Word id="w15">
          <Coords points="229,107 267,107 267,161 229,161"/>
          <TextEquiv>
            <Unicode>و</Unicode>
          </TextEquiv>
        </Word>
        <Word id="w16">
          <Coords points="192,98 226,98 226,151 192,151"/>
          <TextEquiv>
            <Unicode>ر</Unicode>
          </TextEquiv>
        </Word>
        <Word id="w17">
          <Coords points="55,67 182,67 182,142 55,142"/>
          <TextEquiv>
            <Unicode>لفظا</Unicode>
          </TextEquiv>
        </Word>
        <TextEquiv>
          <Unicode> با ن ا لفضل هنا يسير فجا ز و فيه ا نظر نتهى لله مجر و ر لفظا</Unicode>
        </TextEquiv>
      </TextLine>
      <TextLine id="l1">
        <Coords points="51,202 1320,202 1320,338 51,338"/>
        <Word id="w18">
          <Coords points="1218,214 1319,214 1319,301 1218,301"/>
          <TextEquiv>
            <Unicode>مضا</Unicode>
          </TextEquiv>
        </Word>
        <Word id="w19">
          <Coords points="1156,238 1206,238 1206,307 1156,307"/>
          <TextEquiv>
            <Unicode>ف</Unicode>
          </TextEquiv>
        </Word>
        <Word id="w20">
          <Coords points="1141,215 1160,215 1160,278 1141,278"/>
          <TextEquiv>
            <Unicode>ا</Unicode>
          </TextEquiv>
        </Word>
        <Word id="w21">
          <Coords points="1054,232 1130,232 1130,316 1054,316"/>
          <TextEquiv>
            <Unicode>ليه</Unicode>
          </TextEquiv>
        </Word>
        <Word id="w22">
          <Coords points="971,226 1043,226 1043,301 971,301"/>
          <TextEquiv>
            <Unicode>للا</Unicode>
          </TextEquiv>
        </Word>
        <Word id="w23">
          <Coords points="932,233 963,233 963,296 932,296"/>
          <TextEquiv>
            <Unicode>ذ</Unicode>
          </TextEquiv>
        </Word>
        <Word id="w24">
          <Coords points="887,223 924,223 924,300 887,300"/>
          <TextEquiv>
            <Unicode>ن</Unicode>
          </TextEquiv>
        </Word>
        <Word id="w25">
          <Coords points="828,254 873,254 873,298 828,298"/>
          <TextEquiv>
            <Unicode>و</Unicode>
          </TextEquiv>
        </Word>
        <Word id="w26">
          <Coords points="778,242 843,242 843,307 778,307"/>
          <TextEquiv>
            <Unicode>مر</Unicode>
          </TextEquiv>
        </Word>
        <Word id="w27">
          <Coords points="730,213 778,213 778,307 730,307"/>
          <TextEquiv>
            <Unicode>فو</Unicode>
          </TextEquiv>
        </Word>
        <Word id="w28">
          <Coords points="706,246 788,246 788,337 706,337"/>
          <TextEquiv>
            <Unicode>ع</Unicode>
          </TextEquiv>
        </Word>
        <Word id="w29">
          <Coords points="581,228 691,228 691,299 581,299"/>
          <TextEquiv>
            <Unicode>محلا</Unicode>
          </TextEquiv>
        </Word>
        <Word id="w30">
          <Coords points="486,236 586,236 586,295 486,295"/>
          <TextEquiv>
            <Unicode>عند</Unicode>
          </TextEquiv>
        </Word>
        <Word id="w31">
          <Coords points="472,212 487,212 487,263 472,263"/>
          <TextEquiv>
            <Unicode>ا</Unicode>
          </TextEquiv>
        </Word>
        <Word id="w32">
          <Coords points="358,220 466,220 466,309 358,309"/>
          <TextEquiv>
            <Unicode>لمص</Unicode>
          </TextEquiv>
        </Word>
        <Word id="w33">
          <Coords points="315,247 359,247 359,295 315,295"/>
          <TextEquiv>
            <Unicode>و</Unicode>
          </TextEquiv>
        </Word>
        <Word id="w34">
          <Coords points="230,207 335,207 335,284 230,284"/>
          <TextEquiv>
            <Unicode>تقد</Unicode>
          </TextEquiv>
        </Word>
        <Word id="w35">
          <Coords points="181,248 243,248 243,299 181,299"/>
          <TextEquiv>
            <Unicode>ير</Unicode>
          </TextEquiv>
        </Word>
        <Word id="w36">
          <Coords points="172,202 188,202 188,270 172,270"/>
          <TextEquiv>
            <Unicode>ا</Unicode>
          </TextEquiv>
        </Word>
        <Word id="w37">
          <Coords points="51,228 164,228 164,282 51,282"/>
          <TextEquiv>
            <Unicode>عند</Unicode>
          </TextEquiv>
        </Word>
        <TextEquiv>
          <Unicode> مضا ف ا ليه للا ذ ن و مر فو ع محلا عند ا لمص و تقد ير ا عند</Unicode>
        </TextEquiv>
      </TextLine>
      <TextLine id="l2">
        <Coords points="58,346 1325,346 1325,477 58,477"/>
        <Word id="w38">
          <Coords points="1308,373 1324,373 1324,448 1308,448"/>
          <TextEquiv>
            <Unicode>ا</Unicode>
          </TextEquiv>
        </Word>
        <Word id="w39">
          <Coords points="1164,365 1299,365 1299,475 1164,475"/>
          <TextEquiv>
            <Unicode>لجمهو</Unicode>
          </TextEquiv>
        </Word>
        <Word id="w40">
          <Coords points="1131,417 1174,417 1174,455 1131,455"/>
          <TextEquiv>
            <Unicode>ر</Unicode>
          </TextEquiv>
        </Word>
        <Word id="w41">
          <Coords points="1085,354 1132,354 1132,453 1085,453"/>
          <TextEquiv>
            <Unicode>فا</Unicode>
          </TextEquiv>
        </Word>
        <Word id="w42">
          <Coords points="1002,358 1077,358 1077,466 1002,466"/>
          <TextEquiv>
            <Unicode>عل</Unicode>
          </TextEquiv>
        </Word>
        <Word id="w43">
          <Coords points="969,373 1017,373 1017,430 969,430"/>
          <TextEquiv>
            <Unicode>له</Unicode>
          </TextEquiv>
        </Word>
        <Word id="w44">
          <Coords points="891,353 969,353 969,405 891,405"/>
          <TextEquiv>
            <Unicode>لى</Unicode>
          </TextEquiv>
        </Word>
        <Word id="w45">
          <Coords points="881,346 962,346 962,461 881,461"/>
          <TextEquiv>
            <Unicode>تعا</Unicode>
          </TextEquiv>
        </Word>
        <Word id="w46">
          <Coords points="856,370 872,370 872,445 856,445"/>
          <TextEquiv>
            <Unicode>ا</Unicode>
          </TextEquiv>
        </Word>
        <Word id="w47">
          <Coords points="773,374 784,374 784,437 773,437"/>
          <TextEquiv>
            <Unicode>ا</Unicode>
          </TextEquiv>
        </Word>
        <Word id="w48">
          <Coords points="772,408 852,408 852,469 772,469"/>
          <TextEquiv>
            <Unicode>عر</Unicode>
          </TextEquiv>
        </Word>
        <Word id="w49">
          <Coords points="713,398 762,398 762,476 713,476"/>
          <TextEquiv>
            <Unicode>به</Unicode>
          </TextEquiv>
        </Word>
        <Word id="w50">
          <Coords points="561,380 700,380 700,469 561,469"/>
          <TextEquiv>
            <Unicode>سبق</Unicode>
          </TextEquiv>
        </Word>
        <Word id="w51">
          <Coords points="382,385 564,385 564,447 382,447"/>
          <TextEquiv>
            <Unicode>مفصلا</Unicode>
          </TextEquiv>
        </Word>
        <Word id="w52">
          <Coords points="292,372 369,372 369,470 292,470"/>
          <TextEquiv>
            <Unicode>هذ</Unicode>
          </TextEquiv>
        </Word>
        <Word id="w53">
          <Coords points="269,401 297,401 297,426 269,426"/>
          <TextEquiv>
            <Unicode>ه</Unicode>
          </TextEquiv>
        </Word>
        <Word id="w54">
          <Coords points="242,370 257,370 257,436 242,436"/>
          <TextEquiv>
            <Unicode>ا</Unicode>
          </TextEquiv>
        </Word>
        <Word id="w55">
          <Coords points="169,366 238,366 238,441 169,441"/>
          <TextEquiv>
            <Unicode>لها</Unicode>
          </TextEquiv>
        </Word>
        <Word id="w56">
          <Coords points="151,350 171,350 171,370 151,370"/>
          <TextEquiv>
            <Unicode>ء</Unicode>
          </TextEquiv>
        </Word>
        <Word id="w57">
          <Coords points="94,406 159,406 159,460 94,460"/>
          <TextEquiv>
            <Unicode>حر</Unicode>
          </TextEquiv>
        </Word>
        <Word id="w58">
          <Coords points="58,378 110,378 110,437 58,437"/>
          <TextEquiv>
            <Unicode>ف</Unicode>
          </TextEquiv>
        </Word>
        <TextEquiv>
          <Unicode> ا لجمهو ر فا عل له لى تعا ا ا عر به سبق مفصلا هذ ه ا لها ء حر ف</Unicode>
        </TextEquiv>
      </TextLine>
      <TextLine id="l3">
        <Coords points="62,490 1308,490 1308,643 62,643"/>
        <Word id="w59">
          <Coords points="1171,523 1307,523 1307,623 1171,623"/>
          <TextEquiv>
            <Unicode>تنبيه</Unicode>
          </TextEquiv>
        </Word>
        <Word id="w60">
          <Coords points="1061,534 1163,534 1163,605 1061,605"/>
          <TextEquiv>
            <Unicode>مبنى</Unicode>
          </TextEquiv>
        </Word>
        <Word id="w61">
          <Coords points="1010,519 1074,519 1074,606 1010,606"/>
          <TextEquiv>
            <Unicode>على</Unicode>
          </TextEquiv>
        </Word>
        <Word id="w62">
          <Coords points="999,523 1016,523 1016,575 999,575"/>
          <TextEquiv>
            <Unicode>ا</Unicode>
          </TextEquiv>
        </Word>
        <Word id="w63">
          <Coords points="869,490 992,490 992,612 869,612"/>
          <TextEquiv>
            <Unicode>لسكو</Unicode>
          </TextEquiv>
        </Word>
        <Word id="w64">
          <Coords points="836,537 868,537 868,598 836,598"/>
          <TextEquiv>
            <Unicode>ن</Unicode>
          </TextEquiv>
        </Word>
        <Word id="w65">
          <Coords points="770,512 821,512 821,600 770,600"/>
          <TextEquiv>
            <Unicode>لا</Unicode>
          </TextEquiv>
        </Word>
        <Word id="w66">
          <Coords points="696,526 768,526 768,622 696,622"/>
          <TextEquiv>
            <Unicode>محل</Unicode>
          </TextEquiv>
        </Word>
        <Word id="w67">
          <Coords points="656,522 700,522 700,587 656,587"/>
          <TextEquiv>
            <Unicode>له</Unicode>
          </TextEquiv>
        </Word>
        <Word id="w68">
          <Coords points="602,544 645,544 645,601 602,601"/>
          <TextEquiv>
            <Unicode>و</Unicode>
          </TextEquiv>
        </Word>
        <Word id="w69">
          <Coords points="564,521 603,521 603,593 564,593"/>
          <TextEquiv>
            <Unicode>ذ</Unicode>
          </TextEquiv>
        </Word>
        <Word id="w70">
          <Coords points="534,565 557,565 557,595 534,595"/>
          <TextEquiv>
            <Unicode>ه</Unicode>
          </TextEquiv>
        </Word>
        <Word id="w71">
          <Coords points="504,520 522,520 522,588 504,588"/>
          <TextEquiv>
            <Unicode>ا</Unicode>
          </TextEquiv>
        </Word>
        <Word id="w72">
          <Coords points="434,543 491,543 491,642 434,642"/>
          <TextEquiv>
            <Unicode>سم</Unicode>
          </TextEquiv>
        </Word>
        <Word id="w73">
          <Coords points="412,518 428,518 428,592 412,592"/>
          <TextEquiv>
            <Unicode>ا</Unicode>
          </TextEquiv>
        </Word>
        <Word id="w74">
          <Coords points="331,503 406,503 406,589 331,589"/>
          <TextEquiv>
            <Unicode>شا</Unicode>
          </TextEquiv>
        </Word>
        <Word id="w75">
          <Coords points="298,550 326,550 326,600 298,600"/>
          <TextEquiv>
            <Unicode>ر</Unicode>
          </TextEquiv>
        </Word>
        <Word id="w76">
          <Coords points="272,527 295,527 295,591 272,591"/>
          <TextEquiv>
            <Unicode>ة</Unicode>
          </TextEquiv>
        </Word>
        <Word id="w77">
          <Coords points="152,529 261,529 261,609 152,609"/>
          <TextEquiv>
            <Unicode>مبني</Unicode>
          </TextEquiv>
        </Word>
        <Word id="w78">
          <Coords points="62,506 159,506 159,604 62,604"/>
          <TextEquiv>
            <Unicode>على</Unicode>
          </TextEquiv>
        </Word>
        <TextEquiv>
          <Unicode> تنبيه مبنى على ا لسكو ن لا محل له و ذ ه ا سم ا شا ر ة مبني على</Unicode>
        </TextEquiv>
      </TextLine>
      <TextLine id="l4">
        <Coords points="34,639 1310,639 1310,770 34,770"/>
        <Word id="w79">
          <Coords points="1296,676 1309,676 1309,743 1296,743"/>
          <TextEquiv>
            <Unicode>ا</Unicode>
          </TextEquiv>
        </Word>
        <Word id="w80">
          <Coords points="1147,668 1163,668 1163,723 1147,723"/>
          <TextEquiv>
            <Unicode>ا</Unicode>
          </TextEquiv>
        </Word>
        <Word id="w81">
          <Coords points="1138,658 1302,658 1302,767 1138,767"/>
          <TextEquiv>
            <Unicode>لكسر</Unicode>
          </TextEquiv>
        </Word>
        <Word id="w82">
          <Coords points="1100,703 1140,703 1140,748 1100,748"/>
          <TextEquiv>
            <Unicode>و</Unicode>
          </TextEquiv>
        </Word>
        <Word id="w83">
          <Coords points="1034,669 1105,669 1105,760 1034,760"/>
          <TextEquiv>
            <Unicode>على</Unicode>
          </TextEquiv>
        </Word>
        <Word id="w84">
          <Coords points="1028,671 1049,671 1049,729 1028,729"/>
          <TextEquiv>
            <Unicode>ا</Unicode>
          </TextEquiv>
        </Word>
        <Word id="w85">
          <Coords points="886,646 1018,646 1018,758 886,758"/>
          <TextEquiv>
            <Unicode>لسكو</Unicode>
          </TextEquiv>
        </Word>
        <Word id="w86">
          <Coords points="852,677 884,677 884,748 852,748"/>
          <TextEquiv>
            <Unicode>ن</Unicode>
          </TextEquiv>
        </Word>
        <Word id="w87">
          <Coords points="698,673 848,673 848,762 698,762"/>
          <TextEquiv>
            <Unicode>منصو</Unicode>
          </TextEquiv>
        </Word>
        <Word id="w88">
          <Coords points="648,694 709,694 709,758 648,758"/>
          <TextEquiv>
            <Unicode>ب</Unicode>
          </TextEquiv>
        </Word>
        <Word id="w89">
          <Coords points="553,670 650,670 650,749 553,749"/>
          <TextEquiv>
            <Unicode>محلا</Unicode>
          </TextEquiv>
        </Word>
        <Word id="w90">
          <Coords points="419,667 550,667 550,756 419,756"/>
          <TextEquiv>
            <Unicode>مفعو</Unicode>
          </TextEquiv>
        </Word>
        <Word id="w91">
          <Coords points="381,660 426,660 426,729 381,729"/>
          <TextEquiv>
            <Unicode>ل</Unicode>
          </TextEquiv>
        </Word>
        <Word id="w92">
          <Coords points="328,669 378,669 378,745 328,745"/>
          <TextEquiv>
            <Unicode>به</Unicode>
          </TextEquiv>
        </Word>
        <Word id="w93">
          <Coords points="253,664 320,664 320,736 253,736"/>
          <TextEquiv>
            <Unicode>لا</Unicode>
          </TextEquiv>
        </Word>
        <Word id="w94">
          <Coords points="186,665 262,665 262,769 186,769"/>
          <TextEquiv>
            <Unicode>بين</Unicode>
          </TextEquiv>
        </Word>
        <Word id="w95">
          <Coords points="164,651 193,651 193,720 164,720"/>
          <TextEquiv>
            <Unicode>ا</Unicode>
          </TextEquiv>
        </Word>
        <Word id="w96">
          <Coords points="34,639 166,639 166,742 34,742"/>
          <TextEquiv>
            <Unicode>لثلثة</Unicode>
          </TextEquiv>
        </Word>
        <TextEquiv>
          <Unicode> ا ا لكسر و على ا لسكو ن منصو ب محلا مفعو ل به لا بين ا لثلثة</Unicode>
        </TextEquiv>
      </TextLine>
      <TextLine id="l5">
        <Coords points="26,790 1310,790 1310,908 26,908"/>
        <Word id="w97">
          <Coords points="1175,821 1309,821 1309,898 1175,898"/>
          <TextEquiv>
            <Unicode>منصو</Unicode>
          </TextEquiv>
        </Word>
        <Word id="w98">
          <Coords points="1129,802 1170,802 1170,906 1129,906"/>
          <TextEquiv>
            <Unicode>بة</Unicode>
          </TextEquiv>
        </Word>
        <Word id="w99">
          <Coords points="981,801 1110,801 1110,889 981,889"/>
          <TextEquiv>
            <Unicode>لفظا</Unicode>
          </TextEquiv>
        </Word>
        <Word id="w100">
          <Coords points="854,811 977,811 977,880 854,880"/>
          <TextEquiv>
            <Unicode>صفة</Unicode>
          </TextEquiv>
        </Word>
        <Word id="w101">
          <Coords points="758,805 839,805 839,891 758,891"/>
          <TextEquiv>
            <Unicode>هذ</Unicode>
          </TextEquiv>
        </Word>
        <Word id="w102">
          <Coords points="725,836 747,836 747,868 725,868"/>
          <TextEquiv>
            <Unicode>ه</Unicode>
          </TextEquiv>
        </Word>
        <Word id="w103">
          <Coords points="609,815 717,815 717,874 609,874"/>
          <TextEquiv>
            <Unicode>عند</Unicode>
          </TextEquiv>
        </Word>
        <Word id="w104">
          <Coords points="598,795 611,795 611,858 598,858"/>
          <TextEquiv>
            <Unicode>ا</Unicode>
          </TextEquiv>
        </Word>
        <Word id="w105">
          <Coords points="408,804 605,804 605,906 408,906"/>
          <TextEquiv>
            <Unicode>لمحققين</Unicode>
          </TextEquiv>
        </Word>
        <Word id="w106">
          <Coords points="355,790 426,790 426,883 355,883"/>
          <TextEquiv>
            <Unicode>كما</Unicode>
          </TextEquiv>
        </Word>
        <Word id="w107">
          <Coords points="299,797 347,797 347,884 299,884"/>
          <TextEquiv>
            <Unicode>فى</Unicode>
          </TextEquiv>
        </Word>
        <Word id="w108">
          <Coords points="287,802 308,802 308,862 287,862"/>
          <TextEquiv>
            <Unicode>ا</Unicode>
          </TextEquiv>
        </Word>
        <Word id="w109">
          <Coords points="215,812 261,812 261,883 215,883"/>
          <TextEquiv>
            <Unicode>لا</Unicode>
          </TextEquiv>
        </Word>
        <Word id="w110">
          <Coords points="161,802 229,802 229,877 161,877"/>
          <TextEquiv>
            <Unicode>ما</Unicode>
          </TextEquiv>
        </Word>
        <Word id="w111">
          <Coords points="111,808 158,808 158,887 111,887"/>
          <TextEquiv>
            <Unicode>لى</Unicode>
          </TextEquiv>
        </Word>
        <Word id="w112">
          <Coords points="61,803 109,803 109,881 61,881"/>
          <TextEquiv>
            <Unicode>لا</Unicode>
          </TextEquiv>
        </Word>
        <Word id="w113">
          <Coords points="26,826 78,826 78,907 26,907"/>
          <TextEquiv>
            <Unicode>بن</Unicode>
          </TextEquiv>
        </Word>
        <TextEquiv>
          <Unicode> منصو بة لفظا صفة هذ ه عند ا لمحققين كما فى ا لا ما لى لا بن</Unicode>
        </TextEquiv>
      </TextLine>
      <TextLine id="l6">
        <Coords points="48,923 1313,923 1313,1065 48,1065"/>
        <Word id="w114">
          <Coords points="1295,968 1312,968 1312,1037 1295,1037"/>
          <TextEquiv>
            <Unicode>ا</Unicode>
          </TextEquiv>
        </Word>
        <Word id="w115">
          <Coords points="1229,958 1293,958 1293,1043 1229,1043"/>
          <TextEquiv>
            <Unicode>لحا</Unicode>
          </TextEquiv>
        </Word>
        <Word id="w116">
          <Coords points="1130,992 1229,992 1229,1064 1130,1064"/>
          <TextEquiv>
            <Unicode>جب</Unicode>
          </TextEquiv>
        </Word>
        <Word id="w117">
          <Coords points="1078,996 1126,996 1126,1042 1078,1042"/>
          <TextEquiv>
            <Unicode>و</Unicode>
          </TextEquiv>
        </Word>
        <Word id="w118">
          <Coords points="1009,964 1085,964 1085,1062 1009,1062"/>
          <TextEquiv>
            <Unicode>قيل</Unicode>
          </TextEquiv>
        </Word>
        <Word id="w119">
          <Coords points="871,959 1013,959 1013,1039 871,1039"/>
          <TextEquiv>
            <Unicode>عطف</Unicode>
          </TextEquiv>
        </Word>
        <Word id="w120">
          <Coords points="794,923 867,923 867,1061 794,1061"/>
          <TextEquiv>
            <Unicode>بيا</Unicode>
          </TextEquiv>
        </Word>
        <Word id="w121">
          <Coords points="745,960 788,960 788,1037 745,1037"/>
          <TextEquiv>
            <Unicode>ن</Unicode>
          </TextEquiv>
        </Word>
        <Word id="w122">
          <Coords points="703,985 745,985 745,1032 703,1032"/>
          <TextEquiv>
            <Unicode>و</Unicode>
          </TextEquiv>
        </Word>
        <Word id="w123">
          <Coords points="637,946 710,946 710,1056 637,1056"/>
          <TextEquiv>
            <Unicode>قيل</Unicode>
          </TextEquiv>
        </Word>
        <Word id="w124">
          <Coords points="586,959 631,959 631,1047 586,1047"/>
          <TextEquiv>
            <Unicode>بد</Unicode>
          </TextEquiv>
        </Word>
        <Word id="w125">
          <Coords points="537,947 575,947 575,1047 537,1047"/>
          <TextEquiv>
            <Unicode>ل</Unicode>
          </TextEquiv>
        </Word>
        <Word id="w126">
          <Coords points="477,933 537,933 537,1047 477,1047"/>
          <TextEquiv>
            <Unicode>على</Unicode>
          </TextEquiv>
        </Word>
        <Word id="w127">
          <Coords points="460,943 479,943 479,1015 460,1015"/>
          <TextEquiv>
            <Unicode>ا</Unicode>
          </TextEquiv>
        </Word>
        <Word id="w128">
          <Coords points="387,952 451,952 451,1027 387,1027"/>
          <TextEquiv>
            <Unicode>لا</Unicode>
          </TextEquiv>
        </Word>
        <Word id="w129">
          <Coords points="285,941 411,941 411,1027 285,1027"/>
          <TextEquiv>
            <Unicode>ختلا</Unicode>
          </TextEquiv>
        </Word>
        <Word id="w130">
          <Coords points="218,960 278,960 278,1022 218,1022"/>
          <TextEquiv>
            <Unicode>ف</Unicode>
          </TextEquiv>
        </Word>
        <Word id="w131">
          <Coords points="158,935 222,935 222,1048 158,1048"/>
          <TextEquiv>
            <Unicode>فيما</Unicode>
          </TextEquiv>
        </Word>
        <Word id="w132">
          <Coords points="48,951 156,951 156,1051 48,1051"/>
          <TextEquiv>
            <Unicode>بينهم</Unicode>
          </TextEquiv>
        </Word>
        <TextEquiv>
          <Unicode> ا لحا جب و قيل عطف بيا ن و قيل بد ل على ا لا ختلا ف فيما بينهم</Unicode>
        </TextEquiv>
      </TextLine>
      <TextLine id="l7">
        <Coords points="37,1078 1315,1078 1315,1211 37,1211"/>
        <Word id="w133">
          <Coords points="1272,1152 1314,1152 1314,1196 1272,1196"/>
          <TextEquiv>
            <Unicode>و</Unicode>
          </TextEquiv>
        </Word>
        <Word id="w134">
          <Coords points="1256,1118 1277,1118 1277,1176 1256,1176"/>
          <TextEquiv>
            <Unicode>ا</Unicode>
          </TextEquiv>
        </Word>
        <Word id="w135">
          <Coords points="1207,1114 1255,1114 1255,1185 1207,1185"/>
          <TextEquiv>
            <Unicode>ما</Unicode>
          </TextEquiv>
        </Word>
        <Word id="w136">
          <Coords points="1146,1078 1197,1078 1197,1194 1146,1194"/>
          <TextEquiv>
            <Unicode>كو</Unicode>
          </TextEquiv>
        </Word>
        <Word id="w137">
          <Coords points="1091,1102 1146,1102 1146,1210 1091,1210"/>
          <TextEquiv>
            <Unicode>نها</Unicode>
          </TextEquiv>
        </Word>
        <Word id="w138">
          <Coords points="1013,1143 1071,1143 1071,1210 1013,1210"/>
          <TextEquiv>
            <Unicode>مر</Unicode>
          </TextEquiv>
        </Word>
        <Word id="w139">
          <Coords points="973,1116 1020,1116 1020,1197 973,1197"/>
          <TextEquiv>
            <Unicode>فو</Unicode>
          </TextEquiv>
        </Word>
        <Word id="w140">
          <Coords points="920,1111 974,1111 974,1193 920,1193"/>
          <TextEquiv>
            <Unicode>عا</Unicode>
          </TextEquiv>
        </Word>
        <Word id="w141">
          <Coords points="799,1116 912,1116 912,1204 799,1204"/>
          <TextEquiv>
            <Unicode>بتقد</Unicode>
          </TextEquiv>
        </Word>
        <Word id="w142">
          <Coords points="749,1142 797,1142 797,1208 749,1208"/>
          <TextEquiv>
            <Unicode>ير</Unicode>
          </TextEquiv>
        </Word>
        <Word id="w143">
          <Coords points="726,1098 761,1098 761,1162 726,1162"/>
          <TextEquiv>
            <Unicode>ا</Unicode>
          </TextEquiv>
        </Word>
        <Word id="w144">
          <Coords points="610,1110 729,1110 729,1194 610,1194"/>
          <TextEquiv>
            <Unicode>لمبتد</Unicode>
          </TextEquiv>
        </Word>
        <Word id="w145">
          <Coords points="584,1089 612,1089 612,1149 584,1149"/>
          <TextEquiv>
            <Unicode>ا</Unicode>
          </TextEquiv>
        </Word>
        <Word id="w146">
          <Coords points="558,1133 585,1133 585,1163 558,1163"/>
          <TextEquiv>
            <Unicode>ء</Unicode>
          </TextEquiv>
        </Word>
        <Word id="w147">
          <Coords points="525,1104 545,1104 545,1171 525,1171"/>
          <TextEquiv>
            <Unicode>ا</Unicode>
          </TextEquiv>
        </Word>
        <Word id="w148">
          <Coords points="475,1134 522,1134 522,1187 475,1187"/>
          <TextEquiv>
            <Unicode>و</Unicode>
          </TextEquiv>
        </Word>
        <Word id="w149">
          <Coords points="336,1117 474,1117 474,1204 336,1204"/>
          <TextEquiv>
            <Unicode>منصو</Unicode>
          </TextEquiv>
        </Word>
        <Word id="w150">
          <Coords points="306,1079 343,1079 343,1203 306,1203"/>
          <TextEquiv>
            <Unicode>با</Unicode>
          </TextEquiv>
        </Word>
        <Word id="w151">
          <Coords points="174,1098 297,1098 297,1187 174,1187"/>
          <TextEquiv>
            <Unicode>بتقد</Unicode>
          </TextEquiv>
        </Word>
        <Word id="w152">
          <Coords points="110,1081 136,1081 136,1142 110,1142"/>
          <TextEquiv>
            <Unicode>ا</Unicode>
          </TextEquiv>
        </Word>
        <Word id="w153">
          <Coords points="105,1127 171,1127 171,1197 105,1197"/>
          <TextEquiv>
            <Unicode>ير</Unicode>
          </TextEquiv>
        </Word>
        <Word id="w154">
          <Coords points="37,1095 112,1095 112,1193 37,1193"/>
          <TextEquiv>
            <Unicode>عني</Unicode>
          </TextEquiv>
        </Word>
        <TextEquiv>
          <Unicode> و ا ما كو نها مر فو عا بتقد ير ا لمبتد ا ء ا و منصو با بتقد ا ير عني</Unicode>
        </TextEquiv>
      </TextLine>
      <TextLine id="l8">
        <Coords points="21,1237 1323,1237 1323,1372 21,1372"/>
        <Word id="w155">
          <Coords points="1256,1244 1322,1244 1322,1357 1256,1357"/>
          <TextEquiv>
            <Unicode>كما</Unicode>
          </TextEquiv>
        </Word>
        <Word id="w156">
          <Coords points="1172,1302 1252,1302 1252,1355 1172,1355"/>
          <TextEquiv>
            <Unicode>هو</Unicode>
          </TextEquiv>
        </Word>
        <Word id="w157">
          <Coords points="1167,1258 1191,1258 1191,1314 1167,1314"/>
          <TextEquiv>
            <Unicode>ا</Unicode>
          </TextEquiv>
        </Word>
        <Word id="w158">
          <Coords points="1026,1268 1169,1268 1169,1362 1026,1362"/>
          <TextEquiv>
            <Unicode>لمشهو</Unicode>
          </TextEquiv>
        </Word>
        <Word id="w159">
          <Coords points="986,1299 1033,1299 1033,1350 986,1350"/>
          <TextEquiv>
            <Unicode>ر</Unicode>
          </TextEquiv>
        </Word>
        <Word id="w160">
          <Coords points="896,1269 1004,1269 1004,1331 896,1331"/>
          <TextEquiv>
            <Unicode>عند</Unicode>
          </TextEquiv>
        </Word>
        <Word id="w161">
          <Coords points="875,1242 901,1242 901,1315 875,1315"/>
          <TextEquiv>
            <Unicode>ا</Unicode>
          </TextEquiv>
        </Word>
        <Word id="w162">
          <Coords points="714,1249 865,1249 865,1325 714,1325"/>
          <TextEquiv>
            <Unicode>لسنة</Unicode>
          </TextEquiv>
        </Word>
        <Word id="w163">
          <Coords points="557,1249 704,1249 704,1348 557,1348"/>
          <TextEquiv>
            <Unicode>فليس</Unicode>
          </TextEquiv>
        </Word>
        <Word id="w164">
          <Coords points="495,1242 557,1242 557,1350 495,1350"/>
          <TextEquiv>
            <Unicode>بجا</Unicode>
          </TextEquiv>
        </Word>
        <Word id="w165">
          <Coords points="430,1242 488,1242 488,1352 430,1352"/>
          <TextEquiv>
            <Unicode>ئز</Unicode>
          </TextEquiv>
        </Word>
        <Word id="w166">
          <Coords points="348,1288 432,1288 432,1342 348,1342"/>
          <TextEquiv>
            <Unicode>صر</Unicode>
          </TextEquiv>
        </Word>
        <Word id="w167">
          <Coords points="312,1282 400,1282 400,1371 312,1371"/>
          <TextEquiv>
            <Unicode>ح</Unicode>
          </TextEquiv>
        </Word>
        <Word id="w168">
          <Coords points="247,1271 299,1271 299,1344 247,1344"/>
          <TextEquiv>
            <Unicode>به</Unicode>
          </TextEquiv>
        </Word>
        <Word id="w169">
          <Coords points="116,1282 232,1282 232,1347 116,1347"/>
          <TextEquiv>
            <Unicode>بعص</Unicode>
          </TextEquiv>
        </Word>
        <Word id="w170">
          <Coords points="21,1237 130,1237 130,1337 21,1337"/>
          <TextEquiv>
            <Unicode>لكملة</Unicode>
          </TextEquiv>
        </Word>
        <TextEquiv>
          <Unicode> كما هو ا لمشهو ر عند ا لسنة فليس بجا ئز صر ح به بعص لكملة</Unicode>
        </TextEquiv>
      </TextLine>
      <TextLine id="l9">
        <Coords points="39,1384 1314,1384 1314,1519 39,1519"/>
        <Word id="w171">
          <Coords points="1268,1419 1313,1419 1313,1510 1268,1510"/>
          <TextEquiv>
            <Unicode>في</Unicode>
          </TextEquiv>
        </Word>
        <Word id="w172">
          <Coords points="1200,1412 1216,1412 1216,1484 1200,1484"/>
          <TextEquiv>
            <Unicode>ا</Unicode>
          </TextEquiv>
        </Word>
        <Word id="w173">
          <Coords points="1194,1450 1276,1450 1276,1504 1194,1504"/>
          <TextEquiv>
            <Unicode>حو</Unicode>
          </TextEquiv>
        </Word>
        <Word id="w174">
          <Coords points="1115,1455 1188,1455 1188,1507 1115,1507"/>
          <TextEquiv>
            <Unicode>سى</Unicode>
          </TextEquiv>
        </Word>
        <Word id="w175">
          <Coords points="1112,1406 1142,1406 1142,1465 1112,1465"/>
          <TextEquiv>
            <Unicode>ا</Unicode>
          </TextEquiv>
        </Word>
        <Word id="w176">
          <Coords points="920,1413 1105,1413 1105,1518 920,1518"/>
          <TextEquiv>
            <Unicode>لتسهيل</Unicode>
          </TextEquiv>
        </Word>
        <Word id="w177">
          <Coords points="864,1386 937,1386 937,1488 864,1488"/>
          <TextEquiv>
            <Unicode>كما</Unicode>
          </TextEquiv>
        </Word>
        <Word id="w178">
          <Coords points="748,1399 854,1399 854,1483 748,1483"/>
          <TextEquiv>
            <Unicode>نقله</Unicode>
          </TextEquiv>
        </Word>
        <Word id="w179">
          <Coords points="714,1408 735,1408 735,1470 714,1470"/>
          <TextEquiv>
            <Unicode>ا</Unicode>
          </TextEquiv>
        </Word>
        <Word id="w180">
          <Coords points="574,1402 704,1402 704,1506 574,1506"/>
          <TextEquiv>
            <Unicode>لشمنى</Unicode>
          </TextEquiv>
        </Word>
        <Word id="w181">
          <Coords points="527,1441 572,1441 572,1485 527,1485"/>
          <TextEquiv>
            <Unicode>و</Unicode>
          </TextEquiv>
        </Word>
        <Word id="w182">
          <Coords points="519,1396 544,1396 544,1460 519,1460"/>
          <TextEquiv>
            <Unicode>ا</Unicode>
          </TextEquiv>
        </Word>
        <Word id="w183">
          <Coords points="467,1403 513,1403 513,1478 467,1478"/>
          <TextEquiv>
            <Unicode>لد</Unicode>
          </TextEquiv>
        </Word>
        <Word id="w184">
          <Coords points="421,1400 464,1400 464,1469 421,1469"/>
          <TextEquiv>
            <Unicode>ما</Unicode>
          </TextEquiv>
        </Word>
        <Word id="w185">
          <Coords points="313,1417 407,1417 407,1499 313,1499"/>
          <TextEquiv>
            <Unicode>مبني</Unicode>
          </TextEquiv>
        </Word>
        <Word id="w186">
          <Coords points="253,1388 322,1388 322,1497 253,1497"/>
          <TextEquiv>
            <Unicode>في</Unicode>
          </TextEquiv>
        </Word>
        <Word id="w187">
          <Coords points="150,1399 234,1399 234,1486 150,1486"/>
          <TextEquiv>
            <Unicode>شر</Unicode>
          </TextEquiv>
        </Word>
        <Word id="w188">
          <Coords points="115,1434 233,1434 233,1514 115,1514"/>
          <TextEquiv>
            <Unicode>ح</Unicode>
          </TextEquiv>
        </Word>
        <Word id="w189">
          <Coords points="39,1384 130,1384 130,1462 39,1462"/>
          <TextEquiv>
            <Unicode>مغنى</Unicode>
          </TextEquiv>
        </Word>
        <TextEquiv>
          <Unicode> في ا حو سى ا لتسهيل كما نقله ا لشمنى و ا لد ما مبني في شر ح مغنى</Unicode>
        </TextEquiv>
      </TextLine>
      <TextLine id="l10">
        <Coords points="33,1528 1312,1528 1312,1668 33,1668"/>
        <Word id="w190">
          <Coords points="1294,1572 1311,1572 1311,1647 1294,1647"/>
          <TextEquiv>
            <Unicode>ا</Unicode>
          </TextEquiv>
        </Word>
        <Word id="w191">
          <Coords points="1135,1584 1283,1584 1283,1667 1135,1667"/>
          <TextEquiv>
            <Unicode>للبيب</Unicode>
          </TextEquiv>
        </Word>
        <Word id="w192">
          <Coords points="1076,1565 1130,1565 1130,1644 1076,1644"/>
          <TextEquiv>
            <Unicode>لا</Unicode>
          </TextEquiv>
        </Word>
        <Word id="w193">
          <Coords points="1039,1579 1073,1579 1073,1643 1039,1643"/>
          <TextEquiv>
            <Unicode>ن</Unicode>
          </TextEquiv>
        </Word>
        <Word id="w194">
          <Coords points="968,1574 1031,1574 1031,1638 968,1638"/>
          <TextEquiv>
            <Unicode>من</Unicode>
          </TextEquiv>
        </Word>
        <Word id="w195">
          <Coords points="859,1547 974,1547 974,1619 859,1619"/>
          <TextEquiv>
            <Unicode>خصا</Unicode>
          </TextEquiv>
        </Word>
        <Word id="w196">
          <Coords points="755,1542 843,1542 843,1641 755,1641"/>
          <TextEquiv>
            <Unicode>ئص</Unicode>
          </TextEquiv>
        </Word>
        <Word id="w197">
          <Coords points="743,1539 770,1539 770,1599 743,1599"/>
          <TextEquiv>
            <Unicode>ا</Unicode>
          </TextEquiv>
        </Word>
        <Word id="w198">
          <Coords points="683,1572 738,1572 738,1660 683,1660"/>
          <TextEquiv>
            <Unicode>سم</Unicode>
          </TextEquiv>
        </Word>
        <Word id="w199">
          <Coords points="669,1543 681,1543 681,1600 669,1600"/>
          <TextEquiv>
            <Unicode>ا</Unicode>
          </TextEquiv>
        </Word>
        <Word id="w200">
          <Coords points="609,1541 654,1541 654,1617 609,1617"/>
          <TextEquiv>
            <Unicode>لا</Unicode>
          </TextEquiv>
        </Word>
        <Word id="w201">
          <Coords points="540,1535 607,1535 607,1614 540,1614"/>
          <TextEquiv>
            <Unicode>شا</Unicode>
          </TextEquiv>
        </Word>
        <Word id="w202">
          <Coords points="499,1580 532,1580 532,1622 499,1622"/>
          <TextEquiv>
            <Unicode>ر</Unicode>
          </TextEquiv>
        </Word>
        <Word id="w203">
          <Coords points="473,1560 496,1560 496,1615 473,1615"/>
          <TextEquiv>
            <Unicode>ة</Unicode>
          </TextEquiv>
        </Word>
        <Word id="w204">
          <Coords points="444,1541 462,1541 462,1609 444,1609"/>
          <TextEquiv>
            <Unicode>ا</Unicode>
          </TextEquiv>
        </Word>
        <Word id="w205">
          <Coords points="404,1549 437,1549 437,1624 404,1624"/>
          <TextEquiv>
            <Unicode>ن</Unicode>
          </TextEquiv>
        </Word>
        <Word id="w206">
          <Coords points="349,1535 401,1535 401,1611 349,1611"/>
          <TextEquiv>
            <Unicode>لا</Unicode>
          </TextEquiv>
        </Word>
        <Word id="w207">
          <Coords points="215,1539 344,1539 344,1656 215,1656"/>
          <TextEquiv>
            <Unicode>يقطع</Unicode>
          </TextEquiv>
        </Word>
        <Word id="w208">
          <Coords points="147,1580 203,1580 203,1630 147,1630"/>
          <TextEquiv>
            <Unicode>و</Unicode>
          </TextEquiv>
        </Word>
        <Word id="w209">
          <Coords points="33,1528 163,1528 163,1644 33,1644"/>
          <TextEquiv>
            <Unicode>صفها</Unicode>
          </TextEquiv>
        </Word>
        <TextEquiv>
          <Unicode> ا للبيب لا ن من خصا ئص ا سم ا لا شا ر ة ا ن لا يقطع و صفها</Unicode>
        </TextEquiv>
      </TextLine>
      <TextLine id="l11">
        <Coords points="51,1683 1315,1683 1315,1814 51,1814"/>
        <Word id="w210">
          <Coords points="1266,1695 1314,1695 1314,1804 1266,1804"/>
          <TextEquiv>
            <Unicode>با</Unicode>
          </TextEquiv>
        </Word>
        <Word id="w211">
          <Coords points="1209,1715 1260,1715 1260,1792 1209,1792"/>
          <TextEquiv>
            <Unicode>لر</Unicode>
          </TextEquiv>
        </Word>
        <Word id="w212">
          <Coords points="1147,1719 1206,1719 1206,1813 1147,1813"/>
          <TextEquiv>
            <Unicode>فع</Unicode>
          </TextEquiv>
        </Word>
        <Word id="w213">
          <Coords points="1101,1741 1142,1741 1142,1793 1101,1793"/>
          <TextEquiv>
            <Unicode>و</Unicode>
          </TextEquiv>
        </Word>
        <Word id="w214">
          <Coords points="1086,1701 1110,1701 1110,1770 1086,1770"/>
          <TextEquiv>
            <Unicode>ا</Unicode>
          </TextEquiv>
        </Word>
        <Word id="w215">
          <Coords points="920,1707 1078,1707 1078,1802 920,1802"/>
          <TextEquiv>
            <Unicode>لنصب</Unicode>
          </TextEquiv>
        </Word>
        <Word id="w216">
          <Coords points="868,1683 916,1683 916,1774 868,1774"/>
          <TextEquiv>
            <Unicode>فا</Unicode>
          </TextEquiv>
        </Word>
        <Word id="w217">
          <Coords points="707,1707 866,1707 866,1781 707,1781"/>
          <TextEquiv>
            <Unicode>حفظه</Unicode>
          </TextEquiv>
        </Word>
        <Word id="w218">
          <Coords points="650,1693 694,1693 694,1776 650,1776"/>
          <TextEquiv>
            <Unicode>فا</Unicode>
          </TextEquiv>
        </Word>
        <Word id="w219">
          <Coords points="594,1704 643,1704 643,1773 594,1773"/>
          <TextEquiv>
            <Unicode>نه</Unicode>
          </TextEquiv>
        </Word>
        <Word id="w220">
          <Coords points="511,1708 576,1708 576,1787 511,1787"/>
          <TextEquiv>
            <Unicode>من</Unicode>
          </TextEquiv>
        </Word>
        <Word id="w221">
          <Coords points="494,1692 516,1692 516,1762 494,1762"/>
          <TextEquiv>
            <Unicode>ا</Unicode>
          </TextEquiv>
        </Word>
        <Word id="w222">
          <Coords points="405,1700 488,1700 488,1794 405,1794"/>
          <TextEquiv>
            <Unicode>لفر</Unicode>
          </TextEquiv>
        </Word>
        <Word id="w223">
          <Coords points="394,1698 422,1698 422,1760 394,1760"/>
          <TextEquiv>
            <Unicode>ا</Unicode>
          </TextEquiv>
        </Word>
        <Word id="w224">
          <Coords points="313,1693 390,1693 390,1795 313,1795"/>
          <TextEquiv>
            <Unicode>ئب</Unicode>
          </TextEquiv>
        </Word>
        <Word id="w225">
          <Coords points="219,1688 319,1688 319,1792 219,1792"/>
          <TextEquiv>
            <Unicode>يظن</Unicode>
          </TextEquiv>
        </Word>
        <Word id="w226">
          <Coords points="125,1703 209,1703 209,1781 125,1781"/>
          <TextEquiv>
            <Unicode>من</Unicode>
          </TextEquiv>
        </Word>
        <Word id="w227">
          <Coords points="51,1697 119,1697 119,1781 51,1781"/>
          <TextEquiv>
            <Unicode>لم</Unicode>
          </TextEquiv>
        </Word>
        <TextEquiv>
          <Unicode> با لر فع و ا لنصب فا حفظه فا نه من ا لفر ا ئب يظن من لم</Unicode>
        </TextEquiv>
      </TextLine>
      <TextLine id="l12">
        <Coords points="74,1825 1300,1825 1300,1945 74,1945"/>
        <Word id="w228">
          <Coords points="1136,1873 1299,1873 1299,1939 1136,1939"/>
          <TextEquiv>
            <Unicode>يسمعه</Unicode>
          </TextEquiv>
        </Word>
        <Word id="w229">
          <Coords points="1104,1854 1121,1854 1121,1910 1104,1910"/>
          <TextEquiv>
            <Unicode>ا</Unicode>
          </TextEquiv>
        </Word>
        <Word id="w230">
          <Coords points="1042,1864 1100,1864 1100,1923 1042,1923"/>
          <TextEquiv>
            <Unicode>نه</Unicode>
          </TextEquiv>
        </Word>
        <Word id="w231">
          <Coords points="947,1861 1024,1861 1024,1933 947,1933"/>
          <TextEquiv>
            <Unicode>من</Unicode>
          </TextEquiv>
        </Word>
        <Word id="w232">
          <Coords points="946,1843 958,1843 958,1901 946,1901"/>
          <TextEquiv>
            <Unicode>ا</Unicode>
          </TextEquiv>
        </Word>
        <Word id="w233">
          <Coords points="849,1828 928,1828 928,1942 849,1942"/>
          <TextEquiv>
            <Unicode>لعجا</Unicode>
          </TextEquiv>
        </Word>
        <Word id="w234">
          <Coords points="747,1838 843,1838 843,1943 747,1943"/>
          <TextEquiv>
            <Unicode>ئب</Unicode>
          </TextEquiv>
        </Word>
        <Word id="w235">
          <Coords points="695,1840 762,1840 762,1932 695,1932"/>
          <TextEquiv>
            <Unicode>على</Unicode>
          </TextEquiv>
        </Word>
        <Word id="w236">
          <Coords points="633,1867 702,1867 702,1944 633,1944"/>
          <TextEquiv>
            <Unicode>حر</Unicode>
          </TextEquiv>
        </Word>
        <Word id="w237">
          <Coords points="573,1861 641,1861 641,1930 573,1930"/>
          <TextEquiv>
            <Unicode>ف</Unicode>
          </TextEquiv>
        </Word>
        <Word id="w238">
          <Coords points="495,1874 586,1874 586,1929 495,1929"/>
          <TextEquiv>
            <Unicode>جر</Unicode>
          </TextEquiv>
        </Word>
        <Word id="w239">
          <Coords points="407,1850 520,1850 520,1932 407,1932"/>
          <TextEquiv>
            <Unicode>مبنى</Unicode>
          </TextEquiv>
        </Word>
        <Word id="w240">
          <Coords points="336,1840 404,1840 404,1940 336,1940"/>
          <TextEquiv>
            <Unicode>على</Unicode>
          </TextEquiv>
        </Word>
        <Word id="w241">
          <Coords points="318,1848 337,1848 337,1915 318,1915"/>
          <TextEquiv>
            <Unicode>ا</Unicode>
          </TextEquiv>
        </Word>
        <Word id="w242">
          <Coords points="182,1825 311,1825 311,1931 182,1931"/>
          <TextEquiv>
            <Unicode>لسكو</Unicode>
          </TextEquiv>
        </Word>
        <Word id="w243">
          <Coords points="148,1855 181,1855 181,1922 148,1922"/>
          <TextEquiv>
            <Unicode>ن</Unicode>
          </TextEquiv>
        </Word>
        <Word id="w244">
          <Coords points="74,1840 137,1840 137,1918 74,1918"/>
          <TextEquiv>
            <Unicode>لا</Unicode>
          </TextEquiv>
        </Word>
        <TextEquiv>
          <Unicode> يسمعه ا نه من ا لعجا ئب على حر ف جر مبنى على ا لسكو ن لا</Unicode>
        </TextEquiv>
      </TextLine>
      <TextLine id="l13">
        <Coords points="32,1982 1312,1982 1312,2105 32,2105"/>
        <Word id="w245">
          <Coords points="1220,1992 1311,1992 1311,2097 1220,2097"/>
          <TextEquiv>
            <Unicode>محل</Unicode>
          </TextEquiv>
        </Word>
        <Word id="w246">
          <Coords points="1183,1997 1231,1997 1231,2066 1183,2066"/>
          <TextEquiv>
            <Unicode>له</Unicode>
          </TextEquiv>
        </Word>
        <Word id="w247">
          <Coords points="1126,2020 1165,2020 1165,2073 1126,2073"/>
          <TextEquiv>
            <Unicode>و</Unicode>
          </TextEquiv>
        </Word>
        <Word id="w248">
          <Coords points="1053,1984 1125,1984 1125,2100 1053,2100"/>
          <TextEquiv>
            <Unicode>على</Unicode>
          </TextEquiv>
        </Word>
        <Word id="w249">
          <Coords points="900,1986 1061,1986 1061,2088 900,2088"/>
          <TextEquiv>
            <Unicode>متعلق</Unicode>
          </TextEquiv>
        </Word>
        <Word id="w250">
          <Coords points="858,1982 896,1982 896,2092 858,2092"/>
          <TextEquiv>
            <Unicode>با</Unicode>
          </TextEquiv>
        </Word>
        <Word id="w251">
          <Coords points="769,1998 853,1998 853,2100 769,2100"/>
          <TextEquiv>
            <Unicode>بين</Unicode>
          </TextEquiv>
        </Word>
        <Word id="w252">
          <Coords points="678,1984 765,1984 765,2086 678,2086"/>
          <TextEquiv>
            <Unicode>طر</Unicode>
          </TextEquiv>
        </Word>
        <Word id="w253">
          <Coords points="630,1994 697,1994 697,2095 630,2095"/>
          <TextEquiv>
            <Unicode>يق</Unicode>
          </TextEquiv>
        </Word>
        <Word id="w254">
          <Coords points="553,2007 633,2007 633,2104 553,2104"/>
          <TextEquiv>
            <Unicode>مجر</Unicode>
          </TextEquiv>
        </Word>
        <Word id="w255">
          <Coords points="522,2029 568,2029 568,2089 522,2089"/>
          <TextEquiv>
            <Unicode>و</Unicode>
          </TextEquiv>
        </Word>
        <Word id="w256">
          <Coords points="493,2029 524,2029 524,2076 493,2076"/>
          <TextEquiv>
            <Unicode>ر</Unicode>
          </TextEquiv>
        </Word>
        <Word id="w257">
          <Coords points="367,2000 487,2000 487,2075 367,2075"/>
          <TextEquiv>
            <Unicode>لفظا</Unicode>
          </TextEquiv>
        </Word>
        <Word id="w258">
          <Coords points="276,1997 359,1997 359,2098 276,2098"/>
          <TextEquiv>
            <Unicode>بعلى</Unicode>
          </TextEquiv>
        </Word>
        <Word id="w259">
          <Coords points="139,2012 293,2012 293,2102 139,2102"/>
          <TextEquiv>
            <Unicode>منصو</Unicode>
          </TextEquiv>
        </Word>
        <Word id="w260">
          <Coords points="110,2023 165,2023 165,2098 110,2098"/>
          <TextEquiv>
            <Unicode>ب</Unicode>
          </TextEquiv>
        </Word>
        <Word id="w261">
          <Coords points="32,2004 114,2004 114,2066 32,2066"/>
          <TextEquiv>
            <Unicode>محلا</Unicode>
          </TextEquiv>
        </Word>
        <TextEquiv>
          <Unicode> محل له و على متعلق با بين طر يق مجر و ر لفظا بعلى منصو ب محلا</Unicode>
        </TextEquiv>
      </TextLine>
      <TextLine id="l14">
        <Coords points="38,2129 1312,2129 1312,2276 38,2276"/>
        <Word id="w262">
          <Coords points="1292,2156 1311,2156 1311,2226 1292,2226"/>
          <TextEquiv>
            <Unicode>ا</Unicode>
          </TextEquiv>
        </Word>
        <Word id="w263">
          <Coords points="1236,2156 1286,2156 1286,2236 1236,2236"/>
          <TextEquiv>
            <Unicode>و</Unicode>
          </TextEquiv>
        </Word>
        <Word id="w264">
          <Coords points="1149,2144 1237,2144 1237,2225 1149,2225"/>
          <TextEquiv>
            <Unicode>تقد</Unicode>
          </TextEquiv>
        </Word>
        <Word id="w265">
          <Coords points="1083,2171 1153,2171 1153,2256 1083,2256"/>
          <TextEquiv>
            <Unicode>ير</Unicode>
          </TextEquiv>
        </Word>
        <Word id="w266">
          <Coords points="1078,2133 1100,2133 1100,2203 1078,2203"/>
          <TextEquiv>
            <Unicode>ا</Unicode>
          </TextEquiv>
        </Word>
        <Word id="w267">
          <Coords points="901,2144 1071,2144 1071,2240 901,2240"/>
          <TextEquiv>
            <Unicode>مفعو</Unicode>
          </TextEquiv>
        </Word>
        <Word id="w268">
          <Coords points="883,2133 927,2133 927,2218 883,2218"/>
          <TextEquiv>
            <Unicode>ل</Unicode>
          </TextEquiv>
        </Word>
        <Word id="w269">
          <Coords points="827,2161 876,2161 876,2247 827,2247"/>
          <TextEquiv>
            <Unicode>به</Unicode>
          </TextEquiv>
        </Word>
        <Word id="w270">
          <Coords points="711,2145 812,2145 812,2233 711,2233"/>
          <TextEquiv>
            <Unicode>عير</Unicode>
          </TextEquiv>
        </Word>
        <Word id="w271">
          <Coords points="629,2164 719,2164 719,2230 629,2230"/>
          <TextEquiv>
            <Unicode>صر</Unicode>
          </TextEquiv>
        </Word>
        <Word id="w272">
          <Coords points="587,2159 669,2159 669,2275 587,2275"/>
          <TextEquiv>
            <Unicode>يح</Unicode>
          </TextEquiv>
        </Word>
        <Word id="w273">
          <Coords points="513,2144 572,2144 572,2223 513,2223"/>
          <TextEquiv>
            <Unicode>لا</Unicode>
          </TextEquiv>
        </Word>
        <Word id="w274">
          <Coords points="430,2140 515,2140 515,2254 430,2254"/>
          <TextEquiv>
            <Unicode>بين</Unicode>
          </TextEquiv>
        </Word>
        <Word id="w275">
          <Coords points="407,2131 436,2131 436,2206 407,2206"/>
          <TextEquiv>
            <Unicode>ا</Unicode>
          </TextEquiv>
        </Word>
        <Word id="w276">
          <Coords points="375,2174 420,2174 420,2228 375,2228"/>
          <TextEquiv>
            <Unicode>و</Unicode>
          </TextEquiv>
        </Word>
        <Word id="w277">
          <Coords points="368,2129 387,2129 387,2196 368,2196"/>
          <TextEquiv>
            <Unicode>ا</Unicode>
          </TextEquiv>
        </Word>
        <Word id="w278">
          <Coords points="295,2130 359,2130 359,2235 295,2235"/>
          <TextEquiv>
            <Unicode>لجا</Unicode>
          </TextEquiv>
        </Word>
        <Word id="w279">
          <Coords points="249,2185 290,2185 290,2226 249,2226"/>
          <TextEquiv>
            <Unicode>ر</Unicode>
          </TextEquiv>
        </Word>
        <Word id="w280">
          <Coords points="186,2178 266,2178 266,2258 186,2258"/>
          <TextEquiv>
            <Unicode>مع</Unicode>
          </TextEquiv>
        </Word>
        <Word id="w281">
          <Coords points="163,2140 185,2140 185,2209 163,2209"/>
          <TextEquiv>
            <Unicode>ا</Unicode>
          </TextEquiv>
        </Word>
        <Word id="w282">
          <Coords points="93,2145 161,2145 161,2245 93,2245"/>
          <TextEquiv>
            <Unicode>لمجر</Unicode>
          </TextEquiv>
        </Word>
        <Word id="w283">
          <Coords points="38,2169 75,2169 75,2216 38,2216"/>
          <TextEquiv>
            <Unicode>ر</Unicode>
          </TextEquiv>
        </Word>
        <TextEquiv>
          <Unicode> ا و تقد ير ا مفعو ل به عير صر يح لا بين ا و ا لجا ر مع ا لمجر ر</Unicode>
        </TextEquiv>
      </TextLine>
      <TextLine id="l15">
        <Coords points="48,2285 1316,2285 1316,2397 48,2397"/>
        <Word id="w284">
          <Coords points="1218,2290 1315,2290 1315,2395 1218,2395"/>
          <TextEquiv>
            <Unicode>ظر</Unicode>
          </TextEquiv>
        </Word>
        <Word id="w285">
          <Coords points="1186,2309 1243,2309 1243,2366 1186,2366"/>
          <TextEquiv>
            <Unicode>ف</Unicode>
          </TextEquiv>
        </Word>
        <Word id="w286">
          <Coords points="1003,2302 1190,2302 1190,2376 1003,2376"/>
          <TextEquiv>
            <Unicode>مستقر</Unicode>
          </TextEquiv>
        </Word>
        <Word id="w287">
          <Coords points="863,2306 1021,2306 1021,2385 863,2385"/>
          <TextEquiv>
            <Unicode>منصو</Unicode>
          </TextEquiv>
        </Word>
        <Word id="w288">
          <Coords points="823,2319 875,2319 875,2377 823,2377"/>
          <TextEquiv>
            <Unicode>ب</Unicode>
          </TextEquiv>
        </Word>
        <Word id="w289">
          <Coords points="715,2294 811,2294 811,2375 715,2375"/>
          <TextEquiv>
            <Unicode>محلا</Unicode>
          </TextEquiv>
        </Word>
        <Word id="w290">
          <Coords points="628,2286 704,2286 704,2394 628,2394"/>
          <TextEquiv>
            <Unicode>على</Unicode>
          </TextEquiv>
        </Word>
        <Word id="w291">
          <Coords points="613,2302 635,2302 635,2367 613,2367"/>
          <TextEquiv>
            <Unicode>ا</Unicode>
          </TextEquiv>
        </Word>
        <Word id="w292">
          <Coords points="547,2317 599,2317 599,2368 547,2368"/>
          <TextEquiv>
            <Unicode>نه</Unicode>
          </TextEquiv>
        </Word>
        <Word id="w293">
          <Coords points="396,2303 535,2303 535,2387 396,2387"/>
          <TextEquiv>
            <Unicode>مفعو</Unicode>
          </TextEquiv>
        </Word>
        <Word id="w294">
          <Coords points="362,2289 396,2289 396,2367 362,2367"/>
          <TextEquiv>
            <Unicode>ل</Unicode>
          </TextEquiv>
        </Word>
        <Word id="w295">
          <Coords points="223,2285 357,2285 357,2390 223,2390"/>
          <TextEquiv>
            <Unicode>مطلق</Unicode>
          </TextEquiv>
        </Word>
        <Word id="w296">
          <Coords points="152,2290 213,2290 213,2376 152,2376"/>
          <TextEquiv>
            <Unicode>لا</Unicode>
          </TextEquiv>
        </Word>
        <Word id="w297">
          <Coords points="48,2305 157,2305 157,2396 48,2396"/>
          <TextEquiv>
            <Unicode>بين</Unicode>
          </TextEquiv>
        </Word>
        <TextEquiv>
          <Unicode> ظر ف مستقر منصو ب محلا على ا نه مفعو ل مطلق لا بين</Unicode>
        </TextEquiv>
      </TextLine>
      <TextLine id="l16">
        <Coords points="27,2418 1319,2418 1319,2548 27,2548"/>
        <Word id="w298">
          <Coords points="1298,2449 1318,2449 1318,2526 1298,2526"/>
          <TextEquiv>
            <Unicode>ا</Unicode>
          </TextEquiv>
        </Word>
        <Word id="w299">
          <Coords points="1256,2457 1290,2457 1290,2523 1256,2523"/>
          <TextEquiv>
            <Unicode>ذ</Unicode>
          </TextEquiv>
        </Word>
        <Word id="w300">
          <Coords points="1201,2455 1246,2455 1246,2525 1201,2525"/>
          <TextEquiv>
            <Unicode>لم</Unicode>
          </TextEquiv>
        </Word>
        <Word id="w301">
          <Coords points="1073,2445 1211,2445 1211,2547 1073,2547"/>
          <TextEquiv>
            <Unicode>يجعل</Unicode>
          </TextEquiv>
        </Word>
        <Word id="w302">
          <Coords points="1031,2440 1079,2440 1079,2514 1031,2514"/>
          <TextEquiv>
            <Unicode>ما</Unicode>
          </TextEquiv>
        </Word>
        <Word id="w303">
          <Coords points="990,2457 1030,2457 1030,2522 990,2522"/>
          <TextEquiv>
            <Unicode>ذ</Unicode>
          </TextEquiv>
        </Word>
        <Word id="w304">
          <Coords points="951,2418 1038,2418 1038,2532 951,2532"/>
          <TextEquiv>
            <Unicode>كر</Unicode>
          </TextEquiv>
        </Word>
        <Word id="w305">
          <Coords points="796,2445 943,2445 943,2544 796,2544"/>
          <TextEquiv>
            <Unicode>مفعو</Unicode>
          </TextEquiv>
        </Word>
        <Word id="w306">
          <Coords points="741,2435 797,2435 797,2507 741,2507"/>
          <TextEquiv>
            <Unicode>ل</Unicode>
          </TextEquiv>
        </Word>
        <Word id="w307">
          <Coords points="578,2442 739,2442 739,2516 578,2516"/>
          <TextEquiv>
            <Unicode>مطلقا</Unicode>
          </TextEquiv>
        </Word>
        <Word id="w308">
          <Coords points="501,2445 573,2445 573,2515 501,2515"/>
          <TextEquiv>
            <Unicode>لما</Unicode>
          </TextEquiv>
        </Word>
        <Word id="w309">
          <Coords points="433,2481 501,2481 501,2536 433,2536"/>
          <TextEquiv>
            <Unicode>مر</Unicode>
          </TextEquiv>
        </Word>
        <Word id="w310">
          <Coords points="419,2437 440,2437 440,2489 419,2489"/>
          <TextEquiv>
            <Unicode>ا</Unicode>
          </TextEquiv>
        </Word>
        <Word id="w311">
          <Coords points="378,2478 421,2478 421,2525 378,2525"/>
          <TextEquiv>
            <Unicode>و</Unicode>
          </TextEquiv>
        </Word>
        <Word id="w312">
          <Coords points="321,2432 385,2432 385,2517 321,2517"/>
          <TextEquiv>
            <Unicode>حا</Unicode>
          </TextEquiv>
        </Word>
        <Word id="w313">
          <Coords points="278,2442 312,2442 312,2518 278,2518"/>
          <TextEquiv>
            <Unicode>ل</Unicode>
          </TextEquiv>
        </Word>
        <Word id="w314">
          <Coords points="217,2458 284,2458 284,2537 217,2537"/>
          <TextEquiv>
            <Unicode>من</Unicode>
          </TextEquiv>
        </Word>
        <Word id="w315">
          <Coords points="145,2444 223,2444 223,2510 145,2510"/>
          <TextEquiv>
            <Unicode>هذ</Unicode>
          </TextEquiv>
        </Word>
        <Word id="w316">
          <Coords points="119,2478 140,2478 140,2507 119,2507"/>
          <TextEquiv>
            <Unicode>ه</Unicode>
          </TextEquiv>
        </Word>
        <Word id="w317">
          <Coords points="64,2478 103,2478 103,2521 64,2521"/>
          <TextEquiv>
            <Unicode>و</Unicode>
          </TextEquiv>
        </Word>
        <Word id="w318">
          <Coords points="27,2442 75,2442 75,2506 27,2506"/>
          <TextEquiv>
            <Unicode>ما</Unicode>
          </TextEquiv>
        </Word>
        <TextEquiv>
          <Unicode> ا ذ لم يجعل ما ذ كر مفعو ل مطلقا لما مر ا و حا ل من هذ ه و ما</Unicode>
        </TextEquiv>
      </TextLine>
      <TextLine id="l17">
        <Coords points="67,2571 1311,2571 1311,2701 67,2701"/>
        <Word id="w319">
          <Coords points="1218,2591 1310,2591 1310,2700 1218,2700"/>
          <TextEquiv>
            <Unicode>قيل</Unicode>
          </TextEquiv>
        </Word>
        <Word id="w320">
          <Coords points="1204,2597 1220,2597 1220,2652 1204,2652"/>
          <TextEquiv>
            <Unicode>ا</Unicode>
          </TextEquiv>
        </Word>
        <Word id="w321">
          <Coords points="1162,2627 1197,2627 1197,2673 1162,2673"/>
          <TextEquiv>
            <Unicode>و</Unicode>
          </TextEquiv>
        </Word>
        <Word id="w322">
          <Coords points="1065,2600 1163,2600 1163,2685 1065,2685"/>
          <TextEquiv>
            <Unicode>خبر</Unicode>
          </TextEquiv>
        </Word>
        <Word id="w323">
          <Coords points="950,2602 1067,2602 1067,2678 950,2678"/>
          <TextEquiv>
            <Unicode>مبتد</Unicode>
          </TextEquiv>
        </Word>
        <Word id="w324">
          <Coords points="933,2577 965,2577 965,2636 933,2636"/>
          <TextEquiv>
            <Unicode>ا</Unicode>
          </TextEquiv>
        </Word>
        <Word id="w325">
          <Coords points="904,2622 927,2622 927,2655 904,2655"/>
          <TextEquiv>
            <Unicode>ء</Unicode>
          </TextEquiv>
        </Word>
        <Word id="w326">
          <Coords points="812,2578 892,2578 892,2664 812,2664"/>
          <TextEquiv>
            <Unicode>محذ</Unicode>
          </TextEquiv>
        </Word>
        <Word id="w327">
          <Coords points="773,2611 814,2611 814,2666 773,2666"/>
          <TextEquiv>
            <Unicode>و</Unicode>
          </TextEquiv>
        </Word>
        <Word id="w328">
          <Coords points="719,2600 774,2600 774,2660 719,2660"/>
          <TextEquiv>
            <Unicode>ف</Unicode>
          </TextEquiv>
        </Word>
        <Word id="w329">
          <Coords points="701,2588 725,2588 725,2644 701,2644"/>
          <TextEquiv>
            <Unicode>ا</Unicode>
          </TextEquiv>
        </Word>
        <Word id="w330">
          <Coords points="659,2615 697,2615 697,2667 659,2667"/>
          <TextEquiv>
            <Unicode>و</Unicode>
          </TextEquiv>
        </Word>
        <Word id="w331">
          <Coords points="611,2576 659,2576 659,2671 611,2671"/>
          <TextEquiv>
            <Unicode>حا</Unicode>
          </TextEquiv>
        </Word>
        <Word id="w332">
          <Coords points="559,2598 597,2598 597,2667 559,2667"/>
          <TextEquiv>
            <Unicode>ل</Unicode>
          </TextEquiv>
        </Word>
        <Word id="w333">
          <Coords points="499,2594 568,2594 568,2668 499,2668"/>
          <TextEquiv>
            <Unicode>من</Unicode>
          </TextEquiv>
        </Word>
        <Word id="w334">
          <Coords points="459,2580 495,2580 495,2653 459,2653"/>
          <TextEquiv>
            <Unicode>فا</Unicode>
          </TextEquiv>
        </Word>
        <Word id="w335">
          <Coords points="383,2571 450,2571 450,2673 383,2673"/>
          <TextEquiv>
            <Unicode>عل</Unicode>
          </TextEquiv>
        </Word>
        <Word id="w336">
          <Coords points="366,2584 390,2584 390,2646 366,2646"/>
          <TextEquiv>
            <Unicode>ا</Unicode>
          </TextEquiv>
        </Word>
        <Word id="w337">
          <Coords points="284,2598 366,2598 366,2686 284,2686"/>
          <TextEquiv>
            <Unicode>بين</Unicode>
          </TextEquiv>
        </Word>
        <Word id="w338">
          <Coords points="264,2587 284,2587 284,2653 264,2653"/>
          <TextEquiv>
            <Unicode>ا</Unicode>
          </TextEquiv>
        </Word>
        <Word id="w339">
          <Coords points="222,2617 262,2617 262,2674 222,2674"/>
          <TextEquiv>
            <Unicode>و</Unicode>
          </TextEquiv>
        </Word>
        <Word id="w340">
          <Coords points="101,2600 219,2600 219,2679 101,2679"/>
          <TextEquiv>
            <Unicode>مفعو</Unicode>
          </TextEquiv>
        </Word>
        <Word id="w341">
          <Coords points="67,2582 109,2582 109,2666 67,2666"/>
          <TextEquiv>
            <Unicode>له</Unicode>
          </TextEquiv>
        </Word>
        <TextEquiv>
          <Unicode> قيل ا و خبر مبتد ا ء محذ و ف ا و حا ل من فا عل ا بين ا و مفعو له</Unicode>
        </TextEquiv>
      </TextLine>
      <TextLine id="l18">
        <Coords points="14,2681 1302,2681 1302,2839 14,2839"/>
        <Word id="w342">
          <Coords points="1208,2738 1301,2738 1301,2807 1208,2807"/>
          <TextEquiv>
            <Unicode>فقد</Unicode>
          </TextEquiv>
        </Word>
        <Word id="w343">
          <Coords points="1117,2760 1199,2760 1199,2829 1117,2829"/>
          <TextEquiv>
            <Unicode>عر</Unicode>
          </TextEquiv>
        </Word>
        <Word id="w344">
          <Coords points="1056,2745 1146,2745 1146,2807 1056,2807"/>
          <TextEquiv>
            <Unicode>فت</Unicode>
          </TextEquiv>
        </Word>
        <Word id="w345">
          <Coords points="998,2732 1047,2732 1047,2808 998,2808"/>
          <TextEquiv>
            <Unicode>ما</Unicode>
          </TextEquiv>
        </Word>
        <Word id="w346">
          <Coords points="914,2738 989,2738 989,2828 914,2828"/>
          <TextEquiv>
            <Unicode>فيه</Unicode>
          </TextEquiv>
        </Word>
        <Word id="w347">
          <Coords points="825,2736 896,2736 896,2811 825,2811"/>
          <TextEquiv>
            <Unicode>بلا</Unicode>
          </TextEquiv>
        </Word>
        <Word id="w348">
          <Coords points="777,2723 819,2723 819,2812 777,2812"/>
          <TextEquiv>
            <Unicode>نز</Unicode>
          </TextEquiv>
        </Word>
        <Word id="w349">
          <Coords points="754,2732 769,2732 769,2790 754,2790"/>
          <TextEquiv>
            <Unicode>ا</Unicode>
          </TextEquiv>
        </Word>
        <Word id="w350">
          <Coords points="717,2763 755,2763 755,2832 717,2832"/>
          <TextEquiv>
            <Unicode>ع</Unicode>
          </TextEquiv>
        </Word>
        <Word id="w351">
          <Coords points="651,2725 703,2725 703,2810 651,2810"/>
          <TextEquiv>
            <Unicode>لد</Unicode>
          </TextEquiv>
        </Word>
        <Word id="w352">
          <Coords points="581,2756 641,2756 641,2829 581,2829"/>
          <TextEquiv>
            <Unicode>يه</Unicode>
          </TextEquiv>
        </Word>
        <Word id="w353">
          <Coords points="544,2723 568,2723 568,2809 544,2809"/>
          <TextEquiv>
            <Unicode>ا</Unicode>
          </TextEquiv>
        </Word>
        <Word id="w354">
          <Coords points="473,2730 540,2730 540,2814 473,2814"/>
          <TextEquiv>
            <Unicode>لا</Unicode>
          </TextEquiv>
        </Word>
        <Word id="w355">
          <Coords points="407,2707 480,2707 480,2838 407,2838"/>
          <TextEquiv>
            <Unicode>يجا</Unicode>
          </TextEquiv>
        </Word>
        <Word id="w356">
          <Coords points="356,2750 394,2750 394,2819 356,2819"/>
          <TextEquiv>
            <Unicode>ز</Unicode>
          </TextEquiv>
        </Word>
        <Word id="w357">
          <Coords points="276,2766 352,2766 352,2837 276,2837"/>
          <TextEquiv>
            <Unicode>مجر</Unicode>
          </TextEquiv>
        </Word>
        <Word id="w358">
          <Coords points="221,2769 251,2769 251,2809 221,2809"/>
          <TextEquiv>
            <Unicode>ر</Unicode>
          </TextEquiv>
        </Word>
        <Word id="w359">
          <Coords points="109,2742 217,2742 217,2817 109,2817"/>
          <TextEquiv>
            <Unicode>لفظا</Unicode>
          </TextEquiv>
        </Word>
        <Word id="w360">
          <Coords points="23,2748 101,2748 101,2813 23,2813"/>
          <TextEquiv>
            <Unicode>مضا</Unicode>
          </TextEquiv>
        </Word>
        <Word id="w361">
          <Coords points="14,2681 75,2681 75,2751 14,2751"/>
          <TextEquiv>
            <Unicode>ف</Unicode>
          </TextEquiv>
        </Word>
        <TextEquiv>
          <Unicode> فقد عر فت ما فيه بلا نز ا ع لد يه ا لا يجا ز مجر ر لفظا مضا ف</Unicode>
        </TextEquiv>
      </TextLine>
    </TextRegion>
  </Page>
</PcGts>
