<?xml version='1.0' encoding='utf-8'?>
<PcGts xmlns:xsi="http://www.w3.org/2001/XMLSchema-instance" xmlns="http://schema.primaresearch.org/PAGE/gts/pagecontent/2019-07-15" xsi:schemaLocation="http://schema.primaresearch.org/PAGE/gts/pagecontent/2019-07-15 http://schema.primaresearch.org/PAGE/gts/pagecontent/2019-07-15/pagecontent.xsd" pcGtsId="pc-aletheiaexamplepage">
  <Metadata>
    <Creator>PRImA Research Lab</Creator>
    <Created>2015-07-17T15:27:13</Created>
    <LastChange>2017-07-14T10:03:33</LastChange>
    <Comments>Example Page</Comments>
  </Metadata>
  <Page imageFilename="3368132/_0016-1.png" imageWidth="1425" imageHeight="2867">
    <TextRegion id="r0" type="paragraph">
      <Coords points="1,1 1423,1 1423,2865 1,2865"/>
      <TextLine id="l0">
        <Coords points="91,60 1370,60 1370,186 91,186"/>
        <Word id="w0">
          <Coords points="1278,86 1369,86 1369,166 1278,166"/>
          <TextEquiv>
            <Unicode>عن</Unicode>
          </TextEquiv>
        </Word>
        <Word id="w1">
          <Coords points="1192,78 1292,78 1292,172 1192,172"/>
          <TextEquiv>
            <Unicode>خبر</Unicode>
          </TextEquiv>
        </Word>
        <Word id="w2">
          <Coords points="1115,60 1191,60 1191,166 1115,166"/>
          <TextEquiv>
            <Unicode>على</Unicode>
          </TextEquiv>
        </Word>
        <Word id="w3">
          <Coords points="1103,70 1117,70 1117,129 1103,129"/>
          <TextEquiv>
            <Unicode>ا</Unicode>
          </TextEquiv>
        </Word>
        <Word id="w4">
          <Coords points="1042,71 1089,71 1089,146 1042,146"/>
          <TextEquiv>
            <Unicode>لا</Unicode>
          </TextEquiv>
        </Word>
        <Word id="w5">
          <Coords points="979,101 1037,101 1037,185 979,185"/>
          <TextEquiv>
            <Unicode>صح</Unicode>
          </TextEquiv>
        </Word>
        <Word id="w6">
          <Coords points="948,70 970,70 970,135 948,135"/>
          <TextEquiv>
            <Unicode>ا</Unicode>
          </TextEquiv>
        </Word>
        <Word id="w7">
          <Coords points="818,67 829,67 829,135 818,135"/>
          <TextEquiv>
            <Unicode>ا</Unicode>
          </TextEquiv>
        </Word>
        <Word id="w8">
          <Coords points="773,104 809,104 809,157 773,157"/>
          <TextEquiv>
            <Unicode>و</Unicode>
          </TextEquiv>
        </Word>
        <Word id="w9">
          <Coords points="686,89 771,89 771,165 686,165"/>
          <TextEquiv>
            <Unicode>خبر</Unicode>
          </TextEquiv>
        </Word>
        <Word id="w10">
          <Coords points="667,84 687,84 687,139 667,139"/>
          <TextEquiv>
            <Unicode>ا</Unicode>
          </TextEquiv>
        </Word>
        <Word id="w11">
          <Coords points="532,81 655,81 655,168 532,168"/>
          <TextEquiv>
            <Unicode>للمبتد</Unicode>
          </TextEquiv>
        </Word>
        <Word id="w12">
          <Coords points="517,68 538,68 538,131 517,131"/>
          <TextEquiv>
            <Unicode>ا</Unicode>
          </TextEquiv>
        </Word>
        <Word id="w13">
          <Coords points="491,113 516,113 516,145 491,145"/>
          <TextEquiv>
            <Unicode>ء</Unicode>
          </TextEquiv>
        </Word>
        <Word id="w14">
          <Coords points="459,78 473,78 473,145 459,145"/>
          <TextEquiv>
            <Unicode>ا</Unicode>
          </TextEquiv>
        </Word>
        <Word id="w15">
          <Coords points="383,86 460,86 460,148 383,148"/>
          <TextEquiv>
            <Unicode>لمحذ</Unicode>
          </TextEquiv>
        </Word>
        <Word id="w16">
          <Coords points="344,106 378,106 378,151 344,151"/>
          <TextEquiv>
            <Unicode>و</Unicode>
          </TextEquiv>
        </Word>
        <Word id="w17">
          <Coords points="289,60 343,60 343,149 289,149"/>
          <TextEquiv>
            <Unicode>ف</Unicode>
          </TextEquiv>
        </Word>
        <Word id="w18">
          <Coords points="271,64 292,64 292,138 271,138"/>
          <TextEquiv>
            <Unicode>ا</Unicode>
          </TextEquiv>
        </Word>
        <Word id="w19">
          <Coords points="214,99 260,99 260,150 214,150"/>
          <TextEquiv>
            <Unicode>ى</Unicode>
          </TextEquiv>
        </Word>
        <Word id="w20">
          <Coords points="151,106 214,106 214,158 151,158"/>
          <TextEquiv>
            <Unicode>هو</Unicode>
          </TextEquiv>
        </Word>
        <Word id="w21">
          <Coords points="91,81 148,81 148,136 91,136"/>
          <TextEquiv>
            <Unicode>فى</Unicode>
          </TextEquiv>
        </Word>
        <TextEquiv>
          <Unicode> عن خبر على ا لا صح ا ا و خبر ا للمبتد ا ء ا لمحذ و ف ا ى هو فى</Unicode>
        </TextEquiv>
      </TextLine>
      <TextLine id="l1">
        <Coords points="107,200 1375,200 1375,313 107,313"/>
        <Word id="w22">
          <Coords points="1362,225 1374,225 1374,279 1362,279"/>
          <TextEquiv>
            <Unicode>ا</Unicode>
          </TextEquiv>
        </Word>
        <Word id="w23">
          <Coords points="1282,200 1348,200 1348,285 1282,285"/>
          <TextEquiv>
            <Unicode>لعا</Unicode>
          </TextEquiv>
        </Word>
        <Word id="w24">
          <Coords points="1201,217 1268,217 1268,305 1201,305"/>
          <TextEquiv>
            <Unicode>مل</Unicode>
          </TextEquiv>
        </Word>
        <Word id="w25">
          <Coords points="1145,248 1180,248 1180,300 1145,300"/>
          <TextEquiv>
            <Unicode>و</Unicode>
          </TextEquiv>
        </Word>
        <Word id="w26">
          <Coords points="1064,229 1147,229 1147,300 1064,300"/>
          <TextEquiv>
            <Unicode>خبر</Unicode>
          </TextEquiv>
        </Word>
        <Word id="w27">
          <Coords points="960,231 1041,231 1041,301 960,301"/>
          <TextEquiv>
            <Unicode>بعد</Unicode>
          </TextEquiv>
        </Word>
        <Word id="w28">
          <Coords points="934,205 951,205 951,262 934,262"/>
          <TextEquiv>
            <Unicode>ا</Unicode>
          </TextEquiv>
        </Word>
        <Word id="w29">
          <Coords points="844,204 929,204 929,310 844,310"/>
          <TextEquiv>
            <Unicode>لخبر</Unicode>
          </TextEquiv>
        </Word>
        <Word id="w30">
          <Coords points="774,209 841,209 841,305 774,305"/>
          <TextEquiv>
            <Unicode>على</Unicode>
          </TextEquiv>
        </Word>
        <Word id="w31">
          <Coords points="760,213 778,213 778,271 760,271"/>
          <TextEquiv>
            <Unicode>ا</Unicode>
          </TextEquiv>
        </Word>
        <Word id="w32">
          <Coords points="698,213 739,213 739,290 698,290"/>
          <TextEquiv>
            <Unicode>لا</Unicode>
          </TextEquiv>
        </Word>
        <Word id="w33">
          <Coords points="615,211 693,211 693,297 615,297"/>
          <TextEquiv>
            <Unicode>حتما</Unicode>
          </TextEquiv>
        </Word>
        <Word id="w34">
          <Coords points="569,227 605,227 605,295 569,295"/>
          <TextEquiv>
            <Unicode>ل</Unicode>
          </TextEquiv>
        </Word>
        <Word id="w35">
          <Coords points="553,219 572,219 572,273 553,273"/>
          <TextEquiv>
            <Unicode>ا</Unicode>
          </TextEquiv>
        </Word>
        <Word id="w36">
          <Coords points="493,216 538,216 538,295 493,295"/>
          <TextEquiv>
            <Unicode>لا</Unicode>
          </TextEquiv>
        </Word>
        <Word id="w37">
          <Coords points="453,248 486,248 486,312 453,312"/>
          <TextEquiv>
            <Unicode>و</Unicode>
          </TextEquiv>
        </Word>
        <Word id="w38">
          <Coords points="406,221 448,221 448,295 406,295"/>
          <TextEquiv>
            <Unicode>ل</Unicode>
          </TextEquiv>
        </Word>
        <Word id="w39">
          <Coords points="357,244 396,244 396,299 357,299"/>
          <TextEquiv>
            <Unicode>و</Unicode>
          </TextEquiv>
        </Word>
        <Word id="w40">
          <Coords points="293,224 356,224 356,311 293,311"/>
          <TextEquiv>
            <Unicode>على</Unicode>
          </TextEquiv>
        </Word>
        <Word id="w41">
          <Coords points="278,231 290,231 290,283 278,283"/>
          <TextEquiv>
            <Unicode>ا</Unicode>
          </TextEquiv>
        </Word>
        <Word id="w42">
          <Coords points="194,230 265,230 265,306 194,306"/>
          <TextEquiv>
            <Unicode>لثا</Unicode>
          </TextEquiv>
        </Word>
        <Word id="w43">
          <Coords points="107,234 189,234 189,310 107,310"/>
          <TextEquiv>
            <Unicode>ني</Unicode>
          </TextEquiv>
        </Word>
        <TextEquiv>
          <Unicode> ا لعا مل و خبر بعد ا لخبر على ا لا حتما ل ا لا و ل و على ا لثا ني</Unicode>
        </TextEquiv>
      </TextLine>
      <TextLine id="l2">
        <Coords points="85,339 144,339 144,391 85,391"/>
        <Word id="w44">
          <Coords points="85,339 143,339 143,390 85,390"/>
          <TextEquiv>
            <Unicode>ف</Unicode>
          </TextEquiv>
        </Word>
        <TextEquiv>
          <Unicode> ف</Unicode>
        </TextEquiv>
      </TextLine>
      <TextLine id="l3">
        <Coords points="87,360 1377,360 1377,470 87,470"/>
        <Word id="w45">
          <Coords points="1277,384 1376,384 1376,465 1277,465"/>
          <TextEquiv>
            <Unicode>فهو</Unicode>
          </TextEquiv>
        </Word>
        <Word id="w46">
          <Coords points="1259,373 1280,373 1280,436 1259,436"/>
          <TextEquiv>
            <Unicode>ا</Unicode>
          </TextEquiv>
        </Word>
        <Word id="w47">
          <Coords points="1202,375 1254,375 1254,447 1202,447"/>
          <TextEquiv>
            <Unicode>ما</Unicode>
          </TextEquiv>
        </Word>
        <Word id="w48">
          <Coords points="1062,377 1199,377 1199,452 1062,452"/>
          <TextEquiv>
            <Unicode>صفة</Unicode>
          </TextEquiv>
        </Word>
        <Word id="w49">
          <Coords points="962,375 1051,375 1051,468 962,468"/>
          <TextEquiv>
            <Unicode>للبا</Unicode>
          </TextEquiv>
        </Word>
        <Word id="w50">
          <Coords points="902,411 956,411 956,465 902,465"/>
          <TextEquiv>
            <Unicode>ب</Unicode>
          </TextEquiv>
        </Word>
        <Word id="w51">
          <Coords points="891,368 910,368 910,407 891,407"/>
          <TextEquiv>
            <Unicode>ا</Unicode>
          </TextEquiv>
        </Word>
        <Word id="w52">
          <Coords points="827,374 887,374 887,447 827,447"/>
          <TextEquiv>
            <Unicode>لا</Unicode>
          </TextEquiv>
        </Word>
        <Word id="w53">
          <Coords points="791,413 829,413 829,454 791,454"/>
          <TextEquiv>
            <Unicode>و</Unicode>
          </TextEquiv>
        </Word>
        <Word id="w54">
          <Coords points="751,369 788,369 788,457 751,457"/>
          <TextEquiv>
            <Unicode>ل</Unicode>
          </TextEquiv>
        </Word>
        <Word id="w55">
          <Coords points="740,376 759,376 759,423 740,423"/>
          <TextEquiv>
            <Unicode>ا</Unicode>
          </TextEquiv>
        </Word>
        <Word id="w56">
          <Coords points="696,406 740,406 740,464 696,464"/>
          <TextEquiv>
            <Unicode>و</Unicode>
          </TextEquiv>
        </Word>
        <Word id="w57">
          <Coords points="652,373 706,373 706,443 652,443"/>
          <TextEquiv>
            <Unicode>حا</Unicode>
          </TextEquiv>
        </Word>
        <Word id="w58">
          <Coords points="611,381 646,381 646,457 611,457"/>
          <TextEquiv>
            <Unicode>ل</Unicode>
          </TextEquiv>
        </Word>
        <Word id="w59">
          <Coords points="520,386 612,386 612,438 520,438"/>
          <TextEquiv>
            <Unicode>منه</Unicode>
          </TextEquiv>
        </Word>
        <Word id="w60">
          <Coords points="488,368 512,368 512,439 488,439"/>
          <TextEquiv>
            <Unicode>ا</Unicode>
          </TextEquiv>
        </Word>
        <Word id="w61">
          <Coords points="443,409 477,409 477,463 443,463"/>
          <TextEquiv>
            <Unicode>و</Unicode>
          </TextEquiv>
        </Word>
        <Word id="w62">
          <Coords points="357,394 443,394 443,467 357,467"/>
          <TextEquiv>
            <Unicode>خبر</Unicode>
          </TextEquiv>
        </Word>
        <Word id="w63">
          <Coords points="231,387 349,387 349,469 231,469"/>
          <TextEquiv>
            <Unicode>مبتد</Unicode>
          </TextEquiv>
        </Word>
        <Word id="w64">
          <Coords points="217,360 238,360 238,422 217,422"/>
          <TextEquiv>
            <Unicode>ا</Unicode>
          </TextEquiv>
        </Word>
        <Word id="w65">
          <Coords points="188,420 217,420 217,452 188,452"/>
          <TextEquiv>
            <Unicode>ء</Unicode>
          </TextEquiv>
        </Word>
        <Word id="w66">
          <Coords points="116,392 187,392 187,460 116,460"/>
          <TextEquiv>
            <Unicode>محذ</Unicode>
          </TextEquiv>
        </Word>
        <Word id="w67">
          <Coords points="87,400 124,400 124,440 87,440"/>
          <TextEquiv>
            <Unicode>و</Unicode>
          </TextEquiv>
        </Word>
        <TextEquiv>
          <Unicode> فهو ا ما صفة للبا ب ا لا و ل ا و حا ل منه ا و خبر مبتد ا ء محذ و</Unicode>
        </TextEquiv>
      </TextLine>
      <TextLine id="l4">
        <Coords points="80,515 1382,515 1382,642 80,642"/>
        <Word id="w68">
          <Coords points="1329,555 1381,555 1381,604 1329,604"/>
          <TextEquiv>
            <Unicode>و</Unicode>
          </TextEquiv>
        </Word>
        <Word id="w69">
          <Coords points="1259,525 1340,525 1340,588 1259,588"/>
          <TextEquiv>
            <Unicode>للا</Unicode>
          </TextEquiv>
        </Word>
        <Word id="w70">
          <Coords points="1172,532 1256,532 1256,611 1172,611"/>
          <TextEquiv>
            <Unicode>بتد</Unicode>
          </TextEquiv>
        </Word>
        <Word id="w71">
          <Coords points="1151,520 1176,520 1176,577 1151,577"/>
          <TextEquiv>
            <Unicode>ا</Unicode>
          </TextEquiv>
        </Word>
        <Word id="w72">
          <Coords points="1123,554 1145,554 1145,581 1123,581"/>
          <TextEquiv>
            <Unicode>ء</Unicode>
          </TextEquiv>
        </Word>
        <Word id="w73">
          <Coords points="1091,523 1108,523 1108,585 1091,585"/>
          <TextEquiv>
            <Unicode>ا</Unicode>
          </TextEquiv>
        </Word>
        <Word id="w74">
          <Coords points="1037,552 1087,552 1087,609 1037,609"/>
          <TextEquiv>
            <Unicode>و</Unicode>
          </TextEquiv>
        </Word>
        <Word id="w75">
          <Coords points="846,520 1042,520 1042,599 846,599"/>
          <TextEquiv>
            <Unicode>للعطف</Unicode>
          </TextEquiv>
        </Word>
        <Word id="w76">
          <Coords points="757,537 836,537 836,614 757,614"/>
          <TextEquiv>
            <Unicode>هو</Unicode>
          </TextEquiv>
        </Word>
        <Word id="w77">
          <Coords points="649,527 757,527 757,614 649,614"/>
          <TextEquiv>
            <Unicode>ضمير</Unicode>
          </TextEquiv>
        </Word>
        <Word id="w78">
          <Coords points="577,552 647,552 647,609 577,609"/>
          <TextEquiv>
            <Unicode>مر</Unicode>
          </TextEquiv>
        </Word>
        <Word id="w79">
          <Coords points="535,516 591,516 591,606 535,606"/>
          <TextEquiv>
            <Unicode>فو</Unicode>
          </TextEquiv>
        </Word>
        <Word id="w80">
          <Coords points="514,547 585,547 585,636 514,636"/>
          <TextEquiv>
            <Unicode>ع</Unicode>
          </TextEquiv>
        </Word>
        <Word id="w81">
          <Coords points="305,517 496,517 496,617 305,617"/>
          <TextEquiv>
            <Unicode>منفصل</Unicode>
          </TextEquiv>
        </Word>
        <Word id="w82">
          <Coords points="214,541 316,541 316,616 214,616"/>
          <TextEquiv>
            <Unicode>مبنى</Unicode>
          </TextEquiv>
        </Word>
        <Word id="w83">
          <Coords points="161,523 230,523 230,624 161,624"/>
          <TextEquiv>
            <Unicode>على</Unicode>
          </TextEquiv>
        </Word>
        <Word id="w84">
          <Coords points="154,528 170,528 170,589 154,589"/>
          <TextEquiv>
            <Unicode>ا</Unicode>
          </TextEquiv>
        </Word>
        <Word id="w85">
          <Coords points="80,515 147,515 147,641 80,641"/>
          <TextEquiv>
            <Unicode>لفتح</Unicode>
          </TextEquiv>
        </Word>
        <TextEquiv>
          <Unicode> و للا بتد ا ء ا و للعطف هو ضمير مر فو ع منفصل مبنى على ا لفتح</Unicode>
        </TextEquiv>
      </TextLine>
      <TextLine id="l5">
        <Coords points="95,650 1370,650 1370,794 95,794"/>
        <Word id="w86">
          <Coords points="1358,656 1369,656 1369,734 1358,734"/>
          <TextEquiv>
            <Unicode>ا</Unicode>
          </TextEquiv>
        </Word>
        <Word id="w87">
          <Coords points="1299,697 1346,697 1346,744 1299,744"/>
          <TextEquiv>
            <Unicode>و</Unicode>
          </TextEquiv>
        </Word>
        <Word id="w88">
          <Coords points="1237,657 1309,657 1309,756 1237,756"/>
          <TextEquiv>
            <Unicode>على</Unicode>
          </TextEquiv>
        </Word>
        <Word id="w89">
          <Coords points="1224,662 1246,662 1246,723 1224,723"/>
          <TextEquiv>
            <Unicode>ا</Unicode>
          </TextEquiv>
        </Word>
        <Word id="w90">
          <Coords points="1137,667 1215,667 1215,793 1137,793"/>
          <TextEquiv>
            <Unicode>لضم</Unicode>
          </TextEquiv>
        </Word>
        <Word id="w91">
          <Coords points="1061,658 1129,658 1129,764 1061,764"/>
          <TextEquiv>
            <Unicode>على</Unicode>
          </TextEquiv>
        </Word>
        <Word id="w92">
          <Coords points="1049,662 1064,662 1064,729 1049,729"/>
          <TextEquiv>
            <Unicode>ا</Unicode>
          </TextEquiv>
        </Word>
        <Word id="w93">
          <Coords points="989,667 1030,667 1030,749 989,749"/>
          <TextEquiv>
            <Unicode>لا</Unicode>
          </TextEquiv>
        </Word>
        <Word id="w94">
          <Coords points="870,653 985,653 985,747 870,747"/>
          <TextEquiv>
            <Unicode>ختلا</Unicode>
          </TextEquiv>
        </Word>
        <Word id="w95">
          <Coords points="792,677 860,677 860,738 792,738"/>
          <TextEquiv>
            <Unicode>ف</Unicode>
          </TextEquiv>
        </Word>
        <Word id="w96">
          <Coords points="698,669 782,669 782,766 698,766"/>
          <TextEquiv>
            <Unicode>بين</Unicode>
          </TextEquiv>
        </Word>
        <Word id="w97">
          <Coords points="683,658 701,658 701,720 683,720"/>
          <TextEquiv>
            <Unicode>ا</Unicode>
          </TextEquiv>
        </Word>
        <Word id="w98">
          <Coords points="543,662 677,662 677,770 543,770"/>
          <TextEquiv>
            <Unicode>لبصر</Unicode>
          </TextEquiv>
        </Word>
        <Word id="w99">
          <Coords points="497,663 539,663 539,735 497,735"/>
          <TextEquiv>
            <Unicode>ية</Unicode>
          </TextEquiv>
        </Word>
        <Word id="w100">
          <Coords points="441,694 479,694 479,747 441,747"/>
          <TextEquiv>
            <Unicode>و</Unicode>
          </TextEquiv>
        </Word>
        <Word id="w101">
          <Coords points="430,667 447,667 447,726 430,726"/>
          <TextEquiv>
            <Unicode>ا</Unicode>
          </TextEquiv>
        </Word>
        <Word id="w102">
          <Coords points="330,650 452,650 452,761 330,761"/>
          <TextEquiv>
            <Unicode>لكو</Unicode>
          </TextEquiv>
        </Word>
        <Word id="w103">
          <Coords points="253,669 327,669 327,770 253,770"/>
          <TextEquiv>
            <Unicode>فية</Unicode>
          </TextEquiv>
        </Word>
        <Word id="w104">
          <Coords points="170,656 249,656 249,762 170,762"/>
          <TextEquiv>
            <Unicode>كما</Unicode>
          </TextEquiv>
        </Word>
        <Word id="w105">
          <Coords points="95,701 166,701 166,768 95,768"/>
          <TextEquiv>
            <Unicode>مر</Unicode>
          </TextEquiv>
        </Word>
        <TextEquiv>
          <Unicode> ا و على ا لضم على ا لا ختلا ف بين ا لبصر ية و ا لكو فية كما مر</Unicode>
        </TextEquiv>
      </TextLine>
      <TextLine id="l6">
        <Coords points="81,804 1373,804 1373,935 81,935"/>
        <Word id="w106">
          <Coords points="1329,842 1372,842 1372,888 1329,888"/>
          <TextEquiv>
            <Unicode>و</Unicode>
          </TextEquiv>
        </Word>
        <Word id="w107">
          <Coords points="1239,817 1340,817 1340,907 1239,907"/>
          <TextEquiv>
            <Unicode>جهه</Unicode>
          </TextEquiv>
        </Word>
        <Word id="w108">
          <Coords points="1155,842 1220,842 1220,892 1155,892"/>
          <TextEquiv>
            <Unicode>مر</Unicode>
          </TextEquiv>
        </Word>
        <Word id="w109">
          <Coords points="1118,810 1169,810 1169,886 1118,886"/>
          <TextEquiv>
            <Unicode>فو</Unicode>
          </TextEquiv>
        </Word>
        <Word id="w110">
          <Coords points="1089,833 1155,833 1155,923 1089,923"/>
          <TextEquiv>
            <Unicode>ع</Unicode>
          </TextEquiv>
        </Word>
        <Word id="w111">
          <Coords points="975,825 1067,825 1067,893 975,893"/>
          <TextEquiv>
            <Unicode>محلا</Unicode>
          </TextEquiv>
        </Word>
        <Word id="w112">
          <Coords points="843,819 967,819 967,902 843,902"/>
          <TextEquiv>
            <Unicode>مبتد</Unicode>
          </TextEquiv>
        </Word>
        <Word id="w113">
          <Coords points="828,804 842,804 842,861 828,861"/>
          <TextEquiv>
            <Unicode>ا</Unicode>
          </TextEquiv>
        </Word>
        <Word id="w114">
          <Coords points="800,849 826,849 826,874 800,874"/>
          <TextEquiv>
            <Unicode>ء</Unicode>
          </TextEquiv>
        </Word>
        <Word id="w115">
          <Coords points="725,810 791,810 791,909 725,909"/>
          <TextEquiv>
            <Unicode>على</Unicode>
          </TextEquiv>
        </Word>
        <Word id="w116">
          <Coords points="640,836 727,836 727,905 640,905"/>
          <TextEquiv>
            <Unicode>ضر</Unicode>
          </TextEquiv>
        </Word>
        <Word id="w117">
          <Coords points="575,830 682,830 682,934 575,934"/>
          <TextEquiv>
            <Unicode>بين</Unicode>
          </TextEquiv>
        </Word>
        <Word id="w118">
          <Coords points="499,817 576,817 576,911 499,911"/>
          <TextEquiv>
            <Unicode>ظر</Unicode>
          </TextEquiv>
        </Word>
        <Word id="w119">
          <Coords points="448,819 513,819 513,891 448,891"/>
          <TextEquiv>
            <Unicode>ف</Unicode>
          </TextEquiv>
        </Word>
        <Word id="w120">
          <Coords points="291,824 459,824 459,898 291,898"/>
          <TextEquiv>
            <Unicode>مستقر</Unicode>
          </TextEquiv>
        </Word>
        <Word id="w121">
          <Coords points="243,848 302,848 302,908 243,908"/>
          <TextEquiv>
            <Unicode>مر</Unicode>
          </TextEquiv>
        </Word>
        <Word id="w122">
          <Coords points="203,812 248,812 248,892 203,892"/>
          <TextEquiv>
            <Unicode>فو</Unicode>
          </TextEquiv>
        </Word>
        <Word id="w123">
          <Coords points="174,841 225,841 225,927 174,927"/>
          <TextEquiv>
            <Unicode>ع</Unicode>
          </TextEquiv>
        </Word>
        <Word id="w124">
          <Coords points="81,819 163,819 163,886 81,886"/>
          <TextEquiv>
            <Unicode>محلا</Unicode>
          </TextEquiv>
        </Word>
        <TextEquiv>
          <Unicode> و جهه مر فو ع محلا مبتد ا ء على ضر بين ظر ف مستقر مر فو ع محلا</Unicode>
        </TextEquiv>
      </TextLine>
      <TextLine id="l7">
        <Coords points="89,944 1377,944 1377,1066 89,1066"/>
        <Word id="w125">
          <Coords points="1274,955 1376,955 1376,1032 1274,1032"/>
          <TextEquiv>
            <Unicode>خبر</Unicode>
          </TextEquiv>
        </Word>
        <Word id="w126">
          <Coords points="1266,951 1280,951 1280,1000 1266,1000"/>
          <TextEquiv>
            <Unicode>ا</Unicode>
          </TextEquiv>
        </Word>
        <Word id="w127">
          <Coords points="1150,956 1259,956 1259,1041 1150,1041"/>
          <TextEquiv>
            <Unicode>لمبتد</Unicode>
          </TextEquiv>
        </Word>
        <Word id="w128">
          <Coords points="1122,944 1147,944 1147,1004 1122,1004"/>
          <TextEquiv>
            <Unicode>ا</Unicode>
          </TextEquiv>
        </Word>
        <Word id="w129">
          <Coords points="1096,985 1119,985 1119,1008 1096,1008"/>
          <TextEquiv>
            <Unicode>ء</Unicode>
          </TextEquiv>
        </Word>
        <Word id="w130">
          <Coords points="1039,979 1077,979 1077,1034 1039,1034"/>
          <TextEquiv>
            <Unicode>و</Unicode>
          </TextEquiv>
        </Word>
        <Word id="w131">
          <Coords points="958,971 1035,971 1035,1043 958,1043"/>
          <TextEquiv>
            <Unicode>هو</Unicode>
          </TextEquiv>
        </Word>
        <Word id="w132">
          <Coords points="851,973 959,973 959,1026 851,1026"/>
          <TextEquiv>
            <Unicode>معه</Unicode>
          </TextEquiv>
        </Word>
        <Word id="w133">
          <Coords points="701,956 835,956 835,1045 701,1045"/>
          <TextEquiv>
            <Unicode>جملة</Unicode>
          </TextEquiv>
        </Word>
        <Word id="w134">
          <Coords points="675,964 700,964 700,1024 675,1024"/>
          <TextEquiv>
            <Unicode>ا</Unicode>
          </TextEquiv>
        </Word>
        <Word id="w135">
          <Coords points="538,971 667,971 667,1057 538,1057"/>
          <TextEquiv>
            <Unicode>سمية</Unicode>
          </TextEquiv>
        </Word>
        <Word id="w136">
          <Coords points="474,963 523,963 523,1038 474,1038"/>
          <TextEquiv>
            <Unicode>لا</Unicode>
          </TextEquiv>
        </Word>
        <Word id="w137">
          <Coords points="382,949 472,949 472,1065 382,1065"/>
          <TextEquiv>
            <Unicode>محل</Unicode>
          </TextEquiv>
        </Word>
        <Word id="w138">
          <Coords points="319,949 394,949 394,1033 319,1033"/>
          <TextEquiv>
            <Unicode>لها</Unicode>
          </TextEquiv>
        </Word>
        <Word id="w139">
          <Coords points="284,961 317,961 317,1036 284,1036"/>
          <TextEquiv>
            <Unicode>ا</Unicode>
          </TextEquiv>
        </Word>
        <Word id="w140">
          <Coords points="199,979 281,979 281,1050 199,1050"/>
          <TextEquiv>
            <Unicode>بتد</Unicode>
          </TextEquiv>
        </Word>
        <Word id="w141">
          <Coords points="181,963 196,963 196,1025 181,1025"/>
          <TextEquiv>
            <Unicode>ا</Unicode>
          </TextEquiv>
        </Word>
        <Word id="w142">
          <Coords points="89,958 169,958 169,1058 89,1058"/>
          <TextEquiv>
            <Unicode>ئية</Unicode>
          </TextEquiv>
        </Word>
        <TextEquiv>
          <Unicode> خبر ا لمبتد ا ء و هو معه جملة ا سمية لا محل لها ا بتد ا ئية</Unicode>
        </TextEquiv>
      </TextLine>
      <TextLine id="l8">
        <Coords points="48,1088 1376,1088 1376,1247 48,1247"/>
        <Word id="w143">
          <Coords points="1346,1110 1375,1110 1375,1188 1346,1188"/>
          <TextEquiv>
            <Unicode>ا</Unicode>
          </TextEquiv>
        </Word>
        <Word id="w144">
          <Coords points="1309,1143 1338,1143 1338,1194 1309,1194"/>
          <TextEquiv>
            <Unicode>و</Unicode>
          </TextEquiv>
        </Word>
        <Word id="w145">
          <Coords points="1170,1107 1301,1107 1301,1179 1170,1179"/>
          <TextEquiv>
            <Unicode>عطف</Unicode>
          </TextEquiv>
        </Word>
        <Word id="w146">
          <Coords points="1101,1104 1168,1104 1168,1192 1101,1192"/>
          <TextEquiv>
            <Unicode>على</Unicode>
          </TextEquiv>
        </Word>
        <Word id="w147">
          <Coords points="994,1102 1101,1102 1101,1204 994,1204"/>
          <TextEquiv>
            <Unicode>جملة</Unicode>
          </TextEquiv>
        </Word>
        <Word id="w148">
          <Coords points="971,1105 989,1105 989,1162 971,1162"/>
          <TextEquiv>
            <Unicode>ا</Unicode>
          </TextEquiv>
        </Word>
        <Word id="w149">
          <Coords points="890,1097 962,1097 962,1204 890,1204"/>
          <TextEquiv>
            <Unicode>لبا</Unicode>
          </TextEquiv>
        </Word>
        <Word id="w150">
          <Coords points="832,1144 884,1144 884,1188 832,1188"/>
          <TextEquiv>
            <Unicode>ب</Unicode>
          </TextEquiv>
        </Word>
        <Word id="w151">
          <Coords points="822,1100 834,1100 834,1150 822,1150"/>
          <TextEquiv>
            <Unicode>ا</Unicode>
          </TextEquiv>
        </Word>
        <Word id="w152">
          <Coords points="757,1104 811,1104 811,1184 757,1184"/>
          <TextEquiv>
            <Unicode>لا</Unicode>
          </TextEquiv>
        </Word>
        <Word id="w153">
          <Coords points="722,1149 754,1149 754,1192 722,1192"/>
          <TextEquiv>
            <Unicode>و</Unicode>
          </TextEquiv>
        </Word>
        <Word id="w154">
          <Coords points="680,1100 721,1100 721,1190 680,1190"/>
          <TextEquiv>
            <Unicode>ل</Unicode>
          </TextEquiv>
        </Word>
        <Word id="w155">
          <Coords points="595,1102 673,1102 673,1204 595,1204"/>
          <TextEquiv>
            <Unicode>في</Unicode>
          </TextEquiv>
        </Word>
        <Word id="w156">
          <Coords points="568,1114 581,1114 581,1168 568,1168"/>
          <TextEquiv>
            <Unicode>ا</Unicode>
          </TextEquiv>
        </Word>
        <Word id="w157">
          <Coords points="474,1107 553,1107 553,1192 474,1192"/>
          <TextEquiv>
            <Unicode>لعا</Unicode>
          </TextEquiv>
        </Word>
        <Word id="w158">
          <Coords points="398,1110 469,1110 469,1207 398,1207"/>
          <TextEquiv>
            <Unicode>مل</Unicode>
          </TextEquiv>
        </Word>
        <Word id="w159">
          <Coords points="383,1114 402,1114 402,1179 383,1179"/>
          <TextEquiv>
            <Unicode>ا</Unicode>
          </TextEquiv>
        </Word>
        <Word id="w160">
          <Coords points="305,1107 376,1107 376,1246 305,1246"/>
          <TextEquiv>
            <Unicode>علم</Unicode>
          </TextEquiv>
        </Word>
        <Word id="w161">
          <Coords points="280,1119 296,1119 296,1178 280,1178"/>
          <TextEquiv>
            <Unicode>ا</Unicode>
          </TextEquiv>
        </Word>
        <Word id="w162">
          <Coords points="221,1128 271,1128 271,1202 221,1202"/>
          <TextEquiv>
            <Unicode>نه</Unicode>
          </TextEquiv>
        </Word>
        <Word id="w163">
          <Coords points="131,1108 211,1108 211,1217 131,1217"/>
          <TextEquiv>
            <Unicode>قيل</Unicode>
          </TextEquiv>
        </Word>
        <Word id="w164">
          <Coords points="116,1109 142,1109 142,1165 116,1165"/>
          <TextEquiv>
            <Unicode>ا</Unicode>
          </TextEquiv>
        </Word>
        <Word id="w165">
          <Coords points="71,1121 113,1121 113,1199 71,1199"/>
          <TextEquiv>
            <Unicode>لو</Unicode>
          </TextEquiv>
        </Word>
        <Word id="w166">
          <Coords points="63,1126 78,1126 78,1165 63,1165"/>
          <TextEquiv>
            <Unicode>ا</Unicode>
          </TextEquiv>
        </Word>
        <Word id="w167">
          <Coords points="48,1088 84,1088 84,1129 48,1129"/>
          <TextEquiv>
            <Unicode>و</Unicode>
          </TextEquiv>
        </Word>
        <TextEquiv>
          <Unicode> ا و عطف على جملة ا لبا ب ا لا و ل في ا لعا مل ا علم ا نه قيل ا لو ا و</Unicode>
        </TextEquiv>
      </TextLine>
      <TextLine id="l9">
        <Coords points="78,1237 1363,1237 1363,1373 78,1373"/>
        <Word id="w168">
          <Coords points="1274,1250 1362,1250 1362,1341 1274,1341"/>
          <TextEquiv>
            <Unicode>هنا</Unicode>
          </TextEquiv>
        </Word>
        <Word id="w169">
          <Coords points="1189,1256 1263,1256 1263,1332 1189,1332"/>
          <TextEquiv>
            <Unicode>للا</Unicode>
          </TextEquiv>
        </Word>
        <Word id="w170">
          <Coords points="1049,1237 1187,1237 1187,1344 1049,1344"/>
          <TextEquiv>
            <Unicode>ستينا</Unicode>
          </TextEquiv>
        </Word>
        <Word id="w171">
          <Coords points="989,1258 1046,1258 1046,1328 989,1328"/>
          <TextEquiv>
            <Unicode>ف</Unicode>
          </TextEquiv>
        </Word>
        <Word id="w172">
          <Coords points="920,1252 980,1252 980,1332 920,1332"/>
          <TextEquiv>
            <Unicode>لا</Unicode>
          </TextEquiv>
        </Word>
        <Word id="w173">
          <Coords points="842,1269 912,1269 912,1333 842,1333"/>
          <TextEquiv>
            <Unicode>للا</Unicode>
          </TextEquiv>
        </Word>
        <Word id="w174">
          <Coords points="762,1263 840,1263 840,1355 762,1355"/>
          <TextEquiv>
            <Unicode>بتد</Unicode>
          </TextEquiv>
        </Word>
        <Word id="w175">
          <Coords points="746,1247 772,1247 772,1307 746,1307"/>
          <TextEquiv>
            <Unicode>ا</Unicode>
          </TextEquiv>
        </Word>
        <Word id="w176">
          <Coords points="724,1299 743,1299 743,1319 724,1319"/>
          <TextEquiv>
            <Unicode>ء</Unicode>
          </TextEquiv>
        </Word>
        <Word id="w177">
          <Coords points="643,1260 702,1260 702,1337 643,1337"/>
          <TextEquiv>
            <Unicode>لا</Unicode>
          </TextEquiv>
        </Word>
        <Word id="w178">
          <Coords points="589,1288 644,1288 644,1340 589,1340"/>
          <TextEquiv>
            <Unicode>نه</Unicode>
          </TextEquiv>
        </Word>
        <Word id="w179">
          <Coords points="517,1254 574,1254 574,1347 517,1347"/>
          <TextEquiv>
            <Unicode>لم</Unicode>
          </TextEquiv>
        </Word>
        <Word id="w180">
          <Coords points="466,1284 514,1284 514,1365 466,1365"/>
          <TextEquiv>
            <Unicode>يو</Unicode>
          </TextEquiv>
        </Word>
        <Word id="w181">
          <Coords points="394,1281 469,1281 469,1350 394,1350"/>
          <TextEquiv>
            <Unicode>جد</Unicode>
          </TextEquiv>
        </Word>
        <Word id="w182">
          <Coords points="335,1256 384,1256 384,1372 335,1372"/>
          <TextEquiv>
            <Unicode>في</Unicode>
          </TextEquiv>
        </Word>
        <Word id="w183">
          <Coords points="254,1258 332,1258 332,1347 254,1347"/>
          <TextEquiv>
            <Unicode>كلا</Unicode>
          </TextEquiv>
        </Word>
        <Word id="w184">
          <Coords points="204,1307 253,1307 253,1351 204,1351"/>
          <TextEquiv>
            <Unicode>م</Unicode>
          </TextEquiv>
        </Word>
        <Word id="w185">
          <Coords points="199,1257 222,1257 222,1321 199,1321"/>
          <TextEquiv>
            <Unicode>ا</Unicode>
          </TextEquiv>
        </Word>
        <Word id="w186">
          <Coords points="114,1264 190,1264 190,1362 114,1362"/>
          <TextEquiv>
            <Unicode>لعر</Unicode>
          </TextEquiv>
        </Word>
        <Word id="w187">
          <Coords points="78,1290 140,1290 140,1347 78,1347"/>
          <TextEquiv>
            <Unicode>ب</Unicode>
          </TextEquiv>
        </Word>
        <TextEquiv>
          <Unicode> هنا للا ستينا ف لا للا بتد ا ء لا نه لم يو جد في كلا م ا لعر ب</Unicode>
        </TextEquiv>
      </TextLine>
      <TextLine id="l10">
        <Coords points="70,1375 1366,1375 1366,1522 70,1522"/>
        <Word id="w188">
          <Coords points="1319,1431 1365,1431 1365,1482 1319,1482"/>
          <TextEquiv>
            <Unicode>و</Unicode>
          </TextEquiv>
        </Word>
        <Word id="w189">
          <Coords points="1282,1413 1313,1413 1313,1480 1282,1480"/>
          <TextEquiv>
            <Unicode>ز</Unicode>
          </TextEquiv>
        </Word>
        <Word id="w190">
          <Coords points="1222,1414 1273,1414 1273,1488 1222,1488"/>
          <TextEquiv>
            <Unicode>يد</Unicode>
          </TextEquiv>
        </Word>
        <Word id="w191">
          <Coords points="1165,1384 1214,1384 1214,1478 1165,1478"/>
          <TextEquiv>
            <Unicode>قا</Unicode>
          </TextEquiv>
        </Word>
        <Word id="w192">
          <Coords points="1099,1395 1157,1395 1157,1521 1099,1521"/>
          <TextEquiv>
            <Unicode>ئم</Unicode>
          </TextEquiv>
        </Word>
        <Word id="w193">
          <Coords points="1053,1387 1094,1387 1094,1489 1053,1489"/>
          <TextEquiv>
            <Unicode>با</Unicode>
          </TextEquiv>
        </Word>
        <Word id="w194">
          <Coords points="1003,1400 1049,1400 1049,1484 1003,1484"/>
          <TextEquiv>
            <Unicode>لو</Unicode>
          </TextEquiv>
        </Word>
        <Word id="w195">
          <Coords points="984,1396 1007,1396 1007,1454 984,1454"/>
          <TextEquiv>
            <Unicode>ا</Unicode>
          </TextEquiv>
        </Word>
        <Word id="w196">
          <Coords points="940,1431 980,1431 980,1491 940,1491"/>
          <TextEquiv>
            <Unicode>و</Unicode>
          </TextEquiv>
        </Word>
        <Word id="w197">
          <Coords points="890,1433 934,1433 934,1484 890,1484"/>
          <TextEquiv>
            <Unicode>و</Unicode>
          </TextEquiv>
        </Word>
        <Word id="w198">
          <Coords points="875,1399 888,1399 888,1463 875,1463"/>
          <TextEquiv>
            <Unicode>ا</Unicode>
          </TextEquiv>
        </Word>
        <Word id="w199">
          <Coords points="806,1399 868,1399 868,1479 806,1479"/>
          <TextEquiv>
            <Unicode>لا</Unicode>
          </TextEquiv>
        </Word>
        <Word id="w200">
          <Coords points="674,1404 806,1404 806,1503 674,1503"/>
          <TextEquiv>
            <Unicode>ستينا</Unicode>
          </TextEquiv>
        </Word>
        <Word id="w201">
          <Coords points="608,1419 666,1419 666,1480 608,1480"/>
          <TextEquiv>
            <Unicode>ف</Unicode>
          </TextEquiv>
        </Word>
        <Word id="w202">
          <Coords points="548,1396 600,1396 600,1490 548,1490"/>
          <TextEquiv>
            <Unicode>في</Unicode>
          </TextEquiv>
        </Word>
        <Word id="w203">
          <Coords points="474,1428 540,1428 540,1497 474,1497"/>
          <TextEquiv>
            <Unicode>عر</Unicode>
          </TextEquiv>
        </Word>
        <Word id="w204">
          <Coords points="427,1412 484,1412 484,1475 427,1475"/>
          <TextEquiv>
            <Unicode>ف</Unicode>
          </TextEquiv>
        </Word>
        <Word id="w205">
          <Coords points="406,1396 432,1396 432,1456 406,1456"/>
          <TextEquiv>
            <Unicode>ا</Unicode>
          </TextEquiv>
        </Word>
        <Word id="w206">
          <Coords points="327,1400 400,1400 400,1503 327,1503"/>
          <TextEquiv>
            <Unicode>لنحو</Unicode>
          </TextEquiv>
        </Word>
        <Word id="w207">
          <Coords points="314,1412 336,1412 336,1469 314,1469"/>
          <TextEquiv>
            <Unicode>ا</Unicode>
          </TextEquiv>
        </Word>
        <Word id="w208">
          <Coords points="197,1393 313,1393 313,1488 197,1488"/>
          <TextEquiv>
            <Unicode>لكلا</Unicode>
          </TextEquiv>
        </Word>
        <Word id="w209">
          <Coords points="158,1392 175,1392 175,1444 158,1444"/>
          <TextEquiv>
            <Unicode>ا</Unicode>
          </TextEquiv>
        </Word>
        <Word id="w210">
          <Coords points="150,1449 199,1449 199,1499 150,1499"/>
          <TextEquiv>
            <Unicode>م</Unicode>
          </TextEquiv>
        </Word>
        <Word id="w211">
          <Coords points="82,1375 152,1375 152,1474 82,1474"/>
          <TextEquiv>
            <Unicode>لذ</Unicode>
          </TextEquiv>
        </Word>
        <Word id="w212">
          <Coords points="70,1380 181,1380 181,1434 70,1434"/>
          <TextEquiv>
            <Unicode>ي</Unicode>
          </TextEquiv>
        </Word>
        <TextEquiv>
          <Unicode> و ز يد قا ئم با لو ا و و ا لا ستينا ف في عر ف ا لنحو ا لكلا ا م لذ ي</Unicode>
        </TextEquiv>
      </TextLine>
      <TextLine id="l11">
        <Coords points="93,1539 1362,1539 1362,1662 93,1662"/>
        <Word id="w213">
          <Coords points="1298,1544 1361,1544 1361,1615 1298,1615"/>
          <TextEquiv>
            <Unicode>حا</Unicode>
          </TextEquiv>
        </Word>
        <Word id="w214">
          <Coords points="1268,1581 1294,1581 1294,1612 1268,1612"/>
          <TextEquiv>
            <Unicode>ء</Unicode>
          </TextEquiv>
        </Word>
        <Word id="w215">
          <Coords points="1179,1550 1251,1550 1251,1642 1179,1642"/>
          <TextEquiv>
            <Unicode>على</Unicode>
          </TextEquiv>
        </Word>
        <Word id="w216">
          <Coords points="1101,1552 1187,1552 1187,1644 1101,1644"/>
          <TextEquiv>
            <Unicode>طر</Unicode>
          </TextEquiv>
        </Word>
        <Word id="w217">
          <Coords points="1050,1562 1109,1562 1109,1661 1050,1661"/>
          <TextEquiv>
            <Unicode>يق</Unicode>
          </TextEquiv>
        </Word>
        <Word id="w218">
          <Coords points="1036,1546 1056,1546 1056,1609 1036,1609"/>
          <TextEquiv>
            <Unicode>ا</Unicode>
          </TextEquiv>
        </Word>
        <Word id="w219">
          <Coords points="912,1553 1027,1553 1027,1634 912,1634"/>
          <TextEquiv>
            <Unicode>لسؤ</Unicode>
          </TextEquiv>
        </Word>
        <Word id="w220">
          <Coords points="896,1551 908,1551 908,1600 896,1600"/>
          <TextEquiv>
            <Unicode>ا</Unicode>
          </TextEquiv>
        </Word>
        <Word id="w221">
          <Coords points="846,1551 885,1551 885,1632 846,1632"/>
          <TextEquiv>
            <Unicode>ل</Unicode>
          </TextEquiv>
        </Word>
        <Word id="w222">
          <Coords points="831,1551 845,1551 845,1598 831,1598"/>
          <TextEquiv>
            <Unicode>ا</Unicode>
          </TextEquiv>
        </Word>
        <Word id="w223">
          <Coords points="717,1563 822,1563 822,1623 717,1623"/>
          <TextEquiv>
            <Unicode>لمقد</Unicode>
          </TextEquiv>
        </Word>
        <Word id="w224">
          <Coords points="676,1575 710,1575 710,1624 676,1624"/>
          <TextEquiv>
            <Unicode>ر</Unicode>
          </TextEquiv>
        </Word>
        <Word id="w225">
          <Coords points="619,1579 663,1579 663,1626 619,1626"/>
          <TextEquiv>
            <Unicode>و</Unicode>
          </TextEquiv>
        </Word>
        <Word id="w226">
          <Coords points="547,1556 616,1556 616,1640 547,1640"/>
          <TextEquiv>
            <Unicode>فيه</Unicode>
          </TextEquiv>
        </Word>
        <Word id="w227">
          <Coords points="431,1539 542,1539 542,1645 431,1645"/>
          <TextEquiv>
            <Unicode>نظر</Unicode>
          </TextEquiv>
        </Word>
        <Word id="w228">
          <Coords points="428,1553 441,1553 441,1598 428,1598"/>
          <TextEquiv>
            <Unicode>ا</Unicode>
          </TextEquiv>
        </Word>
        <Word id="w229">
          <Coords points="372,1552 426,1552 426,1627 372,1627"/>
          <TextEquiv>
            <Unicode>ما</Unicode>
          </TextEquiv>
        </Word>
        <Word id="w230">
          <Coords points="346,1555 362,1555 362,1624 346,1624"/>
          <TextEquiv>
            <Unicode>ا</Unicode>
          </TextEquiv>
        </Word>
        <Word id="w231">
          <Coords points="293,1586 337,1586 337,1637 293,1637"/>
          <TextEquiv>
            <Unicode>و</Unicode>
          </TextEquiv>
        </Word>
        <Word id="w232">
          <Coords points="228,1548 279,1548 279,1629 228,1629"/>
          <TextEquiv>
            <Unicode>لا</Unicode>
          </TextEquiv>
        </Word>
        <Word id="w233">
          <Coords points="145,1546 217,1546 217,1639 145,1639"/>
          <TextEquiv>
            <Unicode>فل</Unicode>
          </TextEquiv>
        </Word>
        <Word id="w234">
          <Coords points="93,1546 134,1546 134,1631 93,1631"/>
          <TextEquiv>
            <Unicode>ن</Unicode>
          </TextEquiv>
        </Word>
        <TextEquiv>
          <Unicode> حا ء على طر يق ا لسؤ ا ل ا لمقد ر و فيه نظر ا ما ا و لا فل ن</Unicode>
        </TextEquiv>
      </TextLine>
      <TextLine id="l12">
        <Coords points="101,1689 1358,1689 1358,1799 101,1799"/>
        <Word id="w235">
          <Coords points="1253,1696 1357,1696 1357,1787 1253,1787"/>
          <TextEquiv>
            <Unicode>معنى</Unicode>
          </TextEquiv>
        </Word>
        <Word id="w236">
          <Coords points="1205,1723 1246,1723 1246,1772 1205,1772"/>
          <TextEquiv>
            <Unicode>و</Unicode>
          </TextEquiv>
        </Word>
        <Word id="w237">
          <Coords points="1190,1693 1211,1693 1211,1749 1190,1749"/>
          <TextEquiv>
            <Unicode>ا</Unicode>
          </TextEquiv>
        </Word>
        <Word id="w238">
          <Coords points="1149,1724 1188,1724 1188,1772 1149,1772"/>
          <TextEquiv>
            <Unicode>و</Unicode>
          </TextEquiv>
        </Word>
        <Word id="w239">
          <Coords points="1134,1700 1153,1700 1153,1757 1134,1757"/>
          <TextEquiv>
            <Unicode>ا</Unicode>
          </TextEquiv>
        </Word>
        <Word id="w240">
          <Coords points="1069,1701 1120,1701 1120,1771 1069,1771"/>
          <TextEquiv>
            <Unicode>لا</Unicode>
          </TextEquiv>
        </Word>
        <Word id="w241">
          <Coords points="980,1710 1063,1710 1063,1791 980,1791"/>
          <TextEquiv>
            <Unicode>بتد</Unicode>
          </TextEquiv>
        </Word>
        <Word id="w242">
          <Coords points="953,1697 985,1697 985,1758 953,1758"/>
          <TextEquiv>
            <Unicode>ا</Unicode>
          </TextEquiv>
        </Word>
        <Word id="w243">
          <Coords points="929,1732 955,1732 955,1761 929,1761"/>
          <TextEquiv>
            <Unicode>ء</Unicode>
          </TextEquiv>
        </Word>
        <Word id="w244">
          <Coords points="810,1703 922,1703 922,1786 810,1786"/>
          <TextEquiv>
            <Unicode>عند</Unicode>
          </TextEquiv>
        </Word>
        <Word id="w245">
          <Coords points="790,1689 814,1689 814,1763 790,1763"/>
          <TextEquiv>
            <Unicode>ا</Unicode>
          </TextEquiv>
        </Word>
        <Word id="w246">
          <Coords points="711,1691 784,1691 784,1778 711,1778"/>
          <TextEquiv>
            <Unicode>لنحا</Unicode>
          </TextEquiv>
        </Word>
        <Word id="w247">
          <Coords points="660,1709 703,1709 703,1780 660,1780"/>
          <TextEquiv>
            <Unicode>ة</Unicode>
          </TextEquiv>
        </Word>
        <Word id="w248">
          <Coords points="537,1701 651,1701 651,1791 537,1791"/>
          <TextEquiv>
            <Unicode>ليس</Unicode>
          </TextEquiv>
        </Word>
        <Word id="w249">
          <Coords points="489,1723 528,1723 528,1784 489,1784"/>
          <TextEquiv>
            <Unicode>و</Unicode>
          </TextEquiv>
        </Word>
        <Word id="w250">
          <Coords points="436,1708 486,1708 486,1792 436,1792"/>
          <TextEquiv>
            <Unicode>قو</Unicode>
          </TextEquiv>
        </Word>
        <Word id="w251">
          <Coords points="378,1712 435,1712 435,1774 378,1774"/>
          <TextEquiv>
            <Unicode>عه</Unicode>
          </TextEquiv>
        </Word>
        <Word id="w252">
          <Coords points="339,1699 362,1699 362,1769 339,1769"/>
          <TextEquiv>
            <Unicode>ا</Unicode>
          </TextEquiv>
        </Word>
        <Word id="w253">
          <Coords points="288,1733 333,1733 333,1798 288,1798"/>
          <TextEquiv>
            <Unicode>و</Unicode>
          </TextEquiv>
        </Word>
        <Word id="w254">
          <Coords points="251,1700 288,1700 288,1780 251,1780"/>
          <TextEquiv>
            <Unicode>ل</Unicode>
          </TextEquiv>
        </Word>
        <Word id="w255">
          <Coords points="238,1700 255,1700 255,1769 238,1769"/>
          <TextEquiv>
            <Unicode>ا</Unicode>
          </TextEquiv>
        </Word>
        <Word id="w256">
          <Coords points="128,1699 230,1699 230,1776 128,1776"/>
          <TextEquiv>
            <Unicode>لكلا</Unicode>
          </TextEquiv>
        </Word>
        <Word id="w257">
          <Coords points="101,1692 140,1692 140,1728 101,1728"/>
          <TextEquiv>
            <Unicode>م</Unicode>
          </TextEquiv>
        </Word>
        <TextEquiv>
          <Unicode> معنى و ا و ا لا بتد ا ء عند ا لنحا ة ليس و قو عه ا و ل ا لكلا م</Unicode>
        </TextEquiv>
      </TextLine>
      <TextLine id="l13">
        <Coords points="67,1811 126,1811 126,1857 67,1857"/>
        <Word id="w258">
          <Coords points="67,1811 125,1811 125,1856 67,1856"/>
          <TextEquiv>
            <Unicode>م</Unicode>
          </TextEquiv>
        </Word>
        <TextEquiv>
          <Unicode> م</Unicode>
        </TextEquiv>
      </TextLine>
      <TextLine id="l14">
        <Coords points="76,1832 1369,1832 1369,1947 76,1947"/>
        <Word id="w259">
          <Coords points="1292,1848 1368,1848 1368,1918 1292,1918"/>
          <TextEquiv>
            <Unicode>من</Unicode>
          </TextEquiv>
        </Word>
        <Word id="w260">
          <Coords points="1215,1843 1293,1843 1293,1927 1215,1927"/>
          <TextEquiv>
            <Unicode>غير</Unicode>
          </TextEquiv>
        </Word>
        <Word id="w261">
          <Coords points="1194,1837 1215,1837 1215,1896 1194,1896"/>
          <TextEquiv>
            <Unicode>ا</Unicode>
          </TextEquiv>
        </Word>
        <Word id="w262">
          <Coords points="1149,1847 1192,1847 1192,1925 1149,1925"/>
          <TextEquiv>
            <Unicode>ن</Unicode>
          </TextEquiv>
        </Word>
        <Word id="w263">
          <Coords points="1030,1848 1146,1848 1146,1937 1030,1937"/>
          <TextEquiv>
            <Unicode>يتقد</Unicode>
          </TextEquiv>
        </Word>
        <Word id="w264">
          <Coords points="977,1881 1023,1881 1023,1915 977,1915"/>
          <TextEquiv>
            <Unicode>م</Unicode>
          </TextEquiv>
        </Word>
        <Word id="w265">
          <Coords points="855,1845 975,1845 975,1941 855,1941"/>
          <TextEquiv>
            <Unicode>عليه</Unicode>
          </TextEquiv>
        </Word>
        <Word id="w266">
          <Coords points="750,1842 846,1842 846,1940 750,1940"/>
          <TextEquiv>
            <Unicode>شيء</Unicode>
          </TextEquiv>
        </Word>
        <Word id="w267">
          <Coords points="694,1880 732,1880 732,1927 694,1927"/>
          <TextEquiv>
            <Unicode>و</Unicode>
          </TextEquiv>
        </Word>
        <Word id="w268">
          <Coords points="667,1842 691,1842 691,1911 667,1911"/>
          <TextEquiv>
            <Unicode>ا</Unicode>
          </TextEquiv>
        </Word>
        <Word id="w269">
          <Coords points="598,1852 664,1852 664,1934 598,1934"/>
          <TextEquiv>
            <Unicode>نما</Unicode>
          </TextEquiv>
        </Word>
        <Word id="w270">
          <Coords points="467,1832 593,1832 593,1938 467,1938"/>
          <TextEquiv>
            <Unicode>معنا</Unicode>
          </TextEquiv>
        </Word>
        <Word id="w271">
          <Coords points="440,1889 463,1889 463,1927 440,1927"/>
          <TextEquiv>
            <Unicode>ه</Unicode>
          </TextEquiv>
        </Word>
        <Word id="w272">
          <Coords points="384,1880 427,1880 427,1930 384,1930"/>
          <TextEquiv>
            <Unicode>و</Unicode>
          </TextEquiv>
        </Word>
        <Word id="w273">
          <Coords points="335,1854 384,1854 384,1946 335,1946"/>
          <TextEquiv>
            <Unicode>قو</Unicode>
          </TextEquiv>
        </Word>
        <Word id="w274">
          <Coords points="273,1868 331,1868 331,1919 273,1919"/>
          <TextEquiv>
            <Unicode>عه</Unicode>
          </TextEquiv>
        </Word>
        <Word id="w275">
          <Coords points="232,1846 258,1846 258,1909 232,1909"/>
          <TextEquiv>
            <Unicode>ا</Unicode>
          </TextEquiv>
        </Word>
        <Word id="w276">
          <Coords points="192,1878 227,1878 227,1942 192,1942"/>
          <TextEquiv>
            <Unicode>و</Unicode>
          </TextEquiv>
        </Word>
        <Word id="w277">
          <Coords points="150,1850 190,1850 190,1941 150,1941"/>
          <TextEquiv>
            <Unicode>ل</Unicode>
          </TextEquiv>
        </Word>
        <Word id="w278">
          <Coords points="76,1836 176,1836 176,1926 76,1926"/>
          <TextEquiv>
            <Unicode>كلا</Unicode>
          </TextEquiv>
        </Word>
        <TextEquiv>
          <Unicode> من غير ا ن يتقد م عليه شيء و ا نما معنا ه و قو عه ا و ل كلا</Unicode>
        </TextEquiv>
      </TextLine>
      <TextLine id="l15">
        <Coords points="78,1962 1368,1962 1368,2114 78,2114"/>
        <Word id="w279">
          <Coords points="1277,2003 1367,2003 1367,2085 1277,2085"/>
          <TextEquiv>
            <Unicode>بعد</Unicode>
          </TextEquiv>
        </Word>
        <Word id="w280">
          <Coords points="1182,1982 1271,1982 1271,2067 1182,2067"/>
          <TextEquiv>
            <Unicode>تقد</Unicode>
          </TextEquiv>
        </Word>
        <Word id="w281">
          <Coords points="1130,2031 1171,2031 1171,2062 1130,2062"/>
          <TextEquiv>
            <Unicode>م</Unicode>
          </TextEquiv>
        </Word>
        <Word id="w282">
          <Coords points="1041,1979 1140,1979 1140,2089 1041,2089"/>
          <TextEquiv>
            <Unicode>جملة</Unicode>
          </TextEquiv>
        </Word>
        <Word id="w283">
          <Coords points="895,1999 1031,1999 1031,2090 895,2090"/>
          <TextEquiv>
            <Unicode>مفيد</Unicode>
          </TextEquiv>
        </Word>
        <Word id="w284">
          <Coords points="863,2004 891,2004 891,2067 863,2067"/>
          <TextEquiv>
            <Unicode>ة</Unicode>
          </TextEquiv>
        </Word>
        <Word id="w285">
          <Coords points="778,2002 850,2002 850,2088 778,2088"/>
          <TextEquiv>
            <Unicode>من</Unicode>
          </TextEquiv>
        </Word>
        <Word id="w286">
          <Coords points="695,1999 776,1999 776,2092 695,2092"/>
          <TextEquiv>
            <Unicode>غير</Unicode>
          </TextEquiv>
        </Word>
        <Word id="w287">
          <Coords points="674,1986 703,1986 703,2045 674,2045"/>
          <TextEquiv>
            <Unicode>ا</Unicode>
          </TextEquiv>
        </Word>
        <Word id="w288">
          <Coords points="633,2032 675,2032 675,2071 633,2071"/>
          <TextEquiv>
            <Unicode>ر</Unicode>
          </TextEquiv>
        </Word>
        <Word id="w289">
          <Coords points="565,1985 638,1985 638,2080 565,2080"/>
          <TextEquiv>
            <Unicode>تبا</Unicode>
          </TextEquiv>
        </Word>
        <Word id="w290">
          <Coords points="507,1992 557,1992 557,2079 507,2079"/>
          <TextEquiv>
            <Unicode>ط</Unicode>
          </TextEquiv>
        </Word>
        <Word id="w291">
          <Coords points="435,2003 507,2003 507,2067 435,2067"/>
          <TextEquiv>
            <Unicode>لها</Unicode>
          </TextEquiv>
        </Word>
        <Word id="w292">
          <Coords points="298,2002 419,2002 419,2073 298,2073"/>
          <TextEquiv>
            <Unicode>لفظا</Unicode>
          </TextEquiv>
        </Word>
        <Word id="w293">
          <Coords points="224,1980 287,1980 287,2085 224,2085"/>
          <TextEquiv>
            <Unicode>كما</Unicode>
          </TextEquiv>
        </Word>
        <Word id="w294">
          <Coords points="137,2028 221,2028 221,2083 137,2083"/>
          <TextEquiv>
            <Unicode>صر</Unicode>
          </TextEquiv>
        </Word>
        <Word id="w295">
          <Coords points="102,2033 192,2033 192,2113 102,2113"/>
          <TextEquiv>
            <Unicode>ح</Unicode>
          </TextEquiv>
        </Word>
        <Word id="w296">
          <Coords points="78,1962 121,1962 121,2019 78,2019"/>
          <TextEquiv>
            <Unicode>به</Unicode>
          </TextEquiv>
        </Word>
        <TextEquiv>
          <Unicode> بعد تقد م جملة مفيد ة من غير ا ر تبا ط لها لفظا كما صر ح به</Unicode>
        </TextEquiv>
      </TextLine>
      <TextLine id="l16">
        <Coords points="87,2126 1371,2126 1371,2253 87,2253"/>
        <Word id="w297">
          <Coords points="1349,2136 1370,2136 1370,2213 1349,2213"/>
          <TextEquiv>
            <Unicode>ا</Unicode>
          </TextEquiv>
        </Word>
        <Word id="w298">
          <Coords points="1257,2135 1337,2135 1337,2210 1257,2210"/>
          <TextEquiv>
            <Unicode>لفا</Unicode>
          </TextEquiv>
        </Word>
        <Word id="w299">
          <Coords points="1151,2137 1252,2137 1252,2230 1151,2230"/>
          <TextEquiv>
            <Unicode>ضل</Unicode>
          </TextEquiv>
        </Word>
        <Word id="w300">
          <Coords points="1081,2155 1130,2155 1130,2234 1081,2234"/>
          <TextEquiv>
            <Unicode>لر</Unicode>
          </TextEquiv>
        </Word>
        <Word id="w301">
          <Coords points="1046,2177 1078,2177 1078,2231 1046,2231"/>
          <TextEquiv>
            <Unicode>و</Unicode>
          </TextEquiv>
        </Word>
        <Word id="w302">
          <Coords points="994,2176 1052,2176 1052,2245 994,2245"/>
          <TextEquiv>
            <Unicode>مي</Unicode>
          </TextEquiv>
        </Word>
        <Word id="w303">
          <Coords points="909,2126 995,2126 995,2215 909,2215"/>
          <TextEquiv>
            <Unicode>فى</Unicode>
          </TextEquiv>
        </Word>
        <Word id="w304">
          <Coords points="811,2139 896,2139 896,2233 811,2233"/>
          <TextEquiv>
            <Unicode>شر</Unicode>
          </TextEquiv>
        </Word>
        <Word id="w305">
          <Coords points="776,2174 855,2174 855,2252 776,2252"/>
          <TextEquiv>
            <Unicode>ح</Unicode>
          </TextEquiv>
        </Word>
        <Word id="w306">
          <Coords points="736,2139 766,2139 766,2215 736,2215"/>
          <TextEquiv>
            <Unicode>ا</Unicode>
          </TextEquiv>
        </Word>
        <Word id="w307">
          <Coords points="544,2146 728,2146 728,2237 544,2237"/>
          <TextEquiv>
            <Unicode>لقصيد</Unicode>
          </TextEquiv>
        </Word>
        <Word id="w308">
          <Coords points="528,2135 553,2135 553,2186 528,2186"/>
          <TextEquiv>
            <Unicode>ة</Unicode>
          </TextEquiv>
        </Word>
        <Word id="w309">
          <Coords points="489,2133 523,2133 523,2209 489,2209"/>
          <TextEquiv>
            <Unicode>ا</Unicode>
          </TextEquiv>
        </Word>
        <Word id="w310">
          <Coords points="406,2132 486,2132 486,2240 406,2240"/>
          <TextEquiv>
            <Unicode>لخمر</Unicode>
          </TextEquiv>
        </Word>
        <Word id="w311">
          <Coords points="350,2140 400,2140 400,2237 350,2237"/>
          <TextEquiv>
            <Unicode>ية</Unicode>
          </TextEquiv>
        </Word>
        <Word id="w312">
          <Coords points="290,2179 339,2179 339,2229 290,2229"/>
          <TextEquiv>
            <Unicode>و</Unicode>
          </TextEquiv>
        </Word>
        <Word id="w313">
          <Coords points="287,2137 303,2137 303,2207 287,2207"/>
          <TextEquiv>
            <Unicode>ا</Unicode>
          </TextEquiv>
        </Word>
        <Word id="w314">
          <Coords points="222,2142 280,2142 280,2216 222,2216"/>
          <TextEquiv>
            <Unicode>ما</Unicode>
          </TextEquiv>
        </Word>
        <Word id="w315">
          <Coords points="163,2142 208,2142 208,2221 163,2221"/>
          <TextEquiv>
            <Unicode>ثا</Unicode>
          </TextEquiv>
        </Word>
        <Word id="w316">
          <Coords points="87,2157 160,2157 160,2241 87,2241"/>
          <TextEquiv>
            <Unicode>نيا</Unicode>
          </TextEquiv>
        </Word>
        <TextEquiv>
          <Unicode> ا لفا ضل لر و مي فى شر ح ا لقصيد ة ا لخمر ية و ا ما ثا نيا</Unicode>
        </TextEquiv>
      </TextLine>
      <TextLine id="l17">
        <Coords points="90,2282 1369,2282 1369,2400 90,2400"/>
        <Word id="w317">
          <Coords points="1292,2290 1368,2290 1368,2374 1292,2374"/>
          <TextEquiv>
            <Unicode>فلا</Unicode>
          </TextEquiv>
        </Word>
        <Word id="w318">
          <Coords points="1229,2305 1282,2305 1282,2369 1229,2369"/>
          <TextEquiv>
            <Unicode>نه</Unicode>
          </TextEquiv>
        </Word>
        <Word id="w319">
          <Coords points="1156,2291 1217,2291 1217,2370 1156,2370"/>
          <TextEquiv>
            <Unicode>لا</Unicode>
          </TextEquiv>
        </Word>
        <Word id="w320">
          <Coords points="1107,2300 1151,2300 1151,2382 1107,2382"/>
          <TextEquiv>
            <Unicode>فر</Unicode>
          </TextEquiv>
        </Word>
        <Word id="w321">
          <Coords points="1049,2299 1099,2299 1099,2373 1049,2373"/>
          <TextEquiv>
            <Unicode>ق</Unicode>
          </TextEquiv>
        </Word>
        <Word id="w322">
          <Coords points="958,2300 1041,2300 1041,2399 958,2399"/>
          <TextEquiv>
            <Unicode>بين</Unicode>
          </TextEquiv>
        </Word>
        <Word id="w323">
          <Coords points="913,2315 949,2315 949,2370 913,2370"/>
          <TextEquiv>
            <Unicode>و</Unicode>
          </TextEquiv>
        </Word>
        <Word id="w324">
          <Coords points="889,2286 909,2286 909,2343 889,2343"/>
          <TextEquiv>
            <Unicode>ا</Unicode>
          </TextEquiv>
        </Word>
        <Word id="w325">
          <Coords points="851,2325 880,2325 880,2379 851,2379"/>
          <TextEquiv>
            <Unicode>و</Unicode>
          </TextEquiv>
        </Word>
        <Word id="w326">
          <Coords points="826,2287 855,2287 855,2352 826,2352"/>
          <TextEquiv>
            <Unicode>ا</Unicode>
          </TextEquiv>
        </Word>
        <Word id="w327">
          <Coords points="763,2296 819,2296 819,2372 763,2372"/>
          <TextEquiv>
            <Unicode>لا</Unicode>
          </TextEquiv>
        </Word>
        <Word id="w328">
          <Coords points="673,2297 754,2297 754,2391 673,2391"/>
          <TextEquiv>
            <Unicode>بتد</Unicode>
          </TextEquiv>
        </Word>
        <Word id="w329">
          <Coords points="650,2284 680,2284 680,2352 650,2352"/>
          <TextEquiv>
            <Unicode>ا</Unicode>
          </TextEquiv>
        </Word>
        <Word id="w330">
          <Coords points="615,2326 644,2326 644,2358 615,2358"/>
          <TextEquiv>
            <Unicode>ء</Unicode>
          </TextEquiv>
        </Word>
        <Word id="w331">
          <Coords points="565,2327 604,2327 604,2377 565,2377"/>
          <TextEquiv>
            <Unicode>و</Unicode>
          </TextEquiv>
        </Word>
        <Word id="w332">
          <Coords points="475,2297 558,2297 558,2397 475,2397"/>
          <TextEquiv>
            <Unicode>بين</Unicode>
          </TextEquiv>
        </Word>
        <Word id="w333">
          <Coords points="433,2325 469,2325 469,2370 433,2370"/>
          <TextEquiv>
            <Unicode>و</Unicode>
          </TextEquiv>
        </Word>
        <Word id="w334">
          <Coords points="415,2288 442,2288 442,2351 415,2351"/>
          <TextEquiv>
            <Unicode>ا</Unicode>
          </TextEquiv>
        </Word>
        <Word id="w335">
          <Coords points="374,2328 412,2328 412,2373 374,2373"/>
          <TextEquiv>
            <Unicode>و</Unicode>
          </TextEquiv>
        </Word>
        <Word id="w336">
          <Coords points="348,2296 380,2296 380,2358 348,2358"/>
          <TextEquiv>
            <Unicode>ا</Unicode>
          </TextEquiv>
        </Word>
        <Word id="w337">
          <Coords points="288,2299 342,2299 342,2374 288,2374"/>
          <TextEquiv>
            <Unicode>لا</Unicode>
          </TextEquiv>
        </Word>
        <Word id="w338">
          <Coords points="146,2282 288,2282 288,2389 146,2389"/>
          <TextEquiv>
            <Unicode>ستينا</Unicode>
          </TextEquiv>
        </Word>
        <Word id="w339">
          <Coords points="90,2303 144,2303 144,2370 90,2370"/>
          <TextEquiv>
            <Unicode>ف</Unicode>
          </TextEquiv>
        </Word>
        <TextEquiv>
          <Unicode> فلا نه لا فر ق بين و ا و ا لا بتد ا ء و بين و ا و ا لا ستينا ف</Unicode>
        </TextEquiv>
      </TextLine>
      <TextLine id="l18">
        <Coords points="88,2428 1363,2428 1363,2548 88,2548"/>
        <Word id="w340">
          <Coords points="1314,2438 1362,2438 1362,2523 1314,2523"/>
          <TextEquiv>
            <Unicode>فى</Unicode>
          </TextEquiv>
        </Word>
        <Word id="w341">
          <Coords points="1248,2469 1326,2469 1326,2536 1248,2536"/>
          <TextEquiv>
            <Unicode>عر</Unicode>
          </TextEquiv>
        </Word>
        <Word id="w342">
          <Coords points="1202,2451 1266,2451 1266,2513 1202,2513"/>
          <TextEquiv>
            <Unicode>ف</Unicode>
          </TextEquiv>
        </Word>
        <Word id="w343">
          <Coords points="1181,2433 1210,2433 1210,2490 1181,2490"/>
          <TextEquiv>
            <Unicode>ا</Unicode>
          </TextEquiv>
        </Word>
        <Word id="w344">
          <Coords points="1113,2436 1182,2436 1182,2524 1113,2524"/>
          <TextEquiv>
            <Unicode>لنحا</Unicode>
          </TextEquiv>
        </Word>
        <Word id="w345">
          <Coords points="1079,2452 1101,2452 1101,2516 1079,2516"/>
          <TextEquiv>
            <Unicode>ة</Unicode>
          </TextEquiv>
        </Word>
        <Word id="w346">
          <Coords points="1007,2428 1071,2428 1071,2533 1007,2533"/>
          <TextEquiv>
            <Unicode>كما</Unicode>
          </TextEquiv>
        </Word>
        <Word id="w347">
          <Coords points="852,2443 997,2443 997,2544 852,2544"/>
          <TextEquiv>
            <Unicode>يظهر</Unicode>
          </TextEquiv>
        </Word>
        <Word id="w348">
          <Coords points="787,2441 855,2441 855,2520 787,2520"/>
          <TextEquiv>
            <Unicode>من</Unicode>
          </TextEquiv>
        </Word>
        <Word id="w349">
          <Coords points="713,2429 803,2429 803,2510 713,2510"/>
          <TextEquiv>
            <Unicode>كلا</Unicode>
          </TextEquiv>
        </Word>
        <Word id="w350">
          <Coords points="663,2475 706,2475 706,2522 663,2522"/>
          <TextEquiv>
            <Unicode>م</Unicode>
          </TextEquiv>
        </Word>
        <Word id="w351">
          <Coords points="534,2453 657,2453 657,2547 534,2547"/>
          <TextEquiv>
            <Unicode>بعض</Unicode>
          </TextEquiv>
        </Word>
        <Word id="w352">
          <Coords points="521,2437 535,2437 535,2500 521,2500"/>
          <TextEquiv>
            <Unicode>ا</Unicode>
          </TextEquiv>
        </Word>
        <Word id="w353">
          <Coords points="441,2442 516,2442 516,2530 441,2530"/>
          <TextEquiv>
            <Unicode>هل</Unicode>
          </TextEquiv>
        </Word>
        <Word id="w354">
          <Coords points="417,2444 438,2444 438,2504 417,2504"/>
          <TextEquiv>
            <Unicode>ا</Unicode>
          </TextEquiv>
        </Word>
        <Word id="w355">
          <Coords points="302,2450 412,2450 412,2512 302,2512"/>
          <TextEquiv>
            <Unicode>للغة</Unicode>
          </TextEquiv>
        </Word>
        <Word id="w356">
          <Coords points="246,2479 287,2479 287,2525 246,2525"/>
          <TextEquiv>
            <Unicode>و</Unicode>
          </TextEquiv>
        </Word>
        <Word id="w357">
          <Coords points="242,2439 266,2439 266,2494 242,2494"/>
          <TextEquiv>
            <Unicode>ا</Unicode>
          </TextEquiv>
        </Word>
        <Word id="w358">
          <Coords points="105,2450 240,2450 240,2535 105,2535"/>
          <TextEquiv>
            <Unicode>لمفسر</Unicode>
          </TextEquiv>
        </Word>
        <Word id="w359">
          <Coords points="88,2429 177,2429 177,2543 88,2543"/>
          <TextEquiv>
            <Unicode>ين</Unicode>
          </TextEquiv>
        </Word>
        <TextEquiv>
          <Unicode> فى عر ف ا لنحا ة كما يظهر من كلا م بعض ا هل ا للغة و ا لمفسر ين</Unicode>
        </TextEquiv>
      </TextLine>
      <TextLine id="l19">
        <Coords points="101,2567 1365,2567 1365,2690 101,2690"/>
        <Word id="w360">
          <Coords points="1331,2627 1364,2627 1364,2672 1331,2672"/>
          <TextEquiv>
            <Unicode>و</Unicode>
          </TextEquiv>
        </Word>
        <Word id="w361">
          <Coords points="1309,2589 1334,2589 1334,2639 1309,2639"/>
          <TextEquiv>
            <Unicode>ا</Unicode>
          </TextEquiv>
        </Word>
        <Word id="w362">
          <Coords points="1240,2601 1310,2601 1310,2689 1240,2689"/>
          <TextEquiv>
            <Unicode>بن</Unicode>
          </TextEquiv>
        </Word>
        <Word id="w363">
          <Coords points="1124,2576 1246,2576 1246,2659 1124,2659"/>
          <TextEquiv>
            <Unicode>هشا</Unicode>
          </TextEquiv>
        </Word>
        <Word id="w364">
          <Coords points="1072,2632 1120,2632 1120,2668 1072,2668"/>
          <TextEquiv>
            <Unicode>م</Unicode>
          </TextEquiv>
        </Word>
        <Word id="w365">
          <Coords points="1015,2590 1072,2590 1072,2677 1015,2677"/>
          <TextEquiv>
            <Unicode>في</Unicode>
          </TextEquiv>
        </Word>
        <Word id="w366">
          <Coords points="915,2592 1015,2592 1015,2679 915,2679"/>
          <TextEquiv>
            <Unicode>مغنى</Unicode>
          </TextEquiv>
        </Word>
        <Word id="w367">
          <Coords points="904,2591 922,2591 922,2647 904,2647"/>
          <TextEquiv>
            <Unicode>ا</Unicode>
          </TextEquiv>
        </Word>
        <Word id="w368">
          <Coords points="749,2600 890,2600 890,2688 749,2688"/>
          <TextEquiv>
            <Unicode>للبيب</Unicode>
          </TextEquiv>
        </Word>
        <Word id="w369">
          <Coords points="700,2623 739,2623 739,2672 700,2672"/>
          <TextEquiv>
            <Unicode>و</Unicode>
          </TextEquiv>
        </Word>
        <Word id="w370">
          <Coords points="689,2588 714,2588 714,2644 689,2644"/>
          <TextEquiv>
            <Unicode>ا</Unicode>
          </TextEquiv>
        </Word>
        <Word id="w371">
          <Coords points="637,2592 689,2592 689,2664 637,2664"/>
          <TextEquiv>
            <Unicode>ما</Unicode>
          </TextEquiv>
        </Word>
        <Word id="w372">
          <Coords points="578,2589 627,2589 627,2667 578,2667"/>
          <TextEquiv>
            <Unicode>ثا</Unicode>
          </TextEquiv>
        </Word>
        <Word id="w373">
          <Coords points="507,2601 574,2601 574,2668 507,2668"/>
          <TextEquiv>
            <Unicode>لثا</Unicode>
          </TextEquiv>
        </Word>
        <Word id="w374">
          <Coords points="419,2596 495,2596 495,2673 419,2673"/>
          <TextEquiv>
            <Unicode>فلا</Unicode>
          </TextEquiv>
        </Word>
        <Word id="w375">
          <Coords points="373,2603 413,2603 413,2674 373,2674"/>
          <TextEquiv>
            <Unicode>ن</Unicode>
          </TextEquiv>
        </Word>
        <Word id="w376">
          <Coords points="307,2591 361,2591 361,2661 307,2661"/>
          <TextEquiv>
            <Unicode>ما</Unicode>
          </TextEquiv>
        </Word>
        <Word id="w377">
          <Coords points="263,2604 305,2604 305,2667 263,2667"/>
          <TextEquiv>
            <Unicode>ذ</Unicode>
          </TextEquiv>
        </Word>
        <Word id="w378">
          <Coords points="220,2567 300,2567 300,2670 220,2670"/>
          <TextEquiv>
            <Unicode>كر</Unicode>
          </TextEquiv>
        </Word>
        <Word id="w379">
          <Coords points="195,2634 214,2634 214,2657 195,2657"/>
          <TextEquiv>
            <Unicode>ه</Unicode>
          </TextEquiv>
        </Word>
        <Word id="w380">
          <Coords points="101,2607 175,2607 175,2674 101,2674"/>
          <TextEquiv>
            <Unicode>من</Unicode>
          </TextEquiv>
        </Word>
        <TextEquiv>
          <Unicode> و ا بن هشا م في مغنى ا للبيب و ا ما ثا لثا فلا ن ما ذ كر ه من</Unicode>
        </TextEquiv>
      </TextLine>
      <TextLine id="l20">
        <Coords points="67,2709 144,2709 144,2742 67,2742"/>
        <Word id="w381">
          <Coords points="67,2709 143,2709 143,2741 67,2741"/>
          <TextEquiv>
            <Unicode>ف</Unicode>
          </TextEquiv>
        </Word>
        <TextEquiv>
          <Unicode> ف</Unicode>
        </TextEquiv>
      </TextLine>
      <TextLine id="l21">
        <Coords points="80,2715 1372,2715 1372,2833 80,2833"/>
        <Word id="w382">
          <Coords points="1274,2738 1371,2738 1371,2816 1274,2816"/>
          <TextEquiv>
            <Unicode>معنى</Unicode>
          </TextEquiv>
        </Word>
        <Word id="w383">
          <Coords points="1257,2728 1274,2728 1274,2788 1257,2788"/>
          <TextEquiv>
            <Unicode>ا</Unicode>
          </TextEquiv>
        </Word>
        <Word id="w384">
          <Coords points="1198,2733 1248,2733 1248,2807 1198,2807"/>
          <TextEquiv>
            <Unicode>لا</Unicode>
          </TextEquiv>
        </Word>
        <Word id="w385">
          <Coords points="1063,2715 1199,2715 1199,2829 1063,2829"/>
          <TextEquiv>
            <Unicode>ستينا</Unicode>
          </TextEquiv>
        </Word>
        <Word id="w386">
          <Coords points="999,2745 1060,2745 1060,2804 999,2804"/>
          <TextEquiv>
            <Unicode>ف</Unicode>
          </TextEquiv>
        </Word>
        <Word id="w387">
          <Coords points="882,2732 994,2732 994,2828 882,2828"/>
          <TextEquiv>
            <Unicode>ليس</Unicode>
          </TextEquiv>
        </Word>
        <Word id="w388">
          <Coords points="792,2749 898,2749 898,2825 792,2825"/>
          <TextEquiv>
            <Unicode>معنى</Unicode>
          </TextEquiv>
        </Word>
        <Word id="w389">
          <Coords points="783,2728 796,2728 796,2798 783,2798"/>
          <TextEquiv>
            <Unicode>ا</Unicode>
          </TextEquiv>
        </Word>
        <Word id="w390">
          <Coords points="714,2736 767,2736 767,2805 714,2805"/>
          <TextEquiv>
            <Unicode>لا</Unicode>
          </TextEquiv>
        </Word>
        <Word id="w391">
          <Coords points="584,2723 712,2723 712,2820 584,2820"/>
          <TextEquiv>
            <Unicode>ستينا</Unicode>
          </TextEquiv>
        </Word>
        <Word id="w392">
          <Coords points="530,2742 576,2742 576,2809 530,2809"/>
          <TextEquiv>
            <Unicode>ف</Unicode>
          </TextEquiv>
        </Word>
        <Word id="w393">
          <Coords points="512,2730 536,2730 536,2785 512,2785"/>
          <TextEquiv>
            <Unicode>ا</Unicode>
          </TextEquiv>
        </Word>
        <Word id="w394">
          <Coords points="426,2738 504,2738 504,2825 426,2825"/>
          <TextEquiv>
            <Unicode>لنحو</Unicode>
          </TextEquiv>
        </Word>
        <Word id="w395">
          <Coords points="316,2732 373,2732 373,2832 316,2832"/>
          <TextEquiv>
            <Unicode>بل</Unicode>
          </TextEquiv>
        </Word>
        <Word id="w396">
          <Coords points="234,2747 325,2747 325,2832 234,2832"/>
          <TextEquiv>
            <Unicode>معنى</Unicode>
          </TextEquiv>
        </Word>
        <Word id="w397">
          <Coords points="214,2728 236,2728 236,2793 214,2793"/>
          <TextEquiv>
            <Unicode>ا</Unicode>
          </TextEquiv>
        </Word>
        <Word id="w398">
          <Coords points="162,2745 207,2745 207,2809 162,2809"/>
          <TextEquiv>
            <Unicode>لا</Unicode>
          </TextEquiv>
        </Word>
        <Word id="w399">
          <Coords points="80,2747 165,2747 165,2832 80,2832"/>
          <TextEquiv>
            <Unicode>ستينا</Unicode>
          </TextEquiv>
        </Word>
        <TextEquiv>
          <Unicode> معنى ا لا ستينا ف ليس معنى ا لا ستينا ف ا لنحو بل معنى ا لا ستينا</Unicode>
        </TextEquiv>
      </TextLine>
    </TextRegion>
  </Page>
</PcGts>
