<?xml version='1.0' encoding='utf-8'?>
<PcGts xmlns:xsi="http://www.w3.org/2001/XMLSchema-instance" xmlns="http://schema.primaresearch.org/PAGE/gts/pagecontent/2019-07-15" xsi:schemaLocation="http://schema.primaresearch.org/PAGE/gts/pagecontent/2019-07-15 http://schema.primaresearch.org/PAGE/gts/pagecontent/2019-07-15/pagecontent.xsd" pcGtsId="pc-aletheiaexamplepage">
  <Metadata>
    <Creator>PRImA Research Lab</Creator>
    <Created>2015-07-17T15:27:13</Created>
    <LastChange>2017-07-14T10:03:33</LastChange>
    <Comments>Example Page</Comments>
  </Metadata>
  <Page imageFilename="3368132/_0022-2.png" imageWidth="1453" imageHeight="2941">
    <TextRegion id="r0" type="paragraph">
      <Coords points="1,1 1451,1 1451,2939 1,2939"/>
      <TextLine id="l0">
        <Coords points="86,79 1375,79 1375,205 86,205"/>
        <Word id="w0">
          <Coords points="1314,135 1374,135 1374,179 1314,179"/>
          <TextEquiv>
            <Unicode>مر</Unicode>
          </TextEquiv>
        </Word>
        <Word id="w1">
          <Coords points="1269,96 1320,96 1320,175 1269,175"/>
          <TextEquiv>
            <Unicode>فو</Unicode>
          </TextEquiv>
        </Word>
        <Word id="w2">
          <Coords points="1244,120 1314,120 1314,204 1244,204"/>
          <TextEquiv>
            <Unicode>ع</Unicode>
          </TextEquiv>
        </Word>
        <Word id="w3">
          <Coords points="1137,88 1222,88 1222,161 1137,161"/>
          <TextEquiv>
            <Unicode>تقد</Unicode>
          </TextEquiv>
        </Word>
        <Word id="w4">
          <Coords points="1084,125 1129,125 1129,177 1084,177"/>
          <TextEquiv>
            <Unicode>ير</Unicode>
          </TextEquiv>
        </Word>
        <Word id="w5">
          <Coords points="1072,79 1102,79 1102,143 1072,143"/>
          <TextEquiv>
            <Unicode>ا</Unicode>
          </TextEquiv>
        </Word>
        <Word id="w6">
          <Coords points="977,98 1067,98 1067,176 977,176"/>
          <TextEquiv>
            <Unicode>حر</Unicode>
          </TextEquiv>
        </Word>
        <Word id="w7">
          <Coords points="962,122 981,122 981,147 962,147"/>
          <TextEquiv>
            <Unicode>ه</Unicode>
          </TextEquiv>
        </Word>
        <Word id="w8">
          <Coords points="908,111 949,111 949,167 908,167"/>
          <TextEquiv>
            <Unicode>و</Unicode>
          </TextEquiv>
        </Word>
        <Word id="w9">
          <Coords points="836,111 908,111 908,166 836,166"/>
          <TextEquiv>
            <Unicode>هو</Unicode>
          </TextEquiv>
        </Word>
        <Word id="w10">
          <Coords points="744,112 839,112 839,147 744,147"/>
          <TextEquiv>
            <Unicode>معه</Unicode>
          </TextEquiv>
        </Word>
        <Word id="w11">
          <Coords points="633,91 725,91 725,167 633,167"/>
          <TextEquiv>
            <Unicode>جملة</Unicode>
          </TextEquiv>
        </Word>
        <Word id="w12">
          <Coords points="598,93 611,93 611,146 598,146"/>
          <TextEquiv>
            <Unicode>ا</Unicode>
          </TextEquiv>
        </Word>
        <Word id="w13">
          <Coords points="464,116 586,116 586,165 464,165"/>
          <TextEquiv>
            <Unicode>سميه</Unicode>
          </TextEquiv>
        </Word>
        <Word id="w14">
          <Coords points="396,104 443,104 443,168 396,168"/>
          <TextEquiv>
            <Unicode>لا</Unicode>
          </TextEquiv>
        </Word>
        <Word id="w15">
          <Coords points="312,102 387,102 387,197 312,197"/>
          <TextEquiv>
            <Unicode>محل</Unicode>
          </TextEquiv>
        </Word>
        <Word id="w16">
          <Coords points="247,99 326,99 326,166 247,166"/>
          <TextEquiv>
            <Unicode>لها</Unicode>
          </TextEquiv>
        </Word>
        <Word id="w17">
          <Coords points="86,95 240,95 240,170 86,170"/>
          <TextEquiv>
            <Unicode>عطف</Unicode>
          </TextEquiv>
        </Word>
        <TextEquiv>
          <Unicode> مر فو ع تقد ير ا حر ه و هو معه جملة ا سميه لا محل لها عطف</Unicode>
        </TextEquiv>
      </TextLine>
      <TextLine id="l1">
        <Coords points="97,228 1372,228 1372,342 97,342"/>
        <Word id="w18">
          <Coords points="1306,234 1371,234 1371,322 1306,322"/>
          <TextEquiv>
            <Unicode>على</Unicode>
          </TextEquiv>
        </Word>
        <Word id="w19">
          <Coords points="1294,235 1319,235 1319,296 1294,296"/>
          <TextEquiv>
            <Unicode>ا</Unicode>
          </TextEquiv>
        </Word>
        <Word id="w20">
          <Coords points="1226,266 1295,266 1295,306 1226,306"/>
          <TextEquiv>
            <Unicode>حد</Unicode>
          </TextEquiv>
        </Word>
        <Word id="w21">
          <Coords points="1171,233 1219,233 1219,314 1171,314"/>
          <TextEquiv>
            <Unicode>هما</Unicode>
          </TextEquiv>
        </Word>
        <Word id="w22">
          <Coords points="1090,246 1166,246 1166,323 1090,323"/>
          <TextEquiv>
            <Unicode>نحو</Unicode>
          </TextEquiv>
        </Word>
        <Word id="w23">
          <Coords points="994,236 1095,236 1095,317 994,317"/>
          <TextEquiv>
            <Unicode>معلو</Unicode>
          </TextEquiv>
        </Word>
        <Word id="w24">
          <Coords points="952,273 992,273 992,306 952,306"/>
          <TextEquiv>
            <Unicode>م</Unicode>
          </TextEquiv>
        </Word>
        <Word id="w25">
          <Coords points="947,235 963,235 963,286 947,286"/>
          <TextEquiv>
            <Unicode>ا</Unicode>
          </TextEquiv>
        </Word>
        <Word id="w26">
          <Coords points="817,239 944,239 944,332 817,332"/>
          <TextEquiv>
            <Unicode>لمطبع</Unicode>
          </TextEquiv>
        </Word>
        <Word id="w27">
          <Coords points="760,244 809,244 809,317 760,317"/>
          <TextEquiv>
            <Unicode>فى</Unicode>
          </TextEquiv>
        </Word>
        <Word id="w28">
          <Coords points="744,234 758,234 758,289 744,289"/>
          <TextEquiv>
            <Unicode>ا</Unicode>
          </TextEquiv>
        </Word>
        <Word id="w29">
          <Coords points="641,232 745,232 745,308 641,308"/>
          <TextEquiv>
            <Unicode>لجنة</Unicode>
          </TextEquiv>
        </Word>
        <Word id="w30">
          <Coords points="556,272 622,272 622,327 556,327"/>
          <TextEquiv>
            <Unicode>مر</Unicode>
          </TextEquiv>
        </Word>
        <Word id="w31">
          <Coords points="555,237 567,237 567,288 555,288"/>
          <TextEquiv>
            <Unicode>ا</Unicode>
          </TextEquiv>
        </Word>
        <Word id="w32">
          <Coords points="525,271 550,271 550,301 525,301"/>
          <TextEquiv>
            <Unicode>د</Unicode>
          </TextEquiv>
        </Word>
        <Word id="w33">
          <Coords points="384,238 503,238 503,305 384,305"/>
          <TextEquiv>
            <Unicode>لفظه</Unicode>
          </TextEquiv>
        </Word>
        <Word id="w34">
          <Coords points="302,267 377,267 377,341 302,341"/>
          <TextEquiv>
            <Unicode>مجر</Unicode>
          </TextEquiv>
        </Word>
        <Word id="w35">
          <Coords points="291,268 311,268 311,313 291,313"/>
          <TextEquiv>
            <Unicode>و</Unicode>
          </TextEquiv>
        </Word>
        <Word id="w36">
          <Coords points="254,278 279,278 279,309 254,309"/>
          <TextEquiv>
            <Unicode>ر</Unicode>
          </TextEquiv>
        </Word>
        <Word id="w37">
          <Coords points="156,235 240,235 240,305 156,305"/>
          <TextEquiv>
            <Unicode>تقد</Unicode>
          </TextEquiv>
        </Word>
        <Word id="w38">
          <Coords points="99,264 150,264 150,327 99,327"/>
          <TextEquiv>
            <Unicode>ير</Unicode>
          </TextEquiv>
        </Word>
        <Word id="w39">
          <Coords points="97,228 118,228 118,283 97,283"/>
          <TextEquiv>
            <Unicode>ا</Unicode>
          </TextEquiv>
        </Word>
        <TextEquiv>
          <Unicode> على ا حد هما نحو معلو م ا لمطبع فى ا لجنة مر ا د لفظه مجر و ر تقد ير ا</Unicode>
        </TextEquiv>
      </TextLine>
      <TextLine id="l2">
        <Coords points="111,388 1357,388 1357,495 111,495"/>
        <Word id="w40">
          <Coords points="1264,401 1356,401 1356,468 1264,468"/>
          <TextEquiv>
            <Unicode>مضا</Unicode>
          </TextEquiv>
        </Word>
        <Word id="w41">
          <Coords points="1202,410 1254,410 1254,464 1202,464"/>
          <TextEquiv>
            <Unicode>ف</Unicode>
          </TextEquiv>
        </Word>
        <Word id="w42">
          <Coords points="1193,389 1209,389 1209,441 1193,441"/>
          <TextEquiv>
            <Unicode>ا</Unicode>
          </TextEquiv>
        </Word>
        <Word id="w43">
          <Coords points="1106,404 1179,404 1179,478 1106,478"/>
          <TextEquiv>
            <Unicode>ليه</Unicode>
          </TextEquiv>
        </Word>
        <Word id="w44">
          <Coords points="1013,396 1088,396 1088,485 1013,485"/>
          <TextEquiv>
            <Unicode>لنحو</Unicode>
          </TextEquiv>
        </Word>
        <Word id="w45">
          <Coords points="981,430 1018,430 1018,467 981,467"/>
          <TextEquiv>
            <Unicode>و</Unicode>
          </TextEquiv>
        </Word>
        <Word id="w46">
          <Coords points="966,394 981,394 981,444 966,444"/>
          <TextEquiv>
            <Unicode>ا</Unicode>
          </TextEquiv>
        </Word>
        <Word id="w47">
          <Coords points="935,410 962,410 962,467 935,467"/>
          <TextEquiv>
            <Unicode>ذ</Unicode>
          </TextEquiv>
        </Word>
        <Word id="w48">
          <Coords points="911,397 925,397 925,452 911,452"/>
          <TextEquiv>
            <Unicode>ا</Unicode>
          </TextEquiv>
        </Word>
        <Word id="w49">
          <Coords points="888,408 906,408 906,459 888,459"/>
          <TextEquiv>
            <Unicode>ا</Unicode>
          </TextEquiv>
        </Word>
        <Word id="w50">
          <Coords points="854,437 882,437 882,470 854,470"/>
          <TextEquiv>
            <Unicode>ر</Unicode>
          </TextEquiv>
        </Word>
        <Word id="w51">
          <Coords points="808,418 851,418 851,483 808,483"/>
          <TextEquiv>
            <Unicode>يد</Unicode>
          </TextEquiv>
        </Word>
        <Word id="w52">
          <Coords points="696,388 793,388 793,459 696,459"/>
          <TextEquiv>
            <Unicode>منا</Unicode>
          </TextEquiv>
        </Word>
        <Word id="w53">
          <Coords points="666,436 688,436 688,460 666,460"/>
          <TextEquiv>
            <Unicode>ه</Unicode>
          </TextEquiv>
        </Word>
        <Word id="w54">
          <Coords points="609,394 649,394 649,466 609,466"/>
          <TextEquiv>
            <Unicode>فا</Unicode>
          </TextEquiv>
        </Word>
        <Word id="w55">
          <Coords points="530,404 598,404 598,470 530,470"/>
          <TextEquiv>
            <Unicode>للا</Unicode>
          </TextEquiv>
        </Word>
        <Word id="w56">
          <Coords points="482,437 515,437 515,467 482,467"/>
          <TextEquiv>
            <Unicode>م</Unicode>
          </TextEquiv>
        </Word>
        <Word id="w57">
          <Coords points="412,420 482,420 482,478 412,478"/>
          <TextEquiv>
            <Unicode>حر</Unicode>
          </TextEquiv>
        </Word>
        <Word id="w58">
          <Coords points="368,403 425,403 425,465 368,465"/>
          <TextEquiv>
            <Unicode>ف</Unicode>
          </TextEquiv>
        </Word>
        <Word id="w59">
          <Coords points="270,396 351,396 351,488 270,488"/>
          <TextEquiv>
            <Unicode>تعر</Unicode>
          </TextEquiv>
        </Word>
        <Word id="w60">
          <Coords points="210,403 288,403 288,494 210,494"/>
          <TextEquiv>
            <Unicode>يف</Unicode>
          </TextEquiv>
        </Word>
        <Word id="w61">
          <Coords points="111,393 223,393 223,474 111,474"/>
          <TextEquiv>
            <Unicode>مبنى</Unicode>
          </TextEquiv>
        </Word>
        <TextEquiv>
          <Unicode> مضا ف ا ليه لنحو و ا ذ ا ا ر يد منا ه فا للا م حر ف تعر يف مبنى</Unicode>
        </TextEquiv>
      </TextLine>
      <TextLine id="l3">
        <Coords points="79,482 1369,482 1369,668 79,668"/>
        <Word id="w62">
          <Coords points="1300,542 1368,542 1368,631 1300,631"/>
          <TextEquiv>
            <Unicode>على</Unicode>
          </TextEquiv>
        </Word>
        <Word id="w63">
          <Coords points="1295,548 1312,548 1312,601 1295,601"/>
          <TextEquiv>
            <Unicode>ا</Unicode>
          </TextEquiv>
        </Word>
        <Word id="w64">
          <Coords points="1161,533 1282,533 1282,625 1161,625"/>
          <TextEquiv>
            <Unicode>لسكو</Unicode>
          </TextEquiv>
        </Word>
        <Word id="w65">
          <Coords points="1126,565 1160,565 1160,617 1126,617"/>
          <TextEquiv>
            <Unicode>ن</Unicode>
          </TextEquiv>
        </Word>
        <Word id="w66">
          <Coords points="1071,549 1114,549 1114,614 1071,614"/>
          <TextEquiv>
            <Unicode>لا</Unicode>
          </TextEquiv>
        </Word>
        <Word id="w67">
          <Coords points="987,550 1067,550 1067,637 987,637"/>
          <TextEquiv>
            <Unicode>محل</Unicode>
          </TextEquiv>
        </Word>
        <Word id="w68">
          <Coords points="941,549 983,549 983,609 941,609"/>
          <TextEquiv>
            <Unicode>له</Unicode>
          </TextEquiv>
        </Word>
        <Word id="w69">
          <Coords points="880,572 924,572 924,624 880,624"/>
          <TextEquiv>
            <Unicode>و</Unicode>
          </TextEquiv>
        </Word>
        <Word id="w70">
          <Coords points="762,540 880,540 880,648 762,648"/>
          <TextEquiv>
            <Unicode>مطيع</Unicode>
          </TextEquiv>
        </Word>
        <Word id="w71">
          <Coords points="690,579 754,579 754,629 690,629"/>
          <TextEquiv>
            <Unicode>مر</Unicode>
          </TextEquiv>
        </Word>
        <Word id="w72">
          <Coords points="652,541 699,541 699,619 652,619"/>
          <TextEquiv>
            <Unicode>فو</Unicode>
          </TextEquiv>
        </Word>
        <Word id="w73">
          <Coords points="619,574 697,574 697,667 619,667"/>
          <TextEquiv>
            <Unicode>ع</Unicode>
          </TextEquiv>
        </Word>
        <Word id="w74">
          <Coords points="496,545 605,545 605,612 496,612"/>
          <TextEquiv>
            <Unicode>لفظا</Unicode>
          </TextEquiv>
        </Word>
        <Word id="w75">
          <Coords points="424,535 480,535 480,626 424,626"/>
          <TextEquiv>
            <Unicode>بعا</Unicode>
          </TextEquiv>
        </Word>
        <Word id="w76">
          <Coords points="343,548 411,548 411,626 343,626"/>
          <TextEquiv>
            <Unicode>مل</Unicode>
          </TextEquiv>
        </Word>
        <Word id="w77">
          <Coords points="232,557 346,557 346,626 232,626"/>
          <TextEquiv>
            <Unicode>معنو</Unicode>
          </TextEquiv>
        </Word>
        <Word id="w78">
          <Coords points="196,558 244,558 244,614 196,614"/>
          <TextEquiv>
            <Unicode>ي</Unicode>
          </TextEquiv>
        </Word>
        <Word id="w79">
          <Coords points="92,535 195,535 195,613 92,613"/>
          <TextEquiv>
            <Unicode>مبتد</Unicode>
          </TextEquiv>
        </Word>
        <Word id="w80">
          <Coords points="79,482 107,482 107,569 79,569"/>
          <TextEquiv>
            <Unicode>أ</Unicode>
          </TextEquiv>
        </Word>
        <TextEquiv>
          <Unicode> على ا لسكو ن لا محل له و مطيع مر فو ع لفظا بعا مل معنو ي مبتد أ</Unicode>
        </TextEquiv>
      </TextLine>
      <TextLine id="l4">
        <Coords points="86,673 1370,673 1370,799 86,799"/>
        <Word id="w81">
          <Coords points="1329,727 1369,727 1369,774 1329,774"/>
          <TextEquiv>
            <Unicode>و</Unicode>
          </TextEquiv>
        </Word>
        <Word id="w82">
          <Coords points="1283,699 1326,699 1326,775 1283,775"/>
          <TextEquiv>
            <Unicode>فى</Unicode>
          </TextEquiv>
        </Word>
        <Word id="w83">
          <Coords points="1220,728 1290,728 1290,783 1220,783"/>
          <TextEquiv>
            <Unicode>حر</Unicode>
          </TextEquiv>
        </Word>
        <Word id="w84">
          <Coords points="1173,705 1232,705 1232,766 1173,766"/>
          <TextEquiv>
            <Unicode>ف</Unicode>
          </TextEquiv>
        </Word>
        <Word id="w85">
          <Coords points="1093,722 1181,722 1181,782 1093,782"/>
          <TextEquiv>
            <Unicode>جر</Unicode>
          </TextEquiv>
        </Word>
        <Word id="w86">
          <Coords points="1071,721 1108,721 1108,761 1071,761"/>
          <TextEquiv>
            <Unicode>و</Unicode>
          </TextEquiv>
        </Word>
        <Word id="w87">
          <Coords points="1067,690 1080,690 1080,737 1067,737"/>
          <TextEquiv>
            <Unicode>ا</Unicode>
          </TextEquiv>
        </Word>
        <Word id="w88">
          <Coords points="955,685 1068,685 1068,765 955,765"/>
          <TextEquiv>
            <Unicode>لجنة</Unicode>
          </TextEquiv>
        </Word>
        <Word id="w89">
          <Coords points="869,707 939,707 939,784 869,784"/>
          <TextEquiv>
            <Unicode>مجر</Unicode>
          </TextEquiv>
        </Word>
        <Word id="w90">
          <Coords points="844,721 879,721 879,777 844,777"/>
          <TextEquiv>
            <Unicode>و</Unicode>
          </TextEquiv>
        </Word>
        <Word id="w91">
          <Coords points="806,730 841,730 841,767 806,767"/>
          <TextEquiv>
            <Unicode>ر</Unicode>
          </TextEquiv>
        </Word>
        <Word id="w92">
          <Coords points="785,700 815,700 815,756 785,756"/>
          <TextEquiv>
            <Unicode>ة</Unicode>
          </TextEquiv>
        </Word>
        <Word id="w93">
          <Coords points="727,712 767,712 767,769 727,769"/>
          <TextEquiv>
            <Unicode>به</Unicode>
          </TextEquiv>
        </Word>
        <Word id="w94">
          <Coords points="592,689 716,689 716,767 592,767"/>
          <TextEquiv>
            <Unicode>لفظا</Unicode>
          </TextEquiv>
        </Word>
        <Word id="w95">
          <Coords points="541,680 554,680 554,736 541,736"/>
          <TextEquiv>
            <Unicode>ل</Unicode>
          </TextEquiv>
        </Word>
        <Word id="w96">
          <Coords points="539,723 585,723 585,768 539,768"/>
          <TextEquiv>
            <Unicode>و</Unicode>
          </TextEquiv>
        </Word>
        <Word id="w97">
          <Coords points="476,673 536,673 536,775 476,775"/>
          <TextEquiv>
            <Unicode>لجا</Unicode>
          </TextEquiv>
        </Word>
        <Word id="w98">
          <Coords points="431,729 463,729 463,763 431,763"/>
          <TextEquiv>
            <Unicode>ر</Unicode>
          </TextEquiv>
        </Word>
        <Word id="w99">
          <Coords points="362,723 455,723 455,798 362,798"/>
          <TextEquiv>
            <Unicode>مع</Unicode>
          </TextEquiv>
        </Word>
        <Word id="w100">
          <Coords points="343,684 358,684 358,752 343,752"/>
          <TextEquiv>
            <Unicode>ا</Unicode>
          </TextEquiv>
        </Word>
        <Word id="w101">
          <Coords points="266,690 337,690 337,788 266,788"/>
          <TextEquiv>
            <Unicode>لمجر</Unicode>
          </TextEquiv>
        </Word>
        <Word id="w102">
          <Coords points="242,729 281,729 281,780 242,780"/>
          <TextEquiv>
            <Unicode>و</Unicode>
          </TextEquiv>
        </Word>
        <Word id="w103">
          <Coords points="209,727 242,727 242,762 209,762"/>
          <TextEquiv>
            <Unicode>ر</Unicode>
          </TextEquiv>
        </Word>
        <Word id="w104">
          <Coords points="150,678 225,678 225,784 150,784"/>
          <TextEquiv>
            <Unicode>ظر</Unicode>
          </TextEquiv>
        </Word>
        <Word id="w105">
          <Coords points="86,690 164,690 164,766 86,766"/>
          <TextEquiv>
            <Unicode>ف</Unicode>
          </TextEquiv>
        </Word>
        <TextEquiv>
          <Unicode> و فى حر ف جر و ا لجنة مجر و ر ة به لفظا ل و لجا ر مع ا لمجر و ر ظر ف</Unicode>
        </TextEquiv>
      </TextLine>
      <TextLine id="l5">
        <Coords points="69,821 1383,821 1383,950 69,950"/>
        <Word id="w106">
          <Coords points="1194,838 1382,838 1382,917 1194,917"/>
          <TextEquiv>
            <Unicode>مستقر</Unicode>
          </TextEquiv>
        </Word>
        <Word id="w107">
          <Coords points="1162,857 1208,857 1208,907 1162,907"/>
          <TextEquiv>
            <Unicode>و</Unicode>
          </TextEquiv>
        </Word>
        <Word id="w108">
          <Coords points="1058,823 1172,823 1172,893 1058,893"/>
          <TextEquiv>
            <Unicode>تحته</Unicode>
          </TextEquiv>
        </Word>
        <Word id="w109">
          <Coords points="927,832 1044,832 1044,919 927,919"/>
          <TextEquiv>
            <Unicode>ضمير</Unicode>
          </TextEquiv>
        </Word>
        <Word id="w110">
          <Coords points="847,853 923,853 923,909 847,909"/>
          <TextEquiv>
            <Unicode>هو</Unicode>
          </TextEquiv>
        </Word>
        <Word id="w111">
          <Coords points="809,861 845,861 845,901 809,901"/>
          <TextEquiv>
            <Unicode>ر</Unicode>
          </TextEquiv>
        </Word>
        <Word id="w112">
          <Coords points="803,821 817,821 817,879 803,879"/>
          <TextEquiv>
            <Unicode>ا</Unicode>
          </TextEquiv>
        </Word>
        <Word id="w113">
          <Coords points="723,863 796,863 796,934 723,934"/>
          <TextEquiv>
            <Unicode>جع</Unicode>
          </TextEquiv>
        </Word>
        <Word id="w114">
          <Coords points="705,834 716,834 716,897 705,897"/>
          <TextEquiv>
            <Unicode>ا</Unicode>
          </TextEquiv>
        </Word>
        <Word id="w115">
          <Coords points="650,838 697,838 697,910 650,910"/>
          <TextEquiv>
            <Unicode>لى</Unicode>
          </TextEquiv>
        </Word>
        <Word id="w116">
          <Coords points="639,826 655,826 655,884 639,884"/>
          <TextEquiv>
            <Unicode>ا</Unicode>
          </TextEquiv>
        </Word>
        <Word id="w117">
          <Coords points="512,842 635,842 635,920 512,920"/>
          <TextEquiv>
            <Unicode>لمبتد</Unicode>
          </TextEquiv>
        </Word>
        <Word id="w118">
          <Coords points="497,827 523,827 523,881 497,881"/>
          <TextEquiv>
            <Unicode>ا</Unicode>
          </TextEquiv>
        </Word>
        <Word id="w119">
          <Coords points="471,870 494,870 494,895 471,895"/>
          <TextEquiv>
            <Unicode>ء</Unicode>
          </TextEquiv>
        </Word>
        <Word id="w120">
          <Coords points="344,856 454,856 454,931 344,931"/>
          <TextEquiv>
            <Unicode>مبنى</Unicode>
          </TextEquiv>
        </Word>
        <Word id="w121">
          <Coords points="269,832 354,832 354,927 269,927"/>
          <TextEquiv>
            <Unicode>على</Unicode>
          </TextEquiv>
        </Word>
        <Word id="w122">
          <Coords points="264,823 288,823 288,887 264,887"/>
          <TextEquiv>
            <Unicode>ا</Unicode>
          </TextEquiv>
        </Word>
        <Word id="w123">
          <Coords points="176,831 250,831 250,949 176,949"/>
          <TextEquiv>
            <Unicode>لفتح</Unicode>
          </TextEquiv>
        </Word>
        <Word id="w124">
          <Coords points="119,870 177,870 177,926 119,926"/>
          <TextEquiv>
            <Unicode>مر</Unicode>
          </TextEquiv>
        </Word>
        <Word id="w125">
          <Coords points="94,830 133,830 133,907 94,907"/>
          <TextEquiv>
            <Unicode>فو</Unicode>
          </TextEquiv>
        </Word>
        <Word id="w126">
          <Coords points="69,846 144,846 144,940 69,940"/>
          <TextEquiv>
            <Unicode>ع</Unicode>
          </TextEquiv>
        </Word>
        <TextEquiv>
          <Unicode> مستقر و تحته ضمير هو ر ا جع ا لى ا لمبتد ا ء مبنى على ا لفتح مر فو ع</Unicode>
        </TextEquiv>
      </TextLine>
      <TextLine id="l6">
        <Coords points="88,967 1390,967 1390,1068 88,1068"/>
        <Word id="w127">
          <Coords points="1303,983 1389,983 1389,1055 1303,1055"/>
          <TextEquiv>
            <Unicode>محلا</Unicode>
          </TextEquiv>
        </Word>
        <Word id="w128">
          <Coords points="1252,967 1294,967 1294,1052 1252,1052"/>
          <TextEquiv>
            <Unicode>فا</Unicode>
          </TextEquiv>
        </Word>
        <Word id="w129">
          <Coords points="1161,972 1242,972 1242,1053 1161,1053"/>
          <TextEquiv>
            <Unicode>عله</Unicode>
          </TextEquiv>
        </Word>
        <Word id="w130">
          <Coords points="1088,1000 1135,1000 1135,1055 1088,1055"/>
          <TextEquiv>
            <Unicode>و</Unicode>
          </TextEquiv>
        </Word>
        <Word id="w131">
          <Coords points="996,997 1089,997 1089,1061 996,1061"/>
          <TextEquiv>
            <Unicode>هو</Unicode>
          </TextEquiv>
        </Word>
        <Word id="w132">
          <Coords points="903,992 1009,992 1009,1037 903,1037"/>
          <TextEquiv>
            <Unicode>معه</Unicode>
          </TextEquiv>
        </Word>
        <Word id="w133">
          <Coords points="765,972 888,972 888,1051 765,1051"/>
          <TextEquiv>
            <Unicode>جملة</Unicode>
          </TextEquiv>
        </Word>
        <Word id="w134">
          <Coords points="610,971 743,971 743,1064 610,1064"/>
          <TextEquiv>
            <Unicode>فعلية</Unicode>
          </TextEquiv>
        </Word>
        <Word id="w135">
          <Coords points="526,1009 596,1009 596,1066 526,1066"/>
          <TextEquiv>
            <Unicode>مر</Unicode>
          </TextEquiv>
        </Word>
        <Word id="w136">
          <Coords points="490,972 536,972 536,1067 490,1067"/>
          <TextEquiv>
            <Unicode>فو</Unicode>
          </TextEquiv>
        </Word>
        <Word id="w137">
          <Coords points="422,970 493,970 493,1036 422,1036"/>
          <TextEquiv>
            <Unicode>عة</Unicode>
          </TextEquiv>
        </Word>
        <Word id="w138">
          <Coords points="323,987 411,987 411,1049 323,1049"/>
          <TextEquiv>
            <Unicode>محلا</Unicode>
          </TextEquiv>
        </Word>
        <Word id="w139">
          <Coords points="221,984 312,984 312,1061 221,1061"/>
          <TextEquiv>
            <Unicode>خبر</Unicode>
          </TextEquiv>
        </Word>
        <Word id="w140">
          <Coords points="205,1007 222,1007 222,1029 205,1029"/>
          <TextEquiv>
            <Unicode>ه</Unicode>
          </TextEquiv>
        </Word>
        <Word id="w141">
          <Coords points="153,1006 189,1006 189,1044 153,1044"/>
          <TextEquiv>
            <Unicode>و</Unicode>
          </TextEquiv>
        </Word>
        <Word id="w142">
          <Coords points="88,1001 155,1001 155,1055 88,1055"/>
          <TextEquiv>
            <Unicode>هو</Unicode>
          </TextEquiv>
        </Word>
        <TextEquiv>
          <Unicode> محلا فا عله و هو معه جملة فعلية مر فو عة محلا خبر ه و هو</Unicode>
        </TextEquiv>
      </TextLine>
      <TextLine id="l7">
        <Coords points="91,1081 1392,1081 1392,1217 91,1217"/>
        <Word id="w143">
          <Coords points="1295,1141 1391,1141 1391,1192 1295,1192"/>
          <TextEquiv>
            <Unicode>معه</Unicode>
          </TextEquiv>
        </Word>
        <Word id="w144">
          <Coords points="1165,1130 1281,1130 1281,1203 1165,1203"/>
          <TextEquiv>
            <Unicode>جملة</Unicode>
          </TextEquiv>
        </Word>
        <Word id="w145">
          <Coords points="1138,1116 1157,1116 1157,1176 1138,1176"/>
          <TextEquiv>
            <Unicode>ا</Unicode>
          </TextEquiv>
        </Word>
        <Word id="w146">
          <Coords points="980,1127 1129,1127 1129,1214 980,1214"/>
          <TextEquiv>
            <Unicode>سمية</Unicode>
          </TextEquiv>
        </Word>
        <Word id="w147">
          <Coords points="918,1128 970,1128 970,1194 918,1194"/>
          <TextEquiv>
            <Unicode>لا</Unicode>
          </TextEquiv>
        </Word>
        <Word id="w148">
          <Coords points="826,1120 917,1120 917,1216 826,1216"/>
          <TextEquiv>
            <Unicode>محل</Unicode>
          </TextEquiv>
        </Word>
        <Word id="w149">
          <Coords points="770,1123 840,1123 840,1194 770,1194"/>
          <TextEquiv>
            <Unicode>لها</Unicode>
          </TextEquiv>
        </Word>
        <Word id="w150">
          <Coords points="741,1134 755,1134 755,1203 741,1203"/>
          <TextEquiv>
            <Unicode>ا</Unicode>
          </TextEquiv>
        </Word>
        <Word id="w151">
          <Coords points="637,1134 735,1134 735,1215 637,1215"/>
          <TextEquiv>
            <Unicode>بتد</Unicode>
          </TextEquiv>
        </Word>
        <Word id="w152">
          <Coords points="614,1112 636,1112 636,1192 614,1192"/>
          <TextEquiv>
            <Unicode>ا </Unicode>
          </TextEquiv>
        </Word>
        <Word id="w153">
          <Coords points="527,1128 611,1128 611,1215 527,1215"/>
          <TextEquiv>
            <Unicode>ئية</Unicode>
          </TextEquiv>
        </Word>
        <Word id="w154">
          <Coords points="427,1115 514,1115 514,1194 427,1194"/>
          <TextEquiv>
            <Unicode>هذ</Unicode>
          </TextEquiv>
        </Word>
        <Word id="w155">
          <Coords points="424,1104 435,1104 435,1171 424,1171"/>
          <TextEquiv>
            <Unicode>ا</Unicode>
          </TextEquiv>
        </Word>
        <Word id="w156">
          <Coords points="345,1108 415,1108 415,1207 345,1207"/>
          <TextEquiv>
            <Unicode>على</Unicode>
          </TextEquiv>
        </Word>
        <Word id="w157">
          <Coords points="297,1157 336,1157 336,1198 297,1198"/>
          <TextEquiv>
            <Unicode>ر</Unicode>
          </TextEquiv>
        </Word>
        <Word id="w158">
          <Coords points="290,1081 312,1081 312,1173 290,1173"/>
          <TextEquiv>
            <Unicode>أ</Unicode>
          </TextEquiv>
        </Word>
        <Word id="w159">
          <Coords points="234,1152 282,1152 282,1202 234,1202"/>
          <TextEquiv>
            <Unicode>ى</Unicode>
          </TextEquiv>
        </Word>
        <Word id="w160">
          <Coords points="91,1134 234,1134 234,1209 91,1209"/>
          <TextEquiv>
            <Unicode>بعض</Unicode>
          </TextEquiv>
        </Word>
        <TextEquiv>
          <Unicode> معه جملة ا سمية لا محل لها ا بتد ا  ئية هذ ا على ر أ ى بعض</Unicode>
        </TextEquiv>
      </TextLine>
      <TextLine id="l8">
        <Coords points="100,1237 1391,1237 1391,1378 100,1378"/>
        <Word id="w161">
          <Coords points="1375,1282 1390,1282 1390,1354 1375,1354"/>
          <TextEquiv>
            <Unicode>ا</Unicode>
          </TextEquiv>
        </Word>
        <Word id="w162">
          <Coords points="1295,1280 1369,1280 1369,1354 1295,1354"/>
          <TextEquiv>
            <Unicode>لنحا</Unicode>
          </TextEquiv>
        </Word>
        <Word id="w163">
          <Coords points="1241,1287 1281,1287 1281,1345 1241,1345"/>
          <TextEquiv>
            <Unicode>ة</Unicode>
          </TextEquiv>
        </Word>
        <Word id="w164">
          <Coords points="1185,1306 1229,1306 1229,1351 1185,1351"/>
          <TextEquiv>
            <Unicode>و</Unicode>
          </TextEquiv>
        </Word>
        <Word id="w165">
          <Coords points="1182,1270 1199,1270 1199,1332 1182,1332"/>
          <TextEquiv>
            <Unicode>ا</Unicode>
          </TextEquiv>
        </Word>
        <Word id="w166">
          <Coords points="1123,1276 1174,1276 1174,1343 1123,1343"/>
          <TextEquiv>
            <Unicode>ما</Unicode>
          </TextEquiv>
        </Word>
        <Word id="w167">
          <Coords points="1037,1268 1114,1268 1114,1363 1037,1363"/>
          <TextEquiv>
            <Unicode>على</Unicode>
          </TextEquiv>
        </Word>
        <Word id="w168">
          <Coords points="995,1307 1032,1307 1032,1350 995,1350"/>
          <TextEquiv>
            <Unicode>ر</Unicode>
          </TextEquiv>
        </Word>
        <Word id="w169">
          <Coords points="987,1237 1019,1237 1019,1319 987,1319"/>
          <TextEquiv>
            <Unicode>أ</Unicode>
          </TextEquiv>
        </Word>
        <Word id="w170">
          <Coords points="933,1299 984,1299 984,1351 933,1351"/>
          <TextEquiv>
            <Unicode>ى</Unicode>
          </TextEquiv>
        </Word>
        <Word id="w171">
          <Coords points="917,1267 932,1267 932,1326 917,1326"/>
          <TextEquiv>
            <Unicode>ا</Unicode>
          </TextEquiv>
        </Word>
        <Word id="w172">
          <Coords points="827,1249 933,1249 933,1354 827,1354"/>
          <TextEquiv>
            <Unicode>كثر</Unicode>
          </TextEquiv>
        </Word>
        <Word id="w173">
          <Coords points="758,1291 821,1291 821,1355 758,1355"/>
          <TextEquiv>
            <Unicode>هم</Unicode>
          </TextEquiv>
        </Word>
        <Word id="w174">
          <Coords points="723,1270 762,1270 762,1339 723,1339"/>
          <TextEquiv>
            <Unicode>فا</Unicode>
          </TextEquiv>
        </Word>
        <Word id="w175">
          <Coords points="638,1281 707,1281 707,1343 638,1343"/>
          <TextEquiv>
            <Unicode>للا</Unicode>
          </TextEquiv>
        </Word>
        <Word id="w176">
          <Coords points="582,1251 594,1251 594,1310 582,1310"/>
          <TextEquiv>
            <Unicode>ا</Unicode>
          </TextEquiv>
        </Word>
        <Word id="w177">
          <Coords points="578,1307 632,1307 632,1346 578,1346"/>
          <TextEquiv>
            <Unicode>م</Unicode>
          </TextEquiv>
        </Word>
        <Word id="w178">
          <Coords points="513,1299 571,1299 571,1377 513,1377"/>
          <TextEquiv>
            <Unicode>سم</Unicode>
          </TextEquiv>
        </Word>
        <Word id="w179">
          <Coords points="434,1295 506,1295 506,1346 434,1346"/>
          <TextEquiv>
            <Unicode>مو</Unicode>
          </TextEquiv>
        </Word>
        <Word id="w180">
          <Coords points="369,1302 446,1302 446,1350 369,1350"/>
          <TextEquiv>
            <Unicode>صو</Unicode>
          </TextEquiv>
        </Word>
        <Word id="w181">
          <Coords points="324,1265 362,1265 362,1337 324,1337"/>
          <TextEquiv>
            <Unicode>ل</Unicode>
          </TextEquiv>
        </Word>
        <Word id="w182">
          <Coords points="211,1284 311,1284 311,1357 211,1357"/>
          <TextEquiv>
            <Unicode>بمعنى</Unicode>
          </TextEquiv>
        </Word>
        <Word id="w183">
          <Coords points="199,1264 225,1264 225,1330 199,1330"/>
          <TextEquiv>
            <Unicode>ا</Unicode>
          </TextEquiv>
        </Word>
        <Word id="w184">
          <Coords points="133,1259 195,1259 195,1353 133,1353"/>
          <TextEquiv>
            <Unicode>لذ</Unicode>
          </TextEquiv>
        </Word>
        <Word id="w185">
          <Coords points="100,1284 148,1284 148,1334 100,1334"/>
          <TextEquiv>
            <Unicode>ي</Unicode>
          </TextEquiv>
        </Word>
        <TextEquiv>
          <Unicode> ا لنحا ة و ا ما على ر أ ى ا كثر هم فا للا ا م سم مو صو ل بمعنى ا لذ ي</Unicode>
        </TextEquiv>
      </TextLine>
      <TextLine id="l9">
        <Coords points="101,1386 1389,1386 1389,1533 101,1533"/>
        <Word id="w186">
          <Coords points="1280,1430 1388,1430 1388,1501 1280,1501"/>
          <TextEquiv>
            <Unicode>مبنى</Unicode>
          </TextEquiv>
        </Word>
        <Word id="w187">
          <Coords points="1219,1411 1288,1411 1288,1502 1219,1502"/>
          <TextEquiv>
            <Unicode>على</Unicode>
          </TextEquiv>
        </Word>
        <Word id="w188">
          <Coords points="1206,1411 1225,1411 1225,1472 1206,1472"/>
          <TextEquiv>
            <Unicode>ا</Unicode>
          </TextEquiv>
        </Word>
        <Word id="w189">
          <Coords points="1071,1386 1205,1386 1205,1503 1071,1503"/>
          <TextEquiv>
            <Unicode>لسكو</Unicode>
          </TextEquiv>
        </Word>
        <Word id="w190">
          <Coords points="1036,1421 1072,1421 1072,1486 1036,1486"/>
          <TextEquiv>
            <Unicode>ن</Unicode>
          </TextEquiv>
        </Word>
        <Word id="w191">
          <Coords points="975,1415 1029,1415 1029,1484 975,1484"/>
          <TextEquiv>
            <Unicode>لا</Unicode>
          </TextEquiv>
        </Word>
        <Word id="w192">
          <Coords points="892,1417 976,1417 976,1508 892,1508"/>
          <TextEquiv>
            <Unicode>محل</Unicode>
          </TextEquiv>
        </Word>
        <Word id="w193">
          <Coords points="830,1419 881,1419 881,1484 830,1484"/>
          <TextEquiv>
            <Unicode>له</Unicode>
          </TextEquiv>
        </Word>
        <Word id="w194">
          <Coords points="728,1389 819,1389 819,1498 728,1498"/>
          <TextEquiv>
            <Unicode>لكو</Unicode>
          </TextEquiv>
        </Word>
        <Word id="w195">
          <Coords points="680,1428 724,1428 724,1483 680,1483"/>
          <TextEquiv>
            <Unicode>نه</Unicode>
          </TextEquiv>
        </Word>
        <Word id="w196">
          <Coords points="615,1410 661,1410 661,1504 615,1504"/>
          <TextEquiv>
            <Unicode>فى</Unicode>
          </TextEquiv>
        </Word>
        <Word id="w197">
          <Coords points="526,1436 612,1436 612,1506 526,1506"/>
          <TextEquiv>
            <Unicode>صو</Unicode>
          </TextEquiv>
        </Word>
        <Word id="w198">
          <Coords points="465,1421 489,1421 489,1483 465,1483"/>
          <TextEquiv>
            <Unicode>ة</Unicode>
          </TextEquiv>
        </Word>
        <Word id="w199">
          <Coords points="434,1412 450,1412 450,1481 434,1481"/>
          <TextEquiv>
            <Unicode>ا</Unicode>
          </TextEquiv>
        </Word>
        <Word id="w200">
          <Coords points="346,1413 428,1413 428,1532 346,1532"/>
          <TextEquiv>
            <Unicode>لحر</Unicode>
          </TextEquiv>
        </Word>
        <Word id="w201">
          <Coords points="294,1430 362,1430 362,1504 294,1504"/>
          <TextEquiv>
            <Unicode>ف</Unicode>
          </TextEquiv>
        </Word>
        <Word id="w202">
          <Coords points="247,1448 290,1448 290,1496 247,1496"/>
          <TextEquiv>
            <Unicode>و</Unicode>
          </TextEquiv>
        </Word>
        <Word id="w203">
          <Coords points="101,1418 260,1418 260,1520 101,1520"/>
          <TextEquiv>
            <Unicode>مطيع</Unicode>
          </TextEquiv>
        </Word>
        <TextEquiv>
          <Unicode> مبنى على ا لسكو ن لا محل له لكو نه فى صو ة ا لحر ف و مطيع</Unicode>
        </TextEquiv>
      </TextLine>
      <TextLine id="l10">
        <Coords points="105,1544 1394,1544 1394,1688 105,1688"/>
        <Word id="w204">
          <Coords points="1328,1598 1393,1598 1393,1659 1328,1659"/>
          <TextEquiv>
            <Unicode>مر</Unicode>
          </TextEquiv>
        </Word>
        <Word id="w205">
          <Coords points="1291,1569 1342,1569 1342,1646 1291,1646"/>
          <TextEquiv>
            <Unicode>فو</Unicode>
          </TextEquiv>
        </Word>
        <Word id="w206">
          <Coords points="1264,1593 1332,1593 1332,1687 1264,1687"/>
          <TextEquiv>
            <Unicode>ع</Unicode>
          </TextEquiv>
        </Word>
        <Word id="w207">
          <Coords points="1142,1569 1249,1569 1249,1637 1142,1637"/>
          <TextEquiv>
            <Unicode>لفظا</Unicode>
          </TextEquiv>
        </Word>
        <Word id="w208">
          <Coords points="1025,1577 1132,1577 1132,1666 1025,1666"/>
          <TextEquiv>
            <Unicode>مبتد</Unicode>
          </TextEquiv>
        </Word>
        <Word id="w209">
          <Coords points="1006,1558 1028,1558 1028,1629 1006,1629"/>
          <TextEquiv>
            <Unicode>ا</Unicode>
          </TextEquiv>
        </Word>
        <Word id="w210">
          <Coords points="982,1606 1004,1606 1004,1630 982,1630"/>
          <TextEquiv>
            <Unicode>ء</Unicode>
          </TextEquiv>
        </Word>
        <Word id="w211">
          <Coords points="929,1604 966,1604 966,1649 929,1649"/>
          <TextEquiv>
            <Unicode>و</Unicode>
          </TextEquiv>
        </Word>
        <Word id="w212">
          <Coords points="883,1564 927,1564 927,1651 883,1651"/>
          <TextEquiv>
            <Unicode>فى</Unicode>
          </TextEquiv>
        </Word>
        <Word id="w213">
          <Coords points="864,1559 884,1559 884,1619 864,1619"/>
          <TextEquiv>
            <Unicode>ا</Unicode>
          </TextEquiv>
        </Word>
        <Word id="w214">
          <Coords points="747,1562 864,1562 864,1653 747,1653"/>
          <TextEquiv>
            <Unicode>لجنة</Unicode>
          </TextEquiv>
        </Word>
        <Word id="w215">
          <Coords points="640,1568 736,1568 736,1649 640,1649"/>
          <TextEquiv>
            <Unicode>خبر</Unicode>
          </TextEquiv>
        </Word>
        <Word id="w216">
          <Coords points="624,1601 643,1601 643,1628 624,1628"/>
          <TextEquiv>
            <Unicode>ه</Unicode>
          </TextEquiv>
        </Word>
        <Word id="w217">
          <Coords points="546,1568 612,1568 612,1663 546,1663"/>
          <TextEquiv>
            <Unicode>على</Unicode>
          </TextEquiv>
        </Word>
        <Word id="w218">
          <Coords points="514,1608 545,1608 545,1647 514,1647"/>
          <TextEquiv>
            <Unicode>ر</Unicode>
          </TextEquiv>
        </Word>
        <Word id="w219">
          <Coords points="494,1544 522,1544 522,1622 494,1622"/>
          <TextEquiv>
            <Unicode>أ</Unicode>
          </TextEquiv>
        </Word>
        <Word id="w220">
          <Coords points="449,1602 496,1602 496,1668 449,1668"/>
          <TextEquiv>
            <Unicode>ي</Unicode>
          </TextEquiv>
        </Word>
        <Word id="w221">
          <Coords points="400,1607 440,1607 440,1650 400,1650"/>
          <TextEquiv>
            <Unicode>و</Unicode>
          </TextEquiv>
        </Word>
        <Word id="w222">
          <Coords points="343,1579 400,1579 400,1640 343,1640"/>
          <TextEquiv>
            <Unicode>قد</Unicode>
          </TextEquiv>
        </Word>
        <Word id="w223">
          <Coords points="300,1583 331,1583 331,1642 300,1642"/>
          <TextEquiv>
            <Unicode>ذ</Unicode>
          </TextEquiv>
        </Word>
        <Word id="w224">
          <Coords points="255,1547 326,1547 326,1647 255,1647"/>
          <TextEquiv>
            <Unicode>كر</Unicode>
          </TextEquiv>
        </Word>
        <Word id="w225">
          <Coords points="231,1617 251,1617 251,1642 231,1642"/>
          <TextEquiv>
            <Unicode>ه</Unicode>
          </TextEquiv>
        </Word>
        <Word id="w226">
          <Coords points="210,1571 221,1571 221,1632 210,1632"/>
          <TextEquiv>
            <Unicode>ا</Unicode>
          </TextEquiv>
        </Word>
        <Word id="w227">
          <Coords points="105,1573 200,1573 200,1656 105,1656"/>
          <TextEquiv>
            <Unicode>لمصر</Unicode>
          </TextEquiv>
        </Word>
        <TextEquiv>
          <Unicode> مر فو ع لفظا مبتد ا ء و فى ا لجنة خبر ه على ر أ ي و قد ذ كر ه ا لمصر</Unicode>
        </TextEquiv>
      </TextLine>
      <TextLine id="l11">
        <Coords points="73,1682 1384,1682 1384,1840 73,1840"/>
        <Word id="w228">
          <Coords points="1335,1729 1383,1729 1383,1809 1335,1809"/>
          <TextEquiv>
            <Unicode>فى</Unicode>
          </TextEquiv>
        </Word>
        <Word id="w229">
          <Coords points="1323,1723 1333,1723 1333,1784 1323,1784"/>
          <TextEquiv>
            <Unicode>ا</Unicode>
          </TextEquiv>
        </Word>
        <Word id="w230">
          <Coords points="1272,1727 1313,1727 1313,1794 1272,1794"/>
          <TextEquiv>
            <Unicode>لا</Unicode>
          </TextEquiv>
        </Word>
        <Word id="w231">
          <Coords points="1157,1700 1257,1700 1257,1802 1157,1802"/>
          <TextEquiv>
            <Unicode>ظها</Unicode>
          </TextEquiv>
        </Word>
        <Word id="w232">
          <Coords points="1110,1753 1142,1753 1142,1788 1110,1788"/>
          <TextEquiv>
            <Unicode>ر</Unicode>
          </TextEquiv>
        </Word>
        <Word id="w233">
          <Coords points="1099,1715 1111,1715 1111,1769 1099,1769"/>
          <TextEquiv>
            <Unicode>ا</Unicode>
          </TextEquiv>
        </Word>
        <Word id="w234">
          <Coords points="1054,1748 1092,1748 1092,1791 1054,1791"/>
          <TextEquiv>
            <Unicode>و</Unicode>
          </TextEquiv>
        </Word>
        <Word id="w235">
          <Coords points="989,1753 1056,1753 1056,1810 989,1810"/>
          <TextEquiv>
            <Unicode>مر</Unicode>
          </TextEquiv>
        </Word>
        <Word id="w236">
          <Coords points="963,1716 998,1716 998,1794 963,1794"/>
          <TextEquiv>
            <Unicode>فو</Unicode>
          </TextEquiv>
        </Word>
        <Word id="w237">
          <Coords points="931,1742 1015,1742 1015,1839 931,1839"/>
          <TextEquiv>
            <Unicode>ع</Unicode>
          </TextEquiv>
        </Word>
        <Word id="w238">
          <Coords points="822,1733 914,1733 914,1801 822,1801"/>
          <TextEquiv>
            <Unicode>محلا</Unicode>
          </TextEquiv>
        </Word>
        <Word id="w239">
          <Coords points="702,1734 812,1734 812,1802 702,1802"/>
          <TextEquiv>
            <Unicode>مبتد</Unicode>
          </TextEquiv>
        </Word>
        <Word id="w240">
          <Coords points="685,1708 698,1708 698,1770 685,1770"/>
          <TextEquiv>
            <Unicode>ا</Unicode>
          </TextEquiv>
        </Word>
        <Word id="w241">
          <Coords points="662,1759 681,1759 681,1782 662,1782"/>
          <TextEquiv>
            <Unicode>ء</Unicode>
          </TextEquiv>
        </Word>
        <Word id="w242">
          <Coords points="602,1753 643,1753 643,1792 602,1792"/>
          <TextEquiv>
            <Unicode>و</Unicode>
          </TextEquiv>
        </Word>
        <Word id="w243">
          <Coords points="476,1722 603,1722 603,1831 476,1831"/>
          <TextEquiv>
            <Unicode>مطيع</Unicode>
          </TextEquiv>
        </Word>
        <Word id="w244">
          <Coords points="411,1756 475,1756 475,1815 411,1815"/>
          <TextEquiv>
            <Unicode>مر</Unicode>
          </TextEquiv>
        </Word>
        <Word id="w245">
          <Coords points="382,1713 426,1713 426,1801 382,1801"/>
          <TextEquiv>
            <Unicode>فو</Unicode>
          </TextEquiv>
        </Word>
        <Word id="w246">
          <Coords points="352,1744 428,1744 428,1837 352,1837"/>
          <TextEquiv>
            <Unicode>ع</Unicode>
          </TextEquiv>
        </Word>
        <Word id="w247">
          <Coords points="240,1709 340,1709 340,1795 240,1795"/>
          <TextEquiv>
            <Unicode>تقد</Unicode>
          </TextEquiv>
        </Word>
        <Word id="w248">
          <Coords points="185,1750 254,1750 254,1821 185,1821"/>
          <TextEquiv>
            <Unicode>ير</Unicode>
          </TextEquiv>
        </Word>
        <Word id="w249">
          <Coords points="179,1706 203,1706 203,1758 179,1758"/>
          <TextEquiv>
            <Unicode>ا</Unicode>
          </TextEquiv>
        </Word>
        <Word id="w250">
          <Coords points="122,1741 187,1741 187,1810 122,1810"/>
          <TextEquiv>
            <Unicode>بعا</Unicode>
          </TextEquiv>
        </Word>
        <Word id="w251">
          <Coords points="73,1682 139,1682 139,1763 73,1763"/>
          <TextEquiv>
            <Unicode>مل</Unicode>
          </TextEquiv>
        </Word>
        <TextEquiv>
          <Unicode> فى ا لا ظها ر ا و مر فو ع محلا مبتد ا ء و مطيع مر فو ع تقد ير ا بعا مل</Unicode>
        </TextEquiv>
      </TextLine>
      <TextLine id="l12">
        <Coords points="119,1845 1380,1845 1380,1987 119,1987"/>
        <Word id="w252">
          <Coords points="1258,1885 1379,1885 1379,1962 1258,1962"/>
          <TextEquiv>
            <Unicode>معنو</Unicode>
          </TextEquiv>
        </Word>
        <Word id="w253">
          <Coords points="1223,1892 1272,1892 1272,1937 1223,1937"/>
          <TextEquiv>
            <Unicode>ى</Unicode>
          </TextEquiv>
        </Word>
        <Word id="w254">
          <Coords points="1202,1851 1219,1851 1219,1919 1202,1919"/>
          <TextEquiv>
            <Unicode>ا</Unicode>
          </TextEquiv>
        </Word>
        <Word id="w255">
          <Coords points="1146,1864 1198,1864 1198,1944 1146,1944"/>
          <TextEquiv>
            <Unicode>ن</Unicode>
          </TextEquiv>
        </Word>
        <Word id="w256">
          <Coords points="1099,1849 1168,1849 1168,1934 1099,1934"/>
          <TextEquiv>
            <Unicode>كا</Unicode>
          </TextEquiv>
        </Word>
        <Word id="w257">
          <Coords points="1061,1870 1097,1870 1097,1945 1061,1945"/>
          <TextEquiv>
            <Unicode>ن</Unicode>
          </TextEquiv>
        </Word>
        <Word id="w258">
          <Coords points="1038,1867 1052,1867 1052,1923 1038,1923"/>
          <TextEquiv>
            <Unicode>ا</Unicode>
          </TextEquiv>
        </Word>
        <Word id="w259">
          <Coords points="917,1867 1032,1867 1032,1941 917,1941"/>
          <TextEquiv>
            <Unicode>صله</Unicode>
          </TextEquiv>
        </Word>
        <Word id="w260">
          <Coords points="793,1845 899,1845 899,1942 793,1942"/>
          <TextEquiv>
            <Unicode>مضا</Unicode>
          </TextEquiv>
        </Word>
        <Word id="w261">
          <Coords points="754,1905 784,1905 784,1942 754,1942"/>
          <TextEquiv>
            <Unicode>ر</Unicode>
          </TextEquiv>
        </Word>
        <Word id="w262">
          <Coords points="716,1862 760,1862 760,1938 716,1938"/>
          <TextEquiv>
            <Unicode>عا</Unicode>
          </TextEquiv>
        </Word>
        <Word id="w263">
          <Coords points="682,1872 699,1872 699,1936 682,1936"/>
          <TextEquiv>
            <Unicode>ا</Unicode>
          </TextEquiv>
        </Word>
        <Word id="w264">
          <Coords points="621,1901 674,1901 674,1948 621,1948"/>
          <TextEquiv>
            <Unicode>و</Unicode>
          </TextEquiv>
        </Word>
        <Word id="w265">
          <Coords points="530,1884 632,1884 632,1955 530,1955"/>
          <TextEquiv>
            <Unicode>مبنى</Unicode>
          </TextEquiv>
        </Word>
        <Word id="w266">
          <Coords points="476,1859 536,1859 536,1955 476,1955"/>
          <TextEquiv>
            <Unicode>على</Unicode>
          </TextEquiv>
        </Word>
        <Word id="w267">
          <Coords points="456,1857 476,1857 476,1925 456,1925"/>
          <TextEquiv>
            <Unicode>ا</Unicode>
          </TextEquiv>
        </Word>
        <Word id="w268">
          <Coords points="358,1867 449,1867 449,1986 358,1986"/>
          <TextEquiv>
            <Unicode>لفتح</Unicode>
          </TextEquiv>
        </Word>
        <Word id="w269">
          <Coords points="258,1866 349,1866 349,1952 258,1952"/>
          <TextEquiv>
            <Unicode>تقد</Unicode>
          </TextEquiv>
        </Word>
        <Word id="w270">
          <Coords points="214,1901 264,1901 264,1965 214,1965"/>
          <TextEquiv>
            <Unicode>ير</Unicode>
          </TextEquiv>
        </Word>
        <Word id="w271">
          <Coords points="199,1850 219,1850 219,1932 199,1932"/>
          <TextEquiv>
            <Unicode>ا</Unicode>
          </TextEquiv>
        </Word>
        <Word id="w272">
          <Coords points="119,1868 180,1868 180,1947 119,1947"/>
          <TextEquiv>
            <Unicode>لا</Unicode>
          </TextEquiv>
        </Word>
        <TextEquiv>
          <Unicode> معنو ى ا ن كا ن ا صله مضا ر عا ا و مبنى على ا لفتح تقد ير ا لا</Unicode>
        </TextEquiv>
      </TextLine>
      <TextLine id="l13">
        <Coords points="116,1992 1382,1992 1382,2130 116,2130"/>
        <Word id="w273">
          <Coords points="1294,2017 1381,2017 1381,2108 1294,2108"/>
          <TextEquiv>
            <Unicode>محل</Unicode>
          </TextEquiv>
        </Word>
        <Word id="w274">
          <Coords points="1252,2022 1293,2022 1293,2082 1252,2082"/>
          <TextEquiv>
            <Unicode>له</Unicode>
          </TextEquiv>
        </Word>
        <Word id="w275">
          <Coords points="1219,2011 1241,2011 1241,2088 1219,2088"/>
          <TextEquiv>
            <Unicode>ا</Unicode>
          </TextEquiv>
        </Word>
        <Word id="w276">
          <Coords points="1175,2023 1212,2023 1212,2098 1175,2098"/>
          <TextEquiv>
            <Unicode>ن</Unicode>
          </TextEquiv>
        </Word>
        <Word id="w277">
          <Coords points="1116,1992 1188,1992 1188,2085 1116,2085"/>
          <TextEquiv>
            <Unicode>كا</Unicode>
          </TextEquiv>
        </Word>
        <Word id="w278">
          <Coords points="1075,2023 1110,2023 1110,2091 1075,2091"/>
          <TextEquiv>
            <Unicode>ن</Unicode>
          </TextEquiv>
        </Word>
        <Word id="w279">
          <Coords points="1028,2013 1075,2013 1075,2083 1028,2083"/>
          <TextEquiv>
            <Unicode>ما</Unicode>
          </TextEquiv>
        </Word>
        <Word id="w280">
          <Coords points="912,2019 1014,2019 1014,2104 912,2104"/>
          <TextEquiv>
            <Unicode>ضيا</Unicode>
          </TextEquiv>
        </Word>
        <Word id="w281">
          <Coords points="850,2048 896,2048 896,2095 850,2095"/>
          <TextEquiv>
            <Unicode>و</Unicode>
          </TextEquiv>
        </Word>
        <Word id="w282">
          <Coords points="749,2007 866,2007 866,2086 749,2086"/>
          <TextEquiv>
            <Unicode>تحته</Unicode>
          </TextEquiv>
        </Word>
        <Word id="w283">
          <Coords points="646,2040 727,2040 727,2113 646,2113"/>
          <TextEquiv>
            <Unicode>هو</Unicode>
          </TextEquiv>
        </Word>
        <Word id="w284">
          <Coords points="618,2060 653,2060 653,2096 618,2096"/>
          <TextEquiv>
            <Unicode>ر</Unicode>
          </TextEquiv>
        </Word>
        <Word id="w285">
          <Coords points="605,2007 621,2007 621,2070 605,2070"/>
          <TextEquiv>
            <Unicode>ا</Unicode>
          </TextEquiv>
        </Word>
        <Word id="w286">
          <Coords points="535,2057 621,2057 621,2129 535,2129"/>
          <TextEquiv>
            <Unicode>جع</Unicode>
          </TextEquiv>
        </Word>
        <Word id="w287">
          <Coords points="520,2020 532,2020 532,2082 520,2082"/>
          <TextEquiv>
            <Unicode>ا</Unicode>
          </TextEquiv>
        </Word>
        <Word id="w288">
          <Coords points="461,2024 508,2024 508,2101 461,2101"/>
          <TextEquiv>
            <Unicode>لى</Unicode>
          </TextEquiv>
        </Word>
        <Word id="w289">
          <Coords points="446,2019 463,2019 463,2080 446,2080"/>
          <TextEquiv>
            <Unicode>ا</Unicode>
          </TextEquiv>
        </Word>
        <Word id="w290">
          <Coords points="363,2029 439,2029 439,2107 363,2107"/>
          <TextEquiv>
            <Unicode>لمو</Unicode>
          </TextEquiv>
        </Word>
        <Word id="w291">
          <Coords points="298,2058 383,2058 383,2111 298,2111"/>
          <TextEquiv>
            <Unicode>صو</Unicode>
          </TextEquiv>
        </Word>
        <Word id="w292">
          <Coords points="263,2009 304,2009 304,2086 263,2086"/>
          <TextEquiv>
            <Unicode>ل</Unicode>
          </TextEquiv>
        </Word>
        <Word id="w293">
          <Coords points="174,2016 270,2016 270,2116 174,2116"/>
          <TextEquiv>
            <Unicode>مبنى</Unicode>
          </TextEquiv>
        </Word>
        <Word id="w294">
          <Coords points="116,1999 185,1999 185,2101 116,2101"/>
          <TextEquiv>
            <Unicode>على</Unicode>
          </TextEquiv>
        </Word>
        <TextEquiv>
          <Unicode> محل له ا ن كا ن ما ضيا و تحته هو ر ا جع ا لى ا لمو صو ل مبنى على</Unicode>
        </TextEquiv>
      </TextLine>
      <TextLine id="l14">
        <Coords points="112,2149 1381,2149 1381,2283 112,2283"/>
        <Word id="w295">
          <Coords points="1367,2162 1380,2162 1380,2232 1367,2232"/>
          <TextEquiv>
            <Unicode>ا</Unicode>
          </TextEquiv>
        </Word>
        <Word id="w296">
          <Coords points="1261,2172 1345,2172 1345,2282 1261,2282"/>
          <TextEquiv>
            <Unicode>لفتح</Unicode>
          </TextEquiv>
        </Word>
        <Word id="w297">
          <Coords points="1194,2199 1254,2199 1254,2253 1194,2253"/>
          <TextEquiv>
            <Unicode>مر</Unicode>
          </TextEquiv>
        </Word>
        <Word id="w298">
          <Coords points="1157,2161 1206,2161 1206,2248 1157,2248"/>
          <TextEquiv>
            <Unicode>فو</Unicode>
          </TextEquiv>
        </Word>
        <Word id="w299">
          <Coords points="1141,2188 1210,2188 1210,2276 1141,2276"/>
          <TextEquiv>
            <Unicode>ع</Unicode>
          </TextEquiv>
        </Word>
        <Word id="w300">
          <Coords points="1027,2169 1121,2169 1121,2236 1027,2236"/>
          <TextEquiv>
            <Unicode>محلا</Unicode>
          </TextEquiv>
        </Word>
        <Word id="w301">
          <Coords points="970,2149 1018,2149 1018,2227 970,2227"/>
          <TextEquiv>
            <Unicode>فا</Unicode>
          </TextEquiv>
        </Word>
        <Word id="w302">
          <Coords points="883,2160 964,2160 964,2236 883,2236"/>
          <TextEquiv>
            <Unicode>عله</Unicode>
          </TextEquiv>
        </Word>
        <Word id="w303">
          <Coords points="821,2195 864,2195 864,2243 821,2243"/>
          <TextEquiv>
            <Unicode>و</Unicode>
          </TextEquiv>
        </Word>
        <Word id="w304">
          <Coords points="737,2184 828,2184 828,2250 737,2250"/>
          <TextEquiv>
            <Unicode>هو</Unicode>
          </TextEquiv>
        </Word>
        <Word id="w305">
          <Coords points="645,2187 745,2187 745,2233 645,2233"/>
          <TextEquiv>
            <Unicode>معه</Unicode>
          </TextEquiv>
        </Word>
        <Word id="w306">
          <Coords points="536,2166 633,2166 633,2241 536,2241"/>
          <TextEquiv>
            <Unicode>جملة</Unicode>
          </TextEquiv>
        </Word>
        <Word id="w307">
          <Coords points="375,2171 513,2171 513,2268 375,2268"/>
          <TextEquiv>
            <Unicode>فعلية</Unicode>
          </TextEquiv>
        </Word>
        <Word id="w308">
          <Coords points="301,2171 350,2171 350,2239 301,2239"/>
          <TextEquiv>
            <Unicode>لا</Unicode>
          </TextEquiv>
        </Word>
        <Word id="w309">
          <Coords points="214,2166 298,2166 298,2264 214,2264"/>
          <TextEquiv>
            <Unicode>محل</Unicode>
          </TextEquiv>
        </Word>
        <Word id="w310">
          <Coords points="112,2154 221,2154 221,2238 112,2238"/>
          <TextEquiv>
            <Unicode>لها</Unicode>
          </TextEquiv>
        </Word>
        <TextEquiv>
          <Unicode> ا لفتح مر فو ع محلا فا عله و هو معه جملة فعلية لا محل لها</Unicode>
        </TextEquiv>
      </TextLine>
      <TextLine id="l15">
        <Coords points="67,2298 1385,2298 1385,2406 67,2406"/>
        <Word id="w311">
          <Coords points="1267,2310 1384,2310 1384,2382 1267,2382"/>
          <TextEquiv>
            <Unicode>صلة</Unicode>
          </TextEquiv>
        </Word>
        <Word id="w312">
          <Coords points="1229,2306 1246,2306 1246,2364 1229,2364"/>
          <TextEquiv>
            <Unicode>ا</Unicode>
          </TextEquiv>
        </Word>
        <Word id="w313">
          <Coords points="1148,2315 1224,2315 1224,2394 1148,2394"/>
          <TextEquiv>
            <Unicode>لمو</Unicode>
          </TextEquiv>
        </Word>
        <Word id="w314">
          <Coords points="1077,2341 1163,2341 1163,2387 1077,2387"/>
          <TextEquiv>
            <Unicode>صو</Unicode>
          </TextEquiv>
        </Word>
        <Word id="w315">
          <Coords points="1035,2303 1069,2303 1069,2377 1035,2377"/>
          <TextEquiv>
            <Unicode>ل</Unicode>
          </TextEquiv>
        </Word>
        <Word id="w316">
          <Coords points="973,2341 1015,2341 1015,2386 973,2386"/>
          <TextEquiv>
            <Unicode>و</Unicode>
          </TextEquiv>
        </Word>
        <Word id="w317">
          <Coords points="929,2302 970,2302 970,2386 929,2386"/>
          <TextEquiv>
            <Unicode>في</Unicode>
          </TextEquiv>
        </Word>
        <Word id="w318">
          <Coords points="913,2301 927,2301 927,2363 913,2363"/>
          <TextEquiv>
            <Unicode>ا</Unicode>
          </TextEquiv>
        </Word>
        <Word id="w319">
          <Coords points="804,2301 913,2301 913,2395 804,2395"/>
          <TextEquiv>
            <Unicode>لجنة</Unicode>
          </TextEquiv>
        </Word>
        <Word id="w320">
          <Coords points="691,2319 790,2319 790,2403 691,2403"/>
          <TextEquiv>
            <Unicode>خبر</Unicode>
          </TextEquiv>
        </Word>
        <Word id="w321">
          <Coords points="680,2309 696,2309 696,2371 680,2371"/>
          <TextEquiv>
            <Unicode>ا</Unicode>
          </TextEquiv>
        </Word>
        <Word id="w322">
          <Coords points="563,2317 676,2317 676,2396 563,2396"/>
          <TextEquiv>
            <Unicode>لمبتد</Unicode>
          </TextEquiv>
        </Word>
        <Word id="w323">
          <Coords points="544,2308 562,2308 562,2358 544,2358"/>
          <TextEquiv>
            <Unicode>ا</Unicode>
          </TextEquiv>
        </Word>
        <Word id="w324">
          <Coords points="519,2350 543,2350 543,2377 519,2377"/>
          <TextEquiv>
            <Unicode>ء</Unicode>
          </TextEquiv>
        </Word>
        <Word id="w325">
          <Coords points="452,2347 502,2347 502,2393 452,2393"/>
          <TextEquiv>
            <Unicode>و</Unicode>
          </TextEquiv>
        </Word>
        <Word id="w326">
          <Coords points="375,2340 456,2340 456,2405 375,2405"/>
          <TextEquiv>
            <Unicode>هو</Unicode>
          </TextEquiv>
        </Word>
        <Word id="w327">
          <Coords points="284,2340 386,2340 386,2381 284,2381"/>
          <TextEquiv>
            <Unicode>معه</Unicode>
          </TextEquiv>
        </Word>
        <Word id="w328">
          <Coords points="178,2315 273,2315 273,2387 178,2387"/>
          <TextEquiv>
            <Unicode>جملة</Unicode>
          </TextEquiv>
        </Word>
        <Word id="w329">
          <Coords points="169,2298 178,2298 178,2346 169,2346"/>
          <TextEquiv>
            <Unicode>ا</Unicode>
          </TextEquiv>
        </Word>
        <Word id="w330">
          <Coords points="67,2316 163,2316 163,2404 67,2404"/>
          <TextEquiv>
            <Unicode>سمية</Unicode>
          </TextEquiv>
        </Word>
        <TextEquiv>
          <Unicode> صلة ا لمو صو ل و في ا لجنة خبر ا لمبتد ا ء و هو معه جملة ا سمية</Unicode>
        </TextEquiv>
      </TextLine>
      <TextLine id="l16">
        <Coords points="94,2449 1386,2449 1386,2567 94,2567"/>
        <Word id="w331">
          <Coords points="1326,2456 1385,2456 1385,2532 1326,2532"/>
          <TextEquiv>
            <Unicode>لا</Unicode>
          </TextEquiv>
        </Word>
        <Word id="w332">
          <Coords points="1241,2461 1323,2461 1323,2553 1241,2553"/>
          <TextEquiv>
            <Unicode>محل</Unicode>
          </TextEquiv>
        </Word>
        <Word id="w333">
          <Coords points="1175,2452 1246,2452 1246,2525 1175,2525"/>
          <TextEquiv>
            <Unicode>لها</Unicode>
          </TextEquiv>
        </Word>
        <Word id="w334">
          <Coords points="1142,2468 1158,2468 1158,2523 1142,2523"/>
          <TextEquiv>
            <Unicode>ا</Unicode>
          </TextEquiv>
        </Word>
        <Word id="w335">
          <Coords points="1059,2471 1131,2471 1131,2543 1059,2543"/>
          <TextEquiv>
            <Unicode>بتد</Unicode>
          </TextEquiv>
        </Word>
        <Word id="w336">
          <Coords points="1040,2452 1054,2452 1054,2507 1040,2507"/>
          <TextEquiv>
            <Unicode>ا</Unicode>
          </TextEquiv>
        </Word>
        <Word id="w337">
          <Coords points="948,2479 1039,2479 1039,2542 948,2542"/>
          <TextEquiv>
            <Unicode>ئيه</Unicode>
          </TextEquiv>
        </Word>
        <Word id="w338">
          <Coords points="880,2485 921,2485 921,2535 880,2535"/>
          <TextEquiv>
            <Unicode>و</Unicode>
          </TextEquiv>
        </Word>
        <Word id="w339">
          <Coords points="699,2451 883,2451 883,2554 699,2554"/>
          <TextEquiv>
            <Unicode>تحقيقه</Unicode>
          </TextEquiv>
        </Word>
        <Word id="w340">
          <Coords points="662,2459 680,2459 680,2531 662,2531"/>
          <TextEquiv>
            <Unicode>ا</Unicode>
          </TextEquiv>
        </Word>
        <Word id="w341">
          <Coords points="602,2482 651,2482 651,2530 602,2530"/>
          <TextEquiv>
            <Unicode>نه</Unicode>
          </TextEquiv>
        </Word>
        <Word id="w342">
          <Coords points="515,2461 580,2461 580,2531 515,2531"/>
          <TextEquiv>
            <Unicode>لما</Unicode>
          </TextEquiv>
        </Word>
        <Word id="w343">
          <Coords points="456,2455 508,2455 508,2533 456,2533"/>
          <TextEquiv>
            <Unicode>كا</Unicode>
          </TextEquiv>
        </Word>
        <Word id="w344">
          <Coords points="410,2470 448,2470 448,2539 410,2539"/>
          <TextEquiv>
            <Unicode>ن</Unicode>
          </TextEquiv>
        </Word>
        <Word id="w345">
          <Coords points="390,2456 409,2456 409,2519 390,2519"/>
          <TextEquiv>
            <Unicode>ا</Unicode>
          </TextEquiv>
        </Word>
        <Word id="w346">
          <Coords points="323,2493 382,2493 382,2566 323,2566"/>
          <TextEquiv>
            <Unicode>سم</Unicode>
          </TextEquiv>
        </Word>
        <Word id="w347">
          <Coords points="301,2453 317,2453 317,2524 301,2524"/>
          <TextEquiv>
            <Unicode>ا</Unicode>
          </TextEquiv>
        </Word>
        <Word id="w348">
          <Coords points="222,2462 297,2462 297,2545 222,2545"/>
          <TextEquiv>
            <Unicode>لمو</Unicode>
          </TextEquiv>
        </Word>
        <Word id="w349">
          <Coords points="151,2487 237,2487 237,2552 151,2552"/>
          <TextEquiv>
            <Unicode>صو</Unicode>
          </TextEquiv>
        </Word>
        <Word id="w350">
          <Coords points="94,2449 166,2449 166,2530 94,2530"/>
          <TextEquiv>
            <Unicode>ل</Unicode>
          </TextEquiv>
        </Word>
        <TextEquiv>
          <Unicode> لا محل لها ا بتد ا ئيه و تحقيقه ا نه لما كا ن ا سم ا لمو صو ل</Unicode>
        </TextEquiv>
      </TextLine>
      <TextLine id="l17">
        <Coords points="93,2585 1377,2585 1377,2723 93,2723"/>
        <Word id="w351">
          <Coords points="1324,2609 1376,2609 1376,2710 1324,2710"/>
          <TextEquiv>
            <Unicode>في</Unicode>
          </TextEquiv>
        </Word>
        <Word id="w352">
          <Coords points="1248,2644 1339,2644 1339,2699 1248,2699"/>
          <TextEquiv>
            <Unicode>صو</Unicode>
          </TextEquiv>
        </Word>
        <Word id="w353">
          <Coords points="1207,2657 1239,2657 1239,2691 1207,2691"/>
          <TextEquiv>
            <Unicode>ر</Unicode>
          </TextEquiv>
        </Word>
        <Word id="w354">
          <Coords points="1177,2624 1203,2624 1203,2681 1177,2681"/>
          <TextEquiv>
            <Unicode>ة</Unicode>
          </TextEquiv>
        </Word>
        <Word id="w355">
          <Coords points="1148,2602 1163,2602 1163,2670 1148,2670"/>
          <TextEquiv>
            <Unicode>ا</Unicode>
          </TextEquiv>
        </Word>
        <Word id="w356">
          <Coords points="1058,2597 1139,2597 1139,2712 1058,2712"/>
          <TextEquiv>
            <Unicode>لحر</Unicode>
          </TextEquiv>
        </Word>
        <Word id="w357">
          <Coords points="1002,2629 1069,2629 1069,2686 1002,2686"/>
          <TextEquiv>
            <Unicode>ف</Unicode>
          </TextEquiv>
        </Word>
        <Word id="w358">
          <Coords points="951,2643 989,2643 989,2690 951,2690"/>
          <TextEquiv>
            <Unicode>و</Unicode>
          </TextEquiv>
        </Word>
        <Word id="w359">
          <Coords points="893,2585 974,2585 974,2683 893,2683"/>
          <TextEquiv>
            <Unicode>كا</Unicode>
          </TextEquiv>
        </Word>
        <Word id="w360">
          <Coords points="842,2614 882,2614 882,2687 842,2687"/>
          <TextEquiv>
            <Unicode>ن</Unicode>
          </TextEquiv>
        </Word>
        <Word id="w361">
          <Coords points="827,2602 851,2602 851,2654 827,2654"/>
          <TextEquiv>
            <Unicode>ا</Unicode>
          </TextEquiv>
        </Word>
        <Word id="w362">
          <Coords points="751,2602 777,2602 777,2671 751,2671"/>
          <TextEquiv>
            <Unicode>ا</Unicode>
          </TextEquiv>
        </Word>
        <Word id="w363">
          <Coords points="748,2638 829,2638 829,2707 748,2707"/>
          <TextEquiv>
            <Unicode>عر</Unicode>
          </TextEquiv>
        </Word>
        <Word id="w364">
          <Coords points="693,2638 741,2638 741,2701 693,2701"/>
          <TextEquiv>
            <Unicode>به</Unicode>
          </TextEquiv>
        </Word>
        <Word id="w365">
          <Coords points="565,2615 680,2615 680,2713 565,2713"/>
          <TextEquiv>
            <Unicode>محليا</Unicode>
          </TextEquiv>
        </Word>
        <Word id="w366">
          <Coords points="534,2610 550,2610 550,2674 534,2674"/>
          <TextEquiv>
            <Unicode>ا</Unicode>
          </TextEquiv>
        </Word>
        <Word id="w367">
          <Coords points="480,2617 530,2617 530,2695 480,2695"/>
          <TextEquiv>
            <Unicode>تى</Unicode>
          </TextEquiv>
        </Word>
        <Word id="w368">
          <Coords points="461,2606 479,2606 479,2678 461,2678"/>
          <TextEquiv>
            <Unicode>ا</Unicode>
          </TextEquiv>
        </Word>
        <Word id="w369">
          <Coords points="315,2612 447,2612 447,2692 315,2692"/>
          <TextEquiv>
            <Unicode>لضمة</Unicode>
          </TextEquiv>
        </Word>
        <Word id="w370">
          <Coords points="227,2616 297,2616 297,2710 227,2710"/>
          <TextEquiv>
            <Unicode>على</Unicode>
          </TextEquiv>
        </Word>
        <Word id="w371">
          <Coords points="93,2608 230,2608 230,2722 93,2722"/>
          <TextEquiv>
            <Unicode>مطيع</Unicode>
          </TextEquiv>
        </Word>
        <TextEquiv>
          <Unicode> في صو ر ة ا لحر ف و كا ن ا ا عر به محليا ا تى ا لضمة على مطيع</Unicode>
        </TextEquiv>
      </TextLine>
      <TextLine id="l18">
        <Coords points="82,2742 1373,2742 1373,2854 82,2854"/>
        <Word id="w372">
          <Coords points="1294,2756 1372,2756 1372,2853 1294,2853"/>
          <TextEquiv>
            <Unicode>لبيا</Unicode>
          </TextEquiv>
        </Word>
        <Word id="w373">
          <Coords points="1243,2765 1279,2765 1279,2830 1243,2830"/>
          <TextEquiv>
            <Unicode>ن</Unicode>
          </TextEquiv>
        </Word>
        <Word id="w374">
          <Coords points="1205,2755 1233,2755 1233,2813 1205,2813"/>
          <TextEquiv>
            <Unicode>ذ</Unicode>
          </TextEquiv>
        </Word>
        <Word id="w375">
          <Coords points="1114,2755 1192,2755 1192,2820 1114,2820"/>
          <TextEquiv>
            <Unicode>لك</Unicode>
          </TextEquiv>
        </Word>
        <Word id="w376">
          <Coords points="1084,2750 1092,2750 1092,2804 1084,2804"/>
          <TextEquiv>
            <Unicode>ا</Unicode>
          </TextEquiv>
        </Word>
        <Word id="w377">
          <Coords points="1013,2750 1071,2750 1071,2831 1013,2831"/>
          <TextEquiv>
            <Unicode>لا</Unicode>
          </TextEquiv>
        </Word>
        <Word id="w378">
          <Coords points="941,2742 960,2742 960,2796 941,2796"/>
          <TextEquiv>
            <Unicode>ا</Unicode>
          </TextEquiv>
        </Word>
        <Word id="w379">
          <Coords points="882,2783 938,2783 938,2830 882,2830"/>
          <TextEquiv>
            <Unicode>ب</Unicode>
          </TextEquiv>
        </Word>
        <Word id="w380">
          <Coords points="827,2777 878,2777 878,2824 827,2824"/>
          <TextEquiv>
            <Unicode>و</Unicode>
          </TextEquiv>
        </Word>
        <Word id="w381">
          <Coords points="775,2743 832,2743 832,2813 775,2813"/>
          <TextEquiv>
            <Unicode>لما</Unicode>
          </TextEquiv>
        </Word>
        <Word id="w382">
          <Coords points="748,2758 762,2758 762,2815 748,2815"/>
          <TextEquiv>
            <Unicode>ا</Unicode>
          </TextEquiv>
        </Word>
        <Word id="w383">
          <Coords points="640,2759 744,2759 744,2849 640,2849"/>
          <TextEquiv>
            <Unicode>تيت</Unicode>
          </TextEquiv>
        </Word>
        <Word id="w384">
          <Coords points="520,2749 628,2749 628,2843 520,2843"/>
          <TextEquiv>
            <Unicode>عليه</Unicode>
          </TextEquiv>
        </Word>
        <Word id="w385">
          <Coords points="439,2758 494,2758 494,2833 439,2833"/>
          <TextEquiv>
            <Unicode>لا</Unicode>
          </TextEquiv>
        </Word>
        <Word id="w386">
          <Coords points="374,2760 454,2760 454,2850 374,2850"/>
          <TextEquiv>
            <Unicode>جل</Unicode>
          </TextEquiv>
        </Word>
        <Word id="w387">
          <Coords points="341,2771 370,2771 370,2823 341,2823"/>
          <TextEquiv>
            <Unicode>ذ</Unicode>
          </TextEquiv>
        </Word>
        <Word id="w388">
          <Coords points="248,2767 324,2767 324,2827 248,2827"/>
          <TextEquiv>
            <Unicode>لك</Unicode>
          </TextEquiv>
        </Word>
        <Word id="w389">
          <Coords points="223,2762 235,2762 235,2825 223,2825"/>
          <TextEquiv>
            <Unicode>ا</Unicode>
          </TextEquiv>
        </Word>
        <Word id="w390">
          <Coords points="131,2756 211,2756 211,2850 131,2850"/>
          <TextEquiv>
            <Unicode>لبيا</Unicode>
          </TextEquiv>
        </Word>
        <Word id="w391">
          <Coords points="82,2767 126,2767 126,2832 82,2832"/>
          <TextEquiv>
            <Unicode>ن</Unicode>
          </TextEquiv>
        </Word>
        <TextEquiv>
          <Unicode> لبيا ن ذ لك ا لا ا ب و لما ا تيت عليه لا جل ذ لك ا لبيا ن</Unicode>
        </TextEquiv>
      </TextLine>
    </TextRegion>
  </Page>
</PcGts>
