<?xml version='1.0' encoding='utf-8'?>
<PcGts xmlns:xsi="http://www.w3.org/2001/XMLSchema-instance" xmlns="http://schema.primaresearch.org/PAGE/gts/pagecontent/2019-07-15" xsi:schemaLocation="http://schema.primaresearch.org/PAGE/gts/pagecontent/2019-07-15 http://schema.primaresearch.org/PAGE/gts/pagecontent/2019-07-15/pagecontent.xsd" pcGtsId="pc-aletheiaexamplepage">
  <Metadata>
    <Creator>PRImA Research Lab</Creator>
    <Created>2015-07-17T15:27:13</Created>
    <LastChange>2017-07-14T10:03:33</LastChange>
    <Comments>Example Page</Comments>
  </Metadata>
  <Page imageFilename="3368132/_0028-1.png" imageWidth="1457" imageHeight="2898">
    <TextRegion id="r0" type="paragraph">
      <Coords points="1,1 1455,1 1455,2896 1,2896"/>
      <TextLine id="l0">
        <Coords points="11,38 133,38 133,98 11,98"/>
        <Word id="w0">
          <Coords points="115,41 132,41 132,97 115,97"/>
          <TextEquiv>
            <Unicode>ا</Unicode>
          </TextEquiv>
        </Word>
        <Word id="w1">
          <Coords points="11,38 12,38 12,40 11,40"/>
          <TextEquiv>
            <Unicode>ا</Unicode>
          </TextEquiv>
        </Word>
        <TextEquiv>
          <Unicode> ا ا</Unicode>
        </TextEquiv>
      </TextLine>
      <TextLine id="l1">
        <Coords points="120,69 1388,69 1388,187 120,187"/>
        <Word id="w2">
          <Coords points="1270,84 1387,84 1387,146 1270,146"/>
          <TextEquiv>
            <Unicode>للغة</Unicode>
          </TextEquiv>
        </Word>
        <Word id="w3">
          <Coords points="1178,98 1251,98 1251,158 1178,158"/>
          <TextEquiv>
            <Unicode>نحو</Unicode>
          </TextEquiv>
        </Word>
        <Word id="w4">
          <Coords points="1070,83 1178,83 1178,153 1070,153"/>
          <TextEquiv>
            <Unicode>معلو</Unicode>
          </TextEquiv>
        </Word>
        <Word id="w5">
          <Coords points="1031,118 1064,118 1064,147 1031,147"/>
          <TextEquiv>
            <Unicode>م</Unicode>
          </TextEquiv>
        </Word>
        <Word id="w6">
          <Coords points="936,87 1020,87 1020,168 936,168"/>
          <TextEquiv>
            <Unicode>لعل</Unicode>
          </TextEquiv>
        </Word>
        <Word id="w7">
          <Coords points="925,85 936,85 936,146 925,146"/>
          <TextEquiv>
            <Unicode>ا</Unicode>
          </TextEquiv>
        </Word>
        <Word id="w8">
          <Coords points="853,110 914,110 914,145 853,145"/>
          <TextEquiv>
            <Unicode>لله</Unicode>
          </TextEquiv>
        </Word>
        <Word id="w9">
          <Coords points="769,74 842,74 842,122 769,122"/>
          <TextEquiv>
            <Unicode>لى</Unicode>
          </TextEquiv>
        </Word>
        <Word id="w10">
          <Coords points="759,69 842,69 842,157 759,157"/>
          <TextEquiv>
            <Unicode>تعا</Unicode>
          </TextEquiv>
        </Word>
        <Word id="w11">
          <Coords points="636,92 742,92 742,171 636,171"/>
          <TextEquiv>
            <Unicode>يغفر</Unicode>
          </TextEquiv>
        </Word>
        <Word id="w12">
          <Coords points="605,95 633,95 633,147 605,147"/>
          <TextEquiv>
            <Unicode>ذ</Unicode>
          </TextEquiv>
        </Word>
        <Word id="w13">
          <Coords points="542,91 600,91 600,180 542,180"/>
          <TextEquiv>
            <Unicode>نبى</Unicode>
          </TextEquiv>
        </Word>
        <Word id="w14">
          <Coords points="489,116 551,116 551,173 489,173"/>
          <TextEquiv>
            <Unicode>مر</Unicode>
          </TextEquiv>
        </Word>
        <Word id="w15">
          <Coords points="481,83 501,83 501,136 481,136"/>
          <TextEquiv>
            <Unicode>ا</Unicode>
          </TextEquiv>
        </Word>
        <Word id="w16">
          <Coords points="454,129 477,129 477,157 454,157"/>
          <TextEquiv>
            <Unicode>د</Unicode>
          </TextEquiv>
        </Word>
        <Word id="w17">
          <Coords points="340,86 439,86 439,152 340,152"/>
          <TextEquiv>
            <Unicode>لفظ</Unicode>
          </TextEquiv>
        </Word>
        <Word id="w18">
          <Coords points="261,108 335,108 335,175 261,175"/>
          <TextEquiv>
            <Unicode>مجر</Unicode>
          </TextEquiv>
        </Word>
        <Word id="w19">
          <Coords points="246,125 280,125 280,161 246,161"/>
          <TextEquiv>
            <Unicode>و</Unicode>
          </TextEquiv>
        </Word>
        <Word id="w20">
          <Coords points="212,126 240,126 240,158 212,158"/>
          <TextEquiv>
            <Unicode>ر</Unicode>
          </TextEquiv>
        </Word>
        <Word id="w21">
          <Coords points="140,85 227,85 227,148 140,148"/>
          <TextEquiv>
            <Unicode>تقد</Unicode>
          </TextEquiv>
        </Word>
        <Word id="w22">
          <Coords points="120,93 174,93 174,186 120,186"/>
          <TextEquiv>
            <Unicode>ير</Unicode>
          </TextEquiv>
        </Word>
        <TextEquiv>
          <Unicode> للغة نحو معلو م لعل ا لله لى تعا يغفر ذ نبى مر ا د لفظ مجر و ر تقد ير</Unicode>
        </TextEquiv>
      </TextLine>
      <TextLine id="l2">
        <Coords points="92,216 1399,216 1399,330 92,330"/>
        <Word id="w23">
          <Coords points="1303,228 1398,228 1398,295 1303,295"/>
          <TextEquiv>
            <Unicode>مضا</Unicode>
          </TextEquiv>
        </Word>
        <Word id="w24">
          <Coords points="1233,232 1292,232 1292,290 1233,290"/>
          <TextEquiv>
            <Unicode>ف</Unicode>
          </TextEquiv>
        </Word>
        <Word id="w25">
          <Coords points="1222,226 1231,226 1231,279 1222,279"/>
          <TextEquiv>
            <Unicode>ا</Unicode>
          </TextEquiv>
        </Word>
        <Word id="w26">
          <Coords points="1137,237 1207,237 1207,309 1137,309"/>
          <TextEquiv>
            <Unicode>ليه</Unicode>
          </TextEquiv>
        </Word>
        <Word id="w27">
          <Coords points="1046,224 1123,224 1123,316 1046,316"/>
          <TextEquiv>
            <Unicode>لنحو</Unicode>
          </TextEquiv>
        </Word>
        <Word id="w28">
          <Coords points="1010,257 1049,257 1049,303 1010,303"/>
          <TextEquiv>
            <Unicode>و</Unicode>
          </TextEquiv>
        </Word>
        <Word id="w29">
          <Coords points="1000,225 1011,225 1011,278 1000,278"/>
          <TextEquiv>
            <Unicode>ا</Unicode>
          </TextEquiv>
        </Word>
        <Word id="w30">
          <Coords points="965,240 992,240 992,294 965,294"/>
          <TextEquiv>
            <Unicode>ذ</Unicode>
          </TextEquiv>
        </Word>
        <Word id="w31">
          <Coords points="948,227 955,227 955,281 948,281"/>
          <TextEquiv>
            <Unicode>ا</Unicode>
          </TextEquiv>
        </Word>
        <Word id="w32">
          <Coords points="920,238 933,238 933,293 920,293"/>
          <TextEquiv>
            <Unicode>ا</Unicode>
          </TextEquiv>
        </Word>
        <Word id="w33">
          <Coords points="886,269 912,269 912,299 886,299"/>
          <TextEquiv>
            <Unicode>ر</Unicode>
          </TextEquiv>
        </Word>
        <Word id="w34">
          <Coords points="827,242 879,242 879,307 827,307"/>
          <TextEquiv>
            <Unicode>يد</Unicode>
          </TextEquiv>
        </Word>
        <Word id="w35">
          <Coords points="807,216 821,216 821,277 807,277"/>
          <TextEquiv>
            <Unicode>ا</Unicode>
          </TextEquiv>
        </Word>
        <Word id="w36">
          <Coords points="704,227 799,227 799,310 704,310"/>
          <TextEquiv>
            <Unicode>لمعنى</Unicode>
          </TextEquiv>
        </Word>
        <Word id="w37">
          <Coords points="576,234 702,234 702,324 576,324"/>
          <TextEquiv>
            <Unicode>فلعل</Unicode>
          </TextEquiv>
        </Word>
        <Word id="w38">
          <Coords points="516,268 575,268 575,321 516,321"/>
          <TextEquiv>
            <Unicode>حر</Unicode>
          </TextEquiv>
        </Word>
        <Word id="w39">
          <Coords points="466,249 519,249 519,306 466,306"/>
          <TextEquiv>
            <Unicode>ف</Unicode>
          </TextEquiv>
        </Word>
        <Word id="w40">
          <Coords points="401,261 472,261 472,322 401,322"/>
          <TextEquiv>
            <Unicode>جر</Unicode>
          </TextEquiv>
        </Word>
        <Word id="w41">
          <Coords points="335,238 413,238 413,326 335,326"/>
          <TextEquiv>
            <Unicode>غير</Unicode>
          </TextEquiv>
        </Word>
        <Word id="w42">
          <Coords points="184,233 335,233 335,314 184,314"/>
          <TextEquiv>
            <Unicode>متعلق</Unicode>
          </TextEquiv>
        </Word>
        <Word id="w43">
          <Coords points="92,230 179,230 179,329 92,329"/>
          <TextEquiv>
            <Unicode>بشئ</Unicode>
          </TextEquiv>
        </Word>
        <TextEquiv>
          <Unicode> مضا ف ا ليه لنحو و ا ذ ا ا ر يد ا لمعنى فلعل حر ف جر غير متعلق بشئ</Unicode>
        </TextEquiv>
      </TextLine>
      <TextLine id="l3">
        <Coords points="132,374 1389,374 1389,505 132,505"/>
        <Word id="w44">
          <Coords points="1344,412 1388,412 1388,457 1344,457"/>
          <TextEquiv>
            <Unicode>و</Unicode>
          </TextEquiv>
        </Word>
        <Word id="w45">
          <Coords points="1235,374 1355,374 1355,445 1235,445"/>
          <TextEquiv>
            <Unicode>لفظة</Unicode>
          </TextEquiv>
        </Word>
        <Word id="w46">
          <Coords points="1201,385 1214,385 1214,446 1201,446"/>
          <TextEquiv>
            <Unicode>ا</Unicode>
          </TextEquiv>
        </Word>
        <Word id="w47">
          <Coords points="1106,380 1197,380 1197,472 1106,472"/>
          <TextEquiv>
            <Unicode>لجلا</Unicode>
          </TextEquiv>
        </Word>
        <Word id="w48">
          <Coords points="1034,388 1093,388 1093,450 1034,450"/>
          <TextEquiv>
            <Unicode>لة</Unicode>
          </TextEquiv>
        </Word>
        <Word id="w49">
          <Coords points="966,401 1030,401 1030,473 966,473"/>
          <TextEquiv>
            <Unicode>مجر</Unicode>
          </TextEquiv>
        </Word>
        <Word id="w50">
          <Coords points="948,413 977,413 977,462 948,462"/>
          <TextEquiv>
            <Unicode>و</Unicode>
          </TextEquiv>
        </Word>
        <Word id="w51">
          <Coords points="912,422 936,422 936,459 912,459"/>
          <TextEquiv>
            <Unicode>ر</Unicode>
          </TextEquiv>
        </Word>
        <Word id="w52">
          <Coords points="880,385 909,385 909,448 880,448"/>
          <TextEquiv>
            <Unicode>ة</Unicode>
          </TextEquiv>
        </Word>
        <Word id="w53">
          <Coords points="813,405 855,405 855,461 813,461"/>
          <TextEquiv>
            <Unicode>به</Unicode>
          </TextEquiv>
        </Word>
        <Word id="w54">
          <Coords points="686,391 794,391 794,457 686,457"/>
          <TextEquiv>
            <Unicode>لفظا</Unicode>
          </TextEquiv>
        </Word>
        <Word id="w55">
          <Coords points="635,422 678,422 678,468 635,468"/>
          <TextEquiv>
            <Unicode>و</Unicode>
          </TextEquiv>
        </Word>
        <Word id="w56">
          <Coords points="578,388 647,388 647,479 578,479"/>
          <TextEquiv>
            <Unicode>محل</Unicode>
          </TextEquiv>
        </Word>
        <Word id="w57">
          <Coords points="569,388 578,388 578,445 569,445"/>
          <TextEquiv>
            <Unicode>ا</Unicode>
          </TextEquiv>
        </Word>
        <Word id="w58">
          <Coords points="493,383 561,383 561,486 493,486"/>
          <TextEquiv>
            <Unicode>لمجر</Unicode>
          </TextEquiv>
        </Word>
        <Word id="w59">
          <Coords points="471,417 504,417 504,470 471,470"/>
          <TextEquiv>
            <Unicode>و</Unicode>
          </TextEquiv>
        </Word>
        <Word id="w60">
          <Coords points="436,430 467,430 467,465 436,465"/>
          <TextEquiv>
            <Unicode>ر</Unicode>
          </TextEquiv>
        </Word>
        <Word id="w61">
          <Coords points="380,423 441,423 441,478 380,478"/>
          <TextEquiv>
            <Unicode>مر</Unicode>
          </TextEquiv>
        </Word>
        <Word id="w62">
          <Coords points="343,395 391,395 391,472 343,472"/>
          <TextEquiv>
            <Unicode>فو</Unicode>
          </TextEquiv>
        </Word>
        <Word id="w63">
          <Coords points="313,420 384,420 384,504 313,504"/>
          <TextEquiv>
            <Unicode>ع</Unicode>
          </TextEquiv>
        </Word>
        <Word id="w64">
          <Coords points="178,419 292,419 292,474 178,474"/>
          <TextEquiv>
            <Unicode>مبتد</Unicode>
          </TextEquiv>
        </Word>
        <Word id="w65">
          <Coords points="171,381 180,381 180,434 171,434"/>
          <TextEquiv>
            <Unicode>ا</Unicode>
          </TextEquiv>
        </Word>
        <Word id="w66">
          <Coords points="132,422 156,422 156,450 132,450"/>
          <TextEquiv>
            <Unicode>ء</Unicode>
          </TextEquiv>
        </Word>
        <TextEquiv>
          <Unicode> و لفظة ا لجلا لة مجر و ر ة به لفظا و محل ا لمجر و ر مر فو ع مبتد ا ء</Unicode>
        </TextEquiv>
      </TextLine>
      <TextLine id="l4">
        <Coords points="97,509 1389,509 1389,641 97,641"/>
        <Word id="w67">
          <Coords points="1345,552 1388,552 1388,600 1345,600"/>
          <TextEquiv>
            <Unicode>و</Unicode>
          </TextEquiv>
        </Word>
        <Word id="w68">
          <Coords points="1231,522 1350,522 1350,620 1231,620"/>
          <TextEquiv>
            <Unicode>يغفر</Unicode>
          </TextEquiv>
        </Word>
        <Word id="w69">
          <Coords points="1137,521 1230,521 1230,615 1137,615"/>
          <TextEquiv>
            <Unicode>فعل</Unicode>
          </TextEquiv>
        </Word>
        <Word id="w70">
          <Coords points="1046,521 1142,521 1142,600 1046,600"/>
          <TextEquiv>
            <Unicode>مضا</Unicode>
          </TextEquiv>
        </Word>
        <Word id="w71">
          <Coords points="998,561 1030,561 1030,595 998,595"/>
          <TextEquiv>
            <Unicode>ر</Unicode>
          </TextEquiv>
        </Word>
        <Word id="w72">
          <Coords points="968,556 1033,556 1033,636 968,636"/>
          <TextEquiv>
            <Unicode>ع</Unicode>
          </TextEquiv>
        </Word>
        <Word id="w73">
          <Coords points="888,564 955,564 955,617 888,617"/>
          <TextEquiv>
            <Unicode>مر</Unicode>
          </TextEquiv>
        </Word>
        <Word id="w74">
          <Coords points="860,529 909,529 909,618 860,618"/>
          <TextEquiv>
            <Unicode>فو</Unicode>
          </TextEquiv>
        </Word>
        <Word id="w75">
          <Coords points="834,555 894,555 894,640 834,640"/>
          <TextEquiv>
            <Unicode>ع</Unicode>
          </TextEquiv>
        </Word>
        <Word id="w76">
          <Coords points="709,532 814,532 814,599 709,599"/>
          <TextEquiv>
            <Unicode>لفظا</Unicode>
          </TextEquiv>
        </Word>
        <Word id="w77">
          <Coords points="628,528 689,528 689,622 628,622"/>
          <TextEquiv>
            <Unicode>بعا</Unicode>
          </TextEquiv>
        </Word>
        <Word id="w78">
          <Coords points="553,534 621,534 621,621 553,621"/>
          <TextEquiv>
            <Unicode>مل</Unicode>
          </TextEquiv>
        </Word>
        <Word id="w79">
          <Coords points="434,528 558,528 558,619 434,619"/>
          <TextEquiv>
            <Unicode>معنو</Unicode>
          </TextEquiv>
        </Word>
        <Word id="w80">
          <Coords points="423,528 526,528 526,562 423,562"/>
          <TextEquiv>
            <Unicode>ى</Unicode>
          </TextEquiv>
        </Word>
        <Word id="w81">
          <Coords points="373,567 417,567 417,613 373,613"/>
          <TextEquiv>
            <Unicode>و</Unicode>
          </TextEquiv>
        </Word>
        <Word id="w82">
          <Coords points="280,534 389,534 389,603 280,603"/>
          <TextEquiv>
            <Unicode>تحته</Unicode>
          </TextEquiv>
        </Word>
        <Word id="w83">
          <Coords points="187,561 262,561 262,616 187,616"/>
          <TextEquiv>
            <Unicode>هو</Unicode>
          </TextEquiv>
        </Word>
        <Word id="w84">
          <Coords points="169,509 182,509 182,580 169,580"/>
          <TextEquiv>
            <Unicode>ا</Unicode>
          </TextEquiv>
        </Word>
        <Word id="w85">
          <Coords points="164,562 196,562 196,597 164,597"/>
          <TextEquiv>
            <Unicode>ر</Unicode>
          </TextEquiv>
        </Word>
        <Word id="w86">
          <Coords points="97,545 165,545 165,622 97,622"/>
          <TextEquiv>
            <Unicode>جع</Unicode>
          </TextEquiv>
        </Word>
        <TextEquiv>
          <Unicode> و يغفر فعل مضا ر ع مر فو ع لفظا بعا مل معنو ى و تحته هو ا ر جع</Unicode>
        </TextEquiv>
      </TextLine>
      <TextLine id="l5">
        <Coords points="121,659 1392,659 1392,792 121,792"/>
        <Word id="w87">
          <Coords points="1383,672 1391,672 1391,741 1383,741"/>
          <TextEquiv>
            <Unicode>ا</Unicode>
          </TextEquiv>
        </Word>
        <Word id="w88">
          <Coords points="1331,679 1374,679 1374,750 1331,750"/>
          <TextEquiv>
            <Unicode>لى</Unicode>
          </TextEquiv>
        </Word>
        <Word id="w89">
          <Coords points="1316,671 1333,671 1333,727 1316,727"/>
          <TextEquiv>
            <Unicode>ا</Unicode>
          </TextEquiv>
        </Word>
        <Word id="w90">
          <Coords points="1257,693 1309,693 1309,729 1257,729"/>
          <TextEquiv>
            <Unicode>لله</Unicode>
          </TextEquiv>
        </Word>
        <Word id="w91">
          <Coords points="1146,677 1243,677 1243,746 1146,746"/>
          <TextEquiv>
            <Unicode>مبنى</Unicode>
          </TextEquiv>
        </Word>
        <Word id="w92">
          <Coords points="1089,661 1156,661 1156,749 1089,749"/>
          <TextEquiv>
            <Unicode>على</Unicode>
          </TextEquiv>
        </Word>
        <Word id="w93">
          <Coords points="1079,659 1097,659 1097,727 1079,727"/>
          <TextEquiv>
            <Unicode>ا</Unicode>
          </TextEquiv>
        </Word>
        <Word id="w94">
          <Coords points="989,678 1070,678 1070,789 989,789"/>
          <TextEquiv>
            <Unicode>لفتح</Unicode>
          </TextEquiv>
        </Word>
        <Word id="w95">
          <Coords points="918,701 976,701 976,754 918,754"/>
          <TextEquiv>
            <Unicode>مر</Unicode>
          </TextEquiv>
        </Word>
        <Word id="w96">
          <Coords points="874,681 930,681 930,755 874,755"/>
          <TextEquiv>
            <Unicode>فو</Unicode>
          </TextEquiv>
        </Word>
        <Word id="w97">
          <Coords points="842,700 910,700 910,791 842,791"/>
          <TextEquiv>
            <Unicode>ع</Unicode>
          </TextEquiv>
        </Word>
        <Word id="w98">
          <Coords points="728,691 827,691 827,755 728,755"/>
          <TextEquiv>
            <Unicode>محلا</Unicode>
          </TextEquiv>
        </Word>
        <Word id="w99">
          <Coords points="684,679 718,679 718,751 684,751"/>
          <TextEquiv>
            <Unicode>فا</Unicode>
          </TextEquiv>
        </Word>
        <Word id="w100">
          <Coords points="596,684 672,684 672,755 596,755"/>
          <TextEquiv>
            <Unicode>عله</Unicode>
          </TextEquiv>
        </Word>
        <Word id="w101">
          <Coords points="525,707 574,707 574,758 525,758"/>
          <TextEquiv>
            <Unicode>و</Unicode>
          </TextEquiv>
        </Word>
        <Word id="w102">
          <Coords points="454,700 536,700 536,762 454,762"/>
          <TextEquiv>
            <Unicode>هو</Unicode>
          </TextEquiv>
        </Word>
        <Word id="w103">
          <Coords points="360,696 461,696 461,739 360,739"/>
          <TextEquiv>
            <Unicode>معه</Unicode>
          </TextEquiv>
        </Word>
        <Word id="w104">
          <Coords points="260,683 341,683 341,757 260,757"/>
          <TextEquiv>
            <Unicode>محله</Unicode>
          </TextEquiv>
        </Word>
        <Word id="w105">
          <Coords points="121,680 239,680 239,763 121,763"/>
          <TextEquiv>
            <Unicode>فعلية</Unicode>
          </TextEquiv>
        </Word>
        <TextEquiv>
          <Unicode> ا لى ا لله مبنى على ا لفتح مر فو ع محلا فا عله و هو معه محله فعلية</Unicode>
        </TextEquiv>
      </TextLine>
      <TextLine id="l6">
        <Coords points="127,805 1405,805 1405,922 127,922"/>
        <Word id="w106">
          <Coords points="1336,843 1404,843 1404,899 1336,899"/>
          <TextEquiv>
            <Unicode>مر</Unicode>
          </TextEquiv>
        </Word>
        <Word id="w107">
          <Coords points="1308,811 1362,811 1362,888 1308,888"/>
          <TextEquiv>
            <Unicode>فو</Unicode>
          </TextEquiv>
        </Word>
        <Word id="w108">
          <Coords points="1252,812 1315,812 1315,871 1252,871"/>
          <TextEquiv>
            <Unicode>عة</Unicode>
          </TextEquiv>
        </Word>
        <Word id="w109">
          <Coords points="1141,824 1236,824 1236,888 1141,888"/>
          <TextEquiv>
            <Unicode>محلا</Unicode>
          </TextEquiv>
        </Word>
        <Word id="w110">
          <Coords points="1057,828 1139,828 1139,904 1057,904"/>
          <TextEquiv>
            <Unicode>خبر</Unicode>
          </TextEquiv>
        </Word>
        <Word id="w111">
          <Coords points="1044,816 1055,816 1055,874 1044,874"/>
          <TextEquiv>
            <Unicode>ا</Unicode>
          </TextEquiv>
        </Word>
        <Word id="w112">
          <Coords points="918,829 1032,829 1032,899 918,899"/>
          <TextEquiv>
            <Unicode>لمبتد</Unicode>
          </TextEquiv>
        </Word>
        <Word id="w113">
          <Coords points="899,813 909,813 909,864 899,864"/>
          <TextEquiv>
            <Unicode>ا</Unicode>
          </TextEquiv>
        </Word>
        <Word id="w114">
          <Coords points="872,855 891,855 891,880 872,880"/>
          <TextEquiv>
            <Unicode>ء</Unicode>
          </TextEquiv>
        </Word>
        <Word id="w115">
          <Coords points="822,850 856,850 856,897 822,897"/>
          <TextEquiv>
            <Unicode>و</Unicode>
          </TextEquiv>
        </Word>
        <Word id="w116">
          <Coords points="740,842 825,842 825,905 740,905"/>
          <TextEquiv>
            <Unicode>هو</Unicode>
          </TextEquiv>
        </Word>
        <Word id="w117">
          <Coords points="647,840 751,840 751,882 647,882"/>
          <TextEquiv>
            <Unicode>معه</Unicode>
          </TextEquiv>
        </Word>
        <Word id="w118">
          <Coords points="535,805 646,805 646,909 535,909"/>
          <TextEquiv>
            <Unicode>جملة</Unicode>
          </TextEquiv>
        </Word>
        <Word id="w119">
          <Coords points="515,815 526,815 526,870 515,870"/>
          <TextEquiv>
            <Unicode>ا</Unicode>
          </TextEquiv>
        </Word>
        <Word id="w120">
          <Coords points="392,826 504,826 504,910 392,910"/>
          <TextEquiv>
            <Unicode>سمية</Unicode>
          </TextEquiv>
        </Word>
        <Word id="w121">
          <Coords points="312,826 370,826 370,899 312,899"/>
          <TextEquiv>
            <Unicode>لا</Unicode>
          </TextEquiv>
        </Word>
        <Word id="w122">
          <Coords points="223,831 298,831 298,921 223,921"/>
          <TextEquiv>
            <Unicode>محل</Unicode>
          </TextEquiv>
        </Word>
        <Word id="w123">
          <Coords points="127,824 224,824 224,892 127,892"/>
          <TextEquiv>
            <Unicode>لها</Unicode>
          </TextEquiv>
        </Word>
        <TextEquiv>
          <Unicode> مر فو عة محلا خبر ا لمبتد ا ء و هو معه جملة ا سمية لا محل لها</Unicode>
        </TextEquiv>
      </TextLine>
      <TextLine id="l7">
        <Coords points="113,949 1380,949 1380,1074 113,1074"/>
        <Word id="w124">
          <Coords points="1304,977 1379,977 1379,1042 1304,1042"/>
          <TextEquiv>
            <Unicode>بتد</Unicode>
          </TextEquiv>
        </Word>
        <Word id="w125">
          <Coords points="1293,955 1307,955 1307,1021 1293,1021"/>
          <TextEquiv>
            <Unicode>ا</Unicode>
          </TextEquiv>
        </Word>
        <Word id="w126">
          <Coords points="1201,960 1278,960 1278,1058 1201,1058"/>
          <TextEquiv>
            <Unicode>ئية</Unicode>
          </TextEquiv>
        </Word>
        <Word id="w127">
          <Coords points="1146,989 1181,989 1181,1031 1146,1031"/>
          <TextEquiv>
            <Unicode>و</Unicode>
          </TextEquiv>
        </Word>
        <Word id="w128">
          <Coords points="1108,965 1137,965 1137,1027 1108,1027"/>
          <TextEquiv>
            <Unicode>ذ</Unicode>
          </TextEquiv>
        </Word>
        <Word id="w129">
          <Coords points="1025,966 1104,966 1104,1054 1025,1054"/>
          <TextEquiv>
            <Unicode>نب</Unicode>
          </TextEquiv>
        </Word>
        <Word id="w130">
          <Coords points="884,963 1028,963 1028,1036 884,1036"/>
          <TextEquiv>
            <Unicode>منصو</Unicode>
          </TextEquiv>
        </Word>
        <Word id="w131">
          <Coords points="835,991 903,991 903,1044 835,1044"/>
          <TextEquiv>
            <Unicode>ب</Unicode>
          </TextEquiv>
        </Word>
        <Word id="w132">
          <Coords points="730,951 827,951 827,1029 730,1029"/>
          <TextEquiv>
            <Unicode>تقد</Unicode>
          </TextEquiv>
        </Word>
        <Word id="w133">
          <Coords points="678,991 735,991 735,1062 678,1062"/>
          <TextEquiv>
            <Unicode>ير</Unicode>
          </TextEquiv>
        </Word>
        <Word id="w134">
          <Coords points="665,949 696,949 696,1016 665,1016"/>
          <TextEquiv>
            <Unicode>ا</Unicode>
          </TextEquiv>
        </Word>
        <Word id="w135">
          <Coords points="560,985 658,985 658,1036 560,1036"/>
          <TextEquiv>
            <Unicode>عند</Unicode>
          </TextEquiv>
        </Word>
        <Word id="w136">
          <Coords points="546,957 563,957 563,1018 546,1018"/>
          <TextEquiv>
            <Unicode>ا</Unicode>
          </TextEquiv>
        </Word>
        <Word id="w137">
          <Coords points="431,969 538,969 538,1055 431,1055"/>
          <TextEquiv>
            <Unicode>لمص</Unicode>
          </TextEquiv>
        </Word>
        <Word id="w138">
          <Coords points="337,987 438,987 438,1073 337,1073"/>
          <TextEquiv>
            <Unicode>مبنى</Unicode>
          </TextEquiv>
        </Word>
        <Word id="w139">
          <Coords points="268,971 339,971 339,1060 268,1060"/>
          <TextEquiv>
            <Unicode>على</Unicode>
          </TextEquiv>
        </Word>
        <Word id="w140">
          <Coords points="259,976 270,976 270,1027 259,1027"/>
          <TextEquiv>
            <Unicode>ا</Unicode>
          </TextEquiv>
        </Word>
        <Word id="w141">
          <Coords points="140,980 167,980 167,1009 140,1009"/>
          <TextEquiv>
            <Unicode>ه</Unicode>
          </TextEquiv>
        </Word>
        <Word id="w142">
          <Coords points="113,957 272,957 272,1070 113,1070"/>
          <TextEquiv>
            <Unicode>لكسر</Unicode>
          </TextEquiv>
        </Word>
        <TextEquiv>
          <Unicode> بتد ا ئية و ذ نب منصو ب تقد ير ا عند ا لمص مبنى على ا ه لكسر</Unicode>
        </TextEquiv>
      </TextLine>
      <TextLine id="l8">
        <Coords points="90,1103 1400,1103 1400,1220 90,1220"/>
        <Word id="w143">
          <Coords points="1258,1123 1399,1123 1399,1194 1258,1194"/>
          <TextEquiv>
            <Unicode>منصو</Unicode>
          </TextEquiv>
        </Word>
        <Word id="w144">
          <Coords points="1196,1151 1262,1151 1262,1200 1196,1200"/>
          <TextEquiv>
            <Unicode>ب</Unicode>
          </TextEquiv>
        </Word>
        <Word id="w145">
          <Coords points="1110,1116 1198,1116 1198,1185 1110,1185"/>
          <TextEquiv>
            <Unicode>محلا</Unicode>
          </TextEquiv>
        </Word>
        <Word id="w146">
          <Coords points="1007,1127 1102,1127 1102,1187 1007,1187"/>
          <TextEquiv>
            <Unicode>عند</Unicode>
          </TextEquiv>
        </Word>
        <Word id="w147">
          <Coords points="990,1103 1005,1103 1005,1175 990,1175"/>
          <TextEquiv>
            <Unicode>ا</Unicode>
          </TextEquiv>
        </Word>
        <Word id="w148">
          <Coords points="923,1117 974,1117 974,1184 923,1184"/>
          <TextEquiv>
            <Unicode>لا</Unicode>
          </TextEquiv>
        </Word>
        <Word id="w149">
          <Coords points="874,1110 919,1110 919,1178 874,1178"/>
          <TextEquiv>
            <Unicode>ما</Unicode>
          </TextEquiv>
        </Word>
        <Word id="w150">
          <Coords points="807,1148 865,1148 865,1188 807,1188"/>
          <TextEquiv>
            <Unicode>م</Unicode>
          </TextEquiv>
        </Word>
        <Word id="w151">
          <Coords points="806,1107 820,1107 820,1171 806,1171"/>
          <TextEquiv>
            <Unicode>ا</Unicode>
          </TextEquiv>
        </Word>
        <Word id="w152">
          <Coords points="688,1114 800,1114 800,1211 688,1211"/>
          <TextEquiv>
            <Unicode>لمطر</Unicode>
          </TextEquiv>
        </Word>
        <Word id="w153">
          <Coords points="670,1116 707,1116 707,1188 670,1188"/>
          <TextEquiv>
            <Unicode>ر</Unicode>
          </TextEquiv>
        </Word>
        <Word id="w154">
          <Coords points="623,1134 667,1134 667,1188 623,1188"/>
          <TextEquiv>
            <Unicode>ى</Unicode>
          </TextEquiv>
        </Word>
        <Word id="w155">
          <Coords points="487,1121 617,1121 617,1209 487,1209"/>
          <TextEquiv>
            <Unicode>مفعو</Unicode>
          </TextEquiv>
        </Word>
        <Word id="w156">
          <Coords points="448,1113 488,1113 488,1184 448,1184"/>
          <TextEquiv>
            <Unicode>ل</Unicode>
          </TextEquiv>
        </Word>
        <Word id="w157">
          <Coords points="390,1140 434,1140 434,1201 390,1201"/>
          <TextEquiv>
            <Unicode>به</Unicode>
          </TextEquiv>
        </Word>
        <Word id="w158">
          <Coords points="235,1118 381,1118 381,1212 235,1212"/>
          <TextEquiv>
            <Unicode>ليغفر</Unicode>
          </TextEquiv>
        </Word>
        <Word id="w159">
          <Coords points="210,1149 253,1149 253,1200 210,1200"/>
          <TextEquiv>
            <Unicode>و</Unicode>
          </TextEquiv>
        </Word>
        <Word id="w160">
          <Coords points="206,1115 217,1115 217,1168 206,1168"/>
          <TextEquiv>
            <Unicode>ا</Unicode>
          </TextEquiv>
        </Word>
        <Word id="w161">
          <Coords points="90,1118 199,1118 199,1219 90,1219"/>
          <TextEquiv>
            <Unicode>لضمير</Unicode>
          </TextEquiv>
        </Word>
        <TextEquiv>
          <Unicode> منصو ب محلا عند ا لا ما م ا لمطر ر ى مفعو ل به ليغفر و ا لضمير</Unicode>
        </TextEquiv>
      </TextLine>
      <TextLine id="l9">
        <Coords points="119,1237 1405,1237 1405,1360 119,1360"/>
        <Word id="w162">
          <Coords points="1394,1258 1404,1258 1404,1324 1394,1324"/>
          <TextEquiv>
            <Unicode>ا</Unicode>
          </TextEquiv>
        </Word>
        <Word id="w163">
          <Coords points="1301,1258 1392,1258 1392,1359 1301,1359"/>
          <TextEquiv>
            <Unicode>لمجر</Unicode>
          </TextEquiv>
        </Word>
        <Word id="w164">
          <Coords points="1286,1296 1327,1296 1327,1344 1286,1344"/>
          <TextEquiv>
            <Unicode>و</Unicode>
          </TextEquiv>
        </Word>
        <Word id="w165">
          <Coords points="1254,1303 1283,1303 1283,1339 1254,1339"/>
          <TextEquiv>
            <Unicode>ر</Unicode>
          </TextEquiv>
        </Word>
        <Word id="w166">
          <Coords points="1147,1275 1255,1275 1255,1342 1147,1342"/>
          <TextEquiv>
            <Unicode>مبنى</Unicode>
          </TextEquiv>
        </Word>
        <Word id="w167">
          <Coords points="1090,1258 1168,1258 1168,1341 1090,1341"/>
          <TextEquiv>
            <Unicode>على</Unicode>
          </TextEquiv>
        </Word>
        <Word id="w168">
          <Coords points="1084,1256 1103,1256 1103,1314 1084,1314"/>
          <TextEquiv>
            <Unicode>ا</Unicode>
          </TextEquiv>
        </Word>
        <Word id="w169">
          <Coords points="933,1237 1079,1237 1079,1343 933,1343"/>
          <TextEquiv>
            <Unicode>لسكو</Unicode>
          </TextEquiv>
        </Word>
        <Word id="w170">
          <Coords points="895,1268 932,1268 932,1334 895,1334"/>
          <TextEquiv>
            <Unicode>ن</Unicode>
          </TextEquiv>
        </Word>
        <Word id="w171">
          <Coords points="804,1276 886,1276 886,1353 804,1353"/>
          <TextEquiv>
            <Unicode>مجر</Unicode>
          </TextEquiv>
        </Word>
        <Word id="w172">
          <Coords points="776,1291 813,1291 813,1350 776,1350"/>
          <TextEquiv>
            <Unicode>و</Unicode>
          </TextEquiv>
        </Word>
        <Word id="w173">
          <Coords points="737,1300 771,1300 771,1337 737,1337"/>
          <TextEquiv>
            <Unicode>ر</Unicode>
          </TextEquiv>
        </Word>
        <Word id="w174">
          <Coords points="656,1280 737,1280 737,1343 656,1343"/>
          <TextEquiv>
            <Unicode>محلا</Unicode>
          </TextEquiv>
        </Word>
        <Word id="w175">
          <Coords points="524,1258 638,1258 638,1346 524,1346"/>
          <TextEquiv>
            <Unicode>مضا</Unicode>
          </TextEquiv>
        </Word>
        <Word id="w176">
          <Coords points="461,1274 524,1274 524,1341 461,1341"/>
          <TextEquiv>
            <Unicode>ف</Unicode>
          </TextEquiv>
        </Word>
        <Word id="w177">
          <Coords points="451,1258 472,1258 472,1319 451,1319"/>
          <TextEquiv>
            <Unicode>ا</Unicode>
          </TextEquiv>
        </Word>
        <Word id="w178">
          <Coords points="372,1270 441,1270 441,1359 372,1359"/>
          <TextEquiv>
            <Unicode>ليه</Unicode>
          </TextEquiv>
        </Word>
        <Word id="w179">
          <Coords points="299,1266 357,1266 357,1343 299,1343"/>
          <TextEquiv>
            <Unicode>لذ</Unicode>
          </TextEquiv>
        </Word>
        <Word id="w180">
          <Coords points="211,1276 308,1276 308,1347 211,1347"/>
          <TextEquiv>
            <Unicode>نب</Unicode>
          </TextEquiv>
        </Word>
        <Word id="w181">
          <Coords points="125,1254 213,1254 213,1327 125,1327"/>
          <TextEquiv>
            <Unicode>هذ</Unicode>
          </TextEquiv>
        </Word>
        <Word id="w182">
          <Coords points="119,1249 127,1249 127,1311 119,1311"/>
          <TextEquiv>
            <Unicode>ا</Unicode>
          </TextEquiv>
        </Word>
        <TextEquiv>
          <Unicode> ا لمجر و ر مبنى على ا لسكو ن مجر و ر محلا مضا ف ا ليه لذ نب هذ ا</Unicode>
        </TextEquiv>
      </TextLine>
      <TextLine id="l10">
        <Coords points="106,1393 1404,1393 1404,1511 106,1511"/>
        <Word id="w183">
          <Coords points="1357,1444 1403,1444 1403,1497 1357,1497"/>
          <TextEquiv>
            <Unicode>و</Unicode>
          </TextEquiv>
        </Word>
        <Word id="w184">
          <Coords points="1323,1410 1363,1410 1363,1484 1323,1484"/>
          <TextEquiv>
            <Unicode>ما</Unicode>
          </TextEquiv>
        </Word>
        <Word id="w185">
          <Coords points="1280,1419 1312,1419 1312,1480 1280,1480"/>
          <TextEquiv>
            <Unicode>قا</Unicode>
          </TextEquiv>
        </Word>
        <Word id="w186">
          <Coords points="1224,1406 1272,1406 1272,1483 1224,1483"/>
          <TextEquiv>
            <Unicode>ل</Unicode>
          </TextEquiv>
        </Word>
        <Word id="w187">
          <Coords points="1081,1393 1101,1393 1101,1456 1081,1456"/>
          <TextEquiv>
            <Unicode>ا</Unicode>
          </TextEquiv>
        </Word>
        <Word id="w188">
          <Coords points="1081,1419 1230,1419 1230,1493 1081,1493"/>
          <TextEquiv>
            <Unicode>بعض</Unicode>
          </TextEquiv>
        </Word>
        <Word id="w189">
          <Coords points="976,1406 1069,1406 1069,1473 976,1473"/>
          <TextEquiv>
            <Unicode>لشا</Unicode>
          </TextEquiv>
        </Word>
        <Word id="w190">
          <Coords points="926,1444 959,1444 959,1480 926,1480"/>
          <TextEquiv>
            <Unicode>ر</Unicode>
          </TextEquiv>
        </Word>
        <Word id="w191">
          <Coords points="838,1415 931,1415 931,1503 838,1503"/>
          <TextEquiv>
            <Unicode>حين</Unicode>
          </TextEquiv>
        </Word>
        <Word id="w192">
          <Coords points="759,1420 835,1420 835,1494 759,1494"/>
          <TextEquiv>
            <Unicode>من</Unicode>
          </TextEquiv>
        </Word>
        <Word id="w193">
          <Coords points="751,1399 768,1399 768,1459 751,1459"/>
          <TextEquiv>
            <Unicode>ا</Unicode>
          </TextEquiv>
        </Word>
        <Word id="w194">
          <Coords points="705,1418 740,1418 740,1487 705,1487"/>
          <TextEquiv>
            <Unicode>ن</Unicode>
          </TextEquiv>
        </Word>
        <Word id="w195">
          <Coords points="601,1405 692,1405 692,1497 601,1497"/>
          <TextEquiv>
            <Unicode>لعل</Unicode>
          </TextEquiv>
        </Word>
        <Word id="w196">
          <Coords points="452,1420 599,1420 599,1503 452,1503"/>
          <TextEquiv>
            <Unicode>متعلق</Unicode>
          </TextEquiv>
        </Word>
        <Word id="w197">
          <Coords points="289,1415 445,1415 445,1510 289,1510"/>
          <TextEquiv>
            <Unicode>بيغفر</Unicode>
          </TextEquiv>
        </Word>
        <Word id="w198">
          <Coords points="170,1404 298,1404 298,1510 170,1510"/>
          <TextEquiv>
            <Unicode>فلعل</Unicode>
          </TextEquiv>
        </Word>
        <Word id="w199">
          <Coords points="160,1406 187,1406 187,1468 160,1468"/>
          <TextEquiv>
            <Unicode>ا</Unicode>
          </TextEquiv>
        </Word>
        <Word id="w200">
          <Coords points="106,1442 157,1442 157,1479 106,1479"/>
          <TextEquiv>
            <Unicode>لله</Unicode>
          </TextEquiv>
        </Word>
        <TextEquiv>
          <Unicode> و ما قا ل ا بعض لشا ر حين من ا ن لعل متعلق بيغفر فلعل ا لله</Unicode>
        </TextEquiv>
      </TextLine>
      <TextLine id="l11">
        <Coords points="107,1538 1416,1538 1416,1667 107,1667"/>
        <Word id="w201">
          <Coords points="1335,1538 1412,1538 1412,1584 1335,1584"/>
          <TextEquiv>
            <Unicode>لى</Unicode>
          </TextEquiv>
        </Word>
        <Word id="w202">
          <Coords points="1328,1546 1415,1546 1415,1625 1328,1625"/>
          <TextEquiv>
            <Unicode>تعا</Unicode>
          </TextEquiv>
        </Word>
        <Word id="w203">
          <Coords points="1268,1560 1315,1560 1315,1619 1268,1619"/>
          <TextEquiv>
            <Unicode>له</Unicode>
          </TextEquiv>
        </Word>
        <Word id="w204">
          <Coords points="1127,1557 1247,1557 1247,1634 1127,1634"/>
          <TextEquiv>
            <Unicode>يغفر</Unicode>
          </TextEquiv>
        </Word>
        <Word id="w205">
          <Coords points="1088,1562 1128,1562 1128,1624 1088,1624"/>
          <TextEquiv>
            <Unicode>لا</Unicode>
          </TextEquiv>
        </Word>
        <Word id="w206">
          <Coords points="1026,1573 1080,1573 1080,1622 1026,1622"/>
          <TextEquiv>
            <Unicode>نه</Unicode>
          </TextEquiv>
        </Word>
        <Word id="w207">
          <Coords points="967,1585 1009,1585 1009,1631 967,1631"/>
          <TextEquiv>
            <Unicode>و</Unicode>
          </TextEquiv>
        </Word>
        <Word id="w208">
          <Coords points="912,1557 1000,1557 1000,1666 912,1666"/>
          <TextEquiv>
            <Unicode>قع</Unicode>
          </TextEquiv>
        </Word>
        <Word id="w209">
          <Coords points="839,1565 892,1565 892,1647 839,1647"/>
          <TextEquiv>
            <Unicode>في</Unicode>
          </TextEquiv>
        </Word>
        <Word id="w210">
          <Coords points="829,1550 855,1550 855,1609 829,1609"/>
          <TextEquiv>
            <Unicode>ا</Unicode>
          </TextEquiv>
        </Word>
        <Word id="w211">
          <Coords points="758,1564 812,1564 812,1637 758,1637"/>
          <TextEquiv>
            <Unicode>لا</Unicode>
          </TextEquiv>
        </Word>
        <Word id="w212">
          <Coords points="692,1557 759,1557 759,1628 692,1628"/>
          <TextEquiv>
            <Unicode>سا</Unicode>
          </TextEquiv>
        </Word>
        <Word id="w213">
          <Coords points="644,1564 685,1564 685,1644 644,1644"/>
          <TextEquiv>
            <Unicode>ق</Unicode>
          </TextEquiv>
        </Word>
        <Word id="w214">
          <Coords points="606,1544 633,1544 633,1645 606,1645"/>
          <TextEquiv>
            <Unicode>با</Unicode>
          </TextEquiv>
        </Word>
        <Word id="w215">
          <Coords points="440,1561 582,1561 582,1629 440,1629"/>
          <TextEquiv>
            <Unicode>لفعلة</Unicode>
          </TextEquiv>
        </Word>
        <Word id="w216">
          <Coords points="350,1587 426,1587 426,1651 350,1651"/>
          <TextEquiv>
            <Unicode>عن</Unicode>
          </TextEquiv>
        </Word>
        <Word id="w217">
          <Coords points="280,1556 359,1556 359,1639 280,1639"/>
          <TextEquiv>
            <Unicode>كلا</Unicode>
          </TextEquiv>
        </Word>
        <Word id="w218">
          <Coords points="223,1554 249,1554 249,1613 223,1613"/>
          <TextEquiv>
            <Unicode>ا</Unicode>
          </TextEquiv>
        </Word>
        <Word id="w219">
          <Coords points="218,1604 267,1604 267,1641 218,1641"/>
          <TextEquiv>
            <Unicode>م</Unicode>
          </TextEquiv>
        </Word>
        <Word id="w220">
          <Coords points="107,1563 218,1563 218,1654 107,1654"/>
          <TextEquiv>
            <Unicode>لمص</Unicode>
          </TextEquiv>
        </Word>
        <TextEquiv>
          <Unicode> لى تعا له يغفر لا نه و قع في ا لا سا ق با لفعلة عن كلا ا م لمص</Unicode>
        </TextEquiv>
      </TextLine>
      <TextLine id="l12">
        <Coords points="90,1698 1403,1698 1403,1831 90,1831"/>
        <Word id="w221">
          <Coords points="1358,1699 1402,1699 1402,1778 1358,1778"/>
          <TextEquiv>
            <Unicode>فى</Unicode>
          </TextEquiv>
        </Word>
        <Word id="w222">
          <Coords points="1346,1700 1358,1700 1358,1755 1346,1755"/>
          <TextEquiv>
            <Unicode>ا</Unicode>
          </TextEquiv>
        </Word>
        <Word id="w223">
          <Coords points="1278,1710 1332,1710 1332,1779 1278,1779"/>
          <TextEquiv>
            <Unicode>لا</Unicode>
          </TextEquiv>
        </Word>
        <Word id="w224">
          <Coords points="1178,1704 1284,1704 1284,1791 1178,1791"/>
          <TextEquiv>
            <Unicode>ظها</Unicode>
          </TextEquiv>
        </Word>
        <Word id="w225">
          <Coords points="1127,1736 1162,1736 1162,1774 1127,1774"/>
          <TextEquiv>
            <Unicode>ر</Unicode>
          </TextEquiv>
        </Word>
        <Word id="w226">
          <Coords points="1040,1703 1123,1703 1123,1788 1040,1788"/>
          <TextEquiv>
            <Unicode>بعد</Unicode>
          </TextEquiv>
        </Word>
        <Word id="w227">
          <Coords points="1031,1698 1049,1698 1049,1756 1031,1756"/>
          <TextEquiv>
            <Unicode>ا</Unicode>
          </TextEquiv>
        </Word>
        <Word id="w228">
          <Coords points="923,1710 1018,1710 1018,1775 923,1775"/>
          <TextEquiv>
            <Unicode>لمطا</Unicode>
          </TextEquiv>
        </Word>
        <Word id="w229">
          <Coords points="821,1715 912,1715 912,1776 821,1776"/>
          <TextEquiv>
            <Unicode>لعة</Unicode>
          </TextEquiv>
        </Word>
        <Word id="w230">
          <Coords points="580,1746 642,1746 642,1797 580,1797"/>
          <TextEquiv>
            <Unicode>مر</Unicode>
          </TextEquiv>
        </Word>
        <Word id="w231">
          <Coords points="533,1719 584,1719 584,1791 533,1791"/>
          <TextEquiv>
            <Unicode>فو</Unicode>
          </TextEquiv>
        </Word>
        <Word id="w232">
          <Coords points="510,1726 589,1726 589,1830 510,1830"/>
          <TextEquiv>
            <Unicode>ع</Unicode>
          </TextEquiv>
        </Word>
        <Word id="w233">
          <Coords points="374,1713 485,1713 485,1787 374,1787"/>
          <TextEquiv>
            <Unicode>لفظا</Unicode>
          </TextEquiv>
        </Word>
        <Word id="w234">
          <Coords points="282,1709 349,1709 349,1801 282,1801"/>
          <TextEquiv>
            <Unicode>بعا</Unicode>
          </TextEquiv>
        </Word>
        <Word id="w235">
          <Coords points="205,1709 272,1709 272,1800 205,1800"/>
          <TextEquiv>
            <Unicode>مل</Unicode>
          </TextEquiv>
        </Word>
        <Word id="w236">
          <Coords points="103,1713 210,1713 210,1786 103,1786"/>
          <TextEquiv>
            <Unicode>معنو</Unicode>
          </TextEquiv>
        </Word>
        <Word id="w237">
          <Coords points="90,1705 139,1705 139,1759 90,1759"/>
          <TextEquiv>
            <Unicode>ى</Unicode>
          </TextEquiv>
        </Word>
        <TextEquiv>
          <Unicode> فى ا لا ظها ر بعد ا لمطا لعة مر فو ع لفظا بعا مل معنو ى</Unicode>
        </TextEquiv>
      </TextLine>
      <TextLine id="l13">
        <Coords points="120,1841 1397,1841 1397,1988 120,1988"/>
        <Word id="w238">
          <Coords points="1285,1869 1396,1869 1396,1931 1285,1931"/>
          <TextEquiv>
            <Unicode>مبتد</Unicode>
          </TextEquiv>
        </Word>
        <Word id="w239">
          <Coords points="1271,1841 1282,1841 1282,1897 1271,1897"/>
          <TextEquiv>
            <Unicode>ا</Unicode>
          </TextEquiv>
        </Word>
        <Word id="w240">
          <Coords points="1246,1891 1268,1891 1268,1915 1246,1915"/>
          <TextEquiv>
            <Unicode>ء</Unicode>
          </TextEquiv>
        </Word>
        <Word id="w241">
          <Coords points="997,1888 1059,1888 1059,1942 997,1942"/>
          <TextEquiv>
            <Unicode>مر</Unicode>
          </TextEquiv>
        </Word>
        <Word id="w242">
          <Coords points="955,1868 1002,1868 1002,1946 955,1946"/>
          <TextEquiv>
            <Unicode>فو</Unicode>
          </TextEquiv>
        </Word>
        <Word id="w243">
          <Coords points="921,1883 982,1883 982,1971 921,1971"/>
          <TextEquiv>
            <Unicode>ع</Unicode>
          </TextEquiv>
        </Word>
        <Word id="w244">
          <Coords points="808,1852 894,1852 894,1930 808,1930"/>
          <TextEquiv>
            <Unicode>تقد</Unicode>
          </TextEquiv>
        </Word>
        <Word id="w245">
          <Coords points="762,1890 811,1890 811,1964 762,1964"/>
          <TextEquiv>
            <Unicode>ير</Unicode>
          </TextEquiv>
        </Word>
        <Word id="w246">
          <Coords points="748,1860 770,1860 770,1923 748,1923"/>
          <TextEquiv>
            <Unicode>ا</Unicode>
          </TextEquiv>
        </Word>
        <Word id="w247">
          <Coords points="605,1865 734,1865 734,1938 605,1938"/>
          <TextEquiv>
            <Unicode>صفة</Unicode>
          </TextEquiv>
        </Word>
        <Word id="w248">
          <Coords points="574,1862 583,1862 583,1924 574,1924"/>
          <TextEquiv>
            <Unicode>ا</Unicode>
          </TextEquiv>
        </Word>
        <Word id="w249">
          <Coords points="473,1873 552,1873 552,1951 473,1951"/>
          <TextEquiv>
            <Unicode>لنو</Unicode>
          </TextEquiv>
        </Word>
        <Word id="w250">
          <Coords points="450,1884 548,1884 548,1987 450,1987"/>
          <TextEquiv>
            <Unicode>ع</Unicode>
          </TextEquiv>
        </Word>
        <Word id="w251">
          <Coords points="350,1898 426,1898 426,1957 350,1957"/>
          <TextEquiv>
            <Unicode>حر</Unicode>
          </TextEquiv>
        </Word>
        <Word id="w252">
          <Coords points="324,1893 361,1893 361,1950 324,1950"/>
          <TextEquiv>
            <Unicode>و</Unicode>
          </TextEquiv>
        </Word>
        <Word id="w253">
          <Coords points="264,1874 322,1874 322,1937 264,1937"/>
          <TextEquiv>
            <Unicode>ف</Unicode>
          </TextEquiv>
        </Word>
        <Word id="w254">
          <Coords points="208,1897 268,1897 268,1948 208,1948"/>
          <TextEquiv>
            <Unicode>مر</Unicode>
          </TextEquiv>
        </Word>
        <Word id="w255">
          <Coords points="167,1871 215,1871 215,1945 167,1945"/>
          <TextEquiv>
            <Unicode>فو</Unicode>
          </TextEquiv>
        </Word>
        <Word id="w256">
          <Coords points="120,1859 178,1859 178,1922 120,1922"/>
          <TextEquiv>
            <Unicode>عة</Unicode>
          </TextEquiv>
        </Word>
        <TextEquiv>
          <Unicode> مبتد ا ء مر فو ع تقد ير ا صفة ا لنو ع حر و ف مر فو عة</Unicode>
        </TextEquiv>
      </TextLine>
      <TextLine id="l14">
        <Coords points="127,2005 1398,2005 1398,2105 127,2105"/>
        <Word id="w257">
          <Coords points="1276,2009 1397,2009 1397,2080 1276,2080"/>
          <TextEquiv>
            <Unicode>لفظا</Unicode>
          </TextEquiv>
        </Word>
        <Word id="w258">
          <Coords points="1172,2011 1270,2011 1270,2089 1172,2089"/>
          <TextEquiv>
            <Unicode>خبر</Unicode>
          </TextEquiv>
        </Word>
        <Word id="w259">
          <Coords points="1149,2039 1170,2039 1170,2067 1149,2067"/>
          <TextEquiv>
            <Unicode>ه</Unicode>
          </TextEquiv>
        </Word>
        <Word id="w260">
          <Coords points="1078,2039 1126,2039 1126,2090 1078,2090"/>
          <TextEquiv>
            <Unicode>و</Unicode>
          </TextEquiv>
        </Word>
        <Word id="w261">
          <Coords points="986,2034 1082,2034 1082,2099 986,2099"/>
          <TextEquiv>
            <Unicode>هو</Unicode>
          </TextEquiv>
        </Word>
        <Word id="w262">
          <Coords points="892,2032 1001,2032 1001,2073 892,2073"/>
          <TextEquiv>
            <Unicode>معه</Unicode>
          </TextEquiv>
        </Word>
        <Word id="w263">
          <Coords points="749,2011 872,2011 872,2087 749,2087"/>
          <TextEquiv>
            <Unicode>جملة</Unicode>
          </TextEquiv>
        </Word>
        <Word id="w264">
          <Coords points="717,2009 729,2009 729,2064 717,2064"/>
          <TextEquiv>
            <Unicode>ا</Unicode>
          </TextEquiv>
        </Word>
        <Word id="w265">
          <Coords points="566,2016 697,2016 697,2082 566,2082"/>
          <TextEquiv>
            <Unicode>سمية</Unicode>
          </TextEquiv>
        </Word>
        <Word id="w266">
          <Coords points="484,2022 546,2022 546,2092 484,2092"/>
          <TextEquiv>
            <Unicode>لا</Unicode>
          </TextEquiv>
        </Word>
        <Word id="w267">
          <Coords points="398,2013 474,2013 474,2104 398,2104"/>
          <TextEquiv>
            <Unicode>محل</Unicode>
          </TextEquiv>
        </Word>
        <Word id="w268">
          <Coords points="326,2015 406,2015 406,2082 326,2082"/>
          <TextEquiv>
            <Unicode>لها</Unicode>
          </TextEquiv>
        </Word>
        <Word id="w269">
          <Coords points="305,2017 319,2017 319,2075 305,2075"/>
          <TextEquiv>
            <Unicode>ا</Unicode>
          </TextEquiv>
        </Word>
        <Word id="w270">
          <Coords points="222,2025 304,2025 304,2103 222,2103"/>
          <TextEquiv>
            <Unicode>بتد</Unicode>
          </TextEquiv>
        </Word>
        <Word id="w271">
          <Coords points="200,2005 229,2005 229,2067 200,2067"/>
          <TextEquiv>
            <Unicode>ا</Unicode>
          </TextEquiv>
        </Word>
        <Word id="w272">
          <Coords points="127,2017 194,2017 194,2101 127,2101"/>
          <TextEquiv>
            <Unicode>ئية</Unicode>
          </TextEquiv>
        </Word>
        <TextEquiv>
          <Unicode> لفظا خبر ه و هو معه جملة ا سمية لا محل لها ا بتد ا ئية</Unicode>
        </TextEquiv>
      </TextLine>
      <TextLine id="l15">
        <Coords points="111,2141 1397,2141 1397,2268 111,2268"/>
        <Word id="w273">
          <Coords points="1214,2149 1396,2149 1396,2232 1214,2232"/>
          <TextEquiv>
            <Unicode>تنصب</Unicode>
          </TextEquiv>
        </Word>
        <Word id="w274">
          <Coords points="1116,2150 1205,2150 1205,2246 1116,2246"/>
          <TextEquiv>
            <Unicode>فعل</Unicode>
          </TextEquiv>
        </Word>
        <Word id="w275">
          <Coords points="1010,2141 1118,2141 1118,2225 1010,2225"/>
          <TextEquiv>
            <Unicode>مضا</Unicode>
          </TextEquiv>
        </Word>
        <Word id="w276">
          <Coords points="971,2185 1001,2185 1001,2222 971,2222"/>
          <TextEquiv>
            <Unicode>ر</Unicode>
          </TextEquiv>
        </Word>
        <Word id="w277">
          <Coords points="938,2178 1005,2178 1005,2267 938,2267"/>
          <TextEquiv>
            <Unicode>ع</Unicode>
          </TextEquiv>
        </Word>
        <Word id="w278">
          <Coords points="865,2185 919,2185 919,2243 865,2243"/>
          <TextEquiv>
            <Unicode>مر</Unicode>
          </TextEquiv>
        </Word>
        <Word id="w279">
          <Coords points="816,2154 868,2154 868,2241 816,2241"/>
          <TextEquiv>
            <Unicode>فو</Unicode>
          </TextEquiv>
        </Word>
        <Word id="w280">
          <Coords points="791,2175 858,2175 858,2266 791,2266"/>
          <TextEquiv>
            <Unicode>ع</Unicode>
          </TextEquiv>
        </Word>
        <Word id="w281">
          <Coords points="661,2152 771,2152 771,2222 661,2222"/>
          <TextEquiv>
            <Unicode>لفظا</Unicode>
          </TextEquiv>
        </Word>
        <Word id="w282">
          <Coords points="585,2147 650,2147 650,2241 585,2241"/>
          <TextEquiv>
            <Unicode>بعا</Unicode>
          </TextEquiv>
        </Word>
        <Word id="w283">
          <Coords points="510,2145 582,2145 582,2238 510,2238"/>
          <TextEquiv>
            <Unicode>مل</Unicode>
          </TextEquiv>
        </Word>
        <Word id="w284">
          <Coords points="393,2170 511,2170 511,2239 393,2239"/>
          <TextEquiv>
            <Unicode>معنو</Unicode>
          </TextEquiv>
        </Word>
        <Word id="w285">
          <Coords points="355,2169 403,2169 403,2230 355,2230"/>
          <TextEquiv>
            <Unicode>ى</Unicode>
          </TextEquiv>
        </Word>
        <Word id="w286">
          <Coords points="295,2174 343,2174 343,2229 295,2229"/>
          <TextEquiv>
            <Unicode>و</Unicode>
          </TextEquiv>
        </Word>
        <Word id="w287">
          <Coords points="195,2142 305,2142 305,2221 195,2221"/>
          <TextEquiv>
            <Unicode>تحته</Unicode>
          </TextEquiv>
        </Word>
        <Word id="w288">
          <Coords points="111,2177 176,2177 176,2234 111,2234"/>
          <TextEquiv>
            <Unicode>هى</Unicode>
          </TextEquiv>
        </Word>
        <TextEquiv>
          <Unicode> تنصب فعل مضا ر ع مر فو ع لفظا بعا مل معنو ى و تحته هى</Unicode>
        </TextEquiv>
      </TextLine>
      <TextLine id="l16">
        <Coords points="111,2287 1392,2287 1392,2425 111,2425"/>
        <Word id="w289">
          <Coords points="1349,2331 1391,2331 1391,2369 1349,2369"/>
          <TextEquiv>
            <Unicode>ر</Unicode>
          </TextEquiv>
        </Word>
        <Word id="w290">
          <Coords points="1348,2287 1361,2287 1361,2342 1348,2342"/>
          <TextEquiv>
            <Unicode>ا</Unicode>
          </TextEquiv>
        </Word>
        <Word id="w291">
          <Coords points="1253,2329 1348,2329 1348,2394 1253,2394"/>
          <TextEquiv>
            <Unicode>جع</Unicode>
          </TextEquiv>
        </Word>
        <Word id="w292">
          <Coords points="1246,2298 1258,2298 1258,2356 1246,2356"/>
          <TextEquiv>
            <Unicode>ا</Unicode>
          </TextEquiv>
        </Word>
        <Word id="w293">
          <Coords points="1188,2301 1239,2301 1239,2378 1188,2378"/>
          <TextEquiv>
            <Unicode>لى</Unicode>
          </TextEquiv>
        </Word>
        <Word id="w294">
          <Coords points="1186,2293 1203,2293 1203,2347 1186,2347"/>
          <TextEquiv>
            <Unicode>ا</Unicode>
          </TextEquiv>
        </Word>
        <Word id="w295">
          <Coords points="1105,2294 1176,2294 1176,2386 1105,2386"/>
          <TextEquiv>
            <Unicode>لحر</Unicode>
          </TextEquiv>
        </Word>
        <Word id="w296">
          <Coords points="1076,2334 1110,2334 1110,2375 1076,2375"/>
          <TextEquiv>
            <Unicode>و</Unicode>
          </TextEquiv>
        </Word>
        <Word id="w297">
          <Coords points="1008,2307 1081,2307 1081,2373 1008,2373"/>
          <TextEquiv>
            <Unicode>ف</Unicode>
          </TextEquiv>
        </Word>
        <Word id="w298">
          <Coords points="912,2306 1020,2306 1020,2390 912,2390"/>
          <TextEquiv>
            <Unicode>مبنى</Unicode>
          </TextEquiv>
        </Word>
        <Word id="w299">
          <Coords points="840,2300 908,2300 908,2391 840,2391"/>
          <TextEquiv>
            <Unicode>على</Unicode>
          </TextEquiv>
        </Word>
        <Word id="w300">
          <Coords points="826,2296 848,2296 848,2370 826,2370"/>
          <TextEquiv>
            <Unicode>ا</Unicode>
          </TextEquiv>
        </Word>
        <Word id="w301">
          <Coords points="725,2306 812,2306 812,2422 725,2422"/>
          <TextEquiv>
            <Unicode>لفتح</Unicode>
          </TextEquiv>
        </Word>
        <Word id="w302">
          <Coords points="666,2342 728,2342 728,2391 666,2391"/>
          <TextEquiv>
            <Unicode>مر</Unicode>
          </TextEquiv>
        </Word>
        <Word id="w303">
          <Coords points="621,2309 672,2309 672,2386 621,2386"/>
          <TextEquiv>
            <Unicode>فو</Unicode>
          </TextEquiv>
        </Word>
        <Word id="w304">
          <Coords points="595,2324 664,2324 664,2424 595,2424"/>
          <TextEquiv>
            <Unicode>ع</Unicode>
          </TextEquiv>
        </Word>
        <Word id="w305">
          <Coords points="487,2317 576,2317 576,2380 487,2380"/>
          <TextEquiv>
            <Unicode>محلا</Unicode>
          </TextEquiv>
        </Word>
        <Word id="w306">
          <Coords points="428,2308 468,2308 468,2376 428,2376"/>
          <TextEquiv>
            <Unicode>فا</Unicode>
          </TextEquiv>
        </Word>
        <Word id="w307">
          <Coords points="336,2303 419,2303 419,2383 336,2383"/>
          <TextEquiv>
            <Unicode>عله</Unicode>
          </TextEquiv>
        </Word>
        <Word id="w308">
          <Coords points="265,2334 311,2334 311,2379 265,2379"/>
          <TextEquiv>
            <Unicode>و</Unicode>
          </TextEquiv>
        </Word>
        <Word id="w309">
          <Coords points="179,2331 271,2331 271,2387 179,2387"/>
          <TextEquiv>
            <Unicode>هو</Unicode>
          </TextEquiv>
        </Word>
        <Word id="w310">
          <Coords points="111,2318 209,2318 209,2363 111,2363"/>
          <TextEquiv>
            <Unicode>معه</Unicode>
          </TextEquiv>
        </Word>
        <TextEquiv>
          <Unicode> ر ا جع ا لى ا لحر و ف مبنى على ا لفتح مر فو ع محلا فا عله و هو معه</Unicode>
        </TextEquiv>
      </TextLine>
      <TextLine id="l17">
        <Coords points="72,2406 1392,2406 1392,2558 72,2558"/>
        <Word id="w311">
          <Coords points="1295,2451 1391,2451 1391,2538 1295,2538"/>
          <TextEquiv>
            <Unicode>جملة</Unicode>
          </TextEquiv>
        </Word>
        <Word id="w312">
          <Coords points="1147,2440 1285,2440 1285,2540 1147,2540"/>
          <TextEquiv>
            <Unicode>فعلية</Unicode>
          </TextEquiv>
        </Word>
        <Word id="w313">
          <Coords points="1073,2475 1137,2475 1137,2533 1073,2533"/>
          <TextEquiv>
            <Unicode>مر</Unicode>
          </TextEquiv>
        </Word>
        <Word id="w314">
          <Coords points="1024,2451 1082,2451 1082,2535 1024,2535"/>
          <TextEquiv>
            <Unicode>فو</Unicode>
          </TextEquiv>
        </Word>
        <Word id="w315">
          <Coords points="971,2443 1035,2443 1035,2516 971,2516"/>
          <TextEquiv>
            <Unicode>عة</Unicode>
          </TextEquiv>
        </Word>
        <Word id="w316">
          <Coords points="861,2468 949,2468 949,2530 861,2530"/>
          <TextEquiv>
            <Unicode>محلا</Unicode>
          </TextEquiv>
        </Word>
        <Word id="w317">
          <Coords points="715,2450 843,2450 843,2523 715,2523"/>
          <TextEquiv>
            <Unicode>صفة</Unicode>
          </TextEquiv>
        </Word>
        <Word id="w318">
          <Coords points="686,2454 706,2454 706,2518 686,2518"/>
          <TextEquiv>
            <Unicode>ا</Unicode>
          </TextEquiv>
        </Word>
        <Word id="w319">
          <Coords points="606,2454 684,2454 684,2556 606,2556"/>
          <TextEquiv>
            <Unicode>لحر</Unicode>
          </TextEquiv>
        </Word>
        <Word id="w320">
          <Coords points="576,2490 622,2490 622,2538 576,2538"/>
          <TextEquiv>
            <Unicode>و</Unicode>
          </TextEquiv>
        </Word>
        <Word id="w321">
          <Coords points="525,2459 598,2459 598,2525 525,2525"/>
          <TextEquiv>
            <Unicode>ف</Unicode>
          </TextEquiv>
        </Word>
        <Word id="w322">
          <Coords points="510,2447 530,2447 530,2503 510,2503"/>
          <TextEquiv>
            <Unicode>ا</Unicode>
          </TextEquiv>
        </Word>
        <Word id="w323">
          <Coords points="468,2489 504,2489 504,2537 468,2537"/>
          <TextEquiv>
            <Unicode>و</Unicode>
          </TextEquiv>
        </Word>
        <Word id="w324">
          <Coords points="413,2455 468,2455 468,2534 413,2534"/>
          <TextEquiv>
            <Unicode>لا</Unicode>
          </TextEquiv>
        </Word>
        <Word id="w325">
          <Coords points="331,2453 407,2453 407,2545 331,2545"/>
          <TextEquiv>
            <Unicode>محل</Unicode>
          </TextEquiv>
        </Word>
        <Word id="w326">
          <Coords points="257,2452 329,2452 329,2524 257,2524"/>
          <TextEquiv>
            <Unicode>لها</Unicode>
          </TextEquiv>
        </Word>
        <Word id="w327">
          <Coords points="230,2463 249,2463 249,2526 230,2526"/>
          <TextEquiv>
            <Unicode>ا</Unicode>
          </TextEquiv>
        </Word>
        <Word id="w328">
          <Coords points="114,2471 223,2471 223,2557 114,2557"/>
          <TextEquiv>
            <Unicode>ستينا</Unicode>
          </TextEquiv>
        </Word>
        <Word id="w329">
          <Coords points="72,2406 155,2406 155,2515 72,2515"/>
          <TextEquiv>
            <Unicode>فية</Unicode>
          </TextEquiv>
        </Word>
        <TextEquiv>
          <Unicode> جملة فعلية مر فو عة محلا صفة ا لحر و ف ا و لا محل لها ا ستينا فية</Unicode>
        </TextEquiv>
      </TextLine>
      <TextLine id="l18">
        <Coords points="120,2578 1408,2578 1408,2708 120,2708"/>
        <Word id="w330">
          <Coords points="1380,2598 1407,2598 1407,2665 1380,2665"/>
          <TextEquiv>
            <Unicode>ا</Unicode>
          </TextEquiv>
        </Word>
        <Word id="w331">
          <Coords points="1318,2609 1368,2609 1368,2676 1318,2676"/>
          <TextEquiv>
            <Unicode>لا</Unicode>
          </TextEquiv>
        </Word>
        <Word id="w332">
          <Coords points="1261,2638 1315,2638 1315,2707 1261,2707"/>
          <TextEquiv>
            <Unicode>سم</Unicode>
          </TextEquiv>
        </Word>
        <Word id="w333">
          <Coords points="1122,2607 1257,2607 1257,2684 1122,2684"/>
          <TextEquiv>
            <Unicode>منصو</Unicode>
          </TextEquiv>
        </Word>
        <Word id="w334">
          <Coords points="1064,2623 1126,2623 1126,2684 1064,2684"/>
          <TextEquiv>
            <Unicode>ب</Unicode>
          </TextEquiv>
        </Word>
        <Word id="w335">
          <Coords points="935,2591 1042,2591 1042,2663 935,2663"/>
          <TextEquiv>
            <Unicode>لفظا</Unicode>
          </TextEquiv>
        </Word>
        <Word id="w336">
          <Coords points="786,2608 921,2608 921,2683 786,2683"/>
          <TextEquiv>
            <Unicode>مفعو</Unicode>
          </TextEquiv>
        </Word>
        <Word id="w337">
          <Coords points="751,2597 789,2597 789,2670 751,2670"/>
          <TextEquiv>
            <Unicode>ل</Unicode>
          </TextEquiv>
        </Word>
        <Word id="w338">
          <Coords points="686,2623 734,2623 734,2682 686,2682"/>
          <TextEquiv>
            <Unicode>به</Unicode>
          </TextEquiv>
        </Word>
        <Word id="w339">
          <Coords points="490,2604 659,2604 659,2689 490,2689"/>
          <TextEquiv>
            <Unicode>لتنصب</Unicode>
          </TextEquiv>
        </Word>
        <Word id="w340">
          <Coords points="441,2626 474,2626 474,2671 441,2671"/>
          <TextEquiv>
            <Unicode>و</Unicode>
          </TextEquiv>
        </Word>
        <Word id="w341">
          <Coords points="397,2579 436,2579 436,2660 397,2660"/>
          <TextEquiv>
            <Unicode>عا</Unicode>
          </TextEquiv>
        </Word>
        <Word id="w342">
          <Coords points="263,2578 389,2578 389,2661 263,2661"/>
          <TextEquiv>
            <Unicode>طفة</Unicode>
          </TextEquiv>
        </Word>
        <Word id="w343">
          <Coords points="184,2610 238,2610 238,2677 184,2677"/>
          <TextEquiv>
            <Unicode>تر</Unicode>
          </TextEquiv>
        </Word>
        <Word id="w344">
          <Coords points="120,2599 175,2599 175,2691 120,2691"/>
          <TextEquiv>
            <Unicode>فع</Unicode>
          </TextEquiv>
        </Word>
        <TextEquiv>
          <Unicode> ا لا سم منصو ب لفظا مفعو ل به لتنصب و عا طفة تر فع</Unicode>
        </TextEquiv>
      </TextLine>
      <TextLine id="l19">
        <Coords points="120,2722 1396,2722 1396,2852 120,2852"/>
        <Word id="w345">
          <Coords points="1293,2730 1395,2730 1395,2826 1293,2826"/>
          <TextEquiv>
            <Unicode>فعل</Unicode>
          </TextEquiv>
        </Word>
        <Word id="w346">
          <Coords points="1194,2730 1302,2730 1302,2804 1194,2804"/>
          <TextEquiv>
            <Unicode>مضا</Unicode>
          </TextEquiv>
        </Word>
        <Word id="w347">
          <Coords points="1126,2768 1202,2768 1202,2851 1126,2851"/>
          <TextEquiv>
            <Unicode>ع</Unicode>
          </TextEquiv>
        </Word>
        <Word id="w348">
          <Coords points="1059,2771 1116,2771 1116,2825 1059,2825"/>
          <TextEquiv>
            <Unicode>مر</Unicode>
          </TextEquiv>
        </Word>
        <Word id="w349">
          <Coords points="1005,2736 1066,2736 1066,2820 1005,2820"/>
          <TextEquiv>
            <Unicode>فو</Unicode>
          </TextEquiv>
        </Word>
        <Word id="w350">
          <Coords points="988,2765 1055,2765 1055,2849 988,2849"/>
          <TextEquiv>
            <Unicode>ع</Unicode>
          </TextEquiv>
        </Word>
        <Word id="w351">
          <Coords points="846,2744 967,2744 967,2817 846,2817"/>
          <TextEquiv>
            <Unicode>لفظا</Unicode>
          </TextEquiv>
        </Word>
        <Word id="w352">
          <Coords points="769,2736 832,2736 832,2822 769,2822"/>
          <TextEquiv>
            <Unicode>بعا</Unicode>
          </TextEquiv>
        </Word>
        <Word id="w353">
          <Coords points="689,2732 757,2732 757,2821 689,2821"/>
          <TextEquiv>
            <Unicode>مل</Unicode>
          </TextEquiv>
        </Word>
        <Word id="w354">
          <Coords points="574,2746 696,2746 696,2824 574,2824"/>
          <TextEquiv>
            <Unicode>معنو</Unicode>
          </TextEquiv>
        </Word>
        <Word id="w355">
          <Coords points="538,2754 590,2754 590,2816 538,2816"/>
          <TextEquiv>
            <Unicode>ى</Unicode>
          </TextEquiv>
        </Word>
        <Word id="w356">
          <Coords points="482,2767 519,2767 519,2817 482,2817"/>
          <TextEquiv>
            <Unicode>و</Unicode>
          </TextEquiv>
        </Word>
        <Word id="w357">
          <Coords points="450,2738 480,2738 480,2805 450,2805"/>
          <TextEquiv>
            <Unicode>فا</Unicode>
          </TextEquiv>
        </Word>
        <Word id="w358">
          <Coords points="359,2732 437,2732 437,2808 359,2808"/>
          <TextEquiv>
            <Unicode>عله</Unicode>
          </TextEquiv>
        </Word>
        <Word id="w359">
          <Coords points="234,2722 342,2722 342,2804 234,2804"/>
          <TextEquiv>
            <Unicode>تحته</Unicode>
          </TextEquiv>
        </Word>
        <Word id="w360">
          <Coords points="120,2763 214,2763 214,2824 120,2824"/>
          <TextEquiv>
            <Unicode>هى</Unicode>
          </TextEquiv>
        </Word>
        <TextEquiv>
          <Unicode> فعل مضا ع مر فو ع لفظا بعا مل معنو ى و فا عله تحته هى</Unicode>
        </TextEquiv>
      </TextLine>
    </TextRegion>
  </Page>
</PcGts>
