<?xml version='1.0' encoding='utf-8'?>
<PcGts xmlns:xsi="http://www.w3.org/2001/XMLSchema-instance" xmlns="http://schema.primaresearch.org/PAGE/gts/pagecontent/2019-07-15" xsi:schemaLocation="http://schema.primaresearch.org/PAGE/gts/pagecontent/2019-07-15 http://schema.primaresearch.org/PAGE/gts/pagecontent/2019-07-15/pagecontent.xsd" pcGtsId="pc-aletheiaexamplepage">
  <Metadata>
    <Creator>PRImA Research Lab</Creator>
    <Created>2015-07-17T15:27:13</Created>
    <LastChange>2017-07-14T10:03:33</LastChange>
    <Comments>Example Page</Comments>
  </Metadata>
  <Page imageFilename="3368132/_0021-2.png" imageWidth="1425" imageHeight="2955">
    <TextRegion id="r0" type="paragraph">
      <Coords points="1,1 1423,1 1423,2953 1,2953"/>
      <TextLine id="l0">
        <Coords points="142,122 1384,122 1384,238 142,238"/>
        <Word id="w0">
          <Coords points="1267,145 1383,145 1383,209 1267,209"/>
          <TextEquiv>
            <Unicode>جملة</Unicode>
          </TextEquiv>
        </Word>
        <Word id="w1">
          <Coords points="1115,131 1245,131 1245,237 1115,237"/>
          <TextEquiv>
            <Unicode>فعلية</Unicode>
          </TextEquiv>
        </Word>
        <Word id="w2">
          <Coords points="1045,123 1104,123 1104,207 1045,207"/>
          <TextEquiv>
            <Unicode>لا</Unicode>
          </TextEquiv>
        </Word>
        <Word id="w3">
          <Coords points="966,139 1044,139 1044,220 966,220"/>
          <TextEquiv>
            <Unicode>محل</Unicode>
          </TextEquiv>
        </Word>
        <Word id="w4">
          <Coords points="903,126 969,126 969,208 903,208"/>
          <TextEquiv>
            <Unicode>لها</Unicode>
          </TextEquiv>
        </Word>
        <Word id="w5">
          <Coords points="875,138 888,138 888,189 875,189"/>
          <TextEquiv>
            <Unicode>ا</Unicode>
          </TextEquiv>
        </Word>
        <Word id="w6">
          <Coords points="790,143 865,143 865,220 790,220"/>
          <TextEquiv>
            <Unicode>بتد</Unicode>
          </TextEquiv>
        </Word>
        <Word id="w7">
          <Coords points="775,122 785,122 785,174 775,174"/>
          <TextEquiv>
            <Unicode>ا</Unicode>
          </TextEquiv>
        </Word>
        <Word id="w8">
          <Coords points="690,129 761,129 761,222 690,222"/>
          <TextEquiv>
            <Unicode>ئية</Unicode>
          </TextEquiv>
        </Word>
        <Word id="w9">
          <Coords points="632,158 670,158 670,208 632,208"/>
          <TextEquiv>
            <Unicode>و</Unicode>
          </TextEquiv>
        </Word>
        <Word id="w10">
          <Coords points="587,127 635,127 635,201 587,201"/>
          <TextEquiv>
            <Unicode>لا</Unicode>
          </TextEquiv>
        </Word>
        <Word id="w11">
          <Coords points="527,162 591,162 591,205 527,205"/>
          <TextEquiv>
            <Unicode>حر</Unicode>
          </TextEquiv>
        </Word>
        <Word id="w12">
          <Coords points="475,140 531,140 531,199 475,199"/>
          <TextEquiv>
            <Unicode>ف</Unicode>
          </TextEquiv>
        </Word>
        <Word id="w13">
          <Coords points="406,159 485,159 485,209 406,209"/>
          <TextEquiv>
            <Unicode>جر</Unicode>
          </TextEquiv>
        </Word>
        <Word id="w14">
          <Coords points="267,129 421,129 421,212 267,212"/>
          <TextEquiv>
            <Unicode>متعلق</Unicode>
          </TextEquiv>
        </Word>
        <Word id="w15">
          <Coords points="142,124 258,124 258,205 142,205"/>
          <TextEquiv>
            <Unicode>بتبت</Unicode>
          </TextEquiv>
        </Word>
        <TextEquiv>
          <Unicode> جملة فعلية لا محل لها ا بتد ا ئية و لا حر ف جر متعلق بتبت</Unicode>
        </TextEquiv>
      </TextLine>
      <TextLine id="l1">
        <Coords points="114,256 1391,256 1391,372 114,372"/>
        <Word id="w16">
          <Coords points="1347,315 1390,315 1390,357 1347,357"/>
          <TextEquiv>
            <Unicode>و</Unicode>
          </TextEquiv>
        </Word>
        <Word id="w17">
          <Coords points="1245,274 1357,274 1357,345 1245,345"/>
          <TextEquiv>
            <Unicode>لفظة</Unicode>
          </TextEquiv>
        </Word>
        <Word id="w18">
          <Coords points="1218,277 1229,277 1229,340 1218,340"/>
          <TextEquiv>
            <Unicode>ا</Unicode>
          </TextEquiv>
        </Word>
        <Word id="w19">
          <Coords points="1118,276 1211,276 1211,342 1118,342"/>
          <TextEquiv>
            <Unicode>لحلا</Unicode>
          </TextEquiv>
        </Word>
        <Word id="w20">
          <Coords points="1070,283 1108,283 1108,337 1070,337"/>
          <TextEquiv>
            <Unicode>له</Unicode>
          </TextEquiv>
        </Word>
        <Word id="w21">
          <Coords points="982,296 1049,296 1049,363 982,363"/>
          <TextEquiv>
            <Unicode>مجر</Unicode>
          </TextEquiv>
        </Word>
        <Word id="w22">
          <Coords points="926,315 953,315 953,348 926,348"/>
          <TextEquiv>
            <Unicode>ر</Unicode>
          </TextEquiv>
        </Word>
        <Word id="w23">
          <Coords points="900,280 929,280 929,337 900,337"/>
          <TextEquiv>
            <Unicode>ة</Unicode>
          </TextEquiv>
        </Word>
        <Word id="w24">
          <Coords points="834,301 878,301 878,352 834,352"/>
          <TextEquiv>
            <Unicode>به</Unicode>
          </TextEquiv>
        </Word>
        <Word id="w25">
          <Coords points="709,274 811,274 811,339 709,339"/>
          <TextEquiv>
            <Unicode>لفظا</Unicode>
          </TextEquiv>
        </Word>
        <Word id="w26">
          <Coords points="660,305 699,305 699,347 660,347"/>
          <TextEquiv>
            <Unicode>و</Unicode>
          </TextEquiv>
        </Word>
        <Word id="w27">
          <Coords points="584,274 662,274 662,356 584,356"/>
          <TextEquiv>
            <Unicode>محل</Unicode>
          </TextEquiv>
        </Word>
        <Word id="w28">
          <Coords points="571,271 582,271 582,331 571,331"/>
          <TextEquiv>
            <Unicode>ا</Unicode>
          </TextEquiv>
        </Word>
        <Word id="w29">
          <Coords points="494,277 569,277 569,371 494,371"/>
          <TextEquiv>
            <Unicode>لمجر</Unicode>
          </TextEquiv>
        </Word>
        <Word id="w30">
          <Coords points="476,306 512,306 512,363 476,363"/>
          <TextEquiv>
            <Unicode>ر</Unicode>
          </TextEquiv>
        </Word>
        <Word id="w31">
          <Coords points="448,309 476,309 476,347 448,347"/>
          <TextEquiv>
            <Unicode>ر</Unicode>
          </TextEquiv>
        </Word>
        <Word id="w32">
          <Coords points="322,281 445,281 445,363 322,363"/>
          <TextEquiv>
            <Unicode>نصب</Unicode>
          </TextEquiv>
        </Word>
        <Word id="w33">
          <Coords points="202,259 328,259 328,348 202,348"/>
          <TextEquiv>
            <Unicode>مفعو</Unicode>
          </TextEquiv>
        </Word>
        <Word id="w34">
          <Coords points="172,256 216,256 216,326 172,326"/>
          <TextEquiv>
            <Unicode>ل</Unicode>
          </TextEquiv>
        </Word>
        <Word id="w35">
          <Coords points="114,295 153,295 153,349 114,349"/>
          <TextEquiv>
            <Unicode>به</Unicode>
          </TextEquiv>
        </Word>
        <TextEquiv>
          <Unicode> و لفظة ا لحلا له مجر ر ة به لفظا و محل ا لمجر ر ر نصب مفعو ل به</Unicode>
        </TextEquiv>
      </TextLine>
      <TextLine id="l2">
        <Coords points="102,410 1384,410 1384,536 102,536"/>
        <Word id="w36">
          <Coords points="1295,418 1383,418 1383,507 1295,507"/>
          <TextEquiv>
            <Unicode>غير</Unicode>
          </TextEquiv>
        </Word>
        <Word id="w37">
          <Coords points="1225,437 1302,437 1302,505 1225,505"/>
          <TextEquiv>
            <Unicode>صر</Unicode>
          </TextEquiv>
        </Word>
        <Word id="w38">
          <Coords points="1179,433 1264,433 1264,535 1179,535"/>
          <TextEquiv>
            <Unicode>يح</Unicode>
          </TextEquiv>
        </Word>
        <Word id="w39">
          <Coords points="1048,428 1163,428 1163,502 1048,502"/>
          <TextEquiv>
            <Unicode>لتبت</Unicode>
          </TextEquiv>
        </Word>
        <Word id="w40">
          <Coords points="997,461 1031,461 1031,501 997,501"/>
          <TextEquiv>
            <Unicode>و</Unicode>
          </TextEquiv>
        </Word>
        <Word id="w41">
          <Coords points="933,417 1029,417 1029,456 933,456"/>
          <TextEquiv>
            <Unicode>لى</Unicode>
          </TextEquiv>
        </Word>
        <Word id="w42">
          <Coords points="924,412 1000,412 1000,494 924,494"/>
          <TextEquiv>
            <Unicode>تعا</Unicode>
          </TextEquiv>
        </Word>
        <Word id="w43">
          <Coords points="855,419 867,419 867,478 855,478"/>
          <TextEquiv>
            <Unicode>ا</Unicode>
          </TextEquiv>
        </Word>
        <Word id="w44">
          <Coords points="847,467 916,467 916,521 847,521"/>
          <TextEquiv>
            <Unicode>مر</Unicode>
          </TextEquiv>
        </Word>
        <Word id="w45">
          <Coords points="787,426 797,426 797,483 787,483"/>
          <TextEquiv>
            <Unicode>ا</Unicode>
          </TextEquiv>
        </Word>
        <Word id="w46">
          <Coords points="781,461 846,461 846,515 781,515"/>
          <TextEquiv>
            <Unicode>عر</Unicode>
          </TextEquiv>
        </Word>
        <Word id="w47">
          <Coords points="727,448 767,448 767,507 727,507"/>
          <TextEquiv>
            <Unicode>به</Unicode>
          </TextEquiv>
        </Word>
        <Word id="w48">
          <Coords points="665,461 708,461 708,503 665,503"/>
          <TextEquiv>
            <Unicode>و</Unicode>
          </TextEquiv>
        </Word>
        <Word id="w49">
          <Coords points="628,420 670,420 670,487 628,487"/>
          <TextEquiv>
            <Unicode>عا</Unicode>
          </TextEquiv>
        </Word>
        <Word id="w50">
          <Coords points="514,410 618,410 618,492 514,492"/>
          <TextEquiv>
            <Unicode>طفة</Unicode>
          </TextEquiv>
        </Word>
        <Word id="w51">
          <Coords points="485,419 494,419 494,487 485,487"/>
          <TextEquiv>
            <Unicode>ا</Unicode>
          </TextEquiv>
        </Word>
        <Word id="w52">
          <Coords points="428,427 473,427 473,506 428,506"/>
          <TextEquiv>
            <Unicode>لر</Unicode>
          </TextEquiv>
        </Word>
        <Word id="w53">
          <Coords points="417,417 439,417 439,469 417,469"/>
          <TextEquiv>
            <Unicode>ا</Unicode>
          </TextEquiv>
        </Word>
        <Word id="w54">
          <Coords points="356,445 411,445 411,525 356,525"/>
          <TextEquiv>
            <Unicode>بع</Unicode>
          </TextEquiv>
        </Word>
        <Word id="w55">
          <Coords points="289,457 359,457 359,511 289,511"/>
          <TextEquiv>
            <Unicode>مر</Unicode>
          </TextEquiv>
        </Word>
        <Word id="w56">
          <Coords points="251,419 305,419 305,504 251,504"/>
          <TextEquiv>
            <Unicode>فو</Unicode>
          </TextEquiv>
        </Word>
        <Word id="w57">
          <Coords points="223,448 304,448 304,532 223,532"/>
          <TextEquiv>
            <Unicode>ع</Unicode>
          </TextEquiv>
        </Word>
        <Word id="w58">
          <Coords points="102,419 208,419 208,488 102,488"/>
          <TextEquiv>
            <Unicode>لفظا</Unicode>
          </TextEquiv>
        </Word>
        <TextEquiv>
          <Unicode> غير صر يح لتبت و لى تعا ا مر ا عر به و عا طفة ا لر ا بع مر فو ع لفظا</Unicode>
        </TextEquiv>
      </TextLine>
      <TextLine id="l3">
        <Coords points="98,548 1380,548 1380,690 98,690"/>
        <Word id="w59">
          <Coords points="1326,571 1379,571 1379,672 1326,672"/>
          <TextEquiv>
            <Unicode>بعا</Unicode>
          </TextEquiv>
        </Word>
        <Word id="w60">
          <Coords points="1232,578 1308,578 1308,657 1232,657"/>
          <TextEquiv>
            <Unicode>مل</Unicode>
          </TextEquiv>
        </Word>
        <Word id="w61">
          <Coords points="1122,578 1239,578 1239,654 1122,654"/>
          <TextEquiv>
            <Unicode>معنو</Unicode>
          </TextEquiv>
        </Word>
        <Word id="w62">
          <Coords points="1080,592 1131,592 1131,647 1080,647"/>
          <TextEquiv>
            <Unicode>ى</Unicode>
          </TextEquiv>
        </Word>
        <Word id="w63">
          <Coords points="963,577 1084,577 1084,654 963,654"/>
          <TextEquiv>
            <Unicode>مبتد</Unicode>
          </TextEquiv>
        </Word>
        <Word id="w64">
          <Coords points="956,548 977,548 977,618 956,618"/>
          <TextEquiv>
            <Unicode>ا</Unicode>
          </TextEquiv>
        </Word>
        <Word id="w65">
          <Coords points="926,606 948,606 948,630 926,630"/>
          <TextEquiv>
            <Unicode>ء</Unicode>
          </TextEquiv>
        </Word>
        <Word id="w66">
          <Coords points="832,587 908,587 908,655 832,655"/>
          <TextEquiv>
            <Unicode>عن</Unicode>
          </TextEquiv>
        </Word>
        <Word id="w67">
          <Coords points="772,571 790,571 790,625 772,625"/>
          <TextEquiv>
            <Unicode>ا</Unicode>
          </TextEquiv>
        </Word>
        <Word id="w68">
          <Coords points="772,603 846,603 846,667 772,667"/>
          <TextEquiv>
            <Unicode>مر</Unicode>
          </TextEquiv>
        </Word>
        <Word id="w69">
          <Coords points="736,613 763,613 763,644 736,644"/>
          <TextEquiv>
            <Unicode>د</Unicode>
          </TextEquiv>
        </Word>
        <Word id="w70">
          <Coords points="601,566 721,566 721,646 601,646"/>
          <TextEquiv>
            <Unicode>لفظة</Unicode>
          </TextEquiv>
        </Word>
        <Word id="w71">
          <Coords points="521,612 581,612 581,662 521,662"/>
          <TextEquiv>
            <Unicode>مر</Unicode>
          </TextEquiv>
        </Word>
        <Word id="w72">
          <Coords points="494,576 535,576 535,653 494,653"/>
          <TextEquiv>
            <Unicode>فو</Unicode>
          </TextEquiv>
        </Word>
        <Word id="w73">
          <Coords points="465,600 542,600 542,689 465,689"/>
          <TextEquiv>
            <Unicode>ع</Unicode>
          </TextEquiv>
        </Word>
        <Word id="w74">
          <Coords points="357,574 443,574 443,644 357,644"/>
          <TextEquiv>
            <Unicode>تقد</Unicode>
          </TextEquiv>
        </Word>
        <Word id="w75">
          <Coords points="309,606 366,606 366,669 309,669"/>
          <TextEquiv>
            <Unicode>ير</Unicode>
          </TextEquiv>
        </Word>
        <Word id="w76">
          <Coords points="299,572 315,572 315,639 299,639"/>
          <TextEquiv>
            <Unicode>ا</Unicode>
          </TextEquiv>
        </Word>
        <Word id="w77">
          <Coords points="186,583 285,583 285,650 186,650"/>
          <TextEquiv>
            <Unicode>خبر</Unicode>
          </TextEquiv>
        </Word>
        <Word id="w78">
          <Coords points="173,612 194,612 194,636 173,636"/>
          <TextEquiv>
            <Unicode>ه</Unicode>
          </TextEquiv>
        </Word>
        <Word id="w79">
          <Coords points="119,608 166,608 166,651 119,651"/>
          <TextEquiv>
            <Unicode>و</Unicode>
          </TextEquiv>
        </Word>
        <Word id="w80">
          <Coords points="98,559 168,559 168,610 98,610"/>
          <TextEquiv>
            <Unicode>هو</Unicode>
          </TextEquiv>
        </Word>
        <TextEquiv>
          <Unicode> بعا مل معنو ى مبتد ا ء عن ا مر د لفظة مر فو ع تقد ير ا خبر ه و هو</Unicode>
        </TextEquiv>
      </TextLine>
      <TextLine id="l4">
        <Coords points="97,675 1393,675 1393,813 97,813"/>
        <Word id="w81">
          <Coords points="1285,743 1392,743 1392,783 1285,783"/>
          <TextEquiv>
            <Unicode>معه</Unicode>
          </TextEquiv>
        </Word>
        <Word id="w82">
          <Coords points="1162,715 1269,715 1269,800 1162,800"/>
          <TextEquiv>
            <Unicode>جملة</Unicode>
          </TextEquiv>
        </Word>
        <Word id="w83">
          <Coords points="1142,713 1157,713 1157,771 1142,771"/>
          <TextEquiv>
            <Unicode>ا</Unicode>
          </TextEquiv>
        </Word>
        <Word id="w84">
          <Coords points="1017,713 1128,713 1128,812 1017,812"/>
          <TextEquiv>
            <Unicode>سمية</Unicode>
          </TextEquiv>
        </Word>
        <Word id="w85">
          <Coords points="942,720 992,720 992,793 942,793"/>
          <TextEquiv>
            <Unicode>لا</Unicode>
          </TextEquiv>
        </Word>
        <Word id="w86">
          <Coords points="863,713 941,713 941,810 863,810"/>
          <TextEquiv>
            <Unicode>محل</Unicode>
          </TextEquiv>
        </Word>
        <Word id="w87">
          <Coords points="799,716 871,716 871,783 799,783"/>
          <TextEquiv>
            <Unicode>لها</Unicode>
          </TextEquiv>
        </Word>
        <Word id="w88">
          <Coords points="640,716 796,716 796,800 640,800"/>
          <TextEquiv>
            <Unicode>عطف</Unicode>
          </TextEquiv>
        </Word>
        <Word id="w89">
          <Coords points="568,712 638,712 638,804 568,804"/>
          <TextEquiv>
            <Unicode>على</Unicode>
          </TextEquiv>
        </Word>
        <Word id="w90">
          <Coords points="563,708 577,708 577,772 563,772"/>
          <TextEquiv>
            <Unicode>ا</Unicode>
          </TextEquiv>
        </Word>
        <Word id="w91">
          <Coords points="481,747 560,747 560,787 481,787"/>
          <TextEquiv>
            <Unicode>حد</Unicode>
          </TextEquiv>
        </Word>
        <Word id="w92">
          <Coords points="423,701 478,701 478,792 423,792"/>
          <TextEquiv>
            <Unicode>هما</Unicode>
          </TextEquiv>
        </Word>
        <Word id="w93">
          <Coords points="325,728 414,728 414,802 325,802"/>
          <TextEquiv>
            <Unicode>نحو</Unicode>
          </TextEquiv>
        </Word>
        <Word id="w94">
          <Coords points="236,717 332,717 332,800 236,800"/>
          <TextEquiv>
            <Unicode>معلو</Unicode>
          </TextEquiv>
        </Word>
        <Word id="w95">
          <Coords points="181,757 230,757 230,796 181,796"/>
          <TextEquiv>
            <Unicode>م</Unicode>
          </TextEquiv>
        </Word>
        <Word id="w96">
          <Coords points="97,675 243,675 243,761 97,761"/>
          <TextEquiv>
            <Unicode>كففت</Unicode>
          </TextEquiv>
        </Word>
        <TextEquiv>
          <Unicode> معه جملة ا سمية لا محل لها عطف على ا حد هما نحو معلو م كففت</Unicode>
        </TextEquiv>
      </TextLine>
      <TextLine id="l5">
        <Coords points="138,848 1392,848 1392,970 138,970"/>
        <Word id="w97">
          <Coords points="1313,884 1391,884 1391,960 1313,960"/>
          <TextEquiv>
            <Unicode>عن</Unicode>
          </TextEquiv>
        </Word>
        <Word id="w98">
          <Coords points="1308,861 1327,861 1327,922 1308,922"/>
          <TextEquiv>
            <Unicode>ا</Unicode>
          </TextEquiv>
        </Word>
        <Word id="w99">
          <Coords points="1226,862 1305,862 1305,963 1226,963"/>
          <TextEquiv>
            <Unicode>لحر</Unicode>
          </TextEquiv>
        </Word>
        <Word id="w100">
          <Coords points="1223,859 1236,859 1236,921 1223,921"/>
          <TextEquiv>
            <Unicode>ا</Unicode>
          </TextEquiv>
        </Word>
        <Word id="w101">
          <Coords points="1153,906 1209,906 1209,947 1153,947"/>
          <TextEquiv>
            <Unicode>م</Unicode>
          </TextEquiv>
        </Word>
        <Word id="w102">
          <Coords points="1099,864 1121,864 1121,919 1099,919"/>
          <TextEquiv>
            <Unicode>ا</Unicode>
          </TextEquiv>
        </Word>
        <Word id="w103">
          <Coords points="1097,900 1166,900 1166,962 1097,962"/>
          <TextEquiv>
            <Unicode>مر</Unicode>
          </TextEquiv>
        </Word>
        <Word id="w104">
          <Coords points="1061,906 1090,906 1090,938 1061,938"/>
          <TextEquiv>
            <Unicode>د</Unicode>
          </TextEquiv>
        </Word>
        <Word id="w105">
          <Coords points="919,860 1046,860 1046,939 919,939"/>
          <TextEquiv>
            <Unicode>لفظه</Unicode>
          </TextEquiv>
        </Word>
        <Word id="w106">
          <Coords points="816,893 899,893 899,969 816,969"/>
          <TextEquiv>
            <Unicode>مجر</Unicode>
          </TextEquiv>
        </Word>
        <Word id="w107">
          <Coords points="790,906 827,906 827,949 790,949"/>
          <TextEquiv>
            <Unicode>و</Unicode>
          </TextEquiv>
        </Word>
        <Word id="w108">
          <Coords points="759,910 790,910 790,945 759,945"/>
          <TextEquiv>
            <Unicode>ر</Unicode>
          </TextEquiv>
        </Word>
        <Word id="w109">
          <Coords points="670,860 755,860 755,938 670,938"/>
          <TextEquiv>
            <Unicode>تقد</Unicode>
          </TextEquiv>
        </Word>
        <Word id="w110">
          <Coords points="623,854 635,854 635,923 623,923"/>
          <TextEquiv>
            <Unicode>ا</Unicode>
          </TextEquiv>
        </Word>
        <Word id="w111">
          <Coords points="618,903 677,903 677,963 618,963"/>
          <TextEquiv>
            <Unicode>ير</Unicode>
          </TextEquiv>
        </Word>
        <Word id="w112">
          <Coords points="501,872 602,872 602,949 501,949"/>
          <TextEquiv>
            <Unicode>مضا</Unicode>
          </TextEquiv>
        </Word>
        <Word id="w113">
          <Coords points="424,871 489,871 489,940 424,940"/>
          <TextEquiv>
            <Unicode>ف</Unicode>
          </TextEquiv>
        </Word>
        <Word id="w114">
          <Coords points="419,856 435,856 435,915 419,915"/>
          <TextEquiv>
            <Unicode>ا</Unicode>
          </TextEquiv>
        </Word>
        <Word id="w115">
          <Coords points="338,872 405,872 405,958 338,958"/>
          <TextEquiv>
            <Unicode>ليه</Unicode>
          </TextEquiv>
        </Word>
        <Word id="w116">
          <Coords points="244,848 326,848 326,950 244,950"/>
          <TextEquiv>
            <Unicode>لنحو</Unicode>
          </TextEquiv>
        </Word>
        <Word id="w117">
          <Coords points="204,889 254,889 254,941 204,941"/>
          <TextEquiv>
            <Unicode>و</Unicode>
          </TextEquiv>
        </Word>
        <Word id="w118">
          <Coords points="197,858 209,858 209,914 197,914"/>
          <TextEquiv>
            <Unicode>ا</Unicode>
          </TextEquiv>
        </Word>
        <Word id="w119">
          <Coords points="157,876 187,876 187,930 157,930"/>
          <TextEquiv>
            <Unicode>ذ</Unicode>
          </TextEquiv>
        </Word>
        <Word id="w120">
          <Coords points="138,854 149,854 149,915 138,915"/>
          <TextEquiv>
            <Unicode>ا</Unicode>
          </TextEquiv>
        </Word>
        <TextEquiv>
          <Unicode> عن ا لحر ا م ا مر د لفظه مجر و ر تقد ا ير مضا ف ا ليه لنحو و ا ذ ا</Unicode>
        </TextEquiv>
      </TextLine>
      <TextLine id="l6">
        <Coords points="157,992 1395,992 1395,1118 157,1118"/>
        <Word id="w121">
          <Coords points="1386,1021 1394,1021 1394,1094 1386,1094"/>
          <TextEquiv>
            <Unicode>ا</Unicode>
          </TextEquiv>
        </Word>
        <Word id="w122">
          <Coords points="1333,1062 1369,1062 1369,1099 1333,1099"/>
          <TextEquiv>
            <Unicode>ر</Unicode>
          </TextEquiv>
        </Word>
        <Word id="w123">
          <Coords points="1282,1043 1333,1043 1333,1117 1282,1117"/>
          <TextEquiv>
            <Unicode>يد</Unicode>
          </TextEquiv>
        </Word>
        <Word id="w124">
          <Coords points="1163,1011 1269,1011 1269,1087 1163,1087"/>
          <TextEquiv>
            <Unicode>معنا</Unicode>
          </TextEquiv>
        </Word>
        <Word id="w125">
          <Coords points="1127,1053 1147,1053 1147,1077 1127,1077"/>
          <TextEquiv>
            <Unicode>ه</Unicode>
          </TextEquiv>
        </Word>
        <Word id="w126">
          <Coords points="965,999 1111,999 1111,1090 965,1090"/>
          <TextEquiv>
            <Unicode>فكفف</Unicode>
          </TextEquiv>
        </Word>
        <Word id="w127">
          <Coords points="863,1011 955,1011 955,1109 863,1109"/>
          <TextEquiv>
            <Unicode>فعل</Unicode>
          </TextEquiv>
        </Word>
        <Word id="w128">
          <Coords points="823,1011 869,1011 869,1080 823,1080"/>
          <TextEquiv>
            <Unicode>ما</Unicode>
          </TextEquiv>
        </Word>
        <Word id="w129">
          <Coords points="739,1021 817,1021 817,1111 739,1111"/>
          <TextEquiv>
            <Unicode>ضى</Unicode>
          </TextEquiv>
        </Word>
        <Word id="w130">
          <Coords points="625,1013 741,1013 741,1106 625,1106"/>
          <TextEquiv>
            <Unicode>مجهو</Unicode>
          </TextEquiv>
        </Word>
        <Word id="w131">
          <Coords points="593,1012 627,1012 627,1085 593,1085"/>
          <TextEquiv>
            <Unicode>ل</Unicode>
          </TextEquiv>
        </Word>
        <Word id="w132">
          <Coords points="488,1023 595,1023 595,1100 488,1100"/>
          <TextEquiv>
            <Unicode>مبنى</Unicode>
          </TextEquiv>
        </Word>
        <Word id="w133">
          <Coords points="419,1013 491,1013 491,1097 419,1097"/>
          <TextEquiv>
            <Unicode>على</Unicode>
          </TextEquiv>
        </Word>
        <Word id="w134">
          <Coords points="410,1003 428,1003 428,1070 410,1070"/>
          <TextEquiv>
            <Unicode>ا</Unicode>
          </TextEquiv>
        </Word>
        <Word id="w135">
          <Coords points="261,992 393,992 393,1096 261,1096"/>
          <TextEquiv>
            <Unicode>لسكو</Unicode>
          </TextEquiv>
        </Word>
        <Word id="w136">
          <Coords points="233,1012 269,1012 269,1078 233,1078"/>
          <TextEquiv>
            <Unicode>ن</Unicode>
          </TextEquiv>
        </Word>
        <Word id="w137">
          <Coords points="157,1009 210,1009 210,1076 157,1076"/>
          <TextEquiv>
            <Unicode>لا</Unicode>
          </TextEquiv>
        </Word>
        <TextEquiv>
          <Unicode> ا ر يد معنا ه فكفف فعل ما ضى مجهو ل مبنى على ا لسكو ن لا</Unicode>
        </TextEquiv>
      </TextLine>
      <TextLine id="l7">
        <Coords points="106,1109 1389,1109 1389,1283 106,1283"/>
        <Word id="w138">
          <Coords points="1300,1174 1388,1174 1388,1257 1300,1257"/>
          <TextEquiv>
            <Unicode>محل</Unicode>
          </TextEquiv>
        </Word>
        <Word id="w139">
          <Coords points="1253,1173 1297,1173 1297,1229 1253,1229"/>
          <TextEquiv>
            <Unicode>له</Unicode>
          </TextEquiv>
        </Word>
        <Word id="w140">
          <Coords points="1184,1198 1232,1198 1232,1243 1184,1243"/>
          <TextEquiv>
            <Unicode>و</Unicode>
          </TextEquiv>
        </Word>
        <Word id="w141">
          <Coords points="1127,1174 1186,1174 1186,1248 1127,1248"/>
          <TextEquiv>
            <Unicode>تو</Unicode>
          </TextEquiv>
        </Word>
        <Word id="w142">
          <Coords points="1022,1172 1137,1172 1137,1256 1022,1256"/>
          <TextEquiv>
            <Unicode>ضمير</Unicode>
          </TextEquiv>
        </Word>
        <Word id="w143">
          <Coords points="952,1197 1022,1197 1022,1253 952,1253"/>
          <TextEquiv>
            <Unicode>مر</Unicode>
          </TextEquiv>
        </Word>
        <Word id="w144">
          <Coords points="914,1173 964,1173 964,1244 914,1244"/>
          <TextEquiv>
            <Unicode>فو</Unicode>
          </TextEquiv>
        </Word>
        <Word id="w145">
          <Coords points="890,1190 959,1190 959,1281 890,1281"/>
          <TextEquiv>
            <Unicode>ع</Unicode>
          </TextEquiv>
        </Word>
        <Word id="w146">
          <Coords points="704,1164 871,1164 871,1251 704,1251"/>
          <TextEquiv>
            <Unicode>متصل</Unicode>
          </TextEquiv>
        </Word>
        <Word id="w147">
          <Coords points="600,1166 715,1166 715,1253 600,1253"/>
          <TextEquiv>
            <Unicode>مبنى</Unicode>
          </TextEquiv>
        </Word>
        <Word id="w148">
          <Coords points="530,1155 607,1155 607,1250 530,1250"/>
          <TextEquiv>
            <Unicode>على</Unicode>
          </TextEquiv>
        </Word>
        <Word id="w149">
          <Coords points="521,1156 545,1156 545,1215 521,1215"/>
          <TextEquiv>
            <Unicode>ا</Unicode>
          </TextEquiv>
        </Word>
        <Word id="w150">
          <Coords points="426,1164 512,1164 512,1265 426,1265"/>
          <TextEquiv>
            <Unicode>لضم</Unicode>
          </TextEquiv>
        </Word>
        <Word id="w151">
          <Coords points="366,1192 425,1192 425,1255 366,1255"/>
          <TextEquiv>
            <Unicode>مر</Unicode>
          </TextEquiv>
        </Word>
        <Word id="w152">
          <Coords points="330,1163 379,1163 379,1237 330,1237"/>
          <TextEquiv>
            <Unicode>فو</Unicode>
          </TextEquiv>
        </Word>
        <Word id="w153">
          <Coords points="299,1183 387,1183 387,1282 299,1282"/>
          <TextEquiv>
            <Unicode>ع</Unicode>
          </TextEquiv>
        </Word>
        <Word id="w154">
          <Coords points="189,1165 287,1165 287,1233 189,1233"/>
          <TextEquiv>
            <Unicode>محلا</Unicode>
          </TextEquiv>
        </Word>
        <Word id="w155">
          <Coords points="146,1163 182,1163 182,1226 146,1226"/>
          <TextEquiv>
            <Unicode>تا</Unicode>
          </TextEquiv>
        </Word>
        <Word id="w156">
          <Coords points="106,1109 154,1109 154,1205 106,1205"/>
          <TextEquiv>
            <Unicode>ئب</Unicode>
          </TextEquiv>
        </Word>
        <TextEquiv>
          <Unicode> محل له و تو ضمير مر فو ع متصل مبنى على ا لضم مر فو ع محلا تا ئب</Unicode>
        </TextEquiv>
      </TextLine>
      <TextLine id="l8">
        <Coords points="124,1300 1386,1300 1386,1411 124,1411"/>
        <Word id="w157">
          <Coords points="1346,1307 1385,1307 1385,1383 1346,1383"/>
          <TextEquiv>
            <Unicode>فا</Unicode>
          </TextEquiv>
        </Word>
        <Word id="w158">
          <Coords points="1251,1312 1339,1312 1339,1388 1251,1388"/>
          <TextEquiv>
            <Unicode>عله</Unicode>
          </TextEquiv>
        </Word>
        <Word id="w159">
          <Coords points="1187,1343 1235,1343 1235,1391 1187,1391"/>
          <TextEquiv>
            <Unicode>و</Unicode>
          </TextEquiv>
        </Word>
        <Word id="w160">
          <Coords points="1108,1314 1195,1314 1195,1402 1108,1402"/>
          <TextEquiv>
            <Unicode>هو</Unicode>
          </TextEquiv>
        </Word>
        <Word id="w161">
          <Coords points="1009,1323 1106,1323 1106,1377 1009,1377"/>
          <TextEquiv>
            <Unicode>معه</Unicode>
          </TextEquiv>
        </Word>
        <Word id="w162">
          <Coords points="892,1307 992,1307 992,1391 892,1391"/>
          <TextEquiv>
            <Unicode>جملة</Unicode>
          </TextEquiv>
        </Word>
        <Word id="w163">
          <Coords points="724,1300 880,1300 880,1405 724,1405"/>
          <TextEquiv>
            <Unicode>فعلية</Unicode>
          </TextEquiv>
        </Word>
        <Word id="w164">
          <Coords points="652,1306 710,1306 710,1382 652,1382"/>
          <TextEquiv>
            <Unicode>لا</Unicode>
          </TextEquiv>
        </Word>
        <Word id="w165">
          <Coords points="575,1312 652,1312 652,1410 575,1410"/>
          <TextEquiv>
            <Unicode>محل</Unicode>
          </TextEquiv>
        </Word>
        <Word id="w166">
          <Coords points="512,1310 578,1310 578,1399 512,1399"/>
          <TextEquiv>
            <Unicode>لا</Unicode>
          </TextEquiv>
        </Word>
        <Word id="w167">
          <Coords points="479,1316 491,1316 491,1379 479,1379"/>
          <TextEquiv>
            <Unicode>ا</Unicode>
          </TextEquiv>
        </Word>
        <Word id="w168">
          <Coords points="384,1328 467,1328 467,1403 384,1403"/>
          <TextEquiv>
            <Unicode>بتد</Unicode>
          </TextEquiv>
        </Word>
        <Word id="w169">
          <Coords points="367,1314 380,1314 380,1362 367,1362"/>
          <TextEquiv>
            <Unicode>ا</Unicode>
          </TextEquiv>
        </Word>
        <Word id="w170">
          <Coords points="262,1317 352,1317 352,1404 262,1404"/>
          <TextEquiv>
            <Unicode>ئية</Unicode>
          </TextEquiv>
        </Word>
        <Word id="w171">
          <Coords points="205,1339 255,1339 255,1387 205,1387"/>
          <TextEquiv>
            <Unicode>و</Unicode>
          </TextEquiv>
        </Word>
        <Word id="w172">
          <Coords points="124,1333 215,1333 215,1390 124,1390"/>
          <TextEquiv>
            <Unicode>عن</Unicode>
          </TextEquiv>
        </Word>
        <TextEquiv>
          <Unicode> فا عله و هو معه جملة فعلية لا محل لا ا بتد ا ئية و عن</Unicode>
        </TextEquiv>
      </TextLine>
      <TextLine id="l9">
        <Coords points="106,1426 1395,1426 1395,1560 106,1560"/>
        <Word id="w173">
          <Coords points="1317,1490 1394,1490 1394,1548 1317,1548"/>
          <TextEquiv>
            <Unicode>حر</Unicode>
          </TextEquiv>
        </Word>
        <Word id="w174">
          <Coords points="1264,1462 1333,1462 1333,1526 1264,1526"/>
          <TextEquiv>
            <Unicode>ف</Unicode>
          </TextEquiv>
        </Word>
        <Word id="w175">
          <Coords points="1213,1474 1280,1474 1280,1539 1213,1539"/>
          <TextEquiv>
            <Unicode>جر</Unicode>
          </TextEquiv>
        </Word>
        <Word id="w176">
          <Coords points="1066,1454 1209,1454 1209,1539 1066,1539"/>
          <TextEquiv>
            <Unicode>متعلق</Unicode>
          </TextEquiv>
        </Word>
        <Word id="w177">
          <Coords points="880,1426 1066,1426 1066,1545 880,1545"/>
          <TextEquiv>
            <Unicode>بكففت</Unicode>
          </TextEquiv>
        </Word>
        <Word id="w178">
          <Coords points="822,1470 872,1470 872,1533 822,1533"/>
          <TextEquiv>
            <Unicode>و</Unicode>
          </TextEquiv>
        </Word>
        <Word id="w179">
          <Coords points="820,1445 831,1445 831,1500 820,1500"/>
          <TextEquiv>
            <Unicode>ا</Unicode>
          </TextEquiv>
        </Word>
        <Word id="w180">
          <Coords points="727,1457 735,1457 735,1509 727,1509"/>
          <TextEquiv>
            <Unicode>ا</Unicode>
          </TextEquiv>
        </Word>
        <Word id="w181">
          <Coords points="724,1444 813,1444 813,1558 724,1558"/>
          <TextEquiv>
            <Unicode>لحر</Unicode>
          </TextEquiv>
        </Word>
        <Word id="w182">
          <Coords points="665,1499 717,1499 717,1532 665,1532"/>
          <TextEquiv>
            <Unicode>م</Unicode>
          </TextEquiv>
        </Word>
        <Word id="w183">
          <Coords points="589,1469 678,1469 678,1559 589,1559"/>
          <TextEquiv>
            <Unicode>مجر</Unicode>
          </TextEquiv>
        </Word>
        <Word id="w184">
          <Coords points="576,1492 615,1492 615,1542 576,1542"/>
          <TextEquiv>
            <Unicode>و</Unicode>
          </TextEquiv>
        </Word>
        <Word id="w185">
          <Coords points="533,1500 568,1500 568,1537 533,1537"/>
          <TextEquiv>
            <Unicode>ر</Unicode>
          </TextEquiv>
        </Word>
        <Word id="w186">
          <Coords points="492,1483 534,1483 534,1548 492,1548"/>
          <TextEquiv>
            <Unicode>به</Unicode>
          </TextEquiv>
        </Word>
        <Word id="w187">
          <Coords points="355,1458 468,1458 468,1525 355,1525"/>
          <TextEquiv>
            <Unicode>لفظا</Unicode>
          </TextEquiv>
        </Word>
        <Word id="w188">
          <Coords points="300,1490 345,1490 345,1538 300,1538"/>
          <TextEquiv>
            <Unicode>و</Unicode>
          </TextEquiv>
        </Word>
        <Word id="w189">
          <Coords points="227,1461 309,1461 309,1545 227,1545"/>
          <TextEquiv>
            <Unicode>محل</Unicode>
          </TextEquiv>
        </Word>
        <Word id="w190">
          <Coords points="211,1459 225,1459 225,1518 211,1518"/>
          <TextEquiv>
            <Unicode>ا</Unicode>
          </TextEquiv>
        </Word>
        <Word id="w191">
          <Coords points="131,1461 202,1461 202,1559 131,1559"/>
          <TextEquiv>
            <Unicode>لمجر</Unicode>
          </TextEquiv>
        </Word>
        <Word id="w192">
          <Coords points="106,1446 140,1446 140,1489 106,1489"/>
          <TextEquiv>
            <Unicode>ر</Unicode>
          </TextEquiv>
        </Word>
        <TextEquiv>
          <Unicode> حر ف جر متعلق بكففت و ا ا لحر م مجر و ر به لفظا و محل ا لمجر ر</Unicode>
        </TextEquiv>
      </TextLine>
      <TextLine id="l10">
        <Coords points="148,1586 1383,1586 1383,1734 148,1734"/>
        <Word id="w193">
          <Coords points="1252,1622 1382,1622 1382,1705 1252,1705"/>
          <TextEquiv>
            <Unicode>نصب</Unicode>
          </TextEquiv>
        </Word>
        <Word id="w194">
          <Coords points="1120,1605 1266,1605 1266,1682 1120,1682"/>
          <TextEquiv>
            <Unicode>مفعو</Unicode>
          </TextEquiv>
        </Word>
        <Word id="w195">
          <Coords points="1078,1597 1117,1597 1117,1670 1078,1670"/>
          <TextEquiv>
            <Unicode>ل</Unicode>
          </TextEquiv>
        </Word>
        <Word id="w196">
          <Coords points="1021,1614 1066,1614 1066,1681 1021,1681"/>
          <TextEquiv>
            <Unicode>به</Unicode>
          </TextEquiv>
        </Word>
        <Word id="w197">
          <Coords points="921,1599 1007,1599 1007,1680 921,1680"/>
          <TextEquiv>
            <Unicode>غير</Unicode>
          </TextEquiv>
        </Word>
        <Word id="w198">
          <Coords points="848,1631 931,1631 931,1690 848,1690"/>
          <TextEquiv>
            <Unicode>صر</Unicode>
          </TextEquiv>
        </Word>
        <Word id="w199">
          <Coords points="811,1616 896,1616 896,1733 811,1733"/>
          <TextEquiv>
            <Unicode>يح</Unicode>
          </TextEquiv>
        </Word>
        <Word id="w200">
          <Coords points="743,1606 792,1606 792,1670 743,1670"/>
          <TextEquiv>
            <Unicode>له</Unicode>
          </TextEquiv>
        </Word>
        <Word id="w201">
          <Coords points="677,1631 720,1631 720,1679 677,1679"/>
          <TextEquiv>
            <Unicode>و</Unicode>
          </TextEquiv>
        </Word>
        <Word id="w202">
          <Coords points="629,1586 679,1586 679,1663 629,1663"/>
          <TextEquiv>
            <Unicode>عا</Unicode>
          </TextEquiv>
        </Word>
        <Word id="w203">
          <Coords points="490,1591 621,1591 621,1674 490,1674"/>
          <TextEquiv>
            <Unicode>طفة</Unicode>
          </TextEquiv>
        </Word>
        <Word id="w204">
          <Coords points="469,1600 484,1600 484,1659 469,1659"/>
          <TextEquiv>
            <Unicode>ا</Unicode>
          </TextEquiv>
        </Word>
        <Word id="w205">
          <Coords points="399,1597 462,1597 462,1670 399,1670"/>
          <TextEquiv>
            <Unicode>لخا</Unicode>
          </TextEquiv>
        </Word>
        <Word id="w206">
          <Coords points="281,1635 382,1635 382,1689 281,1689"/>
          <TextEquiv>
            <Unicode>مس</Unicode>
          </TextEquiv>
        </Word>
        <Word id="w207">
          <Coords points="227,1632 293,1632 293,1688 227,1688"/>
          <TextEquiv>
            <Unicode>مر</Unicode>
          </TextEquiv>
        </Word>
        <Word id="w208">
          <Coords points="175,1604 235,1604 235,1681 175,1681"/>
          <TextEquiv>
            <Unicode>فو</Unicode>
          </TextEquiv>
        </Word>
        <Word id="w209">
          <Coords points="148,1623 215,1623 215,1714 148,1714"/>
          <TextEquiv>
            <Unicode>ع</Unicode>
          </TextEquiv>
        </Word>
        <TextEquiv>
          <Unicode> نصب مفعو ل به غير صر يح له و عا طفة ا لخا مس مر فو ع</Unicode>
        </TextEquiv>
      </TextLine>
      <TextLine id="l11">
        <Coords points="112,1741 1393,1741 1393,1873 112,1873"/>
        <Word id="w210">
          <Coords points="1264,1761 1392,1761 1392,1831 1264,1831"/>
          <TextEquiv>
            <Unicode>لفظا</Unicode>
          </TextEquiv>
        </Word>
        <Word id="w211">
          <Coords points="1187,1745 1251,1745 1251,1841 1187,1841"/>
          <TextEquiv>
            <Unicode>بعا</Unicode>
          </TextEquiv>
        </Word>
        <Word id="w212">
          <Coords points="1090,1753 1171,1753 1171,1841 1090,1841"/>
          <TextEquiv>
            <Unicode>مل</Unicode>
          </TextEquiv>
        </Word>
        <Word id="w213">
          <Coords points="967,1772 1104,1772 1104,1854 967,1854"/>
          <TextEquiv>
            <Unicode>معنو</Unicode>
          </TextEquiv>
        </Word>
        <Word id="w214">
          <Coords points="921,1772 983,1772 983,1828 921,1828"/>
          <TextEquiv>
            <Unicode>ى</Unicode>
          </TextEquiv>
        </Word>
        <Word id="w215">
          <Coords points="778,1764 905,1764 905,1855 778,1855"/>
          <TextEquiv>
            <Unicode>مبتد</Unicode>
          </TextEquiv>
        </Word>
        <Word id="w216">
          <Coords points="773,1741 789,1741 789,1807 773,1807"/>
          <TextEquiv>
            <Unicode>ا</Unicode>
          </TextEquiv>
        </Word>
        <Word id="w217">
          <Coords points="737,1794 762,1794 762,1820 737,1820"/>
          <TextEquiv>
            <Unicode>ء</Unicode>
          </TextEquiv>
        </Word>
        <Word id="w218">
          <Coords points="651,1741 722,1741 722,1849 651,1849"/>
          <TextEquiv>
            <Unicode>على</Unicode>
          </TextEquiv>
        </Word>
        <Word id="w219">
          <Coords points="593,1787 658,1787 658,1862 593,1862"/>
          <TextEquiv>
            <Unicode>مر</Unicode>
          </TextEquiv>
        </Word>
        <Word id="w220">
          <Coords points="583,1752 605,1752 605,1816 583,1816"/>
          <TextEquiv>
            <Unicode>ا</Unicode>
          </TextEquiv>
        </Word>
        <Word id="w221">
          <Coords points="551,1794 580,1794 580,1826 551,1826"/>
          <TextEquiv>
            <Unicode>د</Unicode>
          </TextEquiv>
        </Word>
        <Word id="w222">
          <Coords points="413,1752 532,1752 532,1821 413,1821"/>
          <TextEquiv>
            <Unicode>لفظه</Unicode>
          </TextEquiv>
        </Word>
        <Word id="w223">
          <Coords points="332,1787 395,1787 395,1841 332,1841"/>
          <TextEquiv>
            <Unicode>مر</Unicode>
          </TextEquiv>
        </Word>
        <Word id="w224">
          <Coords points="290,1751 341,1751 341,1840 290,1840"/>
          <TextEquiv>
            <Unicode>فو</Unicode>
          </TextEquiv>
        </Word>
        <Word id="w225">
          <Coords points="269,1778 357,1778 357,1872 269,1872"/>
          <TextEquiv>
            <Unicode>ع</Unicode>
          </TextEquiv>
        </Word>
        <Word id="w226">
          <Coords points="163,1744 246,1744 246,1829 163,1829"/>
          <TextEquiv>
            <Unicode>تقد</Unicode>
          </TextEquiv>
        </Word>
        <Word id="w227">
          <Coords points="117,1782 173,1782 173,1863 117,1863"/>
          <TextEquiv>
            <Unicode>ير</Unicode>
          </TextEquiv>
        </Word>
        <Word id="w228">
          <Coords points="112,1741 134,1741 134,1806 112,1806"/>
          <TextEquiv>
            <Unicode>ا</Unicode>
          </TextEquiv>
        </Word>
        <TextEquiv>
          <Unicode> لفظا بعا مل معنو ى مبتد ا ء على مر ا د لفظه مر فو ع تقد ير ا</Unicode>
        </TextEquiv>
      </TextLine>
      <TextLine id="l12">
        <Coords points="114,1886 1392,1886 1392,2006 114,2006"/>
        <Word id="w229">
          <Coords points="1290,1911 1391,1911 1391,1996 1290,1996"/>
          <TextEquiv>
            <Unicode>خبر</Unicode>
          </TextEquiv>
        </Word>
        <Word id="w230">
          <Coords points="1268,1941 1286,1941 1286,1966 1268,1966"/>
          <TextEquiv>
            <Unicode>ه</Unicode>
          </TextEquiv>
        </Word>
        <Word id="w231">
          <Coords points="1198,1937 1248,1937 1248,1984 1198,1984"/>
          <TextEquiv>
            <Unicode>و</Unicode>
          </TextEquiv>
        </Word>
        <Word id="w232">
          <Coords points="1125,1931 1207,1931 1207,1990 1125,1990"/>
          <TextEquiv>
            <Unicode>هو</Unicode>
          </TextEquiv>
        </Word>
        <Word id="w233">
          <Coords points="1023,1931 1130,1931 1130,1971 1023,1971"/>
          <TextEquiv>
            <Unicode>معه</Unicode>
          </TextEquiv>
        </Word>
        <Word id="w234">
          <Coords points="911,1901 1008,1901 1008,1981 911,1981"/>
          <TextEquiv>
            <Unicode>جملة</Unicode>
          </TextEquiv>
        </Word>
        <Word id="w235">
          <Coords points="874,1906 888,1906 888,1978 874,1978"/>
          <TextEquiv>
            <Unicode>ا</Unicode>
          </TextEquiv>
        </Word>
        <Word id="w236">
          <Coords points="727,1907 856,1907 856,1999 727,1999"/>
          <TextEquiv>
            <Unicode>سمية</Unicode>
          </TextEquiv>
        </Word>
        <Word id="w237">
          <Coords points="647,1908 701,1908 701,1980 647,1980"/>
          <TextEquiv>
            <Unicode>لا</Unicode>
          </TextEquiv>
        </Word>
        <Word id="w238">
          <Coords points="557,1906 646,1906 646,2003 557,2003"/>
          <TextEquiv>
            <Unicode>محل</Unicode>
          </TextEquiv>
        </Word>
        <Word id="w239">
          <Coords points="491,1889 568,1889 568,1966 491,1966"/>
          <TextEquiv>
            <Unicode>لها</Unicode>
          </TextEquiv>
        </Word>
        <Word id="w240">
          <Coords points="313,1903 486,1903 486,1980 313,1980"/>
          <TextEquiv>
            <Unicode>عطف</Unicode>
          </TextEquiv>
        </Word>
        <Word id="w241">
          <Coords points="247,1899 321,1899 321,2005 247,2005"/>
          <TextEquiv>
            <Unicode>على</Unicode>
          </TextEquiv>
        </Word>
        <Word id="w242">
          <Coords points="233,1900 250,1900 250,1965 233,1965"/>
          <TextEquiv>
            <Unicode>ا</Unicode>
          </TextEquiv>
        </Word>
        <Word id="w243">
          <Coords points="155,1934 235,1934 235,1981 155,1981"/>
          <TextEquiv>
            <Unicode>حد</Unicode>
          </TextEquiv>
        </Word>
        <Word id="w244">
          <Coords points="114,1886 166,1886 166,1970 114,1970"/>
          <TextEquiv>
            <Unicode>هما</Unicode>
          </TextEquiv>
        </Word>
        <TextEquiv>
          <Unicode> خبر ه و هو معه جملة ا سمية لا محل لها عطف على ا حد هما</Unicode>
        </TextEquiv>
      </TextLine>
      <TextLine id="l13">
        <Coords points="84,2008 101,2008 101,2060 84,2060"/>
        <Word id="w245">
          <Coords points="84,2008 100,2008 100,2059 84,2059"/>
          <TextEquiv>
            <Unicode>ا</Unicode>
          </TextEquiv>
        </Word>
        <TextEquiv>
          <Unicode> ا</Unicode>
        </TextEquiv>
      </TextLine>
      <TextLine id="l14">
        <Coords points="75,2037 1394,2037 1394,2170 75,2170"/>
        <Word id="w246">
          <Coords points="1313,2059 1393,2059 1393,2141 1313,2141"/>
          <TextEquiv>
            <Unicode>نحو</Unicode>
          </TextEquiv>
        </Word>
        <Word id="w247">
          <Coords points="1206,2053 1324,2053 1324,2130 1206,2130"/>
          <TextEquiv>
            <Unicode>معلو</Unicode>
          </TextEquiv>
        </Word>
        <Word id="w248">
          <Coords points="1146,2087 1206,2087 1206,2124 1146,2124"/>
          <TextEquiv>
            <Unicode>م</Unicode>
          </TextEquiv>
        </Word>
        <Word id="w249">
          <Coords points="1049,2066 1170,2066 1170,2153 1049,2153"/>
          <TextEquiv>
            <Unicode>يجب</Unicode>
          </TextEquiv>
        </Word>
        <Word id="w250">
          <Coords points="1036,2043 1059,2043 1059,2096 1036,2096"/>
          <TextEquiv>
            <Unicode>ا</Unicode>
          </TextEquiv>
        </Word>
        <Word id="w251">
          <Coords points="948,2056 1028,2056 1028,2149 948,2149"/>
          <TextEquiv>
            <Unicode>لتو</Unicode>
          </TextEquiv>
        </Word>
        <Word id="w252">
          <Coords points="897,2052 949,2052 949,2162 897,2162"/>
          <TextEquiv>
            <Unicode>بة</Unicode>
          </TextEquiv>
        </Word>
        <Word id="w253">
          <Coords points="818,2047 879,2047 879,2146 818,2146"/>
          <TextEquiv>
            <Unicode>على</Unicode>
          </TextEquiv>
        </Word>
        <Word id="w254">
          <Coords points="741,2037 842,2037 842,2145 741,2145"/>
          <TextEquiv>
            <Unicode>كل</Unicode>
          </TextEquiv>
        </Word>
        <Word id="w255">
          <Coords points="683,2057 744,2057 744,2118 683,2118"/>
          <TextEquiv>
            <Unicode>مذ</Unicode>
          </TextEquiv>
        </Word>
        <Word id="w256">
          <Coords points="599,2057 673,2057 673,2139 599,2139"/>
          <TextEquiv>
            <Unicode>نب</Unicode>
          </TextEquiv>
        </Word>
        <Word id="w257">
          <Coords points="527,2077 588,2077 588,2146 527,2146"/>
          <TextEquiv>
            <Unicode>مر</Unicode>
          </TextEquiv>
        </Word>
        <Word id="w258">
          <Coords points="519,2037 536,2037 536,2109 519,2109"/>
          <TextEquiv>
            <Unicode>ا</Unicode>
          </TextEquiv>
        </Word>
        <Word id="w259">
          <Coords points="484,2087 517,2087 517,2121 484,2121"/>
          <TextEquiv>
            <Unicode>د</Unicode>
          </TextEquiv>
        </Word>
        <Word id="w260">
          <Coords points="331,2044 479,2044 479,2124 331,2124"/>
          <TextEquiv>
            <Unicode>لفظه</Unicode>
          </TextEquiv>
        </Word>
        <Word id="w261">
          <Coords points="233,2071 327,2071 327,2161 233,2161"/>
          <TextEquiv>
            <Unicode>مجر</Unicode>
          </TextEquiv>
        </Word>
        <Word id="w262">
          <Coords points="211,2085 253,2085 253,2145 211,2145"/>
          <TextEquiv>
            <Unicode>و</Unicode>
          </TextEquiv>
        </Word>
        <Word id="w263">
          <Coords points="183,2093 215,2093 215,2128 183,2128"/>
          <TextEquiv>
            <Unicode>ر</Unicode>
          </TextEquiv>
        </Word>
        <Word id="w264">
          <Coords points="181,2047 197,2047 197,2112 181,2112"/>
          <TextEquiv>
            <Unicode>ا</Unicode>
          </TextEquiv>
        </Word>
        <Word id="w265">
          <Coords points="96,2065 167,2065 167,2141 96,2141"/>
          <TextEquiv>
            <Unicode>تقد</Unicode>
          </TextEquiv>
        </Word>
        <Word id="w266">
          <Coords points="75,2052 133,2052 133,2169 75,2169"/>
          <TextEquiv>
            <Unicode>ير</Unicode>
          </TextEquiv>
        </Word>
        <TextEquiv>
          <Unicode> نحو معلو م يجب ا لتو بة على كل مذ نب مر ا د لفظه مجر و ر ا تقد ير</Unicode>
        </TextEquiv>
      </TextLine>
      <TextLine id="l15">
        <Coords points="74,2180 1384,2180 1384,2315 74,2315"/>
        <Word id="w267">
          <Coords points="1267,2180 1383,2180 1383,2285 1267,2285"/>
          <TextEquiv>
            <Unicode>مضا</Unicode>
          </TextEquiv>
        </Word>
        <Word id="w268">
          <Coords points="1185,2207 1259,2207 1259,2271 1185,2271"/>
          <TextEquiv>
            <Unicode>ف</Unicode>
          </TextEquiv>
        </Word>
        <Word id="w269">
          <Coords points="1170,2196 1184,2196 1184,2256 1170,2256"/>
          <TextEquiv>
            <Unicode>ا</Unicode>
          </TextEquiv>
        </Word>
        <Word id="w270">
          <Coords points="1070,2207 1151,2207 1151,2293 1070,2293"/>
          <TextEquiv>
            <Unicode>ليه</Unicode>
          </TextEquiv>
        </Word>
        <Word id="w271">
          <Coords points="964,2199 1066,2199 1066,2292 964,2292"/>
          <TextEquiv>
            <Unicode>لنحو</Unicode>
          </TextEquiv>
        </Word>
        <Word id="w272">
          <Coords points="915,2201 926,2201 926,2255 915,2255"/>
          <TextEquiv>
            <Unicode>ا</Unicode>
          </TextEquiv>
        </Word>
        <Word id="w273">
          <Coords points="912,2228 961,2228 961,2277 912,2277"/>
          <TextEquiv>
            <Unicode>و</Unicode>
          </TextEquiv>
        </Word>
        <Word id="w274">
          <Coords points="878,2213 909,2213 909,2272 878,2272"/>
          <TextEquiv>
            <Unicode>ذ</Unicode>
          </TextEquiv>
        </Word>
        <Word id="w275">
          <Coords points="860,2199 873,2199 873,2266 860,2266"/>
          <TextEquiv>
            <Unicode>ا</Unicode>
          </TextEquiv>
        </Word>
        <Word id="w276">
          <Coords points="836,2210 847,2210 847,2264 836,2264"/>
          <TextEquiv>
            <Unicode>ا</Unicode>
          </TextEquiv>
        </Word>
        <Word id="w277">
          <Coords points="792,2242 827,2242 827,2276 792,2276"/>
          <TextEquiv>
            <Unicode>ر</Unicode>
          </TextEquiv>
        </Word>
        <Word id="w278">
          <Coords points="746,2222 794,2222 794,2302 746,2302"/>
          <TextEquiv>
            <Unicode>يد</Unicode>
          </TextEquiv>
        </Word>
        <Word id="w279">
          <Coords points="626,2183 732,2183 732,2268 626,2268"/>
          <TextEquiv>
            <Unicode>معنا</Unicode>
          </TextEquiv>
        </Word>
        <Word id="w280">
          <Coords points="588,2239 612,2239 612,2269 588,2269"/>
          <TextEquiv>
            <Unicode>ه</Unicode>
          </TextEquiv>
        </Word>
        <Word id="w281">
          <Coords points="450,2197 571,2197 571,2307 450,2307"/>
          <TextEquiv>
            <Unicode>فيجب</Unicode>
          </TextEquiv>
        </Word>
        <Word id="w282">
          <Coords points="367,2181 459,2181 459,2287 367,2287"/>
          <TextEquiv>
            <Unicode>فعل</Unicode>
          </TextEquiv>
        </Word>
        <Word id="w283">
          <Coords points="273,2180 369,2180 369,2271 273,2271"/>
          <TextEquiv>
            <Unicode>مضا</Unicode>
          </TextEquiv>
        </Word>
        <Word id="w284">
          <Coords points="219,2233 253,2233 253,2270 219,2270"/>
          <TextEquiv>
            <Unicode>ر</Unicode>
          </TextEquiv>
        </Word>
        <Word id="w285">
          <Coords points="187,2226 265,2226 265,2314 187,2314"/>
          <TextEquiv>
            <Unicode>ع</Unicode>
          </TextEquiv>
        </Word>
        <Word id="w286">
          <Coords points="121,2227 177,2227 177,2286 121,2286"/>
          <TextEquiv>
            <Unicode>مر</Unicode>
          </TextEquiv>
        </Word>
        <Word id="w287">
          <Coords points="87,2197 128,2197 128,2271 87,2271"/>
          <TextEquiv>
            <Unicode>فو</Unicode>
          </TextEquiv>
        </Word>
        <Word id="w288">
          <Coords points="74,2206 160,2206 160,2301 74,2301"/>
          <TextEquiv>
            <Unicode>ع</Unicode>
          </TextEquiv>
        </Word>
        <TextEquiv>
          <Unicode> مضا ف ا ليه لنحو ا و ذ ا ا ر يد معنا ه فيجب فعل مضا ر ع مر فو ع</Unicode>
        </TextEquiv>
      </TextLine>
      <TextLine id="l16">
        <Coords points="105,2338 1379,2338 1379,2452 105,2452"/>
        <Word id="w289">
          <Coords points="1251,2353 1378,2353 1378,2420 1251,2420"/>
          <TextEquiv>
            <Unicode>لفظا</Unicode>
          </TextEquiv>
        </Word>
        <Word id="w290">
          <Coords points="1180,2340 1243,2340 1243,2439 1180,2439"/>
          <TextEquiv>
            <Unicode>بعا</Unicode>
          </TextEquiv>
        </Word>
        <Word id="w291">
          <Coords points="1088,2355 1164,2355 1164,2435 1088,2435"/>
          <TextEquiv>
            <Unicode>مل</Unicode>
          </TextEquiv>
        </Word>
        <Word id="w292">
          <Coords points="963,2362 1094,2362 1094,2442 963,2442"/>
          <TextEquiv>
            <Unicode>معنو</Unicode>
          </TextEquiv>
        </Word>
        <Word id="w293">
          <Coords points="919,2362 986,2362 986,2417 919,2417"/>
          <TextEquiv>
            <Unicode>ى</Unicode>
          </TextEquiv>
        </Word>
        <Word id="w294">
          <Coords points="865,2371 907,2371 907,2419 865,2419"/>
          <TextEquiv>
            <Unicode>و</Unicode>
          </TextEquiv>
        </Word>
        <Word id="w295">
          <Coords points="856,2346 872,2346 872,2400 856,2400"/>
          <TextEquiv>
            <Unicode>ا</Unicode>
          </TextEquiv>
        </Word>
        <Word id="w296">
          <Coords points="770,2354 847,2354 847,2436 770,2436"/>
          <TextEquiv>
            <Unicode>لتو</Unicode>
          </TextEquiv>
        </Word>
        <Word id="w297">
          <Coords points="716,2378 761,2378 761,2446 716,2446"/>
          <TextEquiv>
            <Unicode>به</Unicode>
          </TextEquiv>
        </Word>
        <Word id="w298">
          <Coords points="633,2380 705,2380 705,2451 633,2451"/>
          <TextEquiv>
            <Unicode>مر</Unicode>
          </TextEquiv>
        </Word>
        <Word id="w299">
          <Coords points="596,2351 657,2351 657,2431 596,2431"/>
          <TextEquiv>
            <Unicode>فو</Unicode>
          </TextEquiv>
        </Word>
        <Word id="w300">
          <Coords points="536,2375 599,2375 599,2415 536,2415"/>
          <TextEquiv>
            <Unicode>عه</Unicode>
          </TextEquiv>
        </Word>
        <Word id="w301">
          <Coords points="388,2351 511,2351 511,2418 388,2418"/>
          <TextEquiv>
            <Unicode>لظا</Unicode>
          </TextEquiv>
        </Word>
        <Word id="w302">
          <Coords points="340,2338 374,2338 374,2416 340,2416"/>
          <TextEquiv>
            <Unicode>فا</Unicode>
          </TextEquiv>
        </Word>
        <Word id="w303">
          <Coords points="241,2344 325,2344 325,2419 241,2419"/>
          <TextEquiv>
            <Unicode>عله</Unicode>
          </TextEquiv>
        </Word>
        <Word id="w304">
          <Coords points="175,2377 215,2377 215,2420 175,2420"/>
          <TextEquiv>
            <Unicode>و</Unicode>
          </TextEquiv>
        </Word>
        <Word id="w305">
          <Coords points="105,2373 179,2373 179,2431 105,2431"/>
          <TextEquiv>
            <Unicode>هو</Unicode>
          </TextEquiv>
        </Word>
        <TextEquiv>
          <Unicode> لفظا بعا مل معنو ى و ا لتو به مر فو عه لظا فا عله و هو</Unicode>
        </TextEquiv>
      </TextLine>
      <TextLine id="l17">
        <Coords points="79,2484 1382,2484 1382,2596 79,2596"/>
        <Word id="w306">
          <Coords points="1277,2510 1381,2510 1381,2556 1277,2556"/>
          <TextEquiv>
            <Unicode>معه</Unicode>
          </TextEquiv>
        </Word>
        <Word id="w307">
          <Coords points="1158,2490 1261,2490 1261,2567 1158,2567"/>
          <TextEquiv>
            <Unicode>جملة</Unicode>
          </TextEquiv>
        </Word>
        <Word id="w308">
          <Coords points="999,2497 1134,2497 1134,2584 999,2584"/>
          <TextEquiv>
            <Unicode>فعلية</Unicode>
          </TextEquiv>
        </Word>
        <Word id="w309">
          <Coords points="928,2485 993,2485 993,2574 928,2574"/>
          <TextEquiv>
            <Unicode>لا</Unicode>
          </TextEquiv>
        </Word>
        <Word id="w310">
          <Coords points="831,2484 918,2484 918,2595 831,2595"/>
          <TextEquiv>
            <Unicode>محل</Unicode>
          </TextEquiv>
        </Word>
        <Word id="w311">
          <Coords points="763,2488 835,2488 835,2572 763,2572"/>
          <TextEquiv>
            <Unicode>لها</Unicode>
          </TextEquiv>
        </Word>
        <Word id="w312">
          <Coords points="726,2502 740,2502 740,2571 726,2571"/>
          <TextEquiv>
            <Unicode>ا</Unicode>
          </TextEquiv>
        </Word>
        <Word id="w313">
          <Coords points="623,2512 708,2512 708,2589 623,2589"/>
          <TextEquiv>
            <Unicode>بتد</Unicode>
          </TextEquiv>
        </Word>
        <Word id="w314">
          <Coords points="601,2494 616,2494 616,2542 601,2542"/>
          <TextEquiv>
            <Unicode>ا</Unicode>
          </TextEquiv>
        </Word>
        <Word id="w315">
          <Coords points="519,2503 593,2503 593,2590 519,2590"/>
          <TextEquiv>
            <Unicode>ئية</Unicode>
          </TextEquiv>
        </Word>
        <Word id="w316">
          <Coords points="450,2525 499,2525 499,2571 450,2571"/>
          <TextEquiv>
            <Unicode>و</Unicode>
          </TextEquiv>
        </Word>
        <Word id="w317">
          <Coords points="381,2484 456,2484 456,2580 381,2580"/>
          <TextEquiv>
            <Unicode>على</Unicode>
          </TextEquiv>
        </Word>
        <Word id="w318">
          <Coords points="320,2525 386,2525 386,2573 320,2573"/>
          <TextEquiv>
            <Unicode>حر</Unicode>
          </TextEquiv>
        </Word>
        <Word id="w319">
          <Coords points="263,2502 329,2502 329,2561 263,2561"/>
          <TextEquiv>
            <Unicode>ف</Unicode>
          </TextEquiv>
        </Word>
        <Word id="w320">
          <Coords points="184,2516 275,2516 275,2594 184,2594"/>
          <TextEquiv>
            <Unicode>جر</Unicode>
          </TextEquiv>
        </Word>
        <Word id="w321">
          <Coords points="79,2484 207,2484 207,2573 79,2573"/>
          <TextEquiv>
            <Unicode>متعلق</Unicode>
          </TextEquiv>
        </Word>
        <TextEquiv>
          <Unicode> معه جملة فعلية لا محل لها ا بتد ا ئية و على حر ف جر متعلق</Unicode>
        </TextEquiv>
      </TextLine>
      <TextLine id="l18">
        <Coords points="110,2625 1367,2625 1367,2743 110,2743"/>
        <Word id="w322">
          <Coords points="1221,2670 1366,2670 1366,2739 1221,2739"/>
          <TextEquiv>
            <Unicode>بيحبب</Unicode>
          </TextEquiv>
        </Word>
        <Word id="w323">
          <Coords points="1160,2670 1206,2670 1206,2721 1160,2721"/>
          <TextEquiv>
            <Unicode>و</Unicode>
          </TextEquiv>
        </Word>
        <Word id="w324">
          <Coords points="1105,2625 1195,2625 1195,2729 1105,2729"/>
          <TextEquiv>
            <Unicode>كل</Unicode>
          </TextEquiv>
        </Word>
        <Word id="w325">
          <Coords points="1024,2661 1106,2661 1106,2742 1024,2742"/>
          <TextEquiv>
            <Unicode>مجر</Unicode>
          </TextEquiv>
        </Word>
        <Word id="w326">
          <Coords points="999,2672 1041,2672 1041,2738 999,2738"/>
          <TextEquiv>
            <Unicode>و</Unicode>
          </TextEquiv>
        </Word>
        <Word id="w327">
          <Coords points="960,2682 994,2682 994,2720 960,2720"/>
          <TextEquiv>
            <Unicode>ر</Unicode>
          </TextEquiv>
        </Word>
        <Word id="w328">
          <Coords points="912,2662 954,2662 954,2724 912,2724"/>
          <TextEquiv>
            <Unicode>به</Unicode>
          </TextEquiv>
        </Word>
        <Word id="w329">
          <Coords points="781,2641 895,2641 895,2708 781,2708"/>
          <TextEquiv>
            <Unicode>لفظا</Unicode>
          </TextEquiv>
        </Word>
        <Word id="w330">
          <Coords points="710,2670 764,2670 764,2714 710,2714"/>
          <TextEquiv>
            <Unicode>و</Unicode>
          </TextEquiv>
        </Word>
        <Word id="w331">
          <Coords points="584,2658 719,2658 719,2725 584,2725"/>
          <TextEquiv>
            <Unicode>منصو</Unicode>
          </TextEquiv>
        </Word>
        <Word id="w332">
          <Coords points="544,2669 599,2669 599,2716 544,2716"/>
          <TextEquiv>
            <Unicode>ب</Unicode>
          </TextEquiv>
        </Word>
        <Word id="w333">
          <Coords points="436,2651 524,2651 524,2713 436,2713"/>
          <TextEquiv>
            <Unicode>محلا</Unicode>
          </TextEquiv>
        </Word>
        <Word id="w334">
          <Coords points="291,2648 422,2648 422,2728 291,2728"/>
          <TextEquiv>
            <Unicode>مفعو</Unicode>
          </TextEquiv>
        </Word>
        <Word id="w335">
          <Coords points="263,2641 304,2641 304,2717 263,2717"/>
          <TextEquiv>
            <Unicode>ل</Unicode>
          </TextEquiv>
        </Word>
        <Word id="w336">
          <Coords points="205,2667 250,2667 250,2739 205,2739"/>
          <TextEquiv>
            <Unicode>به</Unicode>
          </TextEquiv>
        </Word>
        <Word id="w337">
          <Coords points="110,2641 186,2641 186,2726 110,2726"/>
          <TextEquiv>
            <Unicode>غير</Unicode>
          </TextEquiv>
        </Word>
        <TextEquiv>
          <Unicode> بيحبب و كل مجر و ر به لفظا و منصو ب محلا مفعو ل به غير</Unicode>
        </TextEquiv>
      </TextLine>
      <TextLine id="l19">
        <Coords points="101,2780 1382,2780 1382,2926 101,2926"/>
        <Word id="w338">
          <Coords points="1288,2807 1381,2807 1381,2874 1288,2874"/>
          <TextEquiv>
            <Unicode>صر</Unicode>
          </TextEquiv>
        </Word>
        <Word id="w339">
          <Coords points="1245,2799 1333,2799 1333,2925 1245,2925"/>
          <TextEquiv>
            <Unicode>يح</Unicode>
          </TextEquiv>
        </Word>
        <Word id="w340">
          <Coords points="1183,2787 1226,2787 1226,2855 1183,2855"/>
          <TextEquiv>
            <Unicode>له</Unicode>
          </TextEquiv>
        </Word>
        <Word id="w341">
          <Coords points="1109,2817 1166,2817 1166,2876 1109,2876"/>
          <TextEquiv>
            <Unicode>و</Unicode>
          </TextEquiv>
        </Word>
        <Word id="w342">
          <Coords points="1048,2796 1114,2796 1114,2855 1048,2855"/>
          <TextEquiv>
            <Unicode>مذ</Unicode>
          </TextEquiv>
        </Word>
        <Word id="w343">
          <Coords points="966,2798 1044,2798 1044,2887 966,2887"/>
          <TextEquiv>
            <Unicode>نب</Unicode>
          </TextEquiv>
        </Word>
        <Word id="w344">
          <Coords points="899,2794 980,2794 980,2883 899,2883"/>
          <TextEquiv>
            <Unicode>مجر</Unicode>
          </TextEquiv>
        </Word>
        <Word id="w345">
          <Coords points="868,2815 902,2815 902,2856 868,2856"/>
          <TextEquiv>
            <Unicode>و</Unicode>
          </TextEquiv>
        </Word>
        <Word id="w346">
          <Coords points="832,2822 865,2822 865,2856 832,2856"/>
          <TextEquiv>
            <Unicode>ر</Unicode>
          </TextEquiv>
        </Word>
        <Word id="w347">
          <Coords points="720,2782 835,2782 835,2853 720,2853"/>
          <TextEquiv>
            <Unicode>لفظا</Unicode>
          </TextEquiv>
        </Word>
        <Word id="w348">
          <Coords points="599,2795 710,2795 710,2874 599,2874"/>
          <TextEquiv>
            <Unicode>مضا</Unicode>
          </TextEquiv>
        </Word>
        <Word id="w349">
          <Coords points="524,2806 588,2806 588,2866 524,2866"/>
          <TextEquiv>
            <Unicode>ف</Unicode>
          </TextEquiv>
        </Word>
        <Word id="w350">
          <Coords points="517,2781 533,2781 533,2838 517,2838"/>
          <TextEquiv>
            <Unicode>ا</Unicode>
          </TextEquiv>
        </Word>
        <Word id="w351">
          <Coords points="435,2795 507,2795 507,2884 435,2884"/>
          <TextEquiv>
            <Unicode>ليه</Unicode>
          </TextEquiv>
        </Word>
        <Word id="w352">
          <Coords points="319,2786 421,2786 421,2886 319,2886"/>
          <TextEquiv>
            <Unicode>لكل</Unicode>
          </TextEquiv>
        </Word>
        <Word id="w353">
          <Coords points="222,2780 268,2780 268,2853 222,2853"/>
          <TextEquiv>
            <Unicode>عا</Unicode>
          </TextEquiv>
        </Word>
        <Word id="w354">
          <Coords points="101,2786 215,2786 215,2858 101,2858"/>
          <TextEquiv>
            <Unicode>طفة</Unicode>
          </TextEquiv>
        </Word>
        <TextEquiv>
          <Unicode> صر يح له و مذ نب مجر و ر لفظا مضا ف ا ليه لكل عا طفة</Unicode>
        </TextEquiv>
      </TextLine>
    </TextRegion>
  </Page>
</PcGts>
