<?xml version='1.0' encoding='utf-8'?>
<PcGts xmlns:xsi="http://www.w3.org/2001/XMLSchema-instance" xmlns="http://schema.primaresearch.org/PAGE/gts/pagecontent/2019-07-15" xsi:schemaLocation="http://schema.primaresearch.org/PAGE/gts/pagecontent/2019-07-15 http://schema.primaresearch.org/PAGE/gts/pagecontent/2019-07-15/pagecontent.xsd" pcGtsId="pc-aletheiaexamplepage">
  <Metadata>
    <Creator>PRImA Research Lab</Creator>
    <Created>2015-07-17T15:27:13</Created>
    <LastChange>2017-07-14T10:03:33</LastChange>
    <Comments>Example Page</Comments>
  </Metadata>
  <Page imageFilename="3368132/_0026-1.png" imageWidth="1395" imageHeight="2866">
    <TextRegion id="r0" type="paragraph">
      <Coords points="1,1 1393,1 1393,2864 1,2864"/>
      <TextLine id="l0">
        <Coords points="85,62 1333,62 1333,189 85,189"/>
        <Word id="w0">
          <Coords points="1325,69 1332,69 1332,134 1325,134"/>
          <TextEquiv>
            <Unicode>ا</Unicode>
          </TextEquiv>
        </Word>
        <Word id="w1">
          <Coords points="1244,63 1314,63 1314,162 1244,162"/>
          <TextEquiv>
            <Unicode>لمجر</Unicode>
          </TextEquiv>
        </Word>
        <Word id="w2">
          <Coords points="1230,98 1259,98 1259,143 1230,143"/>
          <TextEquiv>
            <Unicode>و</Unicode>
          </TextEquiv>
        </Word>
        <Word id="w3">
          <Coords points="1191,100 1221,100 1221,139 1191,139"/>
          <TextEquiv>
            <Unicode>ر</Unicode>
          </TextEquiv>
        </Word>
        <Word id="w4">
          <Coords points="1052,65 1191,65 1191,158 1052,158"/>
          <TextEquiv>
            <Unicode>نصب</Unicode>
          </TextEquiv>
        </Word>
        <Word id="w5">
          <Coords points="934,67 1066,67 1066,142 934,142"/>
          <TextEquiv>
            <Unicode>مفعو</Unicode>
          </TextEquiv>
        </Word>
        <Word id="w6">
          <Coords points="896,62 928,62 928,125 896,125"/>
          <TextEquiv>
            <Unicode>ل</Unicode>
          </TextEquiv>
        </Word>
        <Word id="w7">
          <Coords points="833,86 873,86 873,143 833,143"/>
          <TextEquiv>
            <Unicode>به</Unicode>
          </TextEquiv>
        </Word>
        <Word id="w8">
          <Coords points="739,65 816,65 816,147 739,147"/>
          <TextEquiv>
            <Unicode>غير</Unicode>
          </TextEquiv>
        </Word>
        <Word id="w9">
          <Coords points="660,80 740,80 740,140 660,140"/>
          <TextEquiv>
            <Unicode>صر</Unicode>
          </TextEquiv>
        </Word>
        <Word id="w10">
          <Coords points="627,76 713,76 713,186 627,186"/>
          <TextEquiv>
            <Unicode>يح</Unicode>
          </TextEquiv>
        </Word>
        <Word id="w11">
          <Coords points="566,68 606,68 606,127 566,127"/>
          <TextEquiv>
            <Unicode>له</Unicode>
          </TextEquiv>
        </Word>
        <Word id="w12">
          <Coords points="512,93 545,93 545,137 512,137"/>
          <TextEquiv>
            <Unicode>و</Unicode>
          </TextEquiv>
        </Word>
        <Word id="w13">
          <Coords points="500,65 509,65 509,115 500,115"/>
          <TextEquiv>
            <Unicode>ا</Unicode>
          </TextEquiv>
        </Word>
        <Word id="w14">
          <Coords points="389,74 485,74 485,158 389,158"/>
          <TextEquiv>
            <Unicode>لبلو</Unicode>
          </TextEquiv>
        </Word>
        <Word id="w15">
          <Coords points="364,64 441,64 441,188 364,188"/>
          <TextEquiv>
            <Unicode>غ</Unicode>
          </TextEquiv>
        </Word>
        <Word id="w16">
          <Coords points="270,87 346,87 346,161 270,161"/>
          <TextEquiv>
            <Unicode>مجر</Unicode>
          </TextEquiv>
        </Word>
        <Word id="w17">
          <Coords points="253,104 279,104 279,146 253,146"/>
          <TextEquiv>
            <Unicode>و</Unicode>
          </TextEquiv>
        </Word>
        <Word id="w18">
          <Coords points="213,106 245,106 245,145 213,145"/>
          <TextEquiv>
            <Unicode>ر</Unicode>
          </TextEquiv>
        </Word>
        <Word id="w19">
          <Coords points="85,62 206,62 206,135 85,135"/>
          <TextEquiv>
            <Unicode>لفظا</Unicode>
          </TextEquiv>
        </Word>
        <TextEquiv>
          <Unicode> ا لمجر و ر نصب مفعو ل به غير صر يح له و ا لبلو غ مجر و ر لفظا</Unicode>
        </TextEquiv>
      </TextLine>
      <TextLine id="l1">
        <Coords points="71,199 1322,199 1322,307 71,307"/>
        <Word id="w20">
          <Coords points="1218,205 1321,205 1321,269 1218,269"/>
          <TextEquiv>
            <Unicode>مضا</Unicode>
          </TextEquiv>
        </Word>
        <Word id="w21">
          <Coords points="1149,217 1212,217 1212,274 1149,274"/>
          <TextEquiv>
            <Unicode>ف</Unicode>
          </TextEquiv>
        </Word>
        <Word id="w22">
          <Coords points="1136,199 1146,199 1146,272 1136,272"/>
          <TextEquiv>
            <Unicode>ا</Unicode>
          </TextEquiv>
        </Word>
        <Word id="w23">
          <Coords points="1057,215 1125,215 1125,288 1057,288"/>
          <TextEquiv>
            <Unicode>ليه</Unicode>
          </TextEquiv>
        </Word>
        <Word id="w24">
          <Coords points="940,205 1041,205 1041,300 940,300"/>
          <TextEquiv>
            <Unicode>لليو</Unicode>
          </TextEquiv>
        </Word>
        <Word id="w25">
          <Coords points="885,241 952,241 952,290 885,290"/>
          <TextEquiv>
            <Unicode>م</Unicode>
          </TextEquiv>
        </Word>
        <Word id="w26">
          <Coords points="846,238 887,238 887,283 846,283"/>
          <TextEquiv>
            <Unicode>و</Unicode>
          </TextEquiv>
        </Word>
        <Word id="w27">
          <Coords points="799,211 856,211 856,277 799,277"/>
          <TextEquiv>
            <Unicode>عا</Unicode>
          </TextEquiv>
        </Word>
        <Word id="w28">
          <Coords points="682,205 796,205 796,283 682,283"/>
          <TextEquiv>
            <Unicode>طفة</Unicode>
          </TextEquiv>
        </Word>
        <Word id="w29">
          <Coords points="655,216 666,216 666,280 655,280"/>
          <TextEquiv>
            <Unicode>ا</Unicode>
          </TextEquiv>
        </Word>
        <Word id="w30">
          <Coords points="552,201 637,201 637,278 552,278"/>
          <TextEquiv>
            <Unicode>لسا</Unicode>
          </TextEquiv>
        </Word>
        <Word id="w31">
          <Coords points="513,250 540,250 540,279 513,279"/>
          <TextEquiv>
            <Unicode>د</Unicode>
          </TextEquiv>
        </Word>
        <Word id="w32">
          <Coords points="440,247 502,247 502,297 440,297"/>
          <TextEquiv>
            <Unicode>س</Unicode>
          </TextEquiv>
        </Word>
        <Word id="w33">
          <Coords points="322,216 454,216 454,306 322,306"/>
          <TextEquiv>
            <Unicode>عشر</Unicode>
          </TextEquiv>
        </Word>
        <Word id="w34">
          <Coords points="253,212 343,212 343,294 253,294"/>
          <TextEquiv>
            <Unicode>مثل</Unicode>
          </TextEquiv>
        </Word>
        <Word id="w35">
          <Coords points="213,210 262,210 262,274 213,274"/>
          <TextEquiv>
            <Unicode>ما</Unicode>
          </TextEquiv>
        </Word>
        <Word id="w36">
          <Coords points="71,216 197,216 197,292 71,292"/>
          <TextEquiv>
            <Unicode>سبق</Unicode>
          </TextEquiv>
        </Word>
        <TextEquiv>
          <Unicode> مضا ف ا ليه لليو م و عا طفة ا لسا د س عشر مثل ما سبق</Unicode>
        </TextEquiv>
      </TextLine>
      <TextLine id="l2">
        <Coords points="51,347 1330,347 1330,485 51,485"/>
        <Word id="w37">
          <Coords points="1210,370 1329,370 1329,441 1210,441"/>
          <TextEquiv>
            <Unicode>مبتد</Unicode>
          </TextEquiv>
        </Word>
        <Word id="w38">
          <Coords points="1190,347 1208,347 1208,398 1190,398"/>
          <TextEquiv>
            <Unicode>ا</Unicode>
          </TextEquiv>
        </Word>
        <Word id="w39">
          <Coords points="1172,397 1190,397 1190,421 1172,421"/>
          <TextEquiv>
            <Unicode>ء</Unicode>
          </TextEquiv>
        </Word>
        <Word id="w40">
          <Coords points="1071,371 1157,371 1157,425 1071,425"/>
          <TextEquiv>
            <Unicode>خلا</Unicode>
          </TextEquiv>
        </Word>
        <Word id="w41">
          <Coords points="1002,394 1063,394 1063,454 1002,454"/>
          <TextEquiv>
            <Unicode>مر</Unicode>
          </TextEquiv>
        </Word>
        <Word id="w42">
          <Coords points="996,359 1019,359 1019,419 996,419"/>
          <TextEquiv>
            <Unicode>ا</Unicode>
          </TextEquiv>
        </Word>
        <Word id="w43">
          <Coords points="970,400 994,400 994,427 970,427"/>
          <TextEquiv>
            <Unicode>د</Unicode>
          </TextEquiv>
        </Word>
        <Word id="w44">
          <Coords points="827,361 948,361 948,430 827,430"/>
          <TextEquiv>
            <Unicode>لفظه</Unicode>
          </TextEquiv>
        </Word>
        <Word id="w45">
          <Coords points="751,396 813,396 813,450 751,450"/>
          <TextEquiv>
            <Unicode>مر</Unicode>
          </TextEquiv>
        </Word>
        <Word id="w46">
          <Coords points="705,365 759,365 759,444 705,444"/>
          <TextEquiv>
            <Unicode>فو</Unicode>
          </TextEquiv>
        </Word>
        <Word id="w47">
          <Coords points="679,387 746,387 746,484 679,484"/>
          <TextEquiv>
            <Unicode>ع</Unicode>
          </TextEquiv>
        </Word>
        <Word id="w48">
          <Coords points="567,351 653,351 653,425 567,425"/>
          <TextEquiv>
            <Unicode>تقد</Unicode>
          </TextEquiv>
        </Word>
        <Word id="w49">
          <Coords points="511,390 574,390 574,459 511,459"/>
          <TextEquiv>
            <Unicode>ير</Unicode>
          </TextEquiv>
        </Word>
        <Word id="w50">
          <Coords points="494,356 510,356 510,419 494,419"/>
          <TextEquiv>
            <Unicode>ا</Unicode>
          </TextEquiv>
        </Word>
        <Word id="w51">
          <Coords points="393,372 490,372 490,449 393,449"/>
          <TextEquiv>
            <Unicode>خبر</Unicode>
          </TextEquiv>
        </Word>
        <Word id="w52">
          <Coords points="371,402 391,402 391,424 371,424"/>
          <TextEquiv>
            <Unicode>ه</Unicode>
          </TextEquiv>
        </Word>
        <Word id="w53">
          <Coords points="305,398 349,398 349,445 305,445"/>
          <TextEquiv>
            <Unicode>و</Unicode>
          </TextEquiv>
        </Word>
        <Word id="w54">
          <Coords points="223,397 307,397 307,460 223,460"/>
          <TextEquiv>
            <Unicode>هو</Unicode>
          </TextEquiv>
        </Word>
        <Word id="w55">
          <Coords points="134,395 235,395 235,433 134,433"/>
          <TextEquiv>
            <Unicode>معه</Unicode>
          </TextEquiv>
        </Word>
        <Word id="w56">
          <Coords points="51,348 137,348 137,468 51,468"/>
          <TextEquiv>
            <Unicode>جملة</Unicode>
          </TextEquiv>
        </Word>
        <TextEquiv>
          <Unicode> مبتد ا ء خلا مر ا د لفظه مر فو ع تقد ير ا خبر ه و هو معه جملة</Unicode>
        </TextEquiv>
      </TextLine>
      <TextLine id="l3">
        <Coords points="55,501 1334,501 1334,605 55,605"/>
        <Word id="w57">
          <Coords points="1319,508 1333,508 1333,580 1319,580"/>
          <TextEquiv>
            <Unicode>ا</Unicode>
          </TextEquiv>
        </Word>
        <Word id="w58">
          <Coords points="1187,537 1304,537 1304,600 1187,600"/>
          <TextEquiv>
            <Unicode>سميه</Unicode>
          </TextEquiv>
        </Word>
        <Word id="w59">
          <Coords points="1113,513 1164,513 1164,583 1113,583"/>
          <TextEquiv>
            <Unicode>لا</Unicode>
          </TextEquiv>
        </Word>
        <Word id="w60">
          <Coords points="1037,503 1117,503 1117,600 1037,600"/>
          <TextEquiv>
            <Unicode>محل</Unicode>
          </TextEquiv>
        </Word>
        <Word id="w61">
          <Coords points="973,506 1044,506 1044,576 973,576"/>
          <TextEquiv>
            <Unicode>لها</Unicode>
          </TextEquiv>
        </Word>
        <Word id="w62">
          <Coords points="821,514 969,514 969,586 821,586"/>
          <TextEquiv>
            <Unicode>عطف</Unicode>
          </TextEquiv>
        </Word>
        <Word id="w63">
          <Coords points="760,508 824,508 824,600 760,600"/>
          <TextEquiv>
            <Unicode>على</Unicode>
          </TextEquiv>
        </Word>
        <Word id="w64">
          <Coords points="756,506 771,506 771,565 756,565"/>
          <TextEquiv>
            <Unicode>ا</Unicode>
          </TextEquiv>
        </Word>
        <Word id="w65">
          <Coords points="681,536 752,536 752,587 681,587"/>
          <TextEquiv>
            <Unicode>حد</Unicode>
          </TextEquiv>
        </Word>
        <Word id="w66">
          <Coords points="623,501 672,501 672,587 623,587"/>
          <TextEquiv>
            <Unicode>هما</Unicode>
          </TextEquiv>
        </Word>
        <Word id="w67">
          <Coords points="532,524 616,524 616,603 532,603"/>
          <TextEquiv>
            <Unicode>نحو</Unicode>
          </TextEquiv>
        </Word>
        <Word id="w68">
          <Coords points="408,513 537,513 537,604 408,604"/>
          <TextEquiv>
            <Unicode>معلو</Unicode>
          </TextEquiv>
        </Word>
        <Word id="w69">
          <Coords points="366,556 416,556 416,595 366,595"/>
          <TextEquiv>
            <Unicode>م</Unicode>
          </TextEquiv>
        </Word>
        <Word id="w70">
          <Coords points="243,521 375,521 375,591 243,591"/>
          <TextEquiv>
            <Unicode>هلك</Unicode>
          </TextEquiv>
        </Word>
        <Word id="w71">
          <Coords points="218,519 230,519 230,576 218,576"/>
          <TextEquiv>
            <Unicode>ا</Unicode>
          </TextEquiv>
        </Word>
        <Word id="w72">
          <Coords points="142,520 205,520 205,587 142,587"/>
          <TextEquiv>
            <Unicode>لعا</Unicode>
          </TextEquiv>
        </Word>
        <Word id="w73">
          <Coords points="66,527 132,527 132,599 66,599"/>
          <TextEquiv>
            <Unicode>لمو</Unicode>
          </TextEquiv>
        </Word>
        <Word id="w74">
          <Coords points="55,502 98,502 98,558 55,558"/>
          <TextEquiv>
            <Unicode>ن</Unicode>
          </TextEquiv>
        </Word>
        <TextEquiv>
          <Unicode> ا سميه لا محل لها عطف على ا حد هما نحو معلو م هلك ا لعا لمو ن</Unicode>
        </TextEquiv>
      </TextLine>
      <TextLine id="l4">
        <Coords points="93,647 1346,647 1346,756 93,756"/>
        <Word id="w75">
          <Coords points="1258,656 1345,656 1345,714 1258,714"/>
          <TextEquiv>
            <Unicode>خلا</Unicode>
          </TextEquiv>
        </Word>
        <Word id="w76">
          <Coords points="1235,661 1245,661 1245,711 1235,711"/>
          <TextEquiv>
            <Unicode>ا</Unicode>
          </TextEquiv>
        </Word>
        <Word id="w77">
          <Coords points="1156,648 1223,648 1223,712 1156,712"/>
          <TextEquiv>
            <Unicode>لعا</Unicode>
          </TextEquiv>
        </Word>
        <Word id="w78">
          <Coords points="1072,654 1145,654 1145,732 1072,732"/>
          <TextEquiv>
            <Unicode>مل</Unicode>
          </TextEquiv>
        </Word>
        <Word id="w79">
          <Coords points="969,658 1075,658 1075,731 969,731"/>
          <TextEquiv>
            <Unicode>بعلمه</Unicode>
          </TextEquiv>
        </Word>
        <Word id="w80">
          <Coords points="898,690 961,690 961,747 898,747"/>
          <TextEquiv>
            <Unicode>مر</Unicode>
          </TextEquiv>
        </Word>
        <Word id="w81">
          <Coords points="893,652 911,652 911,709 893,709"/>
          <TextEquiv>
            <Unicode>ا</Unicode>
          </TextEquiv>
        </Word>
        <Word id="w82">
          <Coords points="862,694 889,694 889,726 862,726"/>
          <TextEquiv>
            <Unicode>د</Unicode>
          </TextEquiv>
        </Word>
        <Word id="w83">
          <Coords points="714,655 847,655 847,724 714,724"/>
          <TextEquiv>
            <Unicode>لفظه</Unicode>
          </TextEquiv>
        </Word>
        <Word id="w84">
          <Coords points="622,670 699,670 699,752 622,752"/>
          <TextEquiv>
            <Unicode>مجر</Unicode>
          </TextEquiv>
        </Word>
        <Word id="w85">
          <Coords points="599,685 635,685 635,739 599,739"/>
          <TextEquiv>
            <Unicode>و</Unicode>
          </TextEquiv>
        </Word>
        <Word id="w86">
          <Coords points="567,695 598,695 598,730 567,730"/>
          <TextEquiv>
            <Unicode>ر</Unicode>
          </TextEquiv>
        </Word>
        <Word id="w87">
          <Coords points="472,653 574,653 574,723 472,723"/>
          <TextEquiv>
            <Unicode>تقد</Unicode>
          </TextEquiv>
        </Word>
        <Word id="w88">
          <Coords points="416,690 480,690 480,755 416,755"/>
          <TextEquiv>
            <Unicode>ير</Unicode>
          </TextEquiv>
        </Word>
        <Word id="w89">
          <Coords points="409,647 423,647 423,700 409,700"/>
          <TextEquiv>
            <Unicode>ا</Unicode>
          </TextEquiv>
        </Word>
        <Word id="w90">
          <Coords points="275,650 402,650 402,733 275,733"/>
          <TextEquiv>
            <Unicode>مضا</Unicode>
          </TextEquiv>
        </Word>
        <Word id="w91">
          <Coords points="203,675 265,675 265,734 203,734"/>
          <TextEquiv>
            <Unicode>ف</Unicode>
          </TextEquiv>
        </Word>
        <Word id="w92">
          <Coords points="191,660 202,660 202,714 191,714"/>
          <TextEquiv>
            <Unicode>ا</Unicode>
          </TextEquiv>
        </Word>
        <Word id="w93">
          <Coords points="93,670 176,670 176,751 93,751"/>
          <TextEquiv>
            <Unicode>ليه</Unicode>
          </TextEquiv>
        </Word>
        <TextEquiv>
          <Unicode> خلا ا لعا مل بعلمه مر ا د لفظه مجر و ر تقد ير ا مضا ف ا ليه</Unicode>
        </TextEquiv>
      </TextLine>
      <TextLine id="l5">
        <Coords points="42,780 1347,780 1347,919 42,919"/>
        <Word id="w94">
          <Coords points="1258,794 1346,794 1346,880 1258,880"/>
          <TextEquiv>
            <Unicode>لنحو</Unicode>
          </TextEquiv>
        </Word>
        <Word id="w95">
          <Coords points="1221,824 1267,824 1267,874 1221,874"/>
          <TextEquiv>
            <Unicode>و</Unicode>
          </TextEquiv>
        </Word>
        <Word id="w96">
          <Coords points="1215,790 1228,790 1228,838 1215,838"/>
          <TextEquiv>
            <Unicode>ا</Unicode>
          </TextEquiv>
        </Word>
        <Word id="w97">
          <Coords points="1180,802 1208,802 1208,863 1180,863"/>
          <TextEquiv>
            <Unicode>ذ</Unicode>
          </TextEquiv>
        </Word>
        <Word id="w98">
          <Coords points="1159,780 1175,780 1175,845 1159,845"/>
          <TextEquiv>
            <Unicode>ا</Unicode>
          </TextEquiv>
        </Word>
        <Word id="w99">
          <Coords points="1136,803 1151,803 1151,871 1136,871"/>
          <TextEquiv>
            <Unicode>ا</Unicode>
          </TextEquiv>
        </Word>
        <Word id="w100">
          <Coords points="1093,836 1123,836 1123,873 1093,873"/>
          <TextEquiv>
            <Unicode>ر</Unicode>
          </TextEquiv>
        </Word>
        <Word id="w101">
          <Coords points="1036,807 1091,807 1091,887 1036,887"/>
          <TextEquiv>
            <Unicode>يد</Unicode>
          </TextEquiv>
        </Word>
        <Word id="w102">
          <Coords points="1021,787 1033,787 1033,851 1021,851"/>
          <TextEquiv>
            <Unicode>ا</Unicode>
          </TextEquiv>
        </Word>
        <Word id="w103">
          <Coords points="908,799 1016,799 1016,879 908,879"/>
          <TextEquiv>
            <Unicode>لمعنى</Unicode>
          </TextEquiv>
        </Word>
        <Word id="w104">
          <Coords points="755,803 907,803 907,882 755,882"/>
          <TextEquiv>
            <Unicode>فهلك</Unicode>
          </TextEquiv>
        </Word>
        <Word id="w105">
          <Coords points="646,797 743,797 743,887 646,887"/>
          <TextEquiv>
            <Unicode>فعل</Unicode>
          </TextEquiv>
        </Word>
        <Word id="w106">
          <Coords points="605,794 655,794 655,869 605,869"/>
          <TextEquiv>
            <Unicode>ما</Unicode>
          </TextEquiv>
        </Word>
        <Word id="w107">
          <Coords points="515,810 593,810 593,883 515,883"/>
          <TextEquiv>
            <Unicode>ضى</Unicode>
          </TextEquiv>
        </Word>
        <Word id="w108">
          <Coords points="398,816 523,816 523,885 398,885"/>
          <TextEquiv>
            <Unicode>مبنى</Unicode>
          </TextEquiv>
        </Word>
        <Word id="w109">
          <Coords points="339,795 410,795 410,885 339,885"/>
          <TextEquiv>
            <Unicode>على</Unicode>
          </TextEquiv>
        </Word>
        <Word id="w110">
          <Coords points="324,795 345,795 345,866 324,866"/>
          <TextEquiv>
            <Unicode>ا</Unicode>
          </TextEquiv>
        </Word>
        <Word id="w111">
          <Coords points="228,804 308,804 308,918 228,918"/>
          <TextEquiv>
            <Unicode>لفتح</Unicode>
          </TextEquiv>
        </Word>
        <Word id="w112">
          <Coords points="152,802 214,802 214,886 152,886"/>
          <TextEquiv>
            <Unicode>لا</Unicode>
          </TextEquiv>
        </Word>
        <Word id="w113">
          <Coords points="85,804 157,804 157,895 85,895"/>
          <TextEquiv>
            <Unicode>محل</Unicode>
          </TextEquiv>
        </Word>
        <Word id="w114">
          <Coords points="42,801 91,801 91,867 42,867"/>
          <TextEquiv>
            <Unicode>له</Unicode>
          </TextEquiv>
        </Word>
        <TextEquiv>
          <Unicode> لنحو و ا ذ ا ا ر يد ا لمعنى فهلك فعل ما ضى مبنى على ا لفتح لا محل له</Unicode>
        </TextEquiv>
      </TextLine>
      <TextLine id="l6">
        <Coords points="40,929 1349,929 1349,1055 40,1055"/>
        <Word id="w115">
          <Coords points="1304,967 1348,967 1348,1014 1304,1014"/>
          <TextEquiv>
            <Unicode>و</Unicode>
          </TextEquiv>
        </Word>
        <Word id="w116">
          <Coords points="1302,935 1313,935 1313,991 1302,991"/>
          <TextEquiv>
            <Unicode>ا</Unicode>
          </TextEquiv>
        </Word>
        <Word id="w117">
          <Coords points="1218,934 1286,934 1286,999 1218,999"/>
          <TextEquiv>
            <Unicode>لعا</Unicode>
          </TextEquiv>
        </Word>
        <Word id="w118">
          <Coords points="1122,942 1212,942 1212,1016 1122,1016"/>
          <TextEquiv>
            <Unicode>ملو</Unicode>
          </TextEquiv>
        </Word>
        <Word id="w119">
          <Coords points="1087,943 1119,943 1119,1006 1087,1006"/>
          <TextEquiv>
            <Unicode>ن</Unicode>
          </TextEquiv>
        </Word>
        <Word id="w120">
          <Coords points="1012,958 1086,958 1086,1022 1012,1022"/>
          <TextEquiv>
            <Unicode>مر</Unicode>
          </TextEquiv>
        </Word>
        <Word id="w121">
          <Coords points="976,929 1029,929 1029,1015 976,1015"/>
          <TextEquiv>
            <Unicode>فو</Unicode>
          </TextEquiv>
        </Word>
        <Word id="w122">
          <Coords points="948,963 1006,963 1006,1054 948,1054"/>
          <TextEquiv>
            <Unicode>ع</Unicode>
          </TextEquiv>
        </Word>
        <Word id="w123">
          <Coords points="812,943 925,943 925,1010 812,1010"/>
          <TextEquiv>
            <Unicode>لفظا</Unicode>
          </TextEquiv>
        </Word>
        <Word id="w124">
          <Coords points="769,939 802,939 802,1029 769,1029"/>
          <TextEquiv>
            <Unicode>با</Unicode>
          </TextEquiv>
        </Word>
        <Word id="w125">
          <Coords points="707,958 757,958 757,1027 707,1027"/>
          <TextEquiv>
            <Unicode>لو</Unicode>
          </TextEquiv>
        </Word>
        <Word id="w126">
          <Coords points="699,946 712,946 712,1008 699,1008"/>
          <TextEquiv>
            <Unicode>ا</Unicode>
          </TextEquiv>
        </Word>
        <Word id="w127">
          <Coords points="651,986 693,986 693,1026 651,1026"/>
          <TextEquiv>
            <Unicode>و</Unicode>
          </TextEquiv>
        </Word>
        <Word id="w128">
          <Coords points="611,941 650,941 650,1015 611,1015"/>
          <TextEquiv>
            <Unicode>فا</Unicode>
          </TextEquiv>
        </Word>
        <Word id="w129">
          <Coords points="518,945 603,945 603,1019 518,1019"/>
          <TextEquiv>
            <Unicode>عله</Unicode>
          </TextEquiv>
        </Word>
        <Word id="w130">
          <Coords points="455,980 504,980 504,1032 455,1032"/>
          <TextEquiv>
            <Unicode>و</Unicode>
          </TextEquiv>
        </Word>
        <Word id="w131">
          <Coords points="380,975 463,975 463,1035 380,1035"/>
          <TextEquiv>
            <Unicode>هو</Unicode>
          </TextEquiv>
        </Word>
        <Word id="w132">
          <Coords points="278,978 383,978 383,1022 278,1022"/>
          <TextEquiv>
            <Unicode>معه</Unicode>
          </TextEquiv>
        </Word>
        <Word id="w133">
          <Coords points="167,960 260,960 260,1035 167,1035"/>
          <TextEquiv>
            <Unicode>جملة</Unicode>
          </TextEquiv>
        </Word>
        <Word id="w134">
          <Coords points="40,951 153,951 153,1051 40,1051"/>
          <TextEquiv>
            <Unicode>فعلية</Unicode>
          </TextEquiv>
        </Word>
        <TextEquiv>
          <Unicode> و ا لعا ملو ن مر فو ع لفظا با لو ا و فا عله و هو معه جملة فعلية</Unicode>
        </TextEquiv>
      </TextLine>
      <TextLine id="l7">
        <Coords points="71,1084 1343,1084 1343,1196 71,1196"/>
        <Word id="w135">
          <Coords points="1290,1097 1342,1097 1342,1164 1290,1164"/>
          <TextEquiv>
            <Unicode>لا</Unicode>
          </TextEquiv>
        </Word>
        <Word id="w136">
          <Coords points="1203,1090 1290,1090 1290,1184 1203,1184"/>
          <TextEquiv>
            <Unicode>محل</Unicode>
          </TextEquiv>
        </Word>
        <Word id="w137">
          <Coords points="1139,1090 1218,1090 1218,1159 1139,1159"/>
          <TextEquiv>
            <Unicode>لها</Unicode>
          </TextEquiv>
        </Word>
        <Word id="w138">
          <Coords points="1118,1103 1129,1103 1129,1164 1118,1164"/>
          <TextEquiv>
            <Unicode>ا</Unicode>
          </TextEquiv>
        </Word>
        <Word id="w139">
          <Coords points="1022,1099 1114,1099 1114,1187 1022,1187"/>
          <TextEquiv>
            <Unicode>بتد</Unicode>
          </TextEquiv>
        </Word>
        <Word id="w140">
          <Coords points="1011,1084 1029,1084 1029,1157 1011,1157"/>
          <TextEquiv>
            <Unicode>ا</Unicode>
          </TextEquiv>
        </Word>
        <Word id="w141">
          <Coords points="919,1098 997,1098 997,1184 919,1184"/>
          <TextEquiv>
            <Unicode>ئية</Unicode>
          </TextEquiv>
        </Word>
        <Word id="w142">
          <Coords points="857,1128 902,1128 902,1176 857,1176"/>
          <TextEquiv>
            <Unicode>و</Unicode>
          </TextEquiv>
        </Word>
        <Word id="w143">
          <Coords points="780,1107 866,1107 866,1173 780,1173"/>
          <TextEquiv>
            <Unicode>خلا</Unicode>
          </TextEquiv>
        </Word>
        <Word id="w144">
          <Coords points="702,1136 773,1136 773,1184 702,1184"/>
          <TextEquiv>
            <Unicode>حر</Unicode>
          </TextEquiv>
        </Word>
        <Word id="w145">
          <Coords points="649,1106 712,1106 712,1168 649,1168"/>
          <TextEquiv>
            <Unicode>ف</Unicode>
          </TextEquiv>
        </Word>
        <Word id="w146">
          <Coords points="587,1120 653,1120 653,1195 587,1195"/>
          <TextEquiv>
            <Unicode>جر</Unicode>
          </TextEquiv>
        </Word>
        <Word id="w147">
          <Coords points="495,1095 586,1095 586,1189 495,1189"/>
          <TextEquiv>
            <Unicode>غير</Unicode>
          </TextEquiv>
        </Word>
        <Word id="w148">
          <Coords points="338,1099 501,1099 501,1190 338,1190"/>
          <TextEquiv>
            <Unicode>متعلق</Unicode>
          </TextEquiv>
        </Word>
        <Word id="w149">
          <Coords points="213,1101 327,1101 327,1184 213,1184"/>
          <TextEquiv>
            <Unicode>بشئ</Unicode>
          </TextEquiv>
        </Word>
        <Word id="w150">
          <Coords points="71,1121 201,1121 201,1171 71,1171"/>
          <TextEquiv>
            <Unicode>عند</Unicode>
          </TextEquiv>
        </Word>
        <TextEquiv>
          <Unicode> لا محل لها ا بتد ا ئية و خلا حر ف جر غير متعلق بشئ عند</Unicode>
        </TextEquiv>
      </TextLine>
      <TextLine id="l8">
        <Coords points="47,1227 1352,1227 1352,1356 47,1356"/>
        <Word id="w151">
          <Coords points="1333,1235 1351,1235 1351,1300 1333,1300"/>
          <TextEquiv>
            <Unicode>ا</Unicode>
          </TextEquiv>
        </Word>
        <Word id="w152">
          <Coords points="1203,1232 1328,1232 1328,1339 1203,1339"/>
          <TextEquiv>
            <Unicode>لجمهو</Unicode>
          </TextEquiv>
        </Word>
        <Word id="w153">
          <Coords points="1163,1285 1201,1285 1201,1322 1163,1322"/>
          <TextEquiv>
            <Unicode>ر</Unicode>
          </TextEquiv>
        </Word>
        <Word id="w154">
          <Coords points="1129,1272 1164,1272 1164,1318 1129,1318"/>
          <TextEquiv>
            <Unicode>و</Unicode>
          </TextEquiv>
        </Word>
        <Word id="w155">
          <Coords points="1116,1247 1129,1247 1129,1300 1116,1300"/>
          <TextEquiv>
            <Unicode>ا</Unicode>
          </TextEquiv>
        </Word>
        <Word id="w156">
          <Coords points="1036,1252 1110,1252 1110,1317 1036,1317"/>
          <TextEquiv>
            <Unicode>لعا</Unicode>
          </TextEquiv>
        </Word>
        <Word id="w157">
          <Coords points="951,1239 1027,1239 1027,1329 951,1329"/>
          <TextEquiv>
            <Unicode>مل</Unicode>
          </TextEquiv>
        </Word>
        <Word id="w158">
          <Coords points="879,1260 957,1260 957,1344 879,1344"/>
          <TextEquiv>
            <Unicode>مجر</Unicode>
          </TextEquiv>
        </Word>
        <Word id="w159">
          <Coords points="860,1278 893,1278 893,1331 860,1331"/>
          <TextEquiv>
            <Unicode>و</Unicode>
          </TextEquiv>
        </Word>
        <Word id="w160">
          <Coords points="819,1286 852,1286 852,1322 819,1322"/>
          <TextEquiv>
            <Unicode>ر</Unicode>
          </TextEquiv>
        </Word>
        <Word id="w161">
          <Coords points="771,1273 814,1273 814,1334 771,1334"/>
          <TextEquiv>
            <Unicode>به</Unicode>
          </TextEquiv>
        </Word>
        <Word id="w162">
          <Coords points="634,1254 754,1254 754,1321 634,1321"/>
          <TextEquiv>
            <Unicode>لفظا</Unicode>
          </TextEquiv>
        </Word>
        <Word id="w163">
          <Coords points="585,1286 623,1286 623,1331 585,1331"/>
          <TextEquiv>
            <Unicode>و</Unicode>
          </TextEquiv>
        </Word>
        <Word id="w164">
          <Coords points="508,1257 588,1257 588,1343 508,1343"/>
          <TextEquiv>
            <Unicode>محل</Unicode>
          </TextEquiv>
        </Word>
        <Word id="w165">
          <Coords points="497,1259 509,1259 509,1308 497,1308"/>
          <TextEquiv>
            <Unicode>ا</Unicode>
          </TextEquiv>
        </Word>
        <Word id="w166">
          <Coords points="407,1254 489,1254 489,1355 407,1355"/>
          <TextEquiv>
            <Unicode>لمجر</Unicode>
          </TextEquiv>
        </Word>
        <Word id="w167">
          <Coords points="387,1291 424,1291 424,1343 387,1343"/>
          <TextEquiv>
            <Unicode>و</Unicode>
          </TextEquiv>
        </Word>
        <Word id="w168">
          <Coords points="352,1300 382,1300 382,1336 352,1336"/>
          <TextEquiv>
            <Unicode>ر</Unicode>
          </TextEquiv>
        </Word>
        <Word id="w169">
          <Coords points="192,1264 351,1264 351,1347 192,1347"/>
          <TextEquiv>
            <Unicode>منصو</Unicode>
          </TextEquiv>
        </Word>
        <Word id="w170">
          <Coords points="149,1286 206,1286 206,1347 149,1347"/>
          <TextEquiv>
            <Unicode>ب</Unicode>
          </TextEquiv>
        </Word>
        <Word id="w171">
          <Coords points="47,1227 199,1227 199,1346 47,1346"/>
          <TextEquiv>
            <Unicode>مستثني</Unicode>
          </TextEquiv>
        </Word>
        <TextEquiv>
          <Unicode> ا لجمهو ر و ا لعا مل مجر و ر به لفظا و محل ا لمجر و ر منصو ب مستثني</Unicode>
        </TextEquiv>
      </TextLine>
      <TextLine id="l9">
        <Coords points="50,1376 1351,1376 1351,1497 50,1497"/>
        <Word id="w172">
          <Coords points="1275,1400 1350,1400 1350,1487 1275,1487"/>
          <TextEquiv>
            <Unicode>من</Unicode>
          </TextEquiv>
        </Word>
        <Word id="w173">
          <Coords points="1261,1398 1277,1398 1277,1455 1261,1455"/>
          <TextEquiv>
            <Unicode>ا</Unicode>
          </TextEquiv>
        </Word>
        <Word id="w174">
          <Coords points="1179,1381 1253,1381 1253,1465 1179,1465"/>
          <TextEquiv>
            <Unicode>لعا</Unicode>
          </TextEquiv>
        </Word>
        <Word id="w175">
          <Coords points="1109,1410 1175,1410 1175,1483 1109,1483"/>
          <TextEquiv>
            <Unicode>لمو</Unicode>
          </TextEquiv>
        </Word>
        <Word id="w176">
          <Coords points="1069,1405 1110,1405 1110,1473 1069,1473"/>
          <TextEquiv>
            <Unicode>ن</Unicode>
          </TextEquiv>
        </Word>
        <Word id="w177">
          <Coords points="1025,1427 1064,1427 1064,1473 1025,1473"/>
          <TextEquiv>
            <Unicode>و</Unicode>
          </TextEquiv>
        </Word>
        <Word id="w178">
          <Coords points="1017,1396 1031,1396 1031,1455 1017,1455"/>
          <TextEquiv>
            <Unicode>ا</Unicode>
          </TextEquiv>
        </Word>
        <Word id="w179">
          <Coords points="939,1393 1007,1393 1007,1486 939,1486"/>
          <TextEquiv>
            <Unicode>لبا</Unicode>
          </TextEquiv>
        </Word>
        <Word id="w180">
          <Coords points="912,1437 934,1437 934,1462 912,1462"/>
          <TextEquiv>
            <Unicode>ء</Unicode>
          </TextEquiv>
        </Word>
        <Word id="w181">
          <Coords points="820,1421 897,1421 897,1478 820,1478"/>
          <TextEquiv>
            <Unicode>حر</Unicode>
          </TextEquiv>
        </Word>
        <Word id="w182">
          <Coords points="770,1406 840,1406 840,1470 770,1470"/>
          <TextEquiv>
            <Unicode>ف</Unicode>
          </TextEquiv>
        </Word>
        <Word id="w183">
          <Coords points="699,1414 779,1414 779,1480 699,1480"/>
          <TextEquiv>
            <Unicode>جر</Unicode>
          </TextEquiv>
        </Word>
        <Word id="w184">
          <Coords points="553,1376 704,1376 704,1487 553,1487"/>
          <TextEquiv>
            <Unicode>متعلق</Unicode>
          </TextEquiv>
        </Word>
        <Word id="w185">
          <Coords points="521,1381 552,1381 552,1474 521,1474"/>
          <TextEquiv>
            <Unicode>با</Unicode>
          </TextEquiv>
        </Word>
        <Word id="w186">
          <Coords points="435,1386 503,1386 503,1456 435,1456"/>
          <TextEquiv>
            <Unicode>لعا</Unicode>
          </TextEquiv>
        </Word>
        <Word id="w187">
          <Coords points="357,1392 428,1392 428,1474 357,1474"/>
          <TextEquiv>
            <Unicode>مل</Unicode>
          </TextEquiv>
        </Word>
        <Word id="w188">
          <Coords points="307,1423 350,1423 350,1474 307,1474"/>
          <TextEquiv>
            <Unicode>و</Unicode>
          </TextEquiv>
        </Word>
        <Word id="w189">
          <Coords points="305,1393 316,1393 316,1447 305,1447"/>
          <TextEquiv>
            <Unicode>ا</Unicode>
          </TextEquiv>
        </Word>
        <Word id="w190">
          <Coords points="223,1391 294,1391 294,1492 223,1492"/>
          <TextEquiv>
            <Unicode>لعلم</Unicode>
          </TextEquiv>
        </Word>
        <Word id="w191">
          <Coords points="134,1421 210,1421 210,1496 134,1496"/>
          <TextEquiv>
            <Unicode>مجر</Unicode>
          </TextEquiv>
        </Word>
        <Word id="w192">
          <Coords points="116,1419 146,1419 146,1479 116,1479"/>
          <TextEquiv>
            <Unicode>و</Unicode>
          </TextEquiv>
        </Word>
        <Word id="w193">
          <Coords points="80,1431 107,1431 107,1470 80,1470"/>
          <TextEquiv>
            <Unicode>ر</Unicode>
          </TextEquiv>
        </Word>
        <Word id="w194">
          <Coords points="50,1387 90,1387 90,1443 50,1443"/>
          <TextEquiv>
            <Unicode>به</Unicode>
          </TextEquiv>
        </Word>
        <TextEquiv>
          <Unicode> من ا لعا لمو ن و ا لبا ء حر ف جر متعلق با لعا مل و ا لعلم مجر و ر به</Unicode>
        </TextEquiv>
      </TextLine>
      <TextLine id="l10">
        <Coords points="51,1528 1349,1528 1349,1674 51,1674"/>
        <Word id="w195">
          <Coords points="1238,1546 1348,1546 1348,1616 1238,1616"/>
          <TextEquiv>
            <Unicode>لفظا</Unicode>
          </TextEquiv>
        </Word>
        <Word id="w196">
          <Coords points="1174,1567 1220,1567 1220,1615 1174,1615"/>
          <TextEquiv>
            <Unicode>و</Unicode>
          </TextEquiv>
        </Word>
        <Word id="w197">
          <Coords points="1102,1532 1183,1532 1183,1624 1102,1624"/>
          <TextEquiv>
            <Unicode>محل</Unicode>
          </TextEquiv>
        </Word>
        <Word id="w198">
          <Coords points="1091,1528 1103,1528 1103,1597 1091,1597"/>
          <TextEquiv>
            <Unicode>ا</Unicode>
          </TextEquiv>
        </Word>
        <Word id="w199">
          <Coords points="1006,1537 1086,1537 1086,1636 1006,1636"/>
          <TextEquiv>
            <Unicode>لمجر</Unicode>
          </TextEquiv>
        </Word>
        <Word id="w200">
          <Coords points="983,1572 1018,1572 1018,1614 983,1614"/>
          <TextEquiv>
            <Unicode>و</Unicode>
          </TextEquiv>
        </Word>
        <Word id="w201">
          <Coords points="947,1574 980,1574 980,1610 947,1610"/>
          <TextEquiv>
            <Unicode>ر</Unicode>
          </TextEquiv>
        </Word>
        <Word id="w202">
          <Coords points="797,1549 952,1549 952,1631 797,1631"/>
          <TextEquiv>
            <Unicode>منصو</Unicode>
          </TextEquiv>
        </Word>
        <Word id="w203">
          <Coords points="735,1572 810,1572 810,1635 735,1635"/>
          <TextEquiv>
            <Unicode>ب</Unicode>
          </TextEquiv>
        </Word>
        <Word id="w204">
          <Coords points="618,1545 764,1545 764,1631 618,1631"/>
          <TextEquiv>
            <Unicode>مفعو</Unicode>
          </TextEquiv>
        </Word>
        <Word id="w205">
          <Coords points="580,1540 616,1540 616,1604 580,1604"/>
          <TextEquiv>
            <Unicode>ل</Unicode>
          </TextEquiv>
        </Word>
        <Word id="w206">
          <Coords points="522,1553 571,1553 571,1622 522,1622"/>
          <TextEquiv>
            <Unicode>به</Unicode>
          </TextEquiv>
        </Word>
        <Word id="w207">
          <Coords points="413,1542 509,1542 509,1626 413,1626"/>
          <TextEquiv>
            <Unicode>غير</Unicode>
          </TextEquiv>
        </Word>
        <Word id="w208">
          <Coords points="331,1568 424,1568 424,1623 331,1623"/>
          <TextEquiv>
            <Unicode>صر</Unicode>
          </TextEquiv>
        </Word>
        <Word id="w209">
          <Coords points="291,1554 383,1554 383,1673 291,1673"/>
          <TextEquiv>
            <Unicode>يح</Unicode>
          </TextEquiv>
        </Word>
        <Word id="w210">
          <Coords points="236,1543 279,1543 279,1608 236,1608"/>
          <TextEquiv>
            <Unicode>له</Unicode>
          </TextEquiv>
        </Word>
        <Word id="w211">
          <Coords points="176,1574 216,1574 216,1620 176,1620"/>
          <TextEquiv>
            <Unicode>و</Unicode>
          </TextEquiv>
        </Word>
        <Word id="w212">
          <Coords points="175,1546 185,1546 185,1593 175,1593"/>
          <TextEquiv>
            <Unicode>ا</Unicode>
          </TextEquiv>
        </Word>
        <Word id="w213">
          <Coords points="51,1549 160,1549 160,1635 51,1635"/>
          <TextEquiv>
            <Unicode>لضمير</Unicode>
          </TextEquiv>
        </Word>
        <TextEquiv>
          <Unicode> لفظا و محل ا لمجر و ر منصو ب مفعو ل به غير صر يح له و ا لضمير</Unicode>
        </TextEquiv>
      </TextLine>
      <TextLine id="l11">
        <Coords points="43,1669 1344,1669 1344,1798 43,1798"/>
        <Word id="w214">
          <Coords points="1333,1689 1343,1689 1343,1755 1333,1755"/>
          <TextEquiv>
            <Unicode>ا</Unicode>
          </TextEquiv>
        </Word>
        <Word id="w215">
          <Coords points="1243,1695 1328,1695 1328,1790 1243,1790"/>
          <TextEquiv>
            <Unicode>لمجر</Unicode>
          </TextEquiv>
        </Word>
        <Word id="w216">
          <Coords points="1219,1729 1256,1729 1256,1774 1219,1774"/>
          <TextEquiv>
            <Unicode>و</Unicode>
          </TextEquiv>
        </Word>
        <Word id="w217">
          <Coords points="1191,1729 1223,1729 1223,1764 1191,1764"/>
          <TextEquiv>
            <Unicode>ر</Unicode>
          </TextEquiv>
        </Word>
        <Word id="w218">
          <Coords points="1083,1700 1194,1700 1194,1775 1083,1775"/>
          <TextEquiv>
            <Unicode>مبنى</Unicode>
          </TextEquiv>
        </Word>
        <Word id="w219">
          <Coords points="1010,1691 1086,1691 1086,1780 1010,1780"/>
          <TextEquiv>
            <Unicode>على</Unicode>
          </TextEquiv>
        </Word>
        <Word id="w220">
          <Coords points="1002,1690 1015,1690 1015,1751 1002,1751"/>
          <TextEquiv>
            <Unicode>ا</Unicode>
          </TextEquiv>
        </Word>
        <Word id="w221">
          <Coords points="852,1669 1016,1669 1016,1788 852,1788"/>
          <TextEquiv>
            <Unicode>لكسر</Unicode>
          </TextEquiv>
        </Word>
        <Word id="w222">
          <Coords points="786,1709 870,1709 870,1797 786,1797"/>
          <TextEquiv>
            <Unicode>مجر</Unicode>
          </TextEquiv>
        </Word>
        <Word id="w223">
          <Coords points="765,1725 801,1725 801,1780 765,1780"/>
          <TextEquiv>
            <Unicode>و</Unicode>
          </TextEquiv>
        </Word>
        <Word id="w224">
          <Coords points="731,1733 760,1733 760,1770 731,1770"/>
          <TextEquiv>
            <Unicode>ر</Unicode>
          </TextEquiv>
        </Word>
        <Word id="w225">
          <Coords points="641,1704 730,1704 730,1768 641,1768"/>
          <TextEquiv>
            <Unicode>محلا</Unicode>
          </TextEquiv>
        </Word>
        <Word id="w226">
          <Coords points="528,1694 636,1694 636,1778 528,1778"/>
          <TextEquiv>
            <Unicode>مضا</Unicode>
          </TextEquiv>
        </Word>
        <Word id="w227">
          <Coords points="462,1705 523,1705 523,1770 462,1770"/>
          <TextEquiv>
            <Unicode>ف</Unicode>
          </TextEquiv>
        </Word>
        <Word id="w228">
          <Coords points="439,1683 466,1683 466,1753 439,1753"/>
          <TextEquiv>
            <Unicode>ا</Unicode>
          </TextEquiv>
        </Word>
        <Word id="w229">
          <Coords points="364,1702 444,1702 444,1786 364,1786"/>
          <TextEquiv>
            <Unicode>ليه</Unicode>
          </TextEquiv>
        </Word>
        <Word id="w230">
          <Coords points="239,1693 344,1693 344,1791 239,1791"/>
          <TextEquiv>
            <Unicode>للعلم</Unicode>
          </TextEquiv>
        </Word>
        <Word id="w231">
          <Coords points="177,1729 226,1729 226,1777 177,1777"/>
          <TextEquiv>
            <Unicode>و</Unicode>
          </TextEquiv>
        </Word>
        <Word id="w232">
          <Coords points="140,1675 195,1675 195,1757 140,1757"/>
          <TextEquiv>
            <Unicode>عا</Unicode>
          </TextEquiv>
        </Word>
        <Word id="w233">
          <Coords points="43,1689 144,1689 144,1758 43,1758"/>
          <TextEquiv>
            <Unicode>طفة</Unicode>
          </TextEquiv>
        </Word>
        <TextEquiv>
          <Unicode> ا لمجر و ر مبنى على ا لكسر مجر و ر محلا مضا ف ا ليه للعلم و عا طفة</Unicode>
        </TextEquiv>
      </TextLine>
      <TextLine id="l12">
        <Coords points="85,1817 1342,1817 1342,1976 85,1976"/>
        <Word id="w234">
          <Coords points="1328,1848 1341,1848 1341,1913 1328,1913"/>
          <TextEquiv>
            <Unicode>ا</Unicode>
          </TextEquiv>
        </Word>
        <Word id="w235">
          <Coords points="1219,1835 1308,1835 1308,1912 1219,1912"/>
          <TextEquiv>
            <Unicode>لسا</Unicode>
          </TextEquiv>
        </Word>
        <Word id="w236">
          <Coords points="1153,1869 1215,1869 1215,1939 1153,1939"/>
          <TextEquiv>
            <Unicode>بع</Unicode>
          </TextEquiv>
        </Word>
        <Word id="w237">
          <Coords points="1013,1844 1149,1844 1149,1935 1013,1935"/>
          <TextEquiv>
            <Unicode>عشر</Unicode>
          </TextEquiv>
        </Word>
        <Word id="w238">
          <Coords points="943,1832 1034,1832 1034,1924 943,1924"/>
          <TextEquiv>
            <Unicode>مثل</Unicode>
          </TextEquiv>
        </Word>
        <Word id="w239">
          <Coords points="902,1835 949,1835 949,1901 902,1901"/>
          <TextEquiv>
            <Unicode>ما</Unicode>
          </TextEquiv>
        </Word>
        <Word id="w240">
          <Coords points="765,1852 886,1852 886,1929 765,1929"/>
          <TextEquiv>
            <Unicode>سبق</Unicode>
          </TextEquiv>
        </Word>
        <Word id="w241">
          <Coords points="651,1835 773,1835 773,1929 651,1929"/>
          <TextEquiv>
            <Unicode>مبتد</Unicode>
          </TextEquiv>
        </Word>
        <Word id="w242">
          <Coords points="638,1817 653,1817 653,1892 638,1892"/>
          <TextEquiv>
            <Unicode>ا</Unicode>
          </TextEquiv>
        </Word>
        <Word id="w243">
          <Coords points="613,1877 634,1877 634,1904 613,1904"/>
          <TextEquiv>
            <Unicode>ء</Unicode>
          </TextEquiv>
        </Word>
        <Word id="w244">
          <Coords points="531,1849 601,1849 601,1919 531,1919"/>
          <TextEquiv>
            <Unicode>عد</Unicode>
          </TextEquiv>
        </Word>
        <Word id="w245">
          <Coords points="512,1821 530,1821 530,1889 512,1889"/>
          <TextEquiv>
            <Unicode>ا</Unicode>
          </TextEquiv>
        </Word>
        <Word id="w246">
          <Coords points="443,1874 507,1874 507,1934 443,1934"/>
          <TextEquiv>
            <Unicode>مر</Unicode>
          </TextEquiv>
        </Word>
        <Word id="w247">
          <Coords points="441,1842 458,1842 458,1896 441,1896"/>
          <TextEquiv>
            <Unicode>ا</Unicode>
          </TextEquiv>
        </Word>
        <Word id="w248">
          <Coords points="402,1885 429,1885 429,1916 402,1916"/>
          <TextEquiv>
            <Unicode>د</Unicode>
          </TextEquiv>
        </Word>
        <Word id="w249">
          <Coords points="252,1834 391,1834 391,1922 252,1922"/>
          <TextEquiv>
            <Unicode>لفظه</Unicode>
          </TextEquiv>
        </Word>
        <Word id="w250">
          <Coords points="178,1878 237,1878 237,1934 178,1934"/>
          <TextEquiv>
            <Unicode>مر</Unicode>
          </TextEquiv>
        </Word>
        <Word id="w251">
          <Coords points="126,1851 177,1851 177,1930 126,1930"/>
          <TextEquiv>
            <Unicode>فو</Unicode>
          </TextEquiv>
        </Word>
        <Word id="w252">
          <Coords points="85,1871 165,1871 165,1975 85,1975"/>
          <TextEquiv>
            <Unicode>ع</Unicode>
          </TextEquiv>
        </Word>
        <TextEquiv>
          <Unicode> ا لسا بع عشر مثل ما سبق مبتد ا ء عد ا مر ا د لفظه مر فو ع</Unicode>
        </TextEquiv>
      </TextLine>
      <TextLine id="l13">
        <Coords points="75,1968 1333,1968 1333,2087 75,2087"/>
        <Word id="w253">
          <Coords points="1243,1968 1332,1968 1332,2054 1243,2054"/>
          <TextEquiv>
            <Unicode>تقد</Unicode>
          </TextEquiv>
        </Word>
        <Word id="w254">
          <Coords points="1198,2016 1249,2016 1249,2085 1198,2085"/>
          <TextEquiv>
            <Unicode>ير</Unicode>
          </TextEquiv>
        </Word>
        <Word id="w255">
          <Coords points="1174,1979 1196,1979 1196,2043 1174,2043"/>
          <TextEquiv>
            <Unicode>ا</Unicode>
          </TextEquiv>
        </Word>
        <Word id="w256">
          <Coords points="1068,1995 1168,1995 1168,2076 1068,2076"/>
          <TextEquiv>
            <Unicode>خبر</Unicode>
          </TextEquiv>
        </Word>
        <Word id="w257">
          <Coords points="1043,2023 1064,2023 1064,2047 1043,2047"/>
          <TextEquiv>
            <Unicode>ه</Unicode>
          </TextEquiv>
        </Word>
        <Word id="w258">
          <Coords points="977,2020 1024,2020 1024,2071 977,2071"/>
          <TextEquiv>
            <Unicode>و</Unicode>
          </TextEquiv>
        </Word>
        <Word id="w259">
          <Coords points="917,2003 983,2003 983,2084 917,2084"/>
          <TextEquiv>
            <Unicode>هو</Unicode>
          </TextEquiv>
        </Word>
        <Word id="w260">
          <Coords points="816,2008 912,2008 912,2052 816,2052"/>
          <TextEquiv>
            <Unicode>معه</Unicode>
          </TextEquiv>
        </Word>
        <Word id="w261">
          <Coords points="701,1985 801,1985 801,2082 701,2082"/>
          <TextEquiv>
            <Unicode>جملة</Unicode>
          </TextEquiv>
        </Word>
        <Word id="w262">
          <Coords points="672,1988 687,1988 687,2048 672,2048"/>
          <TextEquiv>
            <Unicode>ا</Unicode>
          </TextEquiv>
        </Word>
        <Word id="w263">
          <Coords points="528,1984 657,1984 657,2086 528,2086"/>
          <TextEquiv>
            <Unicode>سمية</Unicode>
          </TextEquiv>
        </Word>
        <Word id="w264">
          <Coords points="456,1992 509,1992 509,2063 456,2063"/>
          <TextEquiv>
            <Unicode>لا</Unicode>
          </TextEquiv>
        </Word>
        <Word id="w265">
          <Coords points="374,1981 457,1981 457,2085 374,2085"/>
          <TextEquiv>
            <Unicode>محل</Unicode>
          </TextEquiv>
        </Word>
        <Word id="w266">
          <Coords points="308,1987 392,1987 392,2059 308,2059"/>
          <TextEquiv>
            <Unicode>لها</Unicode>
          </TextEquiv>
        </Word>
        <Word id="w267">
          <Coords points="136,1985 303,1985 303,2075 136,2075"/>
          <TextEquiv>
            <Unicode>عطف</Unicode>
          </TextEquiv>
        </Word>
        <Word id="w268">
          <Coords points="75,1983 144,1983 144,2076 75,2076"/>
          <TextEquiv>
            <Unicode>على</Unicode>
          </TextEquiv>
        </Word>
        <TextEquiv>
          <Unicode> تقد ير ا خبر ه و هو معه جملة ا سمية لا محل لها عطف على</Unicode>
        </TextEquiv>
      </TextLine>
      <TextLine id="l14">
        <Coords points="86,2118 1339,2118 1339,2228 86,2228"/>
        <Word id="w269">
          <Coords points="1326,2135 1338,2135 1338,2215 1326,2215"/>
          <TextEquiv>
            <Unicode>ا</Unicode>
          </TextEquiv>
        </Word>
        <Word id="w270">
          <Coords points="1242,2156 1320,2156 1320,2203 1242,2203"/>
          <TextEquiv>
            <Unicode>حد</Unicode>
          </TextEquiv>
        </Word>
        <Word id="w271">
          <Coords points="1180,2120 1236,2120 1236,2209 1180,2209"/>
          <TextEquiv>
            <Unicode>هما</Unicode>
          </TextEquiv>
        </Word>
        <Word id="w272">
          <Coords points="1095,2138 1174,2138 1174,2224 1095,2224"/>
          <TextEquiv>
            <Unicode>نحو</Unicode>
          </TextEquiv>
        </Word>
        <Word id="w273">
          <Coords points="979,2136 1095,2136 1095,2227 979,2227"/>
          <TextEquiv>
            <Unicode>معلو</Unicode>
          </TextEquiv>
        </Word>
        <Word id="w274">
          <Coords points="940,2169 980,2169 980,2205 940,2205"/>
          <TextEquiv>
            <Unicode>م</Unicode>
          </TextEquiv>
        </Word>
        <Word id="w275">
          <Coords points="813,2141 940,2141 940,2204 813,2204"/>
          <TextEquiv>
            <Unicode>هلك</Unicode>
          </TextEquiv>
        </Word>
        <Word id="w276">
          <Coords points="788,2140 801,2140 801,2204 788,2204"/>
          <TextEquiv>
            <Unicode>ا</Unicode>
          </TextEquiv>
        </Word>
        <Word id="w277">
          <Coords points="703,2131 774,2131 774,2203 703,2203"/>
          <TextEquiv>
            <Unicode>لعا</Unicode>
          </TextEquiv>
        </Word>
        <Word id="w278">
          <Coords points="611,2138 697,2138 697,2217 611,2217"/>
          <TextEquiv>
            <Unicode>ملو</Unicode>
          </TextEquiv>
        </Word>
        <Word id="w279">
          <Coords points="572,2145 605,2145 605,2205 572,2205"/>
          <TextEquiv>
            <Unicode>ن</Unicode>
          </TextEquiv>
        </Word>
        <Word id="w280">
          <Coords points="499,2118 509,2118 509,2163 499,2163"/>
          <TextEquiv>
            <Unicode>ا</Unicode>
          </TextEquiv>
        </Word>
        <Word id="w281">
          <Coords points="491,2161 564,2161 564,2198 491,2198"/>
          <TextEquiv>
            <Unicode>عد</Unicode>
          </TextEquiv>
        </Word>
        <Word id="w282">
          <Coords points="476,2124 494,2124 494,2178 476,2178"/>
          <TextEquiv>
            <Unicode>ا</Unicode>
          </TextEquiv>
        </Word>
        <Word id="w283">
          <Coords points="326,2127 465,2127 465,2218 326,2218"/>
          <TextEquiv>
            <Unicode>لمخلص</Unicode>
          </TextEquiv>
        </Word>
        <Word id="w284">
          <Coords points="267,2131 282,2131 282,2187 267,2187"/>
          <TextEquiv>
            <Unicode>ا</Unicode>
          </TextEquiv>
        </Word>
        <Word id="w285">
          <Coords points="267,2165 335,2165 335,2224 267,2224"/>
          <TextEquiv>
            <Unicode>مر</Unicode>
          </TextEquiv>
        </Word>
        <Word id="w286">
          <Coords points="227,2175 255,2175 255,2208 227,2208"/>
          <TextEquiv>
            <Unicode>د</Unicode>
          </TextEquiv>
        </Word>
        <Word id="w287">
          <Coords points="86,2131 206,2131 206,2206 86,2206"/>
          <TextEquiv>
            <Unicode>لفظ</Unicode>
          </TextEquiv>
        </Word>
        <TextEquiv>
          <Unicode> ا حد هما نحو معلو م هلك ا لعا ملو ن ا عد ا لمخلص ا مر د لفظ</Unicode>
        </TextEquiv>
      </TextLine>
      <TextLine id="l15">
        <Coords points="76,2278 1343,2278 1343,2380 76,2380"/>
        <Word id="w288">
          <Coords points="1262,2304 1342,2304 1342,2379 1262,2379"/>
          <TextEquiv>
            <Unicode>مجر</Unicode>
          </TextEquiv>
        </Word>
        <Word id="w289">
          <Coords points="1224,2318 1272,2318 1272,2369 1224,2369"/>
          <TextEquiv>
            <Unicode>و</Unicode>
          </TextEquiv>
        </Word>
        <Word id="w290">
          <Coords points="1194,2323 1229,2323 1229,2356 1194,2356"/>
          <TextEquiv>
            <Unicode>ر</Unicode>
          </TextEquiv>
        </Word>
        <Word id="w291">
          <Coords points="1100,2280 1190,2280 1190,2353 1100,2353"/>
          <TextEquiv>
            <Unicode>تقد</Unicode>
          </TextEquiv>
        </Word>
        <Word id="w292">
          <Coords points="1041,2318 1103,2318 1103,2376 1041,2376"/>
          <TextEquiv>
            <Unicode>ير</Unicode>
          </TextEquiv>
        </Word>
        <Word id="w293">
          <Coords points="1035,2282 1050,2282 1050,2337 1035,2337"/>
          <TextEquiv>
            <Unicode>ا</Unicode>
          </TextEquiv>
        </Word>
        <Word id="w294">
          <Coords points="914,2283 1023,2283 1023,2371 914,2371"/>
          <TextEquiv>
            <Unicode>مضا</Unicode>
          </TextEquiv>
        </Word>
        <Word id="w295">
          <Coords points="842,2288 901,2288 901,2360 842,2360"/>
          <TextEquiv>
            <Unicode>ف</Unicode>
          </TextEquiv>
        </Word>
        <Word id="w296">
          <Coords points="823,2279 839,2279 839,2348 823,2348"/>
          <TextEquiv>
            <Unicode>ا</Unicode>
          </TextEquiv>
        </Word>
        <Word id="w297">
          <Coords points="729,2293 812,2293 812,2367 729,2367"/>
          <TextEquiv>
            <Unicode>ليه</Unicode>
          </TextEquiv>
        </Word>
        <Word id="w298">
          <Coords points="625,2287 714,2287 714,2377 625,2377"/>
          <TextEquiv>
            <Unicode>لنحو</Unicode>
          </TextEquiv>
        </Word>
        <Word id="w299">
          <Coords points="587,2318 628,2318 628,2366 587,2366"/>
          <TextEquiv>
            <Unicode>و</Unicode>
          </TextEquiv>
        </Word>
        <Word id="w300">
          <Coords points="578,2284 591,2284 591,2343 578,2343"/>
          <TextEquiv>
            <Unicode>ا</Unicode>
          </TextEquiv>
        </Word>
        <Word id="w301">
          <Coords points="545,2301 572,2301 572,2355 545,2355"/>
          <TextEquiv>
            <Unicode>ذ</Unicode>
          </TextEquiv>
        </Word>
        <Word id="w302">
          <Coords points="523,2283 537,2283 537,2344 523,2344"/>
          <TextEquiv>
            <Unicode>ا</Unicode>
          </TextEquiv>
        </Word>
        <Word id="w303">
          <Coords points="494,2293 509,2293 509,2347 494,2347"/>
          <TextEquiv>
            <Unicode>ا</Unicode>
          </TextEquiv>
        </Word>
        <Word id="w304">
          <Coords points="458,2324 487,2324 487,2361 458,2361"/>
          <TextEquiv>
            <Unicode>ر</Unicode>
          </TextEquiv>
        </Word>
        <Word id="w305">
          <Coords points="402,2306 458,2306 458,2373 402,2373"/>
          <TextEquiv>
            <Unicode>يد</Unicode>
          </TextEquiv>
        </Word>
        <Word id="w306">
          <Coords points="388,2278 397,2278 397,2339 388,2339"/>
          <TextEquiv>
            <Unicode>ا</Unicode>
          </TextEquiv>
        </Word>
        <Word id="w307">
          <Coords points="276,2293 380,2293 380,2371 276,2371"/>
          <TextEquiv>
            <Unicode>لمعنى</Unicode>
          </TextEquiv>
        </Word>
        <Word id="w308">
          <Coords points="76,2284 259,2284 259,2373 76,2373"/>
          <TextEquiv>
            <Unicode>فهلك</Unicode>
          </TextEquiv>
        </Word>
        <TextEquiv>
          <Unicode> مجر و ر تقد ير ا مضا ف ا ليه لنحو و ا ذ ا ا ر يد ا لمعنى فهلك</Unicode>
        </TextEquiv>
      </TextLine>
      <TextLine id="l16">
        <Coords points="66,2425 1336,2425 1336,2553 66,2553"/>
        <Word id="w309">
          <Coords points="1235,2436 1335,2436 1335,2521 1235,2521"/>
          <TextEquiv>
            <Unicode>فعل</Unicode>
          </TextEquiv>
        </Word>
        <Word id="w310">
          <Coords points="1198,2425 1244,2425 1244,2491 1198,2491"/>
          <TextEquiv>
            <Unicode>ما</Unicode>
          </TextEquiv>
        </Word>
        <Word id="w311">
          <Coords points="1110,2435 1190,2435 1190,2513 1110,2513"/>
          <TextEquiv>
            <Unicode>ضى</Unicode>
          </TextEquiv>
        </Word>
        <Word id="w312">
          <Coords points="1001,2436 1117,2436 1117,2514 1001,2514"/>
          <TextEquiv>
            <Unicode>مبنى</Unicode>
          </TextEquiv>
        </Word>
        <Word id="w313">
          <Coords points="938,2428 1007,2428 1007,2513 938,2513"/>
          <TextEquiv>
            <Unicode>على</Unicode>
          </TextEquiv>
        </Word>
        <Word id="w314">
          <Coords points="930,2429 947,2429 947,2493 930,2493"/>
          <TextEquiv>
            <Unicode>ا</Unicode>
          </TextEquiv>
        </Word>
        <Word id="w315">
          <Coords points="809,2432 913,2432 913,2552 809,2552"/>
          <TextEquiv>
            <Unicode>لفتح</Unicode>
          </TextEquiv>
        </Word>
        <Word id="w316">
          <Coords points="757,2434 798,2434 798,2504 757,2504"/>
          <TextEquiv>
            <Unicode>لا</Unicode>
          </TextEquiv>
        </Word>
        <Word id="w317">
          <Coords points="668,2436 746,2436 746,2524 668,2524"/>
          <TextEquiv>
            <Unicode>محل</Unicode>
          </TextEquiv>
        </Word>
        <Word id="w318">
          <Coords points="624,2438 668,2438 668,2500 624,2500"/>
          <TextEquiv>
            <Unicode>له</Unicode>
          </TextEquiv>
        </Word>
        <Word id="w319">
          <Coords points="554,2460 596,2460 596,2509 554,2509"/>
          <TextEquiv>
            <Unicode>و</Unicode>
          </TextEquiv>
        </Word>
        <Word id="w320">
          <Coords points="546,2430 559,2430 559,2489 546,2489"/>
          <TextEquiv>
            <Unicode>ا</Unicode>
          </TextEquiv>
        </Word>
        <Word id="w321">
          <Coords points="458,2426 531,2426 531,2500 458,2500"/>
          <TextEquiv>
            <Unicode>لعا</Unicode>
          </TextEquiv>
        </Word>
        <Word id="w322">
          <Coords points="367,2436 448,2436 448,2517 367,2517"/>
          <TextEquiv>
            <Unicode>ملو</Unicode>
          </TextEquiv>
        </Word>
        <Word id="w323">
          <Coords points="330,2447 366,2447 366,2504 330,2504"/>
          <TextEquiv>
            <Unicode>ن</Unicode>
          </TextEquiv>
        </Word>
        <Word id="w324">
          <Coords points="255,2465 320,2465 320,2516 255,2516"/>
          <TextEquiv>
            <Unicode>مر</Unicode>
          </TextEquiv>
        </Word>
        <Word id="w325">
          <Coords points="221,2438 267,2438 267,2511 221,2511"/>
          <TextEquiv>
            <Unicode>فو</Unicode>
          </TextEquiv>
        </Word>
        <Word id="w326">
          <Coords points="197,2458 257,2458 257,2541 197,2541"/>
          <TextEquiv>
            <Unicode>ع</Unicode>
          </TextEquiv>
        </Word>
        <Word id="w327">
          <Coords points="66,2436 178,2436 178,2508 66,2508"/>
          <TextEquiv>
            <Unicode>لفظا</Unicode>
          </TextEquiv>
        </Word>
        <TextEquiv>
          <Unicode> فعل ما ضى مبنى على ا لفتح لا محل له و ا لعا ملو ن مر فو ع لفظا</Unicode>
        </TextEquiv>
      </TextLine>
      <TextLine id="l17">
        <Coords points="69,2576 1336,2576 1336,2691 69,2691"/>
        <Word id="w328">
          <Coords points="1307,2583 1335,2583 1335,2663 1307,2663"/>
          <TextEquiv>
            <Unicode>با</Unicode>
          </TextEquiv>
        </Word>
        <Word id="w329">
          <Coords points="1252,2588 1292,2588 1292,2660 1252,2660"/>
          <TextEquiv>
            <Unicode>لو</Unicode>
          </TextEquiv>
        </Word>
        <Word id="w330">
          <Coords points="1235,2580 1246,2580 1246,2641 1235,2641"/>
          <TextEquiv>
            <Unicode>ا</Unicode>
          </TextEquiv>
        </Word>
        <Word id="w331">
          <Coords points="1189,2614 1228,2614 1228,2659 1189,2659"/>
          <TextEquiv>
            <Unicode>و</Unicode>
          </TextEquiv>
        </Word>
        <Word id="w332">
          <Coords points="1149,2589 1185,2589 1185,2647 1149,2647"/>
          <TextEquiv>
            <Unicode>فا</Unicode>
          </TextEquiv>
        </Word>
        <Word id="w333">
          <Coords points="1054,2577 1143,2577 1143,2657 1054,2657"/>
          <TextEquiv>
            <Unicode>عله</Unicode>
          </TextEquiv>
        </Word>
        <Word id="w334">
          <Coords points="993,2613 1036,2613 1036,2658 993,2658"/>
          <TextEquiv>
            <Unicode>و</Unicode>
          </TextEquiv>
        </Word>
        <Word id="w335">
          <Coords points="915,2610 999,2610 999,2668 915,2668"/>
          <TextEquiv>
            <Unicode>هو</Unicode>
          </TextEquiv>
        </Word>
        <Word id="w336">
          <Coords points="823,2604 922,2604 922,2644 823,2644"/>
          <TextEquiv>
            <Unicode>معه</Unicode>
          </TextEquiv>
        </Word>
        <Word id="w337">
          <Coords points="708,2576 815,2576 815,2673 708,2673"/>
          <TextEquiv>
            <Unicode>حملة</Unicode>
          </TextEquiv>
        </Word>
        <Word id="w338">
          <Coords points="539,2584 688,2584 688,2688 539,2688"/>
          <TextEquiv>
            <Unicode>فعلية</Unicode>
          </TextEquiv>
        </Word>
        <Word id="w339">
          <Coords points="468,2584 519,2584 519,2658 468,2658"/>
          <TextEquiv>
            <Unicode>لا</Unicode>
          </TextEquiv>
        </Word>
        <Word id="w340">
          <Coords points="374,2596 465,2596 465,2681 374,2681"/>
          <TextEquiv>
            <Unicode>محل</Unicode>
          </TextEquiv>
        </Word>
        <Word id="w341">
          <Coords points="316,2589 386,2589 386,2651 316,2651"/>
          <TextEquiv>
            <Unicode>لها</Unicode>
          </TextEquiv>
        </Word>
        <Word id="w342">
          <Coords points="279,2588 304,2588 304,2671 279,2671"/>
          <TextEquiv>
            <Unicode>ا</Unicode>
          </TextEquiv>
        </Word>
        <Word id="w343">
          <Coords points="185,2596 272,2596 272,2681 185,2681"/>
          <TextEquiv>
            <Unicode>بتد</Unicode>
          </TextEquiv>
        </Word>
        <Word id="w344">
          <Coords points="167,2587 182,2587 182,2654 167,2654"/>
          <TextEquiv>
            <Unicode>ا</Unicode>
          </TextEquiv>
        </Word>
        <Word id="w345">
          <Coords points="69,2584 148,2584 148,2690 69,2690"/>
          <TextEquiv>
            <Unicode>ئية</Unicode>
          </TextEquiv>
        </Word>
        <TextEquiv>
          <Unicode> با لو ا و فا عله و هو معه حملة فعلية لا محل لها ا بتد ا ئية</Unicode>
        </TextEquiv>
      </TextLine>
      <TextLine id="l18">
        <Coords points="57,2706 1341,2706 1341,2835 57,2835"/>
        <Word id="w346">
          <Coords points="1290,2757 1340,2757 1340,2805 1290,2805"/>
          <TextEquiv>
            <Unicode>و</Unicode>
          </TextEquiv>
        </Word>
        <Word id="w347">
          <Coords points="1232,2730 1303,2730 1303,2795 1232,2795"/>
          <TextEquiv>
            <Unicode>عد</Unicode>
          </TextEquiv>
        </Word>
        <Word id="w348">
          <Coords points="1220,2706 1238,2706 1238,2781 1220,2781"/>
          <TextEquiv>
            <Unicode>ا</Unicode>
          </TextEquiv>
        </Word>
        <Word id="w349">
          <Coords points="1127,2752 1214,2752 1214,2814 1127,2814"/>
          <TextEquiv>
            <Unicode>حر</Unicode>
          </TextEquiv>
        </Word>
        <Word id="w350">
          <Coords points="1087,2735 1148,2735 1148,2794 1087,2794"/>
          <TextEquiv>
            <Unicode>ف</Unicode>
          </TextEquiv>
        </Word>
        <Word id="w351">
          <Coords points="1019,2748 1098,2748 1098,2811 1019,2811"/>
          <TextEquiv>
            <Unicode>جر</Unicode>
          </TextEquiv>
        </Word>
        <Word id="w352">
          <Coords points="960,2725 1036,2725 1036,2803 960,2803"/>
          <TextEquiv>
            <Unicode>غير</Unicode>
          </TextEquiv>
        </Word>
        <Word id="w353">
          <Coords points="792,2720 955,2720 955,2809 792,2809"/>
          <TextEquiv>
            <Unicode>متعلق</Unicode>
          </TextEquiv>
        </Word>
        <Word id="w354">
          <Coords points="653,2724 785,2724 785,2807 653,2807"/>
          <TextEquiv>
            <Unicode>بشئ</Unicode>
          </TextEquiv>
        </Word>
        <Word id="w355">
          <Coords points="534,2750 642,2750 642,2798 534,2798"/>
          <TextEquiv>
            <Unicode>عند</Unicode>
          </TextEquiv>
        </Word>
        <Word id="w356">
          <Coords points="518,2721 533,2721 533,2781 518,2781"/>
          <TextEquiv>
            <Unicode>ا</Unicode>
          </TextEquiv>
        </Word>
        <Word id="w357">
          <Coords points="399,2719 527,2719 527,2816 399,2816"/>
          <TextEquiv>
            <Unicode>لجمهو</Unicode>
          </TextEquiv>
        </Word>
        <Word id="w358">
          <Coords points="323,2753 367,2753 367,2803 323,2803"/>
          <TextEquiv>
            <Unicode>و</Unicode>
          </TextEquiv>
        </Word>
        <Word id="w359">
          <Coords points="320,2720 331,2720 331,2780 320,2780"/>
          <TextEquiv>
            <Unicode>ا</Unicode>
          </TextEquiv>
        </Word>
        <Word id="w360">
          <Coords points="170,2726 313,2726 313,2815 170,2815"/>
          <TextEquiv>
            <Unicode>لمخلص</Unicode>
          </TextEquiv>
        </Word>
        <Word id="w361">
          <Coords points="118,2744 181,2744 181,2834 118,2834"/>
          <TextEquiv>
            <Unicode>مجر</Unicode>
          </TextEquiv>
        </Word>
        <Word id="w362">
          <Coords points="99,2758 128,2758 128,2813 99,2813"/>
          <TextEquiv>
            <Unicode>و</Unicode>
          </TextEquiv>
        </Word>
        <Word id="w363">
          <Coords points="71,2763 98,2763 98,2796 71,2796"/>
          <TextEquiv>
            <Unicode>ر</Unicode>
          </TextEquiv>
        </Word>
        <Word id="w364">
          <Coords points="57,2706 96,2706 96,2771 57,2771"/>
          <TextEquiv>
            <Unicode>به</Unicode>
          </TextEquiv>
        </Word>
        <TextEquiv>
          <Unicode> و عد ا حر ف جر غير متعلق بشئ عند ا لجمهو و ا لمخلص مجر و ر به</Unicode>
        </TextEquiv>
      </TextLine>
    </TextRegion>
  </Page>
</PcGts>
