<?xml version='1.0' encoding='utf-8'?>
<PcGts xmlns:xsi="http://www.w3.org/2001/XMLSchema-instance" xmlns="http://schema.primaresearch.org/PAGE/gts/pagecontent/2019-07-15" xsi:schemaLocation="http://schema.primaresearch.org/PAGE/gts/pagecontent/2019-07-15 http://schema.primaresearch.org/PAGE/gts/pagecontent/2019-07-15/pagecontent.xsd" pcGtsId="pc-aletheiaexamplepage">
  <Metadata>
    <Creator>PRImA Research Lab</Creator>
    <Created>2015-07-17T15:27:13</Created>
    <LastChange>2017-07-14T10:03:33</LastChange>
    <Comments>Example Page</Comments>
  </Metadata>
  <Page imageFilename="3368132/_0037-1.png" imageWidth="1489" imageHeight="2887">
    <TextRegion id="r0" type="paragraph">
      <Coords points="1,1 1487,1 1487,2885 1,2885"/>
      <TextLine id="l0">
        <Coords points="77,69 1359,69 1359,180 77,180"/>
        <Word id="w0">
          <Coords points="1320,105 1358,105 1358,155 1320,155"/>
          <TextEquiv>
            <Unicode>و</Unicode>
          </TextEquiv>
        </Word>
        <Word id="w1">
          <Coords points="1247,102 1320,102 1320,163 1247,163"/>
          <TextEquiv>
            <Unicode>هو</Unicode>
          </TextEquiv>
        </Word>
        <Word id="w2">
          <Coords points="1155,105 1251,105 1251,139 1155,139"/>
          <TextEquiv>
            <Unicode>معه</Unicode>
          </TextEquiv>
        </Word>
        <Word id="w3">
          <Coords points="1054,81 1143,81 1143,147 1054,147"/>
          <TextEquiv>
            <Unicode>حمله</Unicode>
          </TextEquiv>
        </Word>
        <Word id="w4">
          <Coords points="1016,78 1029,78 1029,133 1016,133"/>
          <TextEquiv>
            <Unicode>ا</Unicode>
          </TextEquiv>
        </Word>
        <Word id="w5">
          <Coords points="890,106 1005,106 1005,175 890,175"/>
          <TextEquiv>
            <Unicode>سميه</Unicode>
          </TextEquiv>
        </Word>
        <Word id="w6">
          <Coords points="819,80 871,80 871,151 819,151"/>
          <TextEquiv>
            <Unicode>لا</Unicode>
          </TextEquiv>
        </Word>
        <Word id="w7">
          <Coords points="744,75 822,75 822,168 744,168"/>
          <TextEquiv>
            <Unicode>محل</Unicode>
          </TextEquiv>
        </Word>
        <Word id="w8">
          <Coords points="686,77 750,77 750,149 686,149"/>
          <TextEquiv>
            <Unicode>لها</Unicode>
          </TextEquiv>
        </Word>
        <Word id="w9">
          <Coords points="654,87 669,87 669,154 654,154"/>
          <TextEquiv>
            <Unicode>ا</Unicode>
          </TextEquiv>
        </Word>
        <Word id="w10">
          <Coords points="568,96 650,96 650,169 568,169"/>
          <TextEquiv>
            <Unicode>بتد</Unicode>
          </TextEquiv>
        </Word>
        <Word id="w11">
          <Coords points="546,69 565,69 565,142 546,142"/>
          <TextEquiv>
            <Unicode>ا</Unicode>
          </TextEquiv>
        </Word>
        <Word id="w12">
          <Coords points="452,90 536,90 536,165 452,165"/>
          <TextEquiv>
            <Unicode>ئية</Unicode>
          </TextEquiv>
        </Word>
        <Word id="w13">
          <Coords points="426,77 441,77 441,134 426,134"/>
          <TextEquiv>
            <Unicode>ا</Unicode>
          </TextEquiv>
        </Word>
        <Word id="w14">
          <Coords points="386,111 419,111 419,154 386,154"/>
          <TextEquiv>
            <Unicode>و</Unicode>
          </TextEquiv>
        </Word>
        <Word id="w15">
          <Coords points="376,77 388,77 388,119 376,119"/>
          <TextEquiv>
            <Unicode>ا</Unicode>
          </TextEquiv>
        </Word>
        <Word id="w16">
          <Coords points="293,90 369,90 369,160 293,160"/>
          <TextEquiv>
            <Unicode>عتر</Unicode>
          </TextEquiv>
        </Word>
        <Word id="w17">
          <Coords points="285,75 299,75 299,131 285,131"/>
          <TextEquiv>
            <Unicode>ا</Unicode>
          </TextEquiv>
        </Word>
        <Word id="w18">
          <Coords points="172,105 279,105 279,179 172,179"/>
          <TextEquiv>
            <Unicode>صيه</Unicode>
          </TextEquiv>
        </Word>
        <Word id="w19">
          <Coords points="77,75 153,75 153,145 77,145"/>
          <TextEquiv>
            <Unicode>فعلا</Unicode>
          </TextEquiv>
        </Word>
        <TextEquiv>
          <Unicode> و هو معه حمله ا سميه لا محل لها ا بتد ا ئية ا و ا عتر ا صيه فعلا</Unicode>
        </TextEquiv>
      </TextLine>
      <TextLine id="l1">
        <Coords points="41,210 1362,210 1362,313 41,313"/>
        <Word id="w20">
          <Coords points="1226,226 1361,226 1361,300 1226,300"/>
          <TextEquiv>
            <Unicode>منصو</Unicode>
          </TextEquiv>
        </Word>
        <Word id="w21">
          <Coords points="1172,240 1244,240 1244,296 1172,296"/>
          <TextEquiv>
            <Unicode>ب</Unicode>
          </TextEquiv>
        </Word>
        <Word id="w22">
          <Coords points="1062,221 1159,221 1159,281 1062,281"/>
          <TextEquiv>
            <Unicode>لفظا</Unicode>
          </TextEquiv>
        </Word>
        <Word id="w23">
          <Coords points="919,229 1053,229 1053,302 919,302"/>
          <TextEquiv>
            <Unicode>مفعو</Unicode>
          </TextEquiv>
        </Word>
        <Word id="w24">
          <Coords points="895,221 930,221 930,283 895,283"/>
          <TextEquiv>
            <Unicode>ل</Unicode>
          </TextEquiv>
        </Word>
        <Word id="w25">
          <Coords points="845,246 886,246 886,293 845,293"/>
          <TextEquiv>
            <Unicode>به</Unicode>
          </TextEquiv>
        </Word>
        <Word id="w26">
          <Coords points="748,217 828,217 828,312 748,312"/>
          <TextEquiv>
            <Unicode>لتجز</Unicode>
          </TextEquiv>
        </Word>
        <Word id="w27">
          <Coords points="718,259 751,259 751,290 718,290"/>
          <TextEquiv>
            <Unicode>م</Unicode>
          </TextEquiv>
        </Word>
        <Word id="w28">
          <Coords points="669,253 705,253 705,298 669,298"/>
          <TextEquiv>
            <Unicode>و</Unicode>
          </TextEquiv>
        </Word>
        <Word id="w29">
          <Coords points="660,210 675,210 675,275 660,275"/>
          <TextEquiv>
            <Unicode>ا</Unicode>
          </TextEquiv>
        </Word>
        <Word id="w30">
          <Coords points="596,245 655,245 655,288 596,288"/>
          <TextEquiv>
            <Unicode>حد</Unicode>
          </TextEquiv>
        </Word>
        <Word id="w31">
          <Coords points="444,229 560,229 560,307 444,307"/>
          <TextEquiv>
            <Unicode>منصو</Unicode>
          </TextEquiv>
        </Word>
        <Word id="w32">
          <Coords points="397,245 455,245 455,310 397,310"/>
          <TextEquiv>
            <Unicode>ب</Unicode>
          </TextEquiv>
        </Word>
        <Word id="w33">
          <Coords points="280,220 383,220 383,291 280,291"/>
          <TextEquiv>
            <Unicode>لفظا</Unicode>
          </TextEquiv>
        </Word>
        <Word id="w34">
          <Coords points="158,241 278,241 278,293 158,293"/>
          <TextEquiv>
            <Unicode>صفه</Unicode>
          </TextEquiv>
        </Word>
        <Word id="w35">
          <Coords points="41,233 149,233 149,290 41,290"/>
          <TextEquiv>
            <Unicode>لفعلا</Unicode>
          </TextEquiv>
        </Word>
        <TextEquiv>
          <Unicode> منصو ب لفظا مفعو ل به لتجز م و ا حد منصو ب لفظا صفه لفعلا</Unicode>
        </TextEquiv>
      </TextLine>
      <TextLine id="l2">
        <Coords points="101,363 1363,363 1363,487 101,487"/>
        <Word id="w36">
          <Coords points="1318,405 1362,405 1362,451 1318,451"/>
          <TextEquiv>
            <Unicode>و</Unicode>
          </TextEquiv>
        </Word>
        <Word id="w37">
          <Coords points="1281,363 1327,363 1327,432 1281,432"/>
          <TextEquiv>
            <Unicode>عا</Unicode>
          </TextEquiv>
        </Word>
        <Word id="w38">
          <Coords points="1154,365 1271,365 1271,442 1154,442"/>
          <TextEquiv>
            <Unicode>طفة</Unicode>
          </TextEquiv>
        </Word>
        <Word id="w39">
          <Coords points="1131,368 1144,368 1144,433 1131,433"/>
          <TextEquiv>
            <Unicode>ا</Unicode>
          </TextEquiv>
        </Word>
        <Word id="w40">
          <Coords points="1064,366 1126,366 1126,440 1064,440"/>
          <TextEquiv>
            <Unicode>لخا</Unicode>
          </TextEquiv>
        </Word>
        <Word id="w41">
          <Coords points="938,401 1054,401 1054,439 938,439"/>
          <TextEquiv>
            <Unicode>مسه</Unicode>
          </TextEquiv>
        </Word>
        <Word id="w42">
          <Coords points="869,407 930,407 930,461 869,461"/>
          <TextEquiv>
            <Unicode>مر</Unicode>
          </TextEquiv>
        </Word>
        <Word id="w43">
          <Coords points="821,372 882,372 882,468 821,468"/>
          <TextEquiv>
            <Unicode>فو</Unicode>
          </TextEquiv>
        </Word>
        <Word id="w44">
          <Coords points="776,397 831,397 831,436 776,436"/>
          <TextEquiv>
            <Unicode>عه</Unicode>
          </TextEquiv>
        </Word>
        <Word id="w45">
          <Coords points="650,378 760,378 760,442 650,442"/>
          <TextEquiv>
            <Unicode>لفظا</Unicode>
          </TextEquiv>
        </Word>
        <Word id="w46">
          <Coords points="537,391 640,391 640,450 537,450"/>
          <TextEquiv>
            <Unicode>مبتد</Unicode>
          </TextEquiv>
        </Word>
        <Word id="w47">
          <Coords points="520,368 534,368 534,420 520,420"/>
          <TextEquiv>
            <Unicode>ا</Unicode>
          </TextEquiv>
        </Word>
        <Word id="w48">
          <Coords points="498,416 517,416 517,438 498,438"/>
          <TextEquiv>
            <Unicode>ء</Unicode>
          </TextEquiv>
        </Word>
        <Word id="w49">
          <Coords points="470,371 483,371 483,431 470,431"/>
          <TextEquiv>
            <Unicode>ا</Unicode>
          </TextEquiv>
        </Word>
        <Word id="w50">
          <Coords points="433,384 463,384 463,449 433,449"/>
          <TextEquiv>
            <Unicode>ن</Unicode>
          </TextEquiv>
        </Word>
        <Word id="w51">
          <Coords points="369,369 384,369 384,431 369,431"/>
          <TextEquiv>
            <Unicode>ا</Unicode>
          </TextEquiv>
        </Word>
        <Word id="w52">
          <Coords points="365,401 430,401 430,470 365,470"/>
          <TextEquiv>
            <Unicode>مر</Unicode>
          </TextEquiv>
        </Word>
        <Word id="w53">
          <Coords points="334,415 360,415 360,447 334,447"/>
          <TextEquiv>
            <Unicode>د</Unicode>
          </TextEquiv>
        </Word>
        <Word id="w54">
          <Coords points="218,371 325,371 325,442 218,442"/>
          <TextEquiv>
            <Unicode>لفظ</Unicode>
          </TextEquiv>
        </Word>
        <Word id="w55">
          <Coords points="175,404 224,404 224,461 175,461"/>
          <TextEquiv>
            <Unicode>مر</Unicode>
          </TextEquiv>
        </Word>
        <Word id="w56">
          <Coords points="119,381 180,381 180,465 119,465"/>
          <TextEquiv>
            <Unicode>فو</Unicode>
          </TextEquiv>
        </Word>
        <Word id="w57">
          <Coords points="101,399 170,399 170,486 101,486"/>
          <TextEquiv>
            <Unicode>ع</Unicode>
          </TextEquiv>
        </Word>
        <TextEquiv>
          <Unicode> و عا طفة ا لخا مسه مر فو عه لفظا مبتد ا ء ا ن ا مر د لفظ مر فو ع</Unicode>
        </TextEquiv>
      </TextLine>
      <TextLine id="l3">
        <Coords points="81,487 1360,487 1360,618 81,618"/>
        <Word id="w58">
          <Coords points="1269,511 1359,511 1359,581 1269,581"/>
          <TextEquiv>
            <Unicode>تقد</Unicode>
          </TextEquiv>
        </Word>
        <Word id="w59">
          <Coords points="1215,512 1229,512 1229,577 1215,577"/>
          <TextEquiv>
            <Unicode>ا</Unicode>
          </TextEquiv>
        </Word>
        <Word id="w60">
          <Coords points="1215,545 1264,545 1264,604 1215,604"/>
          <TextEquiv>
            <Unicode>ير</Unicode>
          </TextEquiv>
        </Word>
        <Word id="w61">
          <Coords points="1129,548 1210,548 1210,602 1129,602"/>
          <TextEquiv>
            <Unicode>خبر</Unicode>
          </TextEquiv>
        </Word>
        <Word id="w62">
          <Coords points="1102,552 1120,552 1120,575 1102,575"/>
          <TextEquiv>
            <Unicode>ه</Unicode>
          </TextEquiv>
        </Word>
        <Word id="w63">
          <Coords points="1046,545 1088,545 1088,596 1046,596"/>
          <TextEquiv>
            <Unicode>و</Unicode>
          </TextEquiv>
        </Word>
        <Word id="w64">
          <Coords points="961,537 1048,537 1048,605 961,605"/>
          <TextEquiv>
            <Unicode>هو</Unicode>
          </TextEquiv>
        </Word>
        <Word id="w65">
          <Coords points="878,546 975,546 975,582 878,582"/>
          <TextEquiv>
            <Unicode>معه</Unicode>
          </TextEquiv>
        </Word>
        <Word id="w66">
          <Coords points="767,515 865,515 865,597 767,597"/>
          <TextEquiv>
            <Unicode>جملة</Unicode>
          </TextEquiv>
        </Word>
        <Word id="w67">
          <Coords points="735,518 744,518 744,561 735,561"/>
          <TextEquiv>
            <Unicode>ا</Unicode>
          </TextEquiv>
        </Word>
        <Word id="w68">
          <Coords points="606,550 722,550 722,617 606,617"/>
          <TextEquiv>
            <Unicode>سميه</Unicode>
          </TextEquiv>
        </Word>
        <Word id="w69">
          <Coords points="537,505 595,505 595,595 537,595"/>
          <TextEquiv>
            <Unicode>لا</Unicode>
          </TextEquiv>
        </Word>
        <Word id="w70">
          <Coords points="459,513 533,513 533,606 459,606"/>
          <TextEquiv>
            <Unicode>محل</Unicode>
          </TextEquiv>
        </Word>
        <Word id="w71">
          <Coords points="390,504 461,504 461,586 390,586"/>
          <TextEquiv>
            <Unicode>لها</Unicode>
          </TextEquiv>
        </Word>
        <Word id="w72">
          <Coords points="225,519 378,519 378,592 225,592"/>
          <TextEquiv>
            <Unicode>عطف</Unicode>
          </TextEquiv>
        </Word>
        <Word id="w73">
          <Coords points="179,519 233,519 233,609 179,609"/>
          <TextEquiv>
            <Unicode>على</Unicode>
          </TextEquiv>
        </Word>
        <Word id="w74">
          <Coords points="168,524 182,524 182,582 168,582"/>
          <TextEquiv>
            <Unicode>ا</Unicode>
          </TextEquiv>
        </Word>
        <Word id="w75">
          <Coords points="98,558 161,558 161,599 98,599"/>
          <TextEquiv>
            <Unicode>حد</Unicode>
          </TextEquiv>
        </Word>
        <Word id="w76">
          <Coords points="81,487 126,487 126,561 81,561"/>
          <TextEquiv>
            <Unicode>هما</Unicode>
          </TextEquiv>
        </Word>
        <TextEquiv>
          <Unicode> تقد ا ير خبر ه و هو معه جملة ا سميه لا محل لها عطف على ا حد هما</Unicode>
        </TextEquiv>
      </TextLine>
      <TextLine id="l4">
        <Coords points="80,629 1370,629 1370,764 80,764"/>
        <Word id="w77">
          <Coords points="1283,664 1369,664 1369,738 1283,738"/>
          <TextEquiv>
            <Unicode>نحو</Unicode>
          </TextEquiv>
        </Word>
        <Word id="w78">
          <Coords points="1181,662 1295,662 1295,742 1181,742"/>
          <TextEquiv>
            <Unicode>معلو</Unicode>
          </TextEquiv>
        </Word>
        <Word id="w79">
          <Coords points="1139,696 1187,696 1187,731 1139,731"/>
          <TextEquiv>
            <Unicode>م</Unicode>
          </TextEquiv>
        </Word>
        <Word id="w80">
          <Coords points="1136,651 1145,651 1145,702 1136,702"/>
          <TextEquiv>
            <Unicode>ا</Unicode>
          </TextEquiv>
        </Word>
        <Word id="w81">
          <Coords points="1090,668 1124,668 1124,734 1090,734"/>
          <TextEquiv>
            <Unicode>ن</Unicode>
          </TextEquiv>
        </Word>
        <Word id="w82">
          <Coords points="991,666 1079,666 1079,747 991,747"/>
          <TextEquiv>
            <Unicode>تبت</Unicode>
          </TextEquiv>
        </Word>
        <Word id="w83">
          <Coords points="867,666 978,666 978,751 867,751"/>
          <TextEquiv>
            <Unicode>يغفر</Unicode>
          </TextEquiv>
        </Word>
        <Word id="w84">
          <Coords points="846,703 870,703 870,730 846,730"/>
          <TextEquiv>
            <Unicode>د</Unicode>
          </TextEquiv>
        </Word>
        <Word id="w85">
          <Coords points="795,671 836,671 836,741 795,741"/>
          <TextEquiv>
            <Unicode>نو</Unicode>
          </TextEquiv>
        </Word>
        <Word id="w86">
          <Coords points="710,652 784,652 784,746 710,746"/>
          <TextEquiv>
            <Unicode>بك</Unicode>
          </TextEquiv>
        </Word>
        <Word id="w87">
          <Coords points="643,695 700,695 700,751 643,751"/>
          <TextEquiv>
            <Unicode>مر</Unicode>
          </TextEquiv>
        </Word>
        <Word id="w88">
          <Coords points="635,659 661,659 661,715 635,715"/>
          <TextEquiv>
            <Unicode>ا</Unicode>
          </TextEquiv>
        </Word>
        <Word id="w89">
          <Coords points="601,705 628,705 628,739 601,739"/>
          <TextEquiv>
            <Unicode>د</Unicode>
          </TextEquiv>
        </Word>
        <Word id="w90">
          <Coords points="470,665 596,665 596,734 470,734"/>
          <TextEquiv>
            <Unicode>لفظه</Unicode>
          </TextEquiv>
        </Word>
        <Word id="w91">
          <Coords points="385,685 461,685 461,759 385,759"/>
          <TextEquiv>
            <Unicode>مجر</Unicode>
          </TextEquiv>
        </Word>
        <Word id="w92">
          <Coords points="363,704 401,704 401,753 363,753"/>
          <TextEquiv>
            <Unicode>و</Unicode>
          </TextEquiv>
        </Word>
        <Word id="w93">
          <Coords points="332,708 364,708 364,747 332,747"/>
          <TextEquiv>
            <Unicode>ر</Unicode>
          </TextEquiv>
        </Word>
        <Word id="w94">
          <Coords points="251,670 336,670 336,740 251,740"/>
          <TextEquiv>
            <Unicode>تقد</Unicode>
          </TextEquiv>
        </Word>
        <Word id="w95">
          <Coords points="202,701 248,701 248,763 202,763"/>
          <TextEquiv>
            <Unicode>ير</Unicode>
          </TextEquiv>
        </Word>
        <Word id="w96">
          <Coords points="201,657 217,657 217,710 201,710"/>
          <TextEquiv>
            <Unicode>ا</Unicode>
          </TextEquiv>
        </Word>
        <Word id="w97">
          <Coords points="100,678 190,678 190,746 100,746"/>
          <TextEquiv>
            <Unicode>مضا</Unicode>
          </TextEquiv>
        </Word>
        <Word id="w98">
          <Coords points="80,629 136,629 136,693 80,693"/>
          <TextEquiv>
            <Unicode>ف</Unicode>
          </TextEquiv>
        </Word>
        <TextEquiv>
          <Unicode> نحو معلو م ا ن تبت يغفر د نو بك مر ا د لفظه مجر و ر تقد ير ا مضا ف</Unicode>
        </TextEquiv>
      </TextLine>
      <TextLine id="l5">
        <Coords points="56,792 1368,792 1368,902 56,902"/>
        <Word id="w99">
          <Coords points="1358,811 1367,811 1367,862 1358,862"/>
          <TextEquiv>
            <Unicode>ا</Unicode>
          </TextEquiv>
        </Word>
        <Word id="w100">
          <Coords points="1265,815 1338,815 1338,890 1265,890"/>
          <TextEquiv>
            <Unicode>ليه</Unicode>
          </TextEquiv>
        </Word>
        <Word id="w101">
          <Coords points="1170,801 1248,801 1248,898 1170,898"/>
          <TextEquiv>
            <Unicode>لنحو</Unicode>
          </TextEquiv>
        </Word>
        <Word id="w102">
          <Coords points="1138,839 1175,839 1175,887 1138,887"/>
          <TextEquiv>
            <Unicode>و</Unicode>
          </TextEquiv>
        </Word>
        <Word id="w103">
          <Coords points="1127,797 1149,797 1149,862 1127,862"/>
          <TextEquiv>
            <Unicode>ا</Unicode>
          </TextEquiv>
        </Word>
        <Word id="w104">
          <Coords points="1100,849 1126,849 1126,881 1100,881"/>
          <TextEquiv>
            <Unicode>د</Unicode>
          </TextEquiv>
        </Word>
        <Word id="w105">
          <Coords points="1078,812 1092,812 1092,880 1078,880"/>
          <TextEquiv>
            <Unicode>ا</Unicode>
          </TextEquiv>
        </Word>
        <Word id="w106">
          <Coords points="1056,820 1076,820 1076,870 1056,870"/>
          <TextEquiv>
            <Unicode>ا</Unicode>
          </TextEquiv>
        </Word>
        <Word id="w107">
          <Coords points="1017,852 1047,852 1047,888 1017,888"/>
          <TextEquiv>
            <Unicode>ر</Unicode>
          </TextEquiv>
        </Word>
        <Word id="w108">
          <Coords points="974,831 1021,831 1021,893 974,893"/>
          <TextEquiv>
            <Unicode>يد</Unicode>
          </TextEquiv>
        </Word>
        <Word id="w109">
          <Coords points="955,809 965,809 965,853 955,853"/>
          <TextEquiv>
            <Unicode>ا</Unicode>
          </TextEquiv>
        </Word>
        <Word id="w110">
          <Coords points="856,816 951,816 951,896 856,896"/>
          <TextEquiv>
            <Unicode>لمعنى</Unicode>
          </TextEquiv>
        </Word>
        <Word id="w111">
          <Coords points="815,807 851,807 851,873 815,873"/>
          <TextEquiv>
            <Unicode>فا</Unicode>
          </TextEquiv>
        </Word>
        <Word id="w112">
          <Coords points="776,812 806,812 806,887 776,887"/>
          <TextEquiv>
            <Unicode>ن</Unicode>
          </TextEquiv>
        </Word>
        <Word id="w113">
          <Coords points="708,841 774,841 774,889 708,889"/>
          <TextEquiv>
            <Unicode>حر</Unicode>
          </TextEquiv>
        </Word>
        <Word id="w114">
          <Coords points="659,823 719,823 719,879 659,879"/>
          <TextEquiv>
            <Unicode>ف</Unicode>
          </TextEquiv>
        </Word>
        <Word id="w115">
          <Coords points="579,801 663,801 663,895 579,895"/>
          <TextEquiv>
            <Unicode>شر</Unicode>
          </TextEquiv>
        </Word>
        <Word id="w116">
          <Coords points="545,804 605,804 605,865 545,865"/>
          <TextEquiv>
            <Unicode>ط</Unicode>
          </TextEquiv>
        </Word>
        <Word id="w117">
          <Coords points="445,828 544,828 544,892 445,892"/>
          <TextEquiv>
            <Unicode>مبنى</Unicode>
          </TextEquiv>
        </Word>
        <Word id="w118">
          <Coords points="389,802 456,802 456,891 389,891"/>
          <TextEquiv>
            <Unicode>على</Unicode>
          </TextEquiv>
        </Word>
        <Word id="w119">
          <Coords points="376,808 397,808 397,861 376,861"/>
          <TextEquiv>
            <Unicode>ا</Unicode>
          </TextEquiv>
        </Word>
        <Word id="w120">
          <Coords points="241,792 369,792 369,899 241,899"/>
          <TextEquiv>
            <Unicode>لسكو</Unicode>
          </TextEquiv>
        </Word>
        <Word id="w121">
          <Coords points="204,830 242,830 242,887 204,887"/>
          <TextEquiv>
            <Unicode>ن</Unicode>
          </TextEquiv>
        </Word>
        <Word id="w122">
          <Coords points="153,823 194,823 194,888 153,888"/>
          <TextEquiv>
            <Unicode>لا</Unicode>
          </TextEquiv>
        </Word>
        <Word id="w123">
          <Coords points="84,821 156,821 156,901 84,901"/>
          <TextEquiv>
            <Unicode>محل</Unicode>
          </TextEquiv>
        </Word>
        <Word id="w124">
          <Coords points="56,805 100,805 100,865 56,865"/>
          <TextEquiv>
            <Unicode>له</Unicode>
          </TextEquiv>
        </Word>
        <TextEquiv>
          <Unicode> ا ليه لنحو و ا د ا ا ر يد ا لمعنى فا ن حر ف شر ط مبنى على ا لسكو ن لا محل له</Unicode>
        </TextEquiv>
      </TextLine>
      <TextLine id="l6">
        <Coords points="88,946 1366,946 1366,1061 88,1061"/>
        <Word id="w125">
          <Coords points="1316,975 1365,975 1365,1025 1316,1025"/>
          <TextEquiv>
            <Unicode>و</Unicode>
          </TextEquiv>
        </Word>
        <Word id="w126">
          <Coords points="1236,953 1322,953 1322,1034 1236,1034"/>
          <TextEquiv>
            <Unicode>تيت</Unicode>
          </TextEquiv>
        </Word>
        <Word id="w127">
          <Coords points="1147,955 1228,955 1228,1040 1147,1040"/>
          <TextEquiv>
            <Unicode>فعل</Unicode>
          </TextEquiv>
        </Word>
        <Word id="w128">
          <Coords points="1059,954 1149,954 1149,1023 1059,1023"/>
          <TextEquiv>
            <Unicode>مضا</Unicode>
          </TextEquiv>
        </Word>
        <Word id="w129">
          <Coords points="1011,988 1044,988 1044,1022 1011,1022"/>
          <TextEquiv>
            <Unicode>ر</Unicode>
          </TextEquiv>
        </Word>
        <Word id="w130">
          <Coords points="992,981 1064,981 1064,1060 992,1060"/>
          <TextEquiv>
            <Unicode>ع</Unicode>
          </TextEquiv>
        </Word>
        <Word id="w131">
          <Coords points="900,975 973,975 973,1048 900,1048"/>
          <TextEquiv>
            <Unicode>مجز</Unicode>
          </TextEquiv>
        </Word>
        <Word id="w132">
          <Coords points="876,991 914,991 914,1030 876,1030"/>
          <TextEquiv>
            <Unicode>و</Unicode>
          </TextEquiv>
        </Word>
        <Word id="w133">
          <Coords points="828,996 871,996 871,1037 828,1037"/>
          <TextEquiv>
            <Unicode>م</Unicode>
          </TextEquiv>
        </Word>
        <Word id="w134">
          <Coords points="781,978 824,978 824,1042 781,1042"/>
          <TextEquiv>
            <Unicode>به</Unicode>
          </TextEquiv>
        </Word>
        <Word id="w135">
          <Coords points="652,959 767,959 767,1031 652,1031"/>
          <TextEquiv>
            <Unicode>لفظا</Unicode>
          </TextEquiv>
        </Word>
        <Word id="w136">
          <Coords points="600,985 645,985 645,1036 600,1036"/>
          <TextEquiv>
            <Unicode>و</Unicode>
          </TextEquiv>
        </Word>
        <Word id="w137">
          <Coords points="499,955 615,955 615,1027 499,1027"/>
          <TextEquiv>
            <Unicode>تحته</Unicode>
          </TextEquiv>
        </Word>
        <Word id="w138">
          <Coords points="379,993 490,993 490,1057 379,1057"/>
          <TextEquiv>
            <Unicode>صمير</Unicode>
          </TextEquiv>
        </Word>
        <Word id="w139">
          <Coords points="364,958 379,958 379,997 364,997"/>
          <TextEquiv>
            <Unicode>ا</Unicode>
          </TextEquiv>
        </Word>
        <Word id="w140">
          <Coords points="328,972 356,972 356,1044 328,1044"/>
          <TextEquiv>
            <Unicode>ن</Unicode>
          </TextEquiv>
        </Word>
        <Word id="w141">
          <Coords points="263,946 319,946 319,1029 263,1029"/>
          <TextEquiv>
            <Unicode>فى</Unicode>
          </TextEquiv>
        </Word>
        <Word id="w142">
          <Coords points="235,964 251,964 251,1024 235,1024"/>
          <TextEquiv>
            <Unicode>ا</Unicode>
          </TextEquiv>
        </Word>
        <Word id="w143">
          <Coords points="155,979 232,979 232,1035 155,1035"/>
          <TextEquiv>
            <Unicode>نت</Unicode>
          </TextEquiv>
        </Word>
        <Word id="w144">
          <Coords points="88,980 177,980 177,1044 88,1044"/>
          <TextEquiv>
            <Unicode>مبنى</Unicode>
          </TextEquiv>
        </Word>
        <TextEquiv>
          <Unicode> و تيت فعل مضا ر ع مجز و م به لفظا و تحته صمير ا ن فى ا نت مبنى</Unicode>
        </TextEquiv>
      </TextLine>
      <TextLine id="l7">
        <Coords points="48,1043 1369,1043 1369,1222 48,1222"/>
        <Word id="w145">
          <Coords points="1300,1105 1368,1105 1368,1185 1300,1185"/>
          <TextEquiv>
            <Unicode>على</Unicode>
          </TextEquiv>
        </Word>
        <Word id="w146">
          <Coords points="1288,1105 1307,1105 1307,1172 1288,1172"/>
          <TextEquiv>
            <Unicode>ا</Unicode>
          </TextEquiv>
        </Word>
        <Word id="w147">
          <Coords points="1150,1084 1278,1084 1278,1189 1150,1189"/>
          <TextEquiv>
            <Unicode>لسكو</Unicode>
          </TextEquiv>
        </Word>
        <Word id="w148">
          <Coords points="1118,1128 1151,1128 1151,1179 1118,1179"/>
          <TextEquiv>
            <Unicode>ن</Unicode>
          </TextEquiv>
        </Word>
        <Word id="w149">
          <Coords points="1058,1141 1119,1141 1119,1196 1058,1196"/>
          <TextEquiv>
            <Unicode>مر</Unicode>
          </TextEquiv>
        </Word>
        <Word id="w150">
          <Coords points="1016,1115 1064,1115 1064,1186 1016,1186"/>
          <TextEquiv>
            <Unicode>فو</Unicode>
          </TextEquiv>
        </Word>
        <Word id="w151">
          <Coords points="991,1135 1057,1135 1057,1221 991,1221"/>
          <TextEquiv>
            <Unicode>ع</Unicode>
          </TextEquiv>
        </Word>
        <Word id="w152">
          <Coords points="879,1117 982,1117 982,1181 879,1181"/>
          <TextEquiv>
            <Unicode>محلا</Unicode>
          </TextEquiv>
        </Word>
        <Word id="w153">
          <Coords points="833,1100 877,1100 877,1178 833,1178"/>
          <TextEquiv>
            <Unicode>فا</Unicode>
          </TextEquiv>
        </Word>
        <Word id="w154">
          <Coords points="745,1106 823,1106 823,1179 745,1179"/>
          <TextEquiv>
            <Unicode>عله</Unicode>
          </TextEquiv>
        </Word>
        <Word id="w155">
          <Coords points="685,1137 724,1137 724,1182 685,1182"/>
          <TextEquiv>
            <Unicode>و</Unicode>
          </TextEquiv>
        </Word>
        <Word id="w156">
          <Coords points="683,1097 695,1097 695,1143 683,1143"/>
          <TextEquiv>
            <Unicode>ا</Unicode>
          </TextEquiv>
        </Word>
        <Word id="w157">
          <Coords points="603,1098 667,1098 667,1171 603,1171"/>
          <TextEquiv>
            <Unicode>لتا</Unicode>
          </TextEquiv>
        </Word>
        <Word id="w158">
          <Coords points="574,1138 596,1138 596,1162 574,1162"/>
          <TextEquiv>
            <Unicode>ء</Unicode>
          </TextEquiv>
        </Word>
        <Word id="w159">
          <Coords points="491,1139 561,1139 561,1187 491,1187"/>
          <TextEquiv>
            <Unicode>حر</Unicode>
          </TextEquiv>
        </Word>
        <Word id="w160">
          <Coords points="442,1124 495,1124 495,1174 442,1174"/>
          <TextEquiv>
            <Unicode>ف</Unicode>
          </TextEquiv>
        </Word>
        <Word id="w161">
          <Coords points="393,1143 423,1143 423,1175 393,1175"/>
          <TextEquiv>
            <Unicode>د</Unicode>
          </TextEquiv>
        </Word>
        <Word id="w162">
          <Coords points="378,1104 389,1104 389,1146 378,1146"/>
          <TextEquiv>
            <Unicode>ا</Unicode>
          </TextEquiv>
        </Word>
        <Word id="w163">
          <Coords points="331,1108 369,1108 369,1176 331,1176"/>
          <TextEquiv>
            <Unicode>ل</Unicode>
          </TextEquiv>
        </Word>
        <Word id="w164">
          <Coords points="271,1101 332,1101 332,1182 271,1182"/>
          <TextEquiv>
            <Unicode>على</Unicode>
          </TextEquiv>
        </Word>
        <Word id="w165">
          <Coords points="209,1114 259,1114 259,1176 209,1176"/>
          <TextEquiv>
            <Unicode>تذ</Unicode>
          </TextEquiv>
        </Word>
        <Word id="w166">
          <Coords points="149,1085 169,1085 169,1137 149,1137"/>
          <TextEquiv>
            <Unicode>ا</Unicode>
          </TextEquiv>
        </Word>
        <Word id="w167">
          <Coords points="137,1077 236,1077 236,1206 137,1206"/>
          <TextEquiv>
            <Unicode>كير</Unicode>
          </TextEquiv>
        </Word>
        <Word id="w168">
          <Coords points="92,1098 145,1098 145,1146 92,1146"/>
          <TextEquiv>
            <Unicode>لفا</Unicode>
          </TextEquiv>
        </Word>
        <Word id="w169">
          <Coords points="48,1043 109,1043 109,1139 48,1139"/>
          <TextEquiv>
            <Unicode>عل</Unicode>
          </TextEquiv>
        </Word>
        <TextEquiv>
          <Unicode> على ا لسكو ن مر فو ع محلا فا عله و ا لتا ء حر ف د ا ل على تذ ا كير لفا عل</Unicode>
        </TextEquiv>
      </TextLine>
      <TextLine id="l8">
        <Coords points="97,1238 1364,1238 1364,1363 97,1363"/>
        <Word id="w170">
          <Coords points="1265,1262 1363,1262 1363,1339 1265,1339"/>
          <TextEquiv>
            <Unicode>مى</Unicode>
          </TextEquiv>
        </Word>
        <Word id="w171">
          <Coords points="1204,1243 1267,1243 1267,1334 1204,1334"/>
          <TextEquiv>
            <Unicode>على</Unicode>
          </TextEquiv>
        </Word>
        <Word id="w172">
          <Coords points="1185,1251 1203,1251 1203,1321 1185,1321"/>
          <TextEquiv>
            <Unicode>ا</Unicode>
          </TextEquiv>
        </Word>
        <Word id="w173">
          <Coords points="1105,1253 1173,1253 1173,1362 1105,1362"/>
          <TextEquiv>
            <Unicode>لفتح</Unicode>
          </TextEquiv>
        </Word>
        <Word id="w174">
          <Coords points="1039,1253 1091,1253 1091,1334 1039,1334"/>
          <TextEquiv>
            <Unicode>لا</Unicode>
          </TextEquiv>
        </Word>
        <Word id="w175">
          <Coords points="962,1247 1033,1247 1033,1345 962,1345"/>
          <TextEquiv>
            <Unicode>محل</Unicode>
          </TextEquiv>
        </Word>
        <Word id="w176">
          <Coords points="916,1259 961,1259 961,1319 916,1319"/>
          <TextEquiv>
            <Unicode>له</Unicode>
          </TextEquiv>
        </Word>
        <Word id="w177">
          <Coords points="860,1281 898,1281 898,1337 860,1337"/>
          <TextEquiv>
            <Unicode>و</Unicode>
          </TextEquiv>
        </Word>
        <Word id="w178">
          <Coords points="786,1279 862,1279 862,1336 786,1336"/>
          <TextEquiv>
            <Unicode>هو</Unicode>
          </TextEquiv>
        </Word>
        <Word id="w179">
          <Coords points="698,1273 790,1273 790,1319 698,1319"/>
          <TextEquiv>
            <Unicode>معه</Unicode>
          </TextEquiv>
        </Word>
        <Word id="w180">
          <Coords points="596,1262 681,1262 681,1334 596,1334"/>
          <TextEquiv>
            <Unicode>جمله</Unicode>
          </TextEquiv>
        </Word>
        <Word id="w181">
          <Coords points="466,1258 579,1258 579,1346 466,1346"/>
          <TextEquiv>
            <Unicode>فعلية</Unicode>
          </TextEquiv>
        </Word>
        <Word id="w182">
          <Coords points="396,1256 452,1256 452,1332 396,1332"/>
          <TextEquiv>
            <Unicode>لا</Unicode>
          </TextEquiv>
        </Word>
        <Word id="w183">
          <Coords points="321,1263 389,1263 389,1348 321,1348"/>
          <TextEquiv>
            <Unicode>محل</Unicode>
          </TextEquiv>
        </Word>
        <Word id="w184">
          <Coords points="256,1238 325,1238 325,1321 256,1321"/>
          <TextEquiv>
            <Unicode>لها</Unicode>
          </TextEquiv>
        </Word>
        <Word id="w185">
          <Coords points="97,1259 241,1259 241,1344 97,1344"/>
          <TextEquiv>
            <Unicode>فعل</Unicode>
          </TextEquiv>
        </Word>
        <TextEquiv>
          <Unicode> مى على ا لفتح لا محل له و هو معه جمله فعلية لا محل لها فعل</Unicode>
        </TextEquiv>
      </TextLine>
      <TextLine id="l9">
        <Coords points="112,1388 1377,1388 1377,1508 112,1508"/>
        <Word id="w186">
          <Coords points="1366,1406 1376,1406 1376,1481 1366,1481"/>
          <TextEquiv>
            <Unicode>ا</Unicode>
          </TextEquiv>
        </Word>
        <Word id="w187">
          <Coords points="1253,1413 1355,1413 1355,1496 1253,1496"/>
          <TextEquiv>
            <Unicode>لشر</Unicode>
          </TextEquiv>
        </Word>
        <Word id="w188">
          <Coords points="1209,1404 1276,1404 1276,1461 1209,1461"/>
          <TextEquiv>
            <Unicode>ط</Unicode>
          </TextEquiv>
        </Word>
        <Word id="w189">
          <Coords points="1171,1436 1208,1436 1208,1485 1171,1485"/>
          <TextEquiv>
            <Unicode>و</Unicode>
          </TextEquiv>
        </Word>
        <Word id="w190">
          <Coords points="1069,1414 1175,1414 1175,1491 1069,1491"/>
          <TextEquiv>
            <Unicode>يغفر</Unicode>
          </TextEquiv>
        </Word>
        <Word id="w191">
          <Coords points="999,1401 1077,1401 1077,1491 999,1491"/>
          <TextEquiv>
            <Unicode>فعل</Unicode>
          </TextEquiv>
        </Word>
        <Word id="w192">
          <Coords points="903,1391 1000,1391 1000,1479 903,1479"/>
          <TextEquiv>
            <Unicode>مضا</Unicode>
          </TextEquiv>
        </Word>
        <Word id="w193">
          <Coords points="865,1441 897,1441 897,1475 865,1475"/>
          <TextEquiv>
            <Unicode>ر</Unicode>
          </TextEquiv>
        </Word>
        <Word id="w194">
          <Coords points="841,1430 922,1430 922,1507 841,1507"/>
          <TextEquiv>
            <Unicode>ع</Unicode>
          </TextEquiv>
        </Word>
        <Word id="w195">
          <Coords points="715,1420 821,1420 821,1499 715,1499"/>
          <TextEquiv>
            <Unicode>مجهو</Unicode>
          </TextEquiv>
        </Word>
        <Word id="w196">
          <Coords points="685,1397 720,1397 720,1475 685,1475"/>
          <TextEquiv>
            <Unicode>ل</Unicode>
          </TextEquiv>
        </Word>
        <Word id="w197">
          <Coords points="616,1404 681,1404 681,1496 616,1496"/>
          <TextEquiv>
            <Unicode>مجز</Unicode>
          </TextEquiv>
        </Word>
        <Word id="w198">
          <Coords points="587,1437 620,1437 620,1486 587,1486"/>
          <TextEquiv>
            <Unicode>و</Unicode>
          </TextEquiv>
        </Word>
        <Word id="w199">
          <Coords points="541,1444 583,1444 583,1481 541,1481"/>
          <TextEquiv>
            <Unicode>م</Unicode>
          </TextEquiv>
        </Word>
        <Word id="w200">
          <Coords points="498,1425 543,1425 543,1481 498,1481"/>
          <TextEquiv>
            <Unicode>به</Unicode>
          </TextEquiv>
        </Word>
        <Word id="w201">
          <Coords points="376,1399 485,1399 485,1469 376,1469"/>
          <TextEquiv>
            <Unicode>لفظا</Unicode>
          </TextEquiv>
        </Word>
        <Word id="w202">
          <Coords points="321,1437 362,1437 362,1484 321,1484"/>
          <TextEquiv>
            <Unicode>و</Unicode>
          </TextEquiv>
        </Word>
        <Word id="w203">
          <Coords points="317,1388 329,1388 329,1446 317,1446"/>
          <TextEquiv>
            <Unicode>ا</Unicode>
          </TextEquiv>
        </Word>
        <Word id="w204">
          <Coords points="265,1402 310,1402 310,1467 265,1467"/>
          <TextEquiv>
            <Unicode>لد</Unicode>
          </TextEquiv>
        </Word>
        <Word id="w205">
          <Coords points="199,1409 249,1409 249,1482 199,1482"/>
          <TextEquiv>
            <Unicode>نو</Unicode>
          </TextEquiv>
        </Word>
        <Word id="w206">
          <Coords points="112,1428 210,1428 210,1482 112,1482"/>
          <TextEquiv>
            <Unicode>ب</Unicode>
          </TextEquiv>
        </Word>
        <TextEquiv>
          <Unicode> ا لشر ط و يغفر فعل مضا ر ع مجهو ل مجز و م به لفظا و ا لد نو ب</Unicode>
        </TextEquiv>
      </TextLine>
      <TextLine id="l10">
        <Coords points="110,1539 1379,1539 1379,1642 110,1642"/>
        <Word id="w207">
          <Coords points="1328,1575 1378,1575 1378,1631 1328,1631"/>
          <TextEquiv>
            <Unicode>مر</Unicode>
          </TextEquiv>
        </Word>
        <Word id="w208">
          <Coords points="1276,1549 1332,1549 1332,1624 1276,1624"/>
          <TextEquiv>
            <Unicode>فو</Unicode>
          </TextEquiv>
        </Word>
        <Word id="w209">
          <Coords points="1225,1566 1284,1566 1284,1604 1225,1604"/>
          <TextEquiv>
            <Unicode>عه</Unicode>
          </TextEquiv>
        </Word>
        <Word id="w210">
          <Coords points="1094,1545 1206,1545 1206,1617 1094,1617"/>
          <TextEquiv>
            <Unicode>لفظا</Unicode>
          </TextEquiv>
        </Word>
        <Word id="w211">
          <Coords points="1043,1541 1082,1541 1082,1611 1043,1611"/>
          <TextEquiv>
            <Unicode>نا</Unicode>
          </TextEquiv>
        </Word>
        <Word id="w212">
          <Coords points="950,1584 1033,1584 1033,1633 950,1633"/>
          <TextEquiv>
            <Unicode>ئب</Unicode>
          </TextEquiv>
        </Word>
        <Word id="w213">
          <Coords points="902,1543 940,1543 940,1610 902,1610"/>
          <TextEquiv>
            <Unicode>فا</Unicode>
          </TextEquiv>
        </Word>
        <Word id="w214">
          <Coords points="814,1549 895,1549 895,1617 814,1617"/>
          <TextEquiv>
            <Unicode>عله</Unicode>
          </TextEquiv>
        </Word>
        <Word id="w215">
          <Coords points="766,1577 802,1577 802,1622 766,1622"/>
          <TextEquiv>
            <Unicode>و</Unicode>
          </TextEquiv>
        </Word>
        <Word id="w216">
          <Coords points="688,1572 765,1572 765,1629 688,1629"/>
          <TextEquiv>
            <Unicode>هو</Unicode>
          </TextEquiv>
        </Word>
        <Word id="w217">
          <Coords points="597,1569 690,1569 690,1607 597,1607"/>
          <TextEquiv>
            <Unicode>معه</Unicode>
          </TextEquiv>
        </Word>
        <Word id="w218">
          <Coords points="477,1539 581,1539 581,1626 477,1626"/>
          <TextEquiv>
            <Unicode>جملة</Unicode>
          </TextEquiv>
        </Word>
        <Word id="w219">
          <Coords points="340,1544 462,1544 462,1635 340,1635"/>
          <TextEquiv>
            <Unicode>فعل</Unicode>
          </TextEquiv>
        </Word>
        <Word id="w220">
          <Coords points="259,1539 324,1539 324,1620 259,1620"/>
          <TextEquiv>
            <Unicode>لا</Unicode>
          </TextEquiv>
        </Word>
        <Word id="w221">
          <Coords points="187,1540 260,1540 260,1641 187,1641"/>
          <TextEquiv>
            <Unicode>محل</Unicode>
          </TextEquiv>
        </Word>
        <Word id="w222">
          <Coords points="110,1539 185,1539 185,1612 110,1612"/>
          <TextEquiv>
            <Unicode>لها</Unicode>
          </TextEquiv>
        </Word>
        <TextEquiv>
          <Unicode> مر فو عه لفظا نا ئب فا عله و هو معه جملة فعل لا محل لها</Unicode>
        </TextEquiv>
      </TextLine>
      <TextLine id="l11">
        <Coords points="90,1684 1377,1684 1377,1792 90,1792"/>
        <Word id="w223">
          <Coords points="1312,1729 1376,1729 1376,1782 1312,1782"/>
          <TextEquiv>
            <Unicode>جر</Unicode>
          </TextEquiv>
        </Word>
        <Word id="w224">
          <Coords points="1292,1688 1313,1688 1313,1762 1292,1762"/>
          <TextEquiv>
            <Unicode>ا</Unicode>
          </TextEquiv>
        </Word>
        <Word id="w225">
          <Coords points="1268,1733 1291,1733 1291,1756 1268,1756"/>
          <TextEquiv>
            <Unicode>ء</Unicode>
          </TextEquiv>
        </Word>
        <Word id="w226">
          <Coords points="1246,1696 1257,1696 1257,1760 1246,1760"/>
          <TextEquiv>
            <Unicode>ا</Unicode>
          </TextEquiv>
        </Word>
        <Word id="w227">
          <Coords points="1123,1696 1235,1696 1235,1786 1123,1786"/>
          <TextEquiv>
            <Unicode>ل</Unicode>
          </TextEquiv>
        </Word>
        <Word id="w228">
          <Coords points="1098,1691 1158,1691 1158,1752 1098,1752"/>
          <TextEquiv>
            <Unicode>ط</Unicode>
          </TextEquiv>
        </Word>
        <Word id="w229">
          <Coords points="1051,1726 1092,1726 1092,1772 1051,1772"/>
          <TextEquiv>
            <Unicode>و</Unicode>
          </TextEquiv>
        </Word>
        <Word id="w230">
          <Coords points="964,1695 1054,1695 1054,1777 964,1777"/>
          <TextEquiv>
            <Unicode>فعل</Unicode>
          </TextEquiv>
        </Word>
        <Word id="w231">
          <Coords points="838,1706 936,1706 936,1781 838,1781"/>
          <TextEquiv>
            <Unicode>لشر</Unicode>
          </TextEquiv>
        </Word>
        <Word id="w232">
          <Coords points="795,1685 843,1685 843,1751 795,1751"/>
          <TextEquiv>
            <Unicode>ط</Unicode>
          </TextEquiv>
        </Word>
        <Word id="w233">
          <Coords points="718,1731 785,1731 785,1791 718,1791"/>
          <TextEquiv>
            <Unicode>مع</Unicode>
          </TextEquiv>
        </Word>
        <Word id="w234">
          <Coords points="649,1727 719,1727 719,1774 649,1774"/>
          <TextEquiv>
            <Unicode>جر</Unicode>
          </TextEquiv>
        </Word>
        <Word id="w235">
          <Coords points="627,1684 643,1684 643,1749 627,1749"/>
          <TextEquiv>
            <Unicode>ا</Unicode>
          </TextEquiv>
        </Word>
        <Word id="w236">
          <Coords points="566,1715 616,1715 616,1784 566,1784"/>
          <TextEquiv>
            <Unicode>يه</Unicode>
          </TextEquiv>
        </Word>
        <Word id="w237">
          <Coords points="442,1689 551,1689 551,1769 442,1769"/>
          <TextEquiv>
            <Unicode>حملة</Unicode>
          </TextEquiv>
        </Word>
        <Word id="w238">
          <Coords points="362,1734 432,1734 432,1786 362,1786"/>
          <TextEquiv>
            <Unicode>سر</Unicode>
          </TextEquiv>
        </Word>
        <Word id="w239">
          <Coords points="269,1687 367,1687 367,1788 269,1788"/>
          <TextEquiv>
            <Unicode>طية</Unicode>
          </TextEquiv>
        </Word>
        <Word id="w240">
          <Coords points="241,1700 252,1700 252,1765 241,1765"/>
          <TextEquiv>
            <Unicode>ا</Unicode>
          </TextEquiv>
        </Word>
        <Word id="w241">
          <Coords points="186,1734 231,1734 231,1779 186,1779"/>
          <TextEquiv>
            <Unicode>و</Unicode>
          </TextEquiv>
        </Word>
        <Word id="w242">
          <Coords points="90,1692 193,1692 193,1783 90,1783"/>
          <TextEquiv>
            <Unicode>فعلية</Unicode>
          </TextEquiv>
        </Word>
        <TextEquiv>
          <Unicode> جر ا ء ا ل ط و فعل لشر ط مع جر ا يه حملة سر طية ا و فعلية</Unicode>
        </TextEquiv>
      </TextLine>
      <TextLine id="l12">
        <Coords points="112,1820 1376,1820 1376,1949 112,1949"/>
        <Word id="w243">
          <Coords points="1332,1844 1375,1844 1375,1914 1332,1914"/>
          <TextEquiv>
            <Unicode>لا</Unicode>
          </TextEquiv>
        </Word>
        <Word id="w244">
          <Coords points="1259,1856 1330,1856 1330,1938 1259,1938"/>
          <TextEquiv>
            <Unicode>محل</Unicode>
          </TextEquiv>
        </Word>
        <Word id="w245">
          <Coords points="1194,1845 1263,1845 1263,1918 1194,1918"/>
          <TextEquiv>
            <Unicode>لها</Unicode>
          </TextEquiv>
        </Word>
        <Word id="w246">
          <Coords points="1165,1852 1181,1852 1181,1919 1165,1919"/>
          <TextEquiv>
            <Unicode>ا</Unicode>
          </TextEquiv>
        </Word>
        <Word id="w247">
          <Coords points="1083,1845 1154,1845 1154,1933 1083,1933"/>
          <TextEquiv>
            <Unicode>بتد</Unicode>
          </TextEquiv>
        </Word>
        <Word id="w248">
          <Coords points="1059,1833 1083,1833 1083,1901 1059,1901"/>
          <TextEquiv>
            <Unicode>ا</Unicode>
          </TextEquiv>
        </Word>
        <Word id="w249">
          <Coords points="977,1842 1055,1842 1055,1936 977,1936"/>
          <TextEquiv>
            <Unicode>ئية</Unicode>
          </TextEquiv>
        </Word>
        <Word id="w250">
          <Coords points="938,1875 970,1875 970,1921 938,1921"/>
          <TextEquiv>
            <Unicode>و</Unicode>
          </TextEquiv>
        </Word>
        <Word id="w251">
          <Coords points="850,1841 931,1841 931,1922 850,1922"/>
          <TextEquiv>
            <Unicode>قر</Unicode>
          </TextEquiv>
        </Word>
        <Word id="w252">
          <Coords points="793,1839 851,1839 851,1925 793,1925"/>
          <TextEquiv>
            <Unicode>على</Unicode>
          </TextEquiv>
        </Word>
        <Word id="w253">
          <Coords points="717,1864 789,1864 789,1913 717,1913"/>
          <TextEquiv>
            <Unicode>هد</Unicode>
          </TextEquiv>
        </Word>
        <Word id="w254">
          <Coords points="700,1821 717,1821 717,1895 700,1895"/>
          <TextEquiv>
            <Unicode>ا</Unicode>
          </TextEquiv>
        </Word>
        <Word id="w255">
          <Coords points="645,1836 695,1836 695,1909 645,1909"/>
          <TextEquiv>
            <Unicode>ما</Unicode>
          </TextEquiv>
        </Word>
        <Word id="w256">
          <Coords points="519,1869 634,1869 634,1948 519,1948"/>
          <TextEquiv>
            <Unicode>سيجى</Unicode>
          </TextEquiv>
        </Word>
        <Word id="w257">
          <Coords points="460,1886 500,1886 500,1934 460,1934"/>
          <TextEquiv>
            <Unicode>و</Unicode>
          </TextEquiv>
        </Word>
        <Word id="w258">
          <Coords points="416,1835 465,1835 465,1912 416,1912"/>
          <TextEquiv>
            <Unicode>عا</Unicode>
          </TextEquiv>
        </Word>
        <Word id="w259">
          <Coords points="297,1836 411,1836 411,1922 297,1922"/>
          <TextEquiv>
            <Unicode>طفة</Unicode>
          </TextEquiv>
        </Word>
        <Word id="w260">
          <Coords points="276,1845 294,1845 294,1922 276,1922"/>
          <TextEquiv>
            <Unicode>ا</Unicode>
          </TextEquiv>
        </Word>
        <Word id="w261">
          <Coords points="188,1839 268,1839 268,1913 188,1913"/>
          <TextEquiv>
            <Unicode>لسا</Unicode>
          </TextEquiv>
        </Word>
        <Word id="w262">
          <Coords points="149,1893 175,1893 175,1919 149,1919"/>
          <TextEquiv>
            <Unicode>د</Unicode>
          </TextEquiv>
        </Word>
        <Word id="w263">
          <Coords points="112,1820 174,1820 174,1886 112,1886"/>
          <TextEquiv>
            <Unicode>سة</Unicode>
          </TextEquiv>
        </Word>
        <TextEquiv>
          <Unicode> لا محل لها ا بتد ا ئية و قر على هد ا ما سيجى و عا طفة ا لسا د سة</Unicode>
        </TextEquiv>
      </TextLine>
      <TextLine id="l13">
        <Coords points="98,1980 1387,1980 1387,2113 98,2113"/>
        <Word id="w264">
          <Coords points="1332,2027 1386,2027 1386,2086 1332,2086"/>
          <TextEquiv>
            <Unicode>مر</Unicode>
          </TextEquiv>
        </Word>
        <Word id="w265">
          <Coords points="1288,1991 1335,1991 1335,2080 1288,2080"/>
          <TextEquiv>
            <Unicode>فو</Unicode>
          </TextEquiv>
        </Word>
        <Word id="w266">
          <Coords points="1232,2018 1293,2018 1293,2060 1232,2060"/>
          <TextEquiv>
            <Unicode>عه</Unicode>
          </TextEquiv>
        </Word>
        <Word id="w267">
          <Coords points="1101,1993 1213,1993 1213,2066 1101,2066"/>
          <TextEquiv>
            <Unicode>لفظا</Unicode>
          </TextEquiv>
        </Word>
        <Word id="w268">
          <Coords points="976,2015 1091,2015 1091,2094 976,2094"/>
          <TextEquiv>
            <Unicode>مبتد</Unicode>
          </TextEquiv>
        </Word>
        <Word id="w269">
          <Coords points="956,1993 981,1993 981,2059 956,2059"/>
          <TextEquiv>
            <Unicode>ا</Unicode>
          </TextEquiv>
        </Word>
        <Word id="w270">
          <Coords points="935,2028 954,2028 954,2049 935,2049"/>
          <TextEquiv>
            <Unicode>ء</Unicode>
          </TextEquiv>
        </Word>
        <Word id="w271">
          <Coords points="832,1987 918,1987 918,2087 832,2087"/>
          <TextEquiv>
            <Unicode>مهما</Unicode>
          </TextEquiv>
        </Word>
        <Word id="w272">
          <Coords points="769,2033 824,2033 824,2089 769,2089"/>
          <TextEquiv>
            <Unicode>مر</Unicode>
          </TextEquiv>
        </Word>
        <Word id="w273">
          <Coords points="764,1996 781,1996 781,2054 764,2054"/>
          <TextEquiv>
            <Unicode>ا</Unicode>
          </TextEquiv>
        </Word>
        <Word id="w274">
          <Coords points="725,2039 750,2039 750,2071 725,2071"/>
          <TextEquiv>
            <Unicode>د</Unicode>
          </TextEquiv>
        </Word>
        <Word id="w275">
          <Coords points="596,1998 711,1998 711,2064 596,2064"/>
          <TextEquiv>
            <Unicode>لفظه</Unicode>
          </TextEquiv>
        </Word>
        <Word id="w276">
          <Coords points="528,2033 582,2033 582,2090 528,2090"/>
          <TextEquiv>
            <Unicode>مر</Unicode>
          </TextEquiv>
        </Word>
        <Word id="w277">
          <Coords points="483,2001 529,2001 529,2080 483,2080"/>
          <TextEquiv>
            <Unicode>فو</Unicode>
          </TextEquiv>
        </Word>
        <Word id="w278">
          <Coords points="454,2027 528,2027 528,2112 454,2112"/>
          <TextEquiv>
            <Unicode>ع</Unicode>
          </TextEquiv>
        </Word>
        <Word id="w279">
          <Coords points="352,1987 432,1987 432,2061 352,2061"/>
          <TextEquiv>
            <Unicode>تقد</Unicode>
          </TextEquiv>
        </Word>
        <Word id="w280">
          <Coords points="303,2023 347,2023 347,2085 303,2085"/>
          <TextEquiv>
            <Unicode>بر</Unicode>
          </TextEquiv>
        </Word>
        <Word id="w281">
          <Coords points="281,1995 302,1995 302,2053 281,2053"/>
          <TextEquiv>
            <Unicode>ا</Unicode>
          </TextEquiv>
        </Word>
        <Word id="w282">
          <Coords points="198,2029 288,2029 288,2083 198,2083"/>
          <TextEquiv>
            <Unicode>حبر</Unicode>
          </TextEquiv>
        </Word>
        <Word id="w283">
          <Coords points="177,2041 196,2041 196,2066 177,2066"/>
          <TextEquiv>
            <Unicode>ه</Unicode>
          </TextEquiv>
        </Word>
        <Word id="w284">
          <Coords points="125,2029 160,2029 160,2073 125,2073"/>
          <TextEquiv>
            <Unicode>و</Unicode>
          </TextEquiv>
        </Word>
        <Word id="w285">
          <Coords points="98,1980 173,1980 173,2032 98,2032"/>
          <TextEquiv>
            <Unicode>هو</Unicode>
          </TextEquiv>
        </Word>
        <TextEquiv>
          <Unicode> مر فو عه لفظا مبتد ا ء مهما مر ا د لفظه مر فو ع تقد بر ا حبر ه و هو</Unicode>
        </TextEquiv>
      </TextLine>
      <TextLine id="l14">
        <Coords points="117,2097 1371,2097 1371,2236 117,2236"/>
        <Word id="w286">
          <Coords points="1276,2165 1370,2165 1370,2204 1276,2204"/>
          <TextEquiv>
            <Unicode>معه</Unicode>
          </TextEquiv>
        </Word>
        <Word id="w287">
          <Coords points="1155,2142 1266,2142 1266,2212 1155,2212"/>
          <TextEquiv>
            <Unicode>جملة</Unicode>
          </TextEquiv>
        </Word>
        <Word id="w288">
          <Coords points="1126,2137 1143,2137 1143,2202 1126,2202"/>
          <TextEquiv>
            <Unicode>ا</Unicode>
          </TextEquiv>
        </Word>
        <Word id="w289">
          <Coords points="993,2167 1118,2167 1118,2232 993,2232"/>
          <TextEquiv>
            <Unicode>سميه</Unicode>
          </TextEquiv>
        </Word>
        <Word id="w290">
          <Coords points="920,2132 984,2132 984,2222 920,2222"/>
          <TextEquiv>
            <Unicode>لا</Unicode>
          </TextEquiv>
        </Word>
        <Word id="w291">
          <Coords points="848,2131 924,2131 924,2229 848,2229"/>
          <TextEquiv>
            <Unicode>مح</Unicode>
          </TextEquiv>
        </Word>
        <Word id="w292">
          <Coords points="772,2132 858,2132 858,2208 772,2208"/>
          <TextEquiv>
            <Unicode>لها</Unicode>
          </TextEquiv>
        </Word>
        <Word id="w293">
          <Coords points="621,2147 763,2147 763,2215 621,2215"/>
          <TextEquiv>
            <Unicode>عطف</Unicode>
          </TextEquiv>
        </Word>
        <Word id="w294">
          <Coords points="552,2141 614,2141 614,2231 552,2231"/>
          <TextEquiv>
            <Unicode>على</Unicode>
          </TextEquiv>
        </Word>
        <Word id="w295">
          <Coords points="536,2147 548,2147 548,2208 536,2208"/>
          <TextEquiv>
            <Unicode>ا</Unicode>
          </TextEquiv>
        </Word>
        <Word id="w296">
          <Coords points="459,2171 529,2171 529,2210 459,2210"/>
          <TextEquiv>
            <Unicode>حد</Unicode>
          </TextEquiv>
        </Word>
        <Word id="w297">
          <Coords points="398,2116 452,2116 452,2218 398,2218"/>
          <TextEquiv>
            <Unicode>هما</Unicode>
          </TextEquiv>
        </Word>
        <Word id="w298">
          <Coords points="320,2154 399,2154 399,2235 320,2235"/>
          <TextEquiv>
            <Unicode>نحو</Unicode>
          </TextEquiv>
        </Word>
        <Word id="w299">
          <Coords points="240,2159 330,2159 330,2220 240,2220"/>
          <TextEquiv>
            <Unicode>معلو</Unicode>
          </TextEquiv>
        </Word>
        <Word id="w300">
          <Coords points="199,2175 233,2175 233,2210 199,2210"/>
          <TextEquiv>
            <Unicode>م</Unicode>
          </TextEquiv>
        </Word>
        <Word id="w301">
          <Coords points="117,2097 202,2097 202,2224 117,2224"/>
          <TextEquiv>
            <Unicode>مهما</Unicode>
          </TextEquiv>
        </Word>
        <TextEquiv>
          <Unicode> معه جملة ا سميه لا مح لها عطف على ا حد هما نحو معلو م مهما</Unicode>
        </TextEquiv>
      </TextLine>
      <TextLine id="l15">
        <Coords points="83,2265 1372,2265 1372,2393 83,2393"/>
        <Word id="w302">
          <Coords points="1255,2285 1371,2285 1371,2381 1255,2381"/>
          <TextEquiv>
            <Unicode>تفعل</Unicode>
          </TextEquiv>
        </Word>
        <Word id="w303">
          <Coords points="1133,2290 1251,2290 1251,2380 1133,2380"/>
          <TextEquiv>
            <Unicode>تسئل</Unicode>
          </TextEquiv>
        </Word>
        <Word id="w304">
          <Coords points="1049,2303 1132,2303 1132,2352 1049,2352"/>
          <TextEquiv>
            <Unicode>منه</Unicode>
          </TextEquiv>
        </Word>
        <Word id="w305">
          <Coords points="977,2327 1034,2327 1034,2392 977,2392"/>
          <TextEquiv>
            <Unicode>مر</Unicode>
          </TextEquiv>
        </Word>
        <Word id="w306">
          <Coords points="969,2287 994,2287 994,2345 969,2345"/>
          <TextEquiv>
            <Unicode>ا</Unicode>
          </TextEquiv>
        </Word>
        <Word id="w307">
          <Coords points="936,2331 965,2331 965,2362 936,2362"/>
          <TextEquiv>
            <Unicode>د</Unicode>
          </TextEquiv>
        </Word>
        <Word id="w308">
          <Coords points="819,2294 926,2294 926,2367 819,2367"/>
          <TextEquiv>
            <Unicode>لفظ</Unicode>
          </TextEquiv>
        </Word>
        <Word id="w309">
          <Coords points="737,2305 818,2305 818,2382 737,2382"/>
          <TextEquiv>
            <Unicode>مجر</Unicode>
          </TextEquiv>
        </Word>
        <Word id="w310">
          <Coords points="716,2320 756,2320 756,2365 716,2365"/>
          <TextEquiv>
            <Unicode>و</Unicode>
          </TextEquiv>
        </Word>
        <Word id="w311">
          <Coords points="684,2326 715,2326 715,2361 684,2361"/>
          <TextEquiv>
            <Unicode>ر</Unicode>
          </TextEquiv>
        </Word>
        <Word id="w312">
          <Coords points="586,2279 676,2279 676,2361 586,2361"/>
          <TextEquiv>
            <Unicode>تقد</Unicode>
          </TextEquiv>
        </Word>
        <Word id="w313">
          <Coords points="527,2322 589,2322 589,2382 527,2382"/>
          <TextEquiv>
            <Unicode>ير</Unicode>
          </TextEquiv>
        </Word>
        <Word id="w314">
          <Coords points="520,2289 546,2289 546,2354 520,2354"/>
          <TextEquiv>
            <Unicode>ا</Unicode>
          </TextEquiv>
        </Word>
        <Word id="w315">
          <Coords points="405,2288 513,2288 513,2369 405,2369"/>
          <TextEquiv>
            <Unicode>مضا</Unicode>
          </TextEquiv>
        </Word>
        <Word id="w316">
          <Coords points="347,2303 399,2303 399,2362 347,2362"/>
          <TextEquiv>
            <Unicode>ف</Unicode>
          </TextEquiv>
        </Word>
        <Word id="w317">
          <Coords points="335,2296 345,2296 345,2350 335,2350"/>
          <TextEquiv>
            <Unicode>ا</Unicode>
          </TextEquiv>
        </Word>
        <Word id="w318">
          <Coords points="254,2305 319,2305 319,2375 254,2375"/>
          <TextEquiv>
            <Unicode>ليه</Unicode>
          </TextEquiv>
        </Word>
        <Word id="w319">
          <Coords points="158,2295 243,2295 243,2390 158,2390"/>
          <TextEquiv>
            <Unicode>لنحو</Unicode>
          </TextEquiv>
        </Word>
        <Word id="w320">
          <Coords points="120,2284 140,2284 140,2332 120,2332"/>
          <TextEquiv>
            <Unicode>ا</Unicode>
          </TextEquiv>
        </Word>
        <Word id="w321">
          <Coords points="102,2326 123,2326 123,2351 102,2351"/>
          <TextEquiv>
            <Unicode>د</Unicode>
          </TextEquiv>
        </Word>
        <Word id="w322">
          <Coords points="83,2265 99,2265 99,2325 83,2325"/>
          <TextEquiv>
            <Unicode>ا</Unicode>
          </TextEquiv>
        </Word>
        <TextEquiv>
          <Unicode> تفعل تسئل منه مر ا د لفظ مجر و ر تقد ير ا مضا ف ا ليه لنحو ا د ا</Unicode>
        </TextEquiv>
      </TextLine>
      <TextLine id="l16">
        <Coords points="88,2412 1383,2412 1383,2539 88,2539"/>
        <Word id="w323">
          <Coords points="1371,2450 1382,2450 1382,2510 1371,2510"/>
          <TextEquiv>
            <Unicode>ا</Unicode>
          </TextEquiv>
        </Word>
        <Word id="w324">
          <Coords points="1326,2481 1360,2481 1360,2516 1326,2516"/>
          <TextEquiv>
            <Unicode>ر</Unicode>
          </TextEquiv>
        </Word>
        <Word id="w325">
          <Coords points="1280,2449 1335,2449 1335,2534 1280,2534"/>
          <TextEquiv>
            <Unicode>يد</Unicode>
          </TextEquiv>
        </Word>
        <Word id="w326">
          <Coords points="1263,2433 1283,2433 1283,2497 1263,2497"/>
          <TextEquiv>
            <Unicode>ا</Unicode>
          </TextEquiv>
        </Word>
        <Word id="w327">
          <Coords points="1160,2442 1261,2442 1261,2524 1160,2524"/>
          <TextEquiv>
            <Unicode>لمعنى</Unicode>
          </TextEquiv>
        </Word>
        <Word id="w328">
          <Coords points="1054,2431 1157,2431 1157,2538 1054,2538"/>
          <TextEquiv>
            <Unicode>فمهما</Unicode>
          </TextEquiv>
        </Word>
        <Word id="w329">
          <Coords points="1023,2448 1036,2448 1036,2509 1023,2509"/>
          <TextEquiv>
            <Unicode>ا</Unicode>
          </TextEquiv>
        </Word>
        <Word id="w330">
          <Coords points="953,2474 1010,2474 1010,2529 953,2529"/>
          <TextEquiv>
            <Unicode>سم</Unicode>
          </TextEquiv>
        </Word>
        <Word id="w331">
          <Coords points="862,2466 939,2466 939,2534 862,2534"/>
          <TextEquiv>
            <Unicode>سر</Unicode>
          </TextEquiv>
        </Word>
        <Word id="w332">
          <Coords points="828,2424 884,2424 884,2495 828,2495"/>
          <TextEquiv>
            <Unicode>ط</Unicode>
          </TextEquiv>
        </Word>
        <Word id="w333">
          <Coords points="723,2448 823,2448 823,2522 723,2522"/>
          <TextEquiv>
            <Unicode>مبنى</Unicode>
          </TextEquiv>
        </Word>
        <Word id="w334">
          <Coords points="665,2439 727,2439 727,2516 665,2516"/>
          <TextEquiv>
            <Unicode>على</Unicode>
          </TextEquiv>
        </Word>
        <Word id="w335">
          <Coords points="648,2432 670,2432 670,2498 648,2498"/>
          <TextEquiv>
            <Unicode>ا</Unicode>
          </TextEquiv>
        </Word>
        <Word id="w336">
          <Coords points="504,2421 639,2421 639,2527 504,2527"/>
          <TextEquiv>
            <Unicode>لسكو</Unicode>
          </TextEquiv>
        </Word>
        <Word id="w337">
          <Coords points="471,2457 506,2457 506,2516 471,2516"/>
          <TextEquiv>
            <Unicode>ن</Unicode>
          </TextEquiv>
        </Word>
        <Word id="w338">
          <Coords points="342,2447 467,2447 467,2526 342,2526"/>
          <TextEquiv>
            <Unicode>منصو</Unicode>
          </TextEquiv>
        </Word>
        <Word id="w339">
          <Coords points="288,2471 349,2471 349,2529 288,2529"/>
          <TextEquiv>
            <Unicode>ب</Unicode>
          </TextEquiv>
        </Word>
        <Word id="w340">
          <Coords points="206,2445 294,2445 294,2517 206,2517"/>
          <TextEquiv>
            <Unicode>محلا</Unicode>
          </TextEquiv>
        </Word>
        <Word id="w341">
          <Coords points="111,2413 147,2413 147,2470 111,2470"/>
          <TextEquiv>
            <Unicode>ل</Unicode>
          </TextEquiv>
        </Word>
        <Word id="w342">
          <Coords points="103,2455 204,2455 204,2521 103,2521"/>
          <TextEquiv>
            <Unicode>مفعو</Unicode>
          </TextEquiv>
        </Word>
        <Word id="w343">
          <Coords points="88,2412 120,2412 120,2480 88,2480"/>
          <TextEquiv>
            <Unicode>به</Unicode>
          </TextEquiv>
        </Word>
        <TextEquiv>
          <Unicode> ا ر يد ا لمعنى فمهما ا سم سر ط مبنى على ا لسكو ن منصو ب محلا ل مفعو به</Unicode>
        </TextEquiv>
      </TextLine>
      <TextLine id="l17">
        <Coords points="103,2567 1387,2567 1387,2700 103,2700"/>
        <Word id="w344">
          <Coords points="1244,2601 1386,2601 1386,2683 1244,2683"/>
          <TextEquiv>
            <Unicode>لتفعل</Unicode>
          </TextEquiv>
        </Word>
        <Word id="w345">
          <Coords points="1204,2624 1245,2624 1245,2666 1204,2666"/>
          <TextEquiv>
            <Unicode>و</Unicode>
          </TextEquiv>
        </Word>
        <Word id="w346">
          <Coords points="1132,2617 1209,2617 1209,2673 1132,2673"/>
          <TextEquiv>
            <Unicode>هو</Unicode>
          </TextEquiv>
        </Word>
        <Word id="w347">
          <Coords points="1051,2591 1138,2591 1138,2681 1051,2681"/>
          <TextEquiv>
            <Unicode>فعل</Unicode>
          </TextEquiv>
        </Word>
        <Word id="w348">
          <Coords points="945,2586 1055,2586 1055,2672 945,2672"/>
          <TextEquiv>
            <Unicode>مضا</Unicode>
          </TextEquiv>
        </Word>
        <Word id="w349">
          <Coords points="903,2630 934,2630 934,2666 903,2666"/>
          <TextEquiv>
            <Unicode>ر</Unicode>
          </TextEquiv>
        </Word>
        <Word id="w350">
          <Coords points="869,2619 948,2619 948,2699 869,2699"/>
          <TextEquiv>
            <Unicode>ع</Unicode>
          </TextEquiv>
        </Word>
        <Word id="w351">
          <Coords points="779,2603 852,2603 852,2685 779,2685"/>
          <TextEquiv>
            <Unicode>مجز</Unicode>
          </TextEquiv>
        </Word>
        <Word id="w352">
          <Coords points="751,2625 787,2625 787,2671 751,2671"/>
          <TextEquiv>
            <Unicode>و</Unicode>
          </TextEquiv>
        </Word>
        <Word id="w353">
          <Coords points="720,2633 752,2633 752,2661 720,2661"/>
          <TextEquiv>
            <Unicode>م</Unicode>
          </TextEquiv>
        </Word>
        <Word id="w354">
          <Coords points="664,2611 708,2611 708,2666 664,2666"/>
          <TextEquiv>
            <Unicode>به</Unicode>
          </TextEquiv>
        </Word>
        <Word id="w355">
          <Coords points="541,2595 649,2595 649,2660 541,2660"/>
          <TextEquiv>
            <Unicode>لفظا</Unicode>
          </TextEquiv>
        </Word>
        <Word id="w356">
          <Coords points="487,2626 534,2626 534,2671 487,2671"/>
          <TextEquiv>
            <Unicode>و</Unicode>
          </TextEquiv>
        </Word>
        <Word id="w357">
          <Coords points="393,2585 504,2585 504,2660 393,2660"/>
          <TextEquiv>
            <Unicode>تحته</Unicode>
          </TextEquiv>
        </Word>
        <Word id="w358">
          <Coords points="270,2621 382,2621 382,2682 270,2682"/>
          <TextEquiv>
            <Unicode>صمير</Unicode>
          </TextEquiv>
        </Word>
        <Word id="w359">
          <Coords points="259,2575 284,2575 284,2645 259,2645"/>
          <TextEquiv>
            <Unicode>ا</Unicode>
          </TextEquiv>
        </Word>
        <Word id="w360">
          <Coords points="224,2599 254,2599 254,2664 224,2664"/>
          <TextEquiv>
            <Unicode>ن</Unicode>
          </TextEquiv>
        </Word>
        <Word id="w361">
          <Coords points="172,2567 228,2567 228,2675 172,2675"/>
          <TextEquiv>
            <Unicode>في</Unicode>
          </TextEquiv>
        </Word>
        <Word id="w362">
          <Coords points="147,2575 175,2575 175,2645 147,2645"/>
          <TextEquiv>
            <Unicode>ا</Unicode>
          </TextEquiv>
        </Word>
        <Word id="w363">
          <Coords points="103,2581 151,2581 151,2654 103,2654"/>
          <TextEquiv>
            <Unicode>نت</Unicode>
          </TextEquiv>
        </Word>
        <TextEquiv>
          <Unicode> لتفعل و هو فعل مضا ر ع مجز و م به لفظا و تحته صمير ا ن في ا نت</Unicode>
        </TextEquiv>
      </TextLine>
      <TextLine id="l18">
        <Coords points="118,2708 1395,2708 1395,2841 118,2841"/>
        <Word id="w364">
          <Coords points="1289,2758 1394,2758 1394,2821 1289,2821"/>
          <TextEquiv>
            <Unicode>مبنى</Unicode>
          </TextEquiv>
        </Word>
        <Word id="w365">
          <Coords points="1245,2731 1305,2731 1305,2816 1245,2816"/>
          <TextEquiv>
            <Unicode>على</Unicode>
          </TextEquiv>
        </Word>
        <Word id="w366">
          <Coords points="1227,2736 1245,2736 1245,2800 1227,2800"/>
          <TextEquiv>
            <Unicode>ا</Unicode>
          </TextEquiv>
        </Word>
        <Word id="w367">
          <Coords points="1116,2708 1221,2708 1221,2819 1116,2819"/>
          <TextEquiv>
            <Unicode>لسكو</Unicode>
          </TextEquiv>
        </Word>
        <Word id="w368">
          <Coords points="1075,2745 1116,2745 1116,2810 1075,2810"/>
          <TextEquiv>
            <Unicode>ن</Unicode>
          </TextEquiv>
        </Word>
        <Word id="w369">
          <Coords points="1016,2761 1069,2761 1069,2816 1016,2816"/>
          <TextEquiv>
            <Unicode>مر</Unicode>
          </TextEquiv>
        </Word>
        <Word id="w370">
          <Coords points="974,2729 1022,2729 1022,2805 974,2805"/>
          <TextEquiv>
            <Unicode>فو</Unicode>
          </TextEquiv>
        </Word>
        <Word id="w371">
          <Coords points="952,2753 1024,2753 1024,2840 952,2840"/>
          <TextEquiv>
            <Unicode>ع</Unicode>
          </TextEquiv>
        </Word>
        <Word id="w372">
          <Coords points="844,2743 930,2743 930,2806 844,2806"/>
          <TextEquiv>
            <Unicode>محلا</Unicode>
          </TextEquiv>
        </Word>
        <Word id="w373">
          <Coords points="794,2727 829,2727 829,2797 794,2797"/>
          <TextEquiv>
            <Unicode>فا</Unicode>
          </TextEquiv>
        </Word>
        <Word id="w374">
          <Coords points="706,2723 789,2723 789,2797 706,2797"/>
          <TextEquiv>
            <Unicode>عله</Unicode>
          </TextEquiv>
        </Word>
        <Word id="w375">
          <Coords points="640,2758 688,2758 688,2811 640,2811"/>
          <TextEquiv>
            <Unicode>و</Unicode>
          </TextEquiv>
        </Word>
        <Word id="w376">
          <Coords points="637,2720 658,2720 658,2789 637,2789"/>
          <TextEquiv>
            <Unicode>ا</Unicode>
          </TextEquiv>
        </Word>
        <Word id="w377">
          <Coords points="556,2728 624,2728 624,2797 556,2797"/>
          <TextEquiv>
            <Unicode>لتا</Unicode>
          </TextEquiv>
        </Word>
        <Word id="w378">
          <Coords points="439,2764 505,2764 505,2828 439,2828"/>
          <TextEquiv>
            <Unicode>حر</Unicode>
          </TextEquiv>
        </Word>
        <Word id="w379">
          <Coords points="388,2744 452,2744 452,2813 388,2813"/>
          <TextEquiv>
            <Unicode>ف</Unicode>
          </TextEquiv>
        </Word>
        <Word id="w380">
          <Coords points="369,2760 399,2760 399,2796 369,2796"/>
          <TextEquiv>
            <Unicode>د</Unicode>
          </TextEquiv>
        </Word>
        <Word id="w381">
          <Coords points="353,2729 365,2729 365,2781 353,2781"/>
          <TextEquiv>
            <Unicode>ا</Unicode>
          </TextEquiv>
        </Word>
        <Word id="w382">
          <Coords points="310,2737 342,2737 342,2807 310,2807"/>
          <TextEquiv>
            <Unicode>ل</Unicode>
          </TextEquiv>
        </Word>
        <Word id="w383">
          <Coords points="245,2733 306,2733 306,2815 245,2815"/>
          <TextEquiv>
            <Unicode>على</Unicode>
          </TextEquiv>
        </Word>
        <Word id="w384">
          <Coords points="195,2740 252,2740 252,2810 195,2810"/>
          <TextEquiv>
            <Unicode>تذ</Unicode>
          </TextEquiv>
        </Word>
        <Word id="w385">
          <Coords points="118,2708 228,2708 228,2822 118,2822"/>
          <TextEquiv>
            <Unicode>كير</Unicode>
          </TextEquiv>
        </Word>
        <TextEquiv>
          <Unicode> مبنى على ا لسكو ن مر فو ع محلا فا عله و ا لتا حر ف د ا ل على تذ كير</Unicode>
        </TextEquiv>
      </TextLine>
    </TextRegion>
  </Page>
</PcGts>
