<?xml version='1.0' encoding='utf-8'?>
<PcGts xmlns:xsi="http://www.w3.org/2001/XMLSchema-instance" xmlns="http://schema.primaresearch.org/PAGE/gts/pagecontent/2019-07-15" xsi:schemaLocation="http://schema.primaresearch.org/PAGE/gts/pagecontent/2019-07-15 http://schema.primaresearch.org/PAGE/gts/pagecontent/2019-07-15/pagecontent.xsd" pcGtsId="pc-aletheiaexamplepage">
  <Metadata>
    <Creator>PRImA Research Lab</Creator>
    <Created>2015-07-17T15:27:13</Created>
    <LastChange>2017-07-14T10:03:33</LastChange>
    <Comments>Example Page</Comments>
  </Metadata>
  <Page imageFilename="3368132/_0035-1.png" imageWidth="1394" imageHeight="2869">
    <TextRegion id="r0" type="paragraph">
      <Coords points="1,1 1392,1 1392,2867 1,2867"/>
      <TextLine id="l0">
        <Coords points="75,46 1324,46 1324,161 75,161"/>
        <Word id="w0">
          <Coords points="1315,73 1323,73 1323,141 1315,141"/>
          <TextEquiv>
            <Unicode>ا</Unicode>
          </TextEquiv>
        </Word>
        <Word id="w1">
          <Coords points="1252,89 1305,89 1305,138 1252,138"/>
          <TextEquiv>
            <Unicode>ى</Unicode>
          </TextEquiv>
        </Word>
        <Word id="w2">
          <Coords points="1161,85 1253,85 1253,154 1161,154"/>
          <TextEquiv>
            <Unicode>هو</Unicode>
          </TextEquiv>
        </Word>
        <Word id="w3">
          <Coords points="1120,63 1185,63 1185,144 1120,144"/>
          <TextEquiv>
            <Unicode>لمن</Unicode>
          </TextEquiv>
        </Word>
        <Word id="w4">
          <Coords points="1090,52 1117,52 1117,132 1090,132"/>
          <TextEquiv>
            <Unicode>قا</Unicode>
          </TextEquiv>
        </Word>
        <Word id="w5">
          <Coords points="1039,66 1072,66 1072,132 1039,132"/>
          <TextEquiv>
            <Unicode>ل</Unicode>
          </TextEquiv>
        </Word>
        <Word id="w6">
          <Coords points="978,91 1024,91 1024,136 978,136"/>
          <TextEquiv>
            <Unicode>و</Unicode>
          </TextEquiv>
        </Word>
        <Word id="w7">
          <Coords points="920,75 994,75 994,160 920,160"/>
          <TextEquiv>
            <Unicode>يجو</Unicode>
          </TextEquiv>
        </Word>
        <Word id="w8">
          <Coords points="885,71 926,71 926,137 885,137"/>
          <TextEquiv>
            <Unicode>ز</Unicode>
          </TextEquiv>
        </Word>
        <Word id="w9">
          <Coords points="865,63 879,63 879,118 865,118"/>
          <TextEquiv>
            <Unicode>ا</Unicode>
          </TextEquiv>
        </Word>
        <Word id="w10">
          <Coords points="824,68 857,68 857,140 824,140"/>
          <TextEquiv>
            <Unicode>ن</Unicode>
          </TextEquiv>
        </Word>
        <Word id="w11">
          <Coords points="746,46 829,46 829,142 746,142"/>
          <TextEquiv>
            <Unicode>يكو</Unicode>
          </TextEquiv>
        </Word>
        <Word id="w12">
          <Coords points="709,66 740,66 740,134 709,134"/>
          <TextEquiv>
            <Unicode>ن</Unicode>
          </TextEquiv>
        </Word>
        <Word id="w13">
          <Coords points="579,67 702,67 702,129 579,129"/>
          <TextEquiv>
            <Unicode>صفة</Unicode>
          </TextEquiv>
        </Word>
        <Word id="w14">
          <Coords points="479,65 556,65 556,148 479,148"/>
          <TextEquiv>
            <Unicode>لقو</Unicode>
          </TextEquiv>
        </Word>
        <Word id="w15">
          <Coords points="442,69 481,69 481,126 442,126"/>
          <TextEquiv>
            <Unicode>له</Unicode>
          </TextEquiv>
        </Word>
        <Word id="w16">
          <Coords points="412,72 427,72 427,127 412,127"/>
          <TextEquiv>
            <Unicode>ا</Unicode>
          </TextEquiv>
        </Word>
        <Word id="w17">
          <Coords points="373,105 398,105 398,134 373,134"/>
          <TextEquiv>
            <Unicode>د</Unicode>
          </TextEquiv>
        </Word>
        <Word id="w18">
          <Coords points="328,80 359,80 359,139 328,139"/>
          <TextEquiv>
            <Unicode>ن</Unicode>
          </TextEquiv>
        </Word>
        <Word id="w19">
          <Coords points="261,60 309,60 309,129 261,129"/>
          <TextEquiv>
            <Unicode>تد</Unicode>
          </TextEquiv>
        </Word>
        <Word id="w20">
          <Coords points="192,66 265,66 265,143 192,143"/>
          <TextEquiv>
            <Unicode>خل</Unicode>
          </TextEquiv>
        </Word>
        <Word id="w21">
          <Coords points="182,61 193,61 193,116 182,116"/>
          <TextEquiv>
            <Unicode>ا</Unicode>
          </TextEquiv>
        </Word>
        <Word id="w22">
          <Coords points="75,60 179,60 179,126 75,126"/>
          <TextEquiv>
            <Unicode>لحنة</Unicode>
          </TextEquiv>
        </Word>
        <TextEquiv>
          <Unicode> ا ى هو لمن قا ل و يجو ز ا ن يكو ن صفة لقو له ا د ن تد خل ا لحنة</Unicode>
        </TextEquiv>
      </TextLine>
      <TextLine id="l1">
        <Coords points="66,195 1333,195 1333,318 66,318"/>
        <Word id="w23">
          <Coords points="1233,206 1332,206 1332,282 1233,282"/>
          <TextEquiv>
            <Unicode>بتقد</Unicode>
          </TextEquiv>
        </Word>
        <Word id="w24">
          <Coords points="1175,236 1224,236 1224,288 1175,288"/>
          <TextEquiv>
            <Unicode>ير</Unicode>
          </TextEquiv>
        </Word>
        <Word id="w25">
          <Coords points="1167,210 1179,210 1179,261 1167,261"/>
          <TextEquiv>
            <Unicode>ا</Unicode>
          </TextEquiv>
        </Word>
        <Word id="w26">
          <Coords points="1020,212 1160,212 1160,290 1020,290"/>
          <TextEquiv>
            <Unicode>لمتعلق</Unicode>
          </TextEquiv>
        </Word>
        <Word id="w27">
          <Coords points="930,240 1014,240 1014,295 930,295"/>
          <TextEquiv>
            <Unicode>معر</Unicode>
          </TextEquiv>
        </Word>
        <Word id="w28">
          <Coords points="893,212 939,212 939,268 893,268"/>
          <TextEquiv>
            <Unicode>فة</Unicode>
          </TextEquiv>
        </Word>
        <Word id="w29">
          <Coords points="838,241 876,241 876,287 838,287"/>
          <TextEquiv>
            <Unicode>و</Unicode>
          </TextEquiv>
        </Word>
        <Word id="w30">
          <Coords points="821,207 836,207 836,264 821,264"/>
          <TextEquiv>
            <Unicode>ا</Unicode>
          </TextEquiv>
        </Word>
        <Word id="w31">
          <Coords points="771,212 817,212 817,280 771,280"/>
          <TextEquiv>
            <Unicode>ما</Unicode>
          </TextEquiv>
        </Word>
        <Word id="w32">
          <Coords points="639,209 769,209 769,283 639,283"/>
          <TextEquiv>
            <Unicode>جعله</Unicode>
          </TextEquiv>
        </Word>
        <Word id="w33">
          <Coords points="575,212 627,212 627,270 575,270"/>
          <TextEquiv>
            <Unicode>حا</Unicode>
          </TextEquiv>
        </Word>
        <Word id="w34">
          <Coords points="519,217 567,217 567,288 519,288"/>
          <TextEquiv>
            <Unicode>لا</Unicode>
          </TextEquiv>
        </Word>
        <Word id="w35">
          <Coords points="420,237 512,237 512,277 420,277"/>
          <TextEquiv>
            <Unicode>منه</Unicode>
          </TextEquiv>
        </Word>
        <Word id="w36">
          <Coords points="355,203 412,203 412,289 355,289"/>
          <TextEquiv>
            <Unicode>كما</Unicode>
          </TextEquiv>
        </Word>
        <Word id="w37">
          <Coords points="272,211 348,211 348,294 272,294"/>
          <TextEquiv>
            <Unicode>قيل</Unicode>
          </TextEquiv>
        </Word>
        <Word id="w38">
          <Coords points="184,195 270,195 270,317 184,317"/>
          <TextEquiv>
            <Unicode>فمحل</Unicode>
          </TextEquiv>
        </Word>
        <Word id="w39">
          <Coords points="138,210 181,210 181,280 138,280"/>
          <TextEquiv>
            <Unicode>تا</Unicode>
          </TextEquiv>
        </Word>
        <Word id="w40">
          <Coords points="66,210 128,210 128,295 66,295"/>
          <TextEquiv>
            <Unicode>مل</Unicode>
          </TextEquiv>
        </Word>
        <TextEquiv>
          <Unicode> بتقد ير ا لمتعلق معر فة و ا ما جعله حا لا منه كما قيل فمحل تا مل</Unicode>
        </TextEquiv>
      </TextLine>
      <TextLine id="l2">
        <Coords points="61,351 1331,351 1331,474 61,474"/>
        <Word id="w41">
          <Coords points="1267,362 1330,362 1330,430 1267,430"/>
          <TextEquiv>
            <Unicode>فتا</Unicode>
          </TextEquiv>
        </Word>
        <Word id="w42">
          <Coords points="1182,361 1249,361 1249,448 1182,448"/>
          <TextEquiv>
            <Unicode>مل</Unicode>
          </TextEquiv>
        </Word>
        <Word id="w43">
          <Coords points="1151,363 1178,363 1178,427 1151,427"/>
          <TextEquiv>
            <Unicode>قا</Unicode>
          </TextEquiv>
        </Word>
        <Word id="w44">
          <Coords points="1094,363 1131,363 1131,434 1094,434"/>
          <TextEquiv>
            <Unicode>ل</Unicode>
          </TextEquiv>
        </Word>
        <Word id="w45">
          <Coords points="999,368 1087,368 1087,453 999,453"/>
          <TextEquiv>
            <Unicode>فعل</Unicode>
          </TextEquiv>
        </Word>
        <Word id="w46">
          <Coords points="951,365 999,365 999,429 951,429"/>
          <TextEquiv>
            <Unicode>ما</Unicode>
          </TextEquiv>
        </Word>
        <Word id="w47">
          <Coords points="873,399 941,399 941,447 873,447"/>
          <TextEquiv>
            <Unicode>صى</Unicode>
          </TextEquiv>
        </Word>
        <Word id="w48">
          <Coords points="782,373 879,373 879,442 782,442"/>
          <TextEquiv>
            <Unicode>مبنى</Unicode>
          </TextEquiv>
        </Word>
        <Word id="w49">
          <Coords points="716,361 786,361 786,447 716,447"/>
          <TextEquiv>
            <Unicode>على</Unicode>
          </TextEquiv>
        </Word>
        <Word id="w50">
          <Coords points="711,353 731,353 731,422 711,422"/>
          <TextEquiv>
            <Unicode>ا</Unicode>
          </TextEquiv>
        </Word>
        <Word id="w51">
          <Coords points="629,366 698,366 698,473 629,473"/>
          <TextEquiv>
            <Unicode>لفتح</Unicode>
          </TextEquiv>
        </Word>
        <Word id="w52">
          <Coords points="559,366 607,366 607,432 559,432"/>
          <TextEquiv>
            <Unicode>لا</Unicode>
          </TextEquiv>
        </Word>
        <Word id="w53">
          <Coords points="484,376 557,376 557,459 484,459"/>
          <TextEquiv>
            <Unicode>محل</Unicode>
          </TextEquiv>
        </Word>
        <Word id="w54">
          <Coords points="437,373 482,373 482,433 437,433"/>
          <TextEquiv>
            <Unicode>له</Unicode>
          </TextEquiv>
        </Word>
        <Word id="w55">
          <Coords points="385,398 420,398 420,441 385,441"/>
          <TextEquiv>
            <Unicode>و</Unicode>
          </TextEquiv>
        </Word>
        <Word id="w56">
          <Coords points="274,353 390,353 390,435 274,435"/>
          <TextEquiv>
            <Unicode>تحته</Unicode>
          </TextEquiv>
        </Word>
        <Word id="w57">
          <Coords points="174,399 255,399 255,458 174,458"/>
          <TextEquiv>
            <Unicode>هو</Unicode>
          </TextEquiv>
        </Word>
        <Word id="w58">
          <Coords points="147,397 180,397 180,436 147,436"/>
          <TextEquiv>
            <Unicode>ر</Unicode>
          </TextEquiv>
        </Word>
        <Word id="w59">
          <Coords points="140,351 160,351 160,419 140,419"/>
          <TextEquiv>
            <Unicode>ا</Unicode>
          </TextEquiv>
        </Word>
        <Word id="w60">
          <Coords points="61,390 137,390 137,462 61,462"/>
          <TextEquiv>
            <Unicode>جع</Unicode>
          </TextEquiv>
        </Word>
        <TextEquiv>
          <Unicode> فتا مل قا ل فعل ما صى مبنى على ا لفتح لا محل له و تحته هو ر ا جع</Unicode>
        </TextEquiv>
      </TextLine>
      <TextLine id="l3">
        <Coords points="92,500 1344,500 1344,618 92,618"/>
        <Word id="w61">
          <Coords points="1333,520 1343,520 1343,575 1333,575"/>
          <TextEquiv>
            <Unicode>ا</Unicode>
          </TextEquiv>
        </Word>
        <Word id="w62">
          <Coords points="1276,521 1324,521 1324,591 1276,591"/>
          <TextEquiv>
            <Unicode>لى</Unicode>
          </TextEquiv>
        </Word>
        <Word id="w63">
          <Coords points="1216,525 1285,525 1285,592 1216,592"/>
          <TextEquiv>
            <Unicode>من</Unicode>
          </TextEquiv>
        </Word>
        <Word id="w64">
          <Coords points="1118,518 1220,518 1220,593 1118,593"/>
          <TextEquiv>
            <Unicode>مبنى</Unicode>
          </TextEquiv>
        </Word>
        <Word id="w65">
          <Coords points="1063,511 1123,511 1123,596 1063,596"/>
          <TextEquiv>
            <Unicode>على</Unicode>
          </TextEquiv>
        </Word>
        <Word id="w66">
          <Coords points="1049,500 1067,500 1067,570 1049,570"/>
          <TextEquiv>
            <Unicode>ا</Unicode>
          </TextEquiv>
        </Word>
        <Word id="w67">
          <Coords points="963,514 1037,514 1037,617 963,617"/>
          <TextEquiv>
            <Unicode>ل</Unicode>
          </TextEquiv>
        </Word>
        <Word id="w68">
          <Coords points="898,545 951,545 951,597 898,597"/>
          <TextEquiv>
            <Unicode>م</Unicode>
          </TextEquiv>
        </Word>
        <Word id="w69">
          <Coords points="864,511 905,511 905,587 864,587"/>
          <TextEquiv>
            <Unicode>فو</Unicode>
          </TextEquiv>
        </Word>
        <Word id="w70">
          <Coords points="838,530 906,530 906,617 838,617"/>
          <TextEquiv>
            <Unicode>ع</Unicode>
          </TextEquiv>
        </Word>
        <Word id="w71">
          <Coords points="727,519 821,519 821,587 727,587"/>
          <TextEquiv>
            <Unicode>محلا</Unicode>
          </TextEquiv>
        </Word>
        <Word id="w72">
          <Coords points="681,517 720,517 720,580 681,580"/>
          <TextEquiv>
            <Unicode>فا</Unicode>
          </TextEquiv>
        </Word>
        <Word id="w73">
          <Coords points="593,515 669,515 669,587 593,587"/>
          <TextEquiv>
            <Unicode>عله</Unicode>
          </TextEquiv>
        </Word>
        <Word id="w74">
          <Coords points="540,542 577,542 577,588 540,588"/>
          <TextEquiv>
            <Unicode>و</Unicode>
          </TextEquiv>
        </Word>
        <Word id="w75">
          <Coords points="468,532 538,532 538,595 468,595"/>
          <TextEquiv>
            <Unicode>هو</Unicode>
          </TextEquiv>
        </Word>
        <Word id="w76">
          <Coords points="362,530 464,530 464,572 362,572"/>
          <TextEquiv>
            <Unicode>معه</Unicode>
          </TextEquiv>
        </Word>
        <Word id="w77">
          <Coords points="249,508 355,508 355,589 249,589"/>
          <TextEquiv>
            <Unicode>ح</Unicode>
          </TextEquiv>
        </Word>
        <Word id="w78">
          <Coords points="92,514 238,514 238,596 92,596"/>
          <TextEquiv>
            <Unicode>فع</Unicode>
          </TextEquiv>
        </Word>
        <TextEquiv>
          <Unicode> ا لى من مبنى على ا ل م فو ع محلا فا عله و هو معه ح فع</Unicode>
        </TextEquiv>
      </TextLine>
      <TextLine id="l4">
        <Coords points="68,647 1341,647 1341,747 68,747"/>
        <Word id="w79">
          <Coords points="1285,657 1340,657 1340,722 1285,722"/>
          <TextEquiv>
            <Unicode>لا</Unicode>
          </TextEquiv>
        </Word>
        <Word id="w80">
          <Coords points="1196,656 1280,656 1280,746 1196,746"/>
          <TextEquiv>
            <Unicode>محل</Unicode>
          </TextEquiv>
        </Word>
        <Word id="w81">
          <Coords points="1138,647 1212,647 1212,718 1138,718"/>
          <TextEquiv>
            <Unicode>لها</Unicode>
          </TextEquiv>
        </Word>
        <Word id="w82">
          <Coords points="1012,655 1128,655 1128,728 1012,728"/>
          <TextEquiv>
            <Unicode>صلة</Unicode>
          </TextEquiv>
        </Word>
        <Word id="w83">
          <Coords points="912,653 989,653 989,741 912,741"/>
          <TextEquiv>
            <Unicode>للمو</Unicode>
          </TextEquiv>
        </Word>
        <Word id="w84">
          <Coords points="840,690 926,690 926,744 840,744"/>
          <TextEquiv>
            <Unicode>صو</Unicode>
          </TextEquiv>
        </Word>
        <Word id="w85">
          <Coords points="805,656 857,656 857,725 805,725"/>
          <TextEquiv>
            <Unicode>ل</Unicode>
          </TextEquiv>
        </Word>
        <Word id="w86">
          <Coords points="799,653 810,653 810,696 799,696"/>
          <TextEquiv>
            <Unicode>ا</Unicode>
          </TextEquiv>
        </Word>
        <Word id="w87">
          <Coords points="747,689 788,689 788,731 747,731"/>
          <TextEquiv>
            <Unicode>و</Unicode>
          </TextEquiv>
        </Word>
        <Word id="w88">
          <Coords points="673,673 750,673 750,746 673,746"/>
          <TextEquiv>
            <Unicode>مجر</Unicode>
          </TextEquiv>
        </Word>
        <Word id="w89">
          <Coords points="649,687 683,687 683,737 649,737"/>
          <TextEquiv>
            <Unicode>و</Unicode>
          </TextEquiv>
        </Word>
        <Word id="w90">
          <Coords points="620,695 648,695 648,730 620,730"/>
          <TextEquiv>
            <Unicode>ر</Unicode>
          </TextEquiv>
        </Word>
        <Word id="w91">
          <Coords points="589,661 623,661 623,723 589,723"/>
          <TextEquiv>
            <Unicode>ة</Unicode>
          </TextEquiv>
        </Word>
        <Word id="w92">
          <Coords points="499,664 579,664 579,733 499,733"/>
          <TextEquiv>
            <Unicode>محلا</Unicode>
          </TextEquiv>
        </Word>
        <Word id="w93">
          <Coords points="376,670 493,670 493,721 376,721"/>
          <TextEquiv>
            <Unicode>صفه</Unicode>
          </TextEquiv>
        </Word>
        <Word id="w94">
          <Coords points="298,661 364,661 364,736 298,736"/>
          <TextEquiv>
            <Unicode>لمن</Unicode>
          </TextEquiv>
        </Word>
        <Word id="w95">
          <Coords points="281,660 293,660 293,717 281,717"/>
          <TextEquiv>
            <Unicode>ا</Unicode>
          </TextEquiv>
        </Word>
        <Word id="w96">
          <Coords points="201,665 273,665 273,736 201,736"/>
          <TextEquiv>
            <Unicode>لمو</Unicode>
          </TextEquiv>
        </Word>
        <Word id="w97">
          <Coords points="129,681 211,681 211,740 129,740"/>
          <TextEquiv>
            <Unicode>صو</Unicode>
          </TextEquiv>
        </Word>
        <Word id="w98">
          <Coords points="68,648 140,648 140,721 68,721"/>
          <TextEquiv>
            <Unicode>ف</Unicode>
          </TextEquiv>
        </Word>
        <TextEquiv>
          <Unicode> لا محل لها صلة للمو صو ل ا و مجر و ر ة محلا صفه لمن ا لمو صو ف</Unicode>
        </TextEquiv>
      </TextLine>
      <TextLine id="l5">
        <Coords points="71,790 1336,790 1336,895 71,895"/>
        <Word id="w99">
          <Coords points="1324,796 1335,796 1335,857 1324,857"/>
          <TextEquiv>
            <Unicode>ا</Unicode>
          </TextEquiv>
        </Word>
        <Word id="w100">
          <Coords points="1261,799 1314,799 1314,885 1261,885"/>
          <TextEquiv>
            <Unicode>علم</Unicode>
          </TextEquiv>
        </Word>
        <Word id="w101">
          <Coords points="1231,802 1242,802 1242,853 1231,853"/>
          <TextEquiv>
            <Unicode>ا</Unicode>
          </TextEquiv>
        </Word>
        <Word id="w102">
          <Coords points="1129,790 1142,790 1142,852 1129,852"/>
          <TextEquiv>
            <Unicode>ا</Unicode>
          </TextEquiv>
        </Word>
        <Word id="w103">
          <Coords points="1128,814 1215,814 1215,889 1128,889"/>
          <TextEquiv>
            <Unicode>نهم</Unicode>
          </TextEquiv>
        </Word>
        <Word id="w104">
          <Coords points="956,798 1123,798 1123,880 956,880"/>
          <TextEquiv>
            <Unicode>ختلفو</Unicode>
          </TextEquiv>
        </Word>
        <Word id="w105">
          <Coords points="941,798 950,798 950,858 941,858"/>
          <TextEquiv>
            <Unicode>ا</Unicode>
          </TextEquiv>
        </Word>
        <Word id="w106">
          <Coords points="885,803 925,803 925,880 885,880"/>
          <TextEquiv>
            <Unicode>فى</Unicode>
          </TextEquiv>
        </Word>
        <Word id="w107">
          <Coords points="834,820 865,820 865,878 834,878"/>
          <TextEquiv>
            <Unicode>ن</Unicode>
          </TextEquiv>
        </Word>
        <Word id="w108">
          <Coords points="811,802 822,802 822,859 811,859"/>
          <TextEquiv>
            <Unicode>ا</Unicode>
          </TextEquiv>
        </Word>
        <Word id="w109">
          <Coords points="744,812 807,812 807,881 744,881"/>
          <TextEquiv>
            <Unicode>لمو</Unicode>
          </TextEquiv>
        </Word>
        <Word id="w110">
          <Coords points="669,835 755,835 755,880 669,880"/>
          <TextEquiv>
            <Unicode>صو</Unicode>
          </TextEquiv>
        </Word>
        <Word id="w111">
          <Coords points="635,801 664,801 664,870 635,870"/>
          <TextEquiv>
            <Unicode>ل</Unicode>
          </TextEquiv>
        </Word>
        <Word id="w112">
          <Coords points="581,828 626,828 626,885 581,885"/>
          <TextEquiv>
            <Unicode>و</Unicode>
          </TextEquiv>
        </Word>
        <Word id="w113">
          <Coords points="516,825 591,825 591,880 516,880"/>
          <TextEquiv>
            <Unicode>حد</Unicode>
          </TextEquiv>
        </Word>
        <Word id="w114">
          <Coords points="504,816 532,816 532,846 504,846"/>
          <TextEquiv>
            <Unicode>ه</Unicode>
          </TextEquiv>
        </Word>
        <Word id="w115">
          <Coords points="409,796 491,796 491,884 409,884"/>
          <TextEquiv>
            <Unicode>هل</Unicode>
          </TextEquiv>
        </Word>
        <Word id="w116">
          <Coords points="315,797 415,797 415,890 315,890"/>
          <TextEquiv>
            <Unicode>يقبل</Unicode>
          </TextEquiv>
        </Word>
        <Word id="w117">
          <Coords points="300,804 320,804 320,865 300,865"/>
          <TextEquiv>
            <Unicode>ا</Unicode>
          </TextEquiv>
        </Word>
        <Word id="w118">
          <Coords points="223,803 240,803 240,860 223,860"/>
          <TextEquiv>
            <Unicode>ا</Unicode>
          </TextEquiv>
        </Word>
        <Word id="w119">
          <Coords points="216,832 293,832 293,894 216,894"/>
          <TextEquiv>
            <Unicode>عر</Unicode>
          </TextEquiv>
        </Word>
        <Word id="w120">
          <Coords points="183,796 213,796 213,890 183,890"/>
          <TextEquiv>
            <Unicode>با</Unicode>
          </TextEquiv>
        </Word>
        <Word id="w121">
          <Coords points="157,799 171,799 171,851 157,851"/>
          <TextEquiv>
            <Unicode>ا</Unicode>
          </TextEquiv>
        </Word>
        <Word id="w122">
          <Coords points="112,839 154,839 154,889 112,889"/>
          <TextEquiv>
            <Unicode>و</Unicode>
          </TextEquiv>
        </Word>
        <Word id="w123">
          <Coords points="71,815 135,815 135,876 71,876"/>
          <TextEquiv>
            <Unicode>مع</Unicode>
          </TextEquiv>
        </Word>
        <TextEquiv>
          <Unicode> ا علم ا ا نهم ختلفو ا فى ن ا لمو صو ل و حد ه هل يقبل ا ا عر با ا و مع</Unicode>
        </TextEquiv>
      </TextLine>
      <TextLine id="l6">
        <Coords points="67,923 1338,923 1338,1049 67,1049"/>
        <Word id="w124">
          <Coords points="1327,941 1337,941 1337,1001 1327,1001"/>
          <TextEquiv>
            <Unicode>ا</Unicode>
          </TextEquiv>
        </Word>
        <Word id="w125">
          <Coords points="1179,945 1309,945 1309,1011 1179,1011"/>
          <TextEquiv>
            <Unicode>لصلة</Unicode>
          </TextEquiv>
        </Word>
        <Word id="w126">
          <Coords points="1115,923 1160,923 1160,1011 1115,1011"/>
          <TextEquiv>
            <Unicode>فا</Unicode>
          </TextEquiv>
        </Word>
        <Word id="w127">
          <Coords points="997,934 1107,934 1107,1040 997,1040"/>
          <TextEquiv>
            <Unicode>لجمهو</Unicode>
          </TextEquiv>
        </Word>
        <Word id="w128">
          <Coords points="965,987 997,987 997,1024 965,1024"/>
          <TextEquiv>
            <Unicode>ر</Unicode>
          </TextEquiv>
        </Word>
        <Word id="w129">
          <Coords points="893,931 963,931 963,1028 893,1028"/>
          <TextEquiv>
            <Unicode>على</Unicode>
          </TextEquiv>
        </Word>
        <Word id="w130">
          <Coords points="889,938 908,938 908,991 889,991"/>
          <TextEquiv>
            <Unicode>ا</Unicode>
          </TextEquiv>
        </Word>
        <Word id="w131">
          <Coords points="819,943 867,943 867,1012 819,1012"/>
          <TextEquiv>
            <Unicode>لا</Unicode>
          </TextEquiv>
        </Word>
        <Word id="w132">
          <Coords points="780,978 815,978 815,1023 780,1023"/>
          <TextEquiv>
            <Unicode>و</Unicode>
          </TextEquiv>
        </Word>
        <Word id="w133">
          <Coords points="741,943 776,943 776,1015 741,1015"/>
          <TextEquiv>
            <Unicode>ل</Unicode>
          </TextEquiv>
        </Word>
        <Word id="w134">
          <Coords points="675,968 719,968 719,1030 675,1030"/>
          <TextEquiv>
            <Unicode>بد</Unicode>
          </TextEquiv>
        </Word>
        <Word id="w135">
          <Coords points="575,946 655,946 655,1033 575,1033"/>
          <TextEquiv>
            <Unicode>ليل</Unicode>
          </TextEquiv>
        </Word>
        <Word id="w136">
          <Coords points="477,947 578,947 578,1028 477,1028"/>
          <TextEquiv>
            <Unicode>ظهو</Unicode>
          </TextEquiv>
        </Word>
        <Word id="w137">
          <Coords points="434,986 462,986 462,1018 434,1018"/>
          <TextEquiv>
            <Unicode>ر</Unicode>
          </TextEquiv>
        </Word>
        <Word id="w138">
          <Coords points="421,946 433,946 433,1003 421,1003"/>
          <TextEquiv>
            <Unicode>ا</Unicode>
          </TextEquiv>
        </Word>
        <Word id="w139">
          <Coords points="362,945 408,945 408,1023 362,1023"/>
          <TextEquiv>
            <Unicode>لا</Unicode>
          </TextEquiv>
        </Word>
        <Word id="w140">
          <Coords points="289,955 310,955 310,1017 289,1017"/>
          <TextEquiv>
            <Unicode>ا</Unicode>
          </TextEquiv>
        </Word>
        <Word id="w141">
          <Coords points="289,984 357,984 357,1048 289,1048"/>
          <TextEquiv>
            <Unicode>عر</Unicode>
          </TextEquiv>
        </Word>
        <Word id="w142">
          <Coords points="231,988 285,988 285,1037 231,1037"/>
          <TextEquiv>
            <Unicode>ب</Unicode>
          </TextEquiv>
        </Word>
        <Word id="w143">
          <Coords points="176,946 230,946 230,1032 176,1032"/>
          <TextEquiv>
            <Unicode>فى</Unicode>
          </TextEquiv>
        </Word>
        <Word id="w144">
          <Coords points="67,953 177,953 177,1035 67,1035"/>
          <TextEquiv>
            <Unicode>نفس</Unicode>
          </TextEquiv>
        </Word>
        <TextEquiv>
          <Unicode> ا لصلة فا لجمهو ر على ا لا و ل بد ليل ظهو ر ا لا ا عر ب فى نفس</Unicode>
        </TextEquiv>
      </TextLine>
      <TextLine id="l7">
        <Coords points="71,1079 1325,1079 1325,1207 71,1207"/>
        <Word id="w145">
          <Coords points="1316,1102 1324,1102 1324,1161 1316,1161"/>
          <TextEquiv>
            <Unicode>ا</Unicode>
          </TextEquiv>
        </Word>
        <Word id="w146">
          <Coords points="1242,1109 1307,1109 1307,1180 1242,1180"/>
          <TextEquiv>
            <Unicode>لمو</Unicode>
          </TextEquiv>
        </Word>
        <Word id="w147">
          <Coords points="1169,1125 1255,1125 1255,1175 1169,1175"/>
          <TextEquiv>
            <Unicode>صو</Unicode>
          </TextEquiv>
        </Word>
        <Word id="w148">
          <Coords points="1140,1103 1170,1103 1170,1164 1140,1164"/>
          <TextEquiv>
            <Unicode>ل</Unicode>
          </TextEquiv>
        </Word>
        <Word id="w149">
          <Coords points="1126,1095 1145,1095 1145,1146 1126,1146"/>
          <TextEquiv>
            <Unicode>ا</Unicode>
          </TextEquiv>
        </Word>
        <Word id="w150">
          <Coords points="1092,1130 1115,1130 1115,1163 1092,1163"/>
          <TextEquiv>
            <Unicode>د</Unicode>
          </TextEquiv>
        </Word>
        <Word id="w151">
          <Coords points="1076,1093 1092,1093 1092,1151 1076,1151"/>
          <TextEquiv>
            <Unicode>ا</Unicode>
          </TextEquiv>
        </Word>
        <Word id="w152">
          <Coords points="1021,1079 1089,1079 1089,1167 1021,1167"/>
          <TextEquiv>
            <Unicode>كا</Unicode>
          </TextEquiv>
        </Word>
        <Word id="w153">
          <Coords points="972,1098 1007,1098 1007,1167 972,1167"/>
          <TextEquiv>
            <Unicode>ن</Unicode>
          </TextEquiv>
        </Word>
        <Word id="w154">
          <Coords points="881,1120 973,1120 973,1184 881,1184"/>
          <TextEquiv>
            <Unicode>معر</Unicode>
          </TextEquiv>
        </Word>
        <Word id="w155">
          <Coords points="867,1085 936,1085 936,1190 867,1190"/>
          <TextEquiv>
            <Unicode>با</Unicode>
          </TextEquiv>
        </Word>
        <Word id="w156">
          <Coords points="781,1098 850,1098 850,1182 781,1182"/>
          <TextEquiv>
            <Unicode>نحو</Unicode>
          </TextEquiv>
        </Word>
        <Word id="w157">
          <Coords points="695,1085 780,1085 780,1206 695,1206"/>
          <TextEquiv>
            <Unicode>ليقم</Unicode>
          </TextEquiv>
        </Word>
        <Word id="w158">
          <Coords points="669,1091 685,1091 685,1145 669,1145"/>
          <TextEquiv>
            <Unicode>ا</Unicode>
          </TextEquiv>
        </Word>
        <Word id="w159">
          <Coords points="555,1117 661,1117 661,1175 555,1175"/>
          <TextEquiv>
            <Unicode>يهم</Unicode>
          </TextEquiv>
        </Word>
        <Word id="w160">
          <Coords points="499,1085 549,1085 549,1171 499,1171"/>
          <TextEquiv>
            <Unicode>فى</Unicode>
          </TextEquiv>
        </Word>
        <Word id="w161">
          <Coords points="423,1092 471,1092 471,1164 423,1164"/>
          <TextEquiv>
            <Unicode>لد</Unicode>
          </TextEquiv>
        </Word>
        <Word id="w162">
          <Coords points="411,1096 419,1096 419,1156 411,1156"/>
          <TextEquiv>
            <Unicode>ا</Unicode>
          </TextEquiv>
        </Word>
        <Word id="w163">
          <Coords points="365,1130 398,1130 398,1170 365,1170"/>
          <TextEquiv>
            <Unicode>ر</Unicode>
          </TextEquiv>
        </Word>
        <Word id="w164">
          <Coords points="295,1093 364,1093 364,1187 295,1187"/>
          <TextEquiv>
            <Unicode>على</Unicode>
          </TextEquiv>
        </Word>
        <Word id="w165">
          <Coords points="254,1085 299,1085 299,1157 254,1157"/>
          <TextEquiv>
            <Unicode>ما</Unicode>
          </TextEquiv>
        </Word>
        <Word id="w166">
          <Coords points="196,1096 240,1096 240,1174 196,1174"/>
          <TextEquiv>
            <Unicode>فى</Unicode>
          </TextEquiv>
        </Word>
        <Word id="w167">
          <Coords points="71,1097 200,1097 200,1179 71,1179"/>
          <TextEquiv>
            <Unicode>مغنى</Unicode>
          </TextEquiv>
        </Word>
        <TextEquiv>
          <Unicode> ا لمو صو ل ا د ا كا ن معر با نحو ليقم ا يهم فى لد ا ر على ما فى مغنى</Unicode>
        </TextEquiv>
      </TextLine>
      <TextLine id="l8">
        <Coords points="72,1224 1327,1224 1327,1344 72,1344"/>
        <Word id="w168">
          <Coords points="1315,1248 1326,1248 1326,1307 1315,1307"/>
          <TextEquiv>
            <Unicode>ا</Unicode>
          </TextEquiv>
        </Word>
        <Word id="w169">
          <Coords points="1164,1253 1305,1253 1305,1342 1164,1342"/>
          <TextEquiv>
            <Unicode>للبيب</Unicode>
          </TextEquiv>
        </Word>
        <Word id="w170">
          <Coords points="1156,1224 1165,1224 1165,1298 1156,1298"/>
          <TextEquiv>
            <Unicode>ا</Unicode>
          </TextEquiv>
        </Word>
        <Word id="w171">
          <Coords points="1053,1240 1147,1240 1147,1343 1053,1343"/>
          <TextEquiv>
            <Unicode>طيع</Unicode>
          </TextEquiv>
        </Word>
        <Word id="w172">
          <Coords points="1020,1233 1044,1233 1044,1301 1020,1301"/>
          <TextEquiv>
            <Unicode>ا</Unicode>
          </TextEquiv>
        </Word>
        <Word id="w173">
          <Coords points="961,1259 1020,1259 1020,1311 961,1311"/>
          <TextEquiv>
            <Unicode>لله</Unicode>
          </TextEquiv>
        </Word>
        <Word id="w174">
          <Coords points="881,1235 955,1235 955,1272 881,1272"/>
          <TextEquiv>
            <Unicode>لى</Unicode>
          </TextEquiv>
        </Word>
        <Word id="w175">
          <Coords points="873,1232 954,1232 954,1316 873,1316"/>
          <TextEquiv>
            <Unicode>تعا</Unicode>
          </TextEquiv>
        </Word>
        <Word id="w176">
          <Coords points="803,1280 867,1280 867,1329 803,1329"/>
          <TextEquiv>
            <Unicode>مر</Unicode>
          </TextEquiv>
        </Word>
        <Word id="w177">
          <Coords points="800,1240 818,1240 818,1297 800,1297"/>
          <TextEquiv>
            <Unicode>ا</Unicode>
          </TextEquiv>
        </Word>
        <Word id="w178">
          <Coords points="762,1280 792,1280 792,1314 762,1314"/>
          <TextEquiv>
            <Unicode>د</Unicode>
          </TextEquiv>
        </Word>
        <Word id="w179">
          <Coords points="625,1229 740,1229 740,1311 625,1311"/>
          <TextEquiv>
            <Unicode>لفظه</Unicode>
          </TextEquiv>
        </Word>
        <Word id="w180">
          <Coords points="461,1257 609,1257 609,1331 461,1331"/>
          <TextEquiv>
            <Unicode>منصو</Unicode>
          </TextEquiv>
        </Word>
        <Word id="w181">
          <Coords points="414,1281 474,1281 474,1329 414,1329"/>
          <TextEquiv>
            <Unicode>ب</Unicode>
          </TextEquiv>
        </Word>
        <Word id="w182">
          <Coords points="323,1237 399,1237 399,1304 323,1304"/>
          <TextEquiv>
            <Unicode>تقد</Unicode>
          </TextEquiv>
        </Word>
        <Word id="w183">
          <Coords points="270,1270 333,1270 333,1332 270,1332"/>
          <TextEquiv>
            <Unicode>ير</Unicode>
          </TextEquiv>
        </Word>
        <Word id="w184">
          <Coords points="252,1233 277,1233 277,1295 252,1295"/>
          <TextEquiv>
            <Unicode>يا</Unicode>
          </TextEquiv>
        </Word>
        <Word id="w185">
          <Coords points="123,1249 249,1249 249,1331 123,1331"/>
          <TextEquiv>
            <Unicode>مفعو</Unicode>
          </TextEquiv>
        </Word>
        <Word id="w186">
          <Coords points="101,1241 134,1241 134,1307 101,1307"/>
          <TextEquiv>
            <Unicode>ل</Unicode>
          </TextEquiv>
        </Word>
        <Word id="w187">
          <Coords points="72,1249 106,1249 106,1309 72,1309"/>
          <TextEquiv>
            <Unicode>به</Unicode>
          </TextEquiv>
        </Word>
        <TextEquiv>
          <Unicode> ا للبيب ا طيع ا لله لى تعا مر ا د لفظه منصو ب تقد ير يا مفعو ل به</Unicode>
        </TextEquiv>
      </TextLine>
      <TextLine id="l9">
        <Coords points="84,1380 1328,1380 1328,1492 84,1492"/>
        <Word id="w188">
          <Coords points="1257,1381 1327,1381 1327,1462 1257,1462"/>
          <TextEquiv>
            <Unicode>لقا</Unicode>
          </TextEquiv>
        </Word>
        <Word id="w189">
          <Coords points="1215,1407 1256,1407 1256,1468 1215,1468"/>
          <TextEquiv>
            <Unicode>ل</Unicode>
          </TextEquiv>
        </Word>
        <Word id="w190">
          <Coords points="1201,1395 1219,1395 1219,1451 1201,1451"/>
          <TextEquiv>
            <Unicode>ا</Unicode>
          </TextEquiv>
        </Word>
        <Word id="w191">
          <Coords points="1145,1423 1188,1423 1188,1470 1145,1470"/>
          <TextEquiv>
            <Unicode>و</Unicode>
          </TextEquiv>
        </Word>
        <Word id="w192">
          <Coords points="1020,1386 1152,1386 1152,1471 1020,1471"/>
          <TextEquiv>
            <Unicode>مفعو</Unicode>
          </TextEquiv>
        </Word>
        <Word id="w193">
          <Coords points="986,1389 1023,1389 1023,1458 986,1458"/>
          <TextEquiv>
            <Unicode>ل</Unicode>
          </TextEquiv>
        </Word>
        <Word id="w194">
          <Coords points="840,1380 988,1380 988,1466 840,1466"/>
          <TextEquiv>
            <Unicode>مطلق</Unicode>
          </TextEquiv>
        </Word>
        <Word id="w195">
          <Coords points="781,1386 825,1386 825,1453 781,1453"/>
          <TextEquiv>
            <Unicode>له</Unicode>
          </TextEquiv>
        </Word>
        <Word id="w196">
          <Coords points="753,1383 762,1383 762,1447 753,1447"/>
          <TextEquiv>
            <Unicode>ا</Unicode>
          </TextEquiv>
        </Word>
        <Word id="w197">
          <Coords points="677,1383 729,1383 729,1467 677,1467"/>
          <TextEquiv>
            <Unicode>لا</Unicode>
          </TextEquiv>
        </Word>
        <Word id="w198">
          <Coords points="643,1427 676,1427 676,1472 643,1472"/>
          <TextEquiv>
            <Unicode>و</Unicode>
          </TextEquiv>
        </Word>
        <Word id="w199">
          <Coords points="601,1393 636,1393 636,1462 601,1462"/>
          <TextEquiv>
            <Unicode>ل</Unicode>
          </TextEquiv>
        </Word>
        <Word id="w200">
          <Coords points="479,1386 592,1386 592,1491 479,1491"/>
          <TextEquiv>
            <Unicode>للجمهو</Unicode>
          </TextEquiv>
        </Word>
        <Word id="w201">
          <Coords points="446,1436 474,1436 474,1471 446,1471"/>
          <TextEquiv>
            <Unicode>ر</Unicode>
          </TextEquiv>
        </Word>
        <Word id="w202">
          <Coords points="394,1423 435,1423 435,1473 394,1473"/>
          <TextEquiv>
            <Unicode>و</Unicode>
          </TextEquiv>
        </Word>
        <Word id="w203">
          <Coords points="387,1388 398,1388 398,1445 387,1445"/>
          <TextEquiv>
            <Unicode>ا</Unicode>
          </TextEquiv>
        </Word>
        <Word id="w204">
          <Coords points="305,1384 375,1384 375,1457 305,1457"/>
          <TextEquiv>
            <Unicode>لثا</Unicode>
          </TextEquiv>
        </Word>
        <Word id="w205">
          <Coords points="246,1388 289,1388 289,1466 246,1466"/>
          <TextEquiv>
            <Unicode>نى</Unicode>
          </TextEquiv>
        </Word>
        <Word id="w206">
          <Coords points="181,1393 237,1393 237,1470 181,1470"/>
          <TextEquiv>
            <Unicode>لا</Unicode>
          </TextEquiv>
        </Word>
        <Word id="w207">
          <Coords points="84,1417 191,1417 191,1481 84,1481"/>
          <TextEquiv>
            <Unicode>بن</Unicode>
          </TextEquiv>
        </Word>
        <TextEquiv>
          <Unicode> لقا ل ا و مفعو ل مطلق له ا لا و ل للجمهو ر و ا لثا نى لا بن</Unicode>
        </TextEquiv>
      </TextLine>
      <TextLine id="l10">
        <Coords points="70,1521 1334,1521 1334,1629 70,1629"/>
        <Word id="w208">
          <Coords points="1325,1532 1333,1532 1333,1596 1325,1596"/>
          <TextEquiv>
            <Unicode>ا</Unicode>
          </TextEquiv>
        </Word>
        <Word id="w209">
          <Coords points="1262,1524 1314,1524 1314,1596 1262,1596"/>
          <TextEquiv>
            <Unicode>لحا</Unicode>
          </TextEquiv>
        </Word>
        <Word id="w210">
          <Coords points="1162,1565 1258,1565 1258,1614 1162,1614"/>
          <TextEquiv>
            <Unicode>جب</Unicode>
          </TextEquiv>
        </Word>
        <Word id="w211">
          <Coords points="1113,1524 1155,1524 1155,1608 1113,1608"/>
          <TextEquiv>
            <Unicode>قا</Unicode>
          </TextEquiv>
        </Word>
        <Word id="w212">
          <Coords points="1059,1532 1105,1532 1105,1608 1059,1608"/>
          <TextEquiv>
            <Unicode>ل</Unicode>
          </TextEquiv>
        </Word>
        <Word id="w213">
          <Coords points="994,1521 1056,1521 1056,1598 994,1598"/>
          <TextEquiv>
            <Unicode>فى</Unicode>
          </TextEquiv>
        </Word>
        <Word id="w214">
          <Coords points="881,1531 982,1531 982,1616 881,1616"/>
          <TextEquiv>
            <Unicode>مغنى</Unicode>
          </TextEquiv>
        </Word>
        <Word id="w215">
          <Coords points="865,1531 885,1531 885,1581 865,1581"/>
          <TextEquiv>
            <Unicode>ا</Unicode>
          </TextEquiv>
        </Word>
        <Word id="w216">
          <Coords points="727,1536 866,1536 866,1628 727,1628"/>
          <TextEquiv>
            <Unicode>للبيب</Unicode>
          </TextEquiv>
        </Word>
        <Word id="w217">
          <Coords points="673,1562 713,1562 713,1609 673,1609"/>
          <TextEquiv>
            <Unicode>و</Unicode>
          </TextEquiv>
        </Word>
        <Word id="w218">
          <Coords points="667,1527 679,1527 679,1594 667,1594"/>
          <TextEquiv>
            <Unicode>ا</Unicode>
          </TextEquiv>
        </Word>
        <Word id="w219">
          <Coords points="600,1527 651,1527 651,1608 600,1608"/>
          <TextEquiv>
            <Unicode>لا</Unicode>
          </TextEquiv>
        </Word>
        <Word id="w220">
          <Coords points="571,1577 600,1577 600,1623 571,1623"/>
          <TextEquiv>
            <Unicode>و</Unicode>
          </TextEquiv>
        </Word>
        <Word id="w221">
          <Coords points="524,1538 565,1538 565,1612 524,1612"/>
          <TextEquiv>
            <Unicode>ل</Unicode>
          </TextEquiv>
        </Word>
        <Word id="w222">
          <Coords points="434,1564 515,1564 515,1627 434,1627"/>
          <TextEquiv>
            <Unicode>هو</Unicode>
          </TextEquiv>
        </Word>
        <Word id="w223">
          <Coords points="433,1536 446,1536 446,1582 433,1582"/>
          <TextEquiv>
            <Unicode>ا</Unicode>
          </TextEquiv>
        </Word>
        <Word id="w224">
          <Coords points="306,1544 421,1544 421,1626 306,1626"/>
          <TextEquiv>
            <Unicode>لصو</Unicode>
          </TextEquiv>
        </Word>
        <Word id="w225">
          <Coords points="301,1533 318,1533 318,1599 301,1599"/>
          <TextEquiv>
            <Unicode>ا</Unicode>
          </TextEquiv>
        </Word>
        <Word id="w226">
          <Coords points="249,1577 293,1577 293,1628 249,1628"/>
          <TextEquiv>
            <Unicode>ب</Unicode>
          </TextEquiv>
        </Word>
        <Word id="w227">
          <Coords points="190,1569 230,1569 230,1614 190,1614"/>
          <TextEquiv>
            <Unicode>و</Unicode>
          </TextEquiv>
        </Word>
        <Word id="w228">
          <Coords points="160,1530 190,1530 190,1606 160,1606"/>
          <TextEquiv>
            <Unicode>قا</Unicode>
          </TextEquiv>
        </Word>
        <Word id="w229">
          <Coords points="70,1535 148,1535 148,1606 70,1606"/>
          <TextEquiv>
            <Unicode>ل</Unicode>
          </TextEquiv>
        </Word>
        <TextEquiv>
          <Unicode> ا لحا جب قا ل فى مغنى ا للبيب و ا لا و ل هو ا لصو ا ب و قا ل</Unicode>
        </TextEquiv>
      </TextLine>
      <TextLine id="l11">
        <Coords points="69,1666 1336,1666 1336,1801 69,1801"/>
        <Word id="w230">
          <Coords points="1324,1686 1335,1686 1335,1747 1324,1747"/>
          <TextEquiv>
            <Unicode>ا</Unicode>
          </TextEquiv>
        </Word>
        <Word id="w231">
          <Coords points="1265,1694 1311,1694 1311,1771 1265,1771"/>
          <TextEquiv>
            <Unicode>لر</Unicode>
          </TextEquiv>
        </Word>
        <Word id="w232">
          <Coords points="1196,1715 1276,1715 1276,1768 1196,1768"/>
          <TextEquiv>
            <Unicode>صى</Unicode>
          </TextEquiv>
        </Word>
        <Word id="w233">
          <Coords points="1145,1718 1187,1718 1187,1764 1145,1764"/>
          <TextEquiv>
            <Unicode>و</Unicode>
          </TextEquiv>
        </Word>
        <Word id="w234">
          <Coords points="1139,1682 1151,1682 1151,1745 1139,1745"/>
          <TextEquiv>
            <Unicode>ا</Unicode>
          </TextEquiv>
        </Word>
        <Word id="w235">
          <Coords points="1061,1680 1126,1680 1126,1755 1061,1755"/>
          <TextEquiv>
            <Unicode>لثا</Unicode>
          </TextEquiv>
        </Word>
        <Word id="w236">
          <Coords points="1002,1685 1048,1685 1048,1764 1002,1764"/>
          <TextEquiv>
            <Unicode>نى</Unicode>
          </TextEquiv>
        </Word>
        <Word id="w237">
          <Coords points="915,1711 1001,1711 1001,1770 915,1770"/>
          <TextEquiv>
            <Unicode>هو</Unicode>
          </TextEquiv>
        </Word>
        <Word id="w238">
          <Coords points="853,1703 925,1703 925,1770 853,1770"/>
          <TextEquiv>
            <Unicode>من</Unicode>
          </TextEquiv>
        </Word>
        <Word id="w239">
          <Coords points="807,1722 844,1722 844,1762 807,1762"/>
          <TextEquiv>
            <Unicode>ر</Unicode>
          </TextEquiv>
        </Word>
        <Word id="w240">
          <Coords points="801,1678 813,1678 813,1730 801,1730"/>
          <TextEquiv>
            <Unicode>ا</Unicode>
          </TextEquiv>
        </Word>
        <Word id="w241">
          <Coords points="727,1714 798,1714 798,1753 727,1753"/>
          <TextEquiv>
            <Unicode>حه</Unicode>
          </TextEquiv>
        </Word>
        <Word id="w242">
          <Coords points="612,1684 624,1684 624,1746 612,1746"/>
          <TextEquiv>
            <Unicode>ا</Unicode>
          </TextEquiv>
        </Word>
        <Word id="w243">
          <Coords points="612,1688 708,1688 708,1784 612,1784"/>
          <TextEquiv>
            <Unicode>فلير</Unicode>
          </TextEquiv>
        </Word>
        <Word id="w244">
          <Coords points="523,1726 602,1726 602,1800 523,1800"/>
          <TextEquiv>
            <Unicode>جع</Unicode>
          </TextEquiv>
        </Word>
        <Word id="w245">
          <Coords points="503,1686 515,1686 515,1752 503,1752"/>
          <TextEquiv>
            <Unicode>ا</Unicode>
          </TextEquiv>
        </Word>
        <Word id="w246">
          <Coords points="411,1692 490,1692 490,1778 411,1778"/>
          <TextEquiv>
            <Unicode>ليه</Unicode>
          </TextEquiv>
        </Word>
        <Word id="w247">
          <Coords points="383,1686 397,1686 397,1751 383,1751"/>
          <TextEquiv>
            <Unicode>ا</Unicode>
          </TextEquiv>
        </Word>
        <Word id="w248">
          <Coords points="323,1688 375,1688 375,1779 323,1779"/>
          <TextEquiv>
            <Unicode>علم</Unicode>
          </TextEquiv>
        </Word>
        <Word id="w249">
          <Coords points="288,1691 299,1691 299,1761 288,1761"/>
          <TextEquiv>
            <Unicode>ا</Unicode>
          </TextEquiv>
        </Word>
        <Word id="w250">
          <Coords points="225,1706 272,1706 272,1758 225,1758"/>
          <TextEquiv>
            <Unicode>نه</Unicode>
          </TextEquiv>
        </Word>
        <Word id="w251">
          <Coords points="83,1666 215,1666 215,1777 83,1777"/>
          <TextEquiv>
            <Unicode>كثير</Unicode>
          </TextEquiv>
        </Word>
        <Word id="w252">
          <Coords points="69,1680 89,1680 89,1740 69,1740"/>
          <TextEquiv>
            <Unicode>ا</Unicode>
          </TextEquiv>
        </Word>
        <TextEquiv>
          <Unicode> ا لر صى و ا لثا نى هو من ر ا حه ا فلير جع ا ليه ا علم ا نه كثير ا</Unicode>
        </TextEquiv>
      </TextLine>
      <TextLine id="l12">
        <Coords points="16,1783 1346,1783 1346,1941 16,1941"/>
        <Word id="w253">
          <Coords points="1285,1824 1345,1824 1345,1900 1285,1900"/>
          <TextEquiv>
            <Unicode>ما</Unicode>
          </TextEquiv>
        </Word>
        <Word id="w254">
          <Coords points="1203,1832 1275,1832 1275,1916 1203,1916"/>
          <TextEquiv>
            <Unicode>يقا</Unicode>
          </TextEquiv>
        </Word>
        <Word id="w255">
          <Coords points="1158,1843 1197,1843 1197,1906 1158,1906"/>
          <TextEquiv>
            <Unicode>ل</Unicode>
          </TextEquiv>
        </Word>
        <Word id="w256">
          <Coords points="1078,1818 1152,1818 1152,1899 1078,1899"/>
          <TextEquiv>
            <Unicode>فى</Unicode>
          </TextEquiv>
        </Word>
        <Word id="w257">
          <Coords points="1047,1833 1067,1833 1067,1901 1047,1901"/>
          <TextEquiv>
            <Unicode>ا</Unicode>
          </TextEquiv>
        </Word>
        <Word id="w258">
          <Coords points="968,1836 1041,1836 1041,1902 968,1902"/>
          <TextEquiv>
            <Unicode>مثا</Unicode>
          </TextEquiv>
        </Word>
        <Word id="w259">
          <Coords points="916,1841 958,1841 958,1903 916,1903"/>
          <TextEquiv>
            <Unicode>له</Unicode>
          </TextEquiv>
        </Word>
        <Word id="w260">
          <Coords points="802,1838 895,1838 895,1916 802,1916"/>
          <TextEquiv>
            <Unicode>مقو</Unicode>
          </TextEquiv>
        </Word>
        <Word id="w261">
          <Coords points="765,1835 800,1835 800,1898 765,1898"/>
          <TextEquiv>
            <Unicode>ل</Unicode>
          </TextEquiv>
        </Word>
        <Word id="w262">
          <Coords points="750,1832 766,1832 766,1891 750,1891"/>
          <TextEquiv>
            <Unicode>ا</Unicode>
          </TextEquiv>
        </Word>
        <Word id="w263">
          <Coords points="665,1845 734,1845 734,1922 665,1922"/>
          <TextEquiv>
            <Unicode>لقو</Unicode>
          </TextEquiv>
        </Word>
        <Word id="w264">
          <Coords points="625,1842 655,1842 655,1907 625,1907"/>
          <TextEquiv>
            <Unicode>ل</Unicode>
          </TextEquiv>
        </Word>
        <Word id="w265">
          <Coords points="576,1871 612,1871 612,1916 576,1916"/>
          <TextEquiv>
            <Unicode>و</Unicode>
          </TextEquiv>
        </Word>
        <Word id="w266">
          <Coords points="502,1865 572,1865 572,1917 502,1917"/>
          <TextEquiv>
            <Unicode>هو</Unicode>
          </TextEquiv>
        </Word>
        <Word id="w267">
          <Coords points="417,1828 506,1828 506,1940 417,1940"/>
          <TextEquiv>
            <Unicode>مليح</Unicode>
          </TextEquiv>
        </Word>
        <Word id="w268">
          <Coords points="397,1829 409,1829 409,1889 397,1889"/>
          <TextEquiv>
            <Unicode>ا</Unicode>
          </TextEquiv>
        </Word>
        <Word id="w269">
          <Coords points="333,1828 389,1828 389,1897 333,1897"/>
          <TextEquiv>
            <Unicode>لا</Unicode>
          </TextEquiv>
        </Word>
        <Word id="w270">
          <Coords points="314,1841 329,1841 329,1899 314,1899"/>
          <TextEquiv>
            <Unicode>ا</Unicode>
          </TextEquiv>
        </Word>
        <Word id="w271">
          <Coords points="273,1849 306,1849 306,1912 273,1912"/>
          <TextEquiv>
            <Unicode>ن</Unicode>
          </TextEquiv>
        </Word>
        <Word id="w272">
          <Coords points="245,1840 267,1840 267,1894 245,1894"/>
          <TextEquiv>
            <Unicode>ا</Unicode>
          </TextEquiv>
        </Word>
        <Word id="w273">
          <Coords points="167,1817 256,1817 256,1925 167,1925"/>
          <TextEquiv>
            <Unicode>كثر</Unicode>
          </TextEquiv>
        </Word>
        <Word id="w274">
          <Coords points="154,1839 168,1839 168,1891 154,1891"/>
          <TextEquiv>
            <Unicode>ا</Unicode>
          </TextEquiv>
        </Word>
        <Word id="w275">
          <Coords points="83,1844 145,1844 145,1907 83,1907"/>
          <TextEquiv>
            <Unicode>لقا</Unicode>
          </TextEquiv>
        </Word>
        <Word id="w276">
          <Coords points="16,1783 102,1783 102,1900 16,1900"/>
          <TextEquiv>
            <Unicode>ئلين</Unicode>
          </TextEquiv>
        </Word>
        <TextEquiv>
          <Unicode> ما يقا ل فى ا مثا له مقو ل ا لقو ل و هو مليح ا لا ا ن ا كثر ا لقا ئلين</Unicode>
        </TextEquiv>
      </TextLine>
      <TextLine id="l13">
        <Coords points="78,1974 1333,1974 1333,2105 78,2105"/>
        <Word id="w277">
          <Coords points="1283,1986 1332,1986 1332,2061 1283,2061"/>
          <TextEquiv>
            <Unicode>لا</Unicode>
          </TextEquiv>
        </Word>
        <Word id="w278">
          <Coords points="1221,1988 1287,1988 1287,2092 1221,2092"/>
          <TextEquiv>
            <Unicode>يعلم</Unicode>
          </TextEquiv>
        </Word>
        <Word id="w279">
          <Coords points="1163,1982 1210,1982 1210,2053 1163,2053"/>
          <TextEquiv>
            <Unicode>ما</Unicode>
          </TextEquiv>
        </Word>
        <Word id="w280">
          <Coords points="1073,2014 1152,2014 1152,2071 1073,2071"/>
          <TextEquiv>
            <Unicode>هو</Unicode>
          </TextEquiv>
        </Word>
        <Word id="w281">
          <Coords points="1038,2019 1076,2019 1076,2063 1038,2063"/>
          <TextEquiv>
            <Unicode>و</Unicode>
          </TextEquiv>
        </Word>
        <Word id="w282">
          <Coords points="952,2012 1040,2012 1040,2071 952,2071"/>
          <TextEquiv>
            <Unicode>هو</Unicode>
          </TextEquiv>
        </Word>
        <Word id="w283">
          <Coords points="884,1974 959,1974 959,2104 884,2104"/>
          <TextEquiv>
            <Unicode>قيح</Unicode>
          </TextEquiv>
        </Word>
        <Word id="w284">
          <Coords points="821,2013 879,2013 879,2065 821,2065"/>
          <TextEquiv>
            <Unicode>و</Unicode>
          </TextEquiv>
        </Word>
        <Word id="w285">
          <Coords points="773,1982 834,1982 834,2056 773,2056"/>
          <TextEquiv>
            <Unicode>قد</Unicode>
          </TextEquiv>
        </Word>
        <Word id="w286">
          <Coords points="699,2009 773,2009 773,2074 699,2074"/>
          <TextEquiv>
            <Unicode>عر</Unicode>
          </TextEquiv>
        </Word>
        <Word id="w287">
          <Coords points="645,1987 738,1987 738,2055 645,2055"/>
          <TextEquiv>
            <Unicode>فت</Unicode>
          </TextEquiv>
        </Word>
        <Word id="w288">
          <Coords points="575,1978 623,1978 623,2051 575,2051"/>
          <TextEquiv>
            <Unicode>ما</Unicode>
          </TextEquiv>
        </Word>
        <Word id="w289">
          <Coords points="487,2013 562,2013 562,2068 487,2068"/>
          <TextEquiv>
            <Unicode>هو</Unicode>
          </TextEquiv>
        </Word>
        <Word id="w290">
          <Coords points="451,2018 489,2018 489,2065 451,2065"/>
          <TextEquiv>
            <Unicode>و</Unicode>
          </TextEquiv>
        </Word>
        <Word id="w291">
          <Coords points="398,1982 448,1982 448,2056 398,2056"/>
          <TextEquiv>
            <Unicode>لا</Unicode>
          </TextEquiv>
        </Word>
        <Word id="w292">
          <Coords points="276,1987 394,1987 394,2076 276,2076"/>
          <TextEquiv>
            <Unicode>تفعل</Unicode>
          </TextEquiv>
        </Word>
        <Word id="w293">
          <Coords points="192,1998 281,1998 281,2052 192,2052"/>
          <TextEquiv>
            <Unicode>عنه</Unicode>
          </TextEquiv>
        </Word>
        <Word id="w294">
          <Coords points="135,2016 177,2016 177,2062 135,2062"/>
          <TextEquiv>
            <Unicode>و</Unicode>
          </TextEquiv>
        </Word>
        <Word id="w295">
          <Coords points="120,1981 146,1981 146,2045 120,2045"/>
          <TextEquiv>
            <Unicode>ا</Unicode>
          </TextEquiv>
        </Word>
        <Word id="w296">
          <Coords points="97,2025 123,2025 123,2054 97,2054"/>
          <TextEquiv>
            <Unicode>د</Unicode>
          </TextEquiv>
        </Word>
        <Word id="w297">
          <Coords points="78,1982 99,1982 99,2042 78,2042"/>
          <TextEquiv>
            <Unicode>ا</Unicode>
          </TextEquiv>
        </Word>
        <TextEquiv>
          <Unicode> لا يعلم ما هو و هو قيح و قد عر فت ما هو و لا تفعل عنه و ا د ا</Unicode>
        </TextEquiv>
      </TextLine>
      <TextLine id="l14">
        <Coords points="91,2124 1340,2124 1340,2250 91,2250"/>
        <Word id="w298">
          <Coords points="1325,2139 1339,2139 1339,2199 1325,2199"/>
          <TextEquiv>
            <Unicode>ا</Unicode>
          </TextEquiv>
        </Word>
        <Word id="w299">
          <Coords points="1280,2174 1313,2174 1313,2207 1280,2207"/>
          <TextEquiv>
            <Unicode>ر</Unicode>
          </TextEquiv>
        </Word>
        <Word id="w300">
          <Coords points="1232,2152 1281,2152 1281,2221 1232,2221"/>
          <TextEquiv>
            <Unicode>يد</Unicode>
          </TextEquiv>
        </Word>
        <Word id="w301">
          <Coords points="1215,2130 1226,2130 1226,2184 1215,2184"/>
          <TextEquiv>
            <Unicode>ا</Unicode>
          </TextEquiv>
        </Word>
        <Word id="w302">
          <Coords points="1104,2135 1208,2135 1208,2217 1104,2217"/>
          <TextEquiv>
            <Unicode>لمغنى</Unicode>
          </TextEquiv>
        </Word>
        <Word id="w303">
          <Coords points="1056,2125 1092,2125 1092,2194 1056,2194"/>
          <TextEquiv>
            <Unicode>فا</Unicode>
          </TextEquiv>
        </Word>
        <Word id="w304">
          <Coords points="958,2133 1049,2133 1049,2228 958,2228"/>
          <TextEquiv>
            <Unicode>طيع</Unicode>
          </TextEquiv>
        </Word>
        <Word id="w305">
          <Coords points="850,2140 947,2140 947,2223 850,2223"/>
          <TextEquiv>
            <Unicode>فعل</Unicode>
          </TextEquiv>
        </Word>
        <Word id="w306">
          <Coords points="753,2132 856,2132 856,2204 753,2204"/>
          <TextEquiv>
            <Unicode>مضا</Unicode>
          </TextEquiv>
        </Word>
        <Word id="w307">
          <Coords points="713,2171 742,2171 742,2203 713,2203"/>
          <TextEquiv>
            <Unicode>ر</Unicode>
          </TextEquiv>
        </Word>
        <Word id="w308">
          <Coords points="684,2163 764,2163 764,2249 684,2249"/>
          <TextEquiv>
            <Unicode>ع</Unicode>
          </TextEquiv>
        </Word>
        <Word id="w309">
          <Coords points="603,2168 669,2168 669,2225 603,2225"/>
          <TextEquiv>
            <Unicode>مر</Unicode>
          </TextEquiv>
        </Word>
        <Word id="w310">
          <Coords points="571,2135 619,2135 619,2214 571,2214"/>
          <TextEquiv>
            <Unicode>فو</Unicode>
          </TextEquiv>
        </Word>
        <Word id="w311">
          <Coords points="547,2155 618,2155 618,2246 547,2246"/>
          <TextEquiv>
            <Unicode>ع</Unicode>
          </TextEquiv>
        </Word>
        <Word id="w312">
          <Coords points="420,2134 524,2134 524,2196 420,2196"/>
          <TextEquiv>
            <Unicode>لفظا</Unicode>
          </TextEquiv>
        </Word>
        <Word id="w313">
          <Coords points="330,2124 394,2124 394,2215 330,2215"/>
          <TextEquiv>
            <Unicode>بعا</Unicode>
          </TextEquiv>
        </Word>
        <Word id="w314">
          <Coords points="256,2131 324,2131 324,2215 256,2215"/>
          <TextEquiv>
            <Unicode>مل</Unicode>
          </TextEquiv>
        </Word>
        <Word id="w315">
          <Coords points="149,2147 261,2147 261,2218 149,2218"/>
          <TextEquiv>
            <Unicode>معنو</Unicode>
          </TextEquiv>
        </Word>
        <Word id="w316">
          <Coords points="91,2141 156,2141 156,2226 91,2226"/>
          <TextEquiv>
            <Unicode>ي</Unicode>
          </TextEquiv>
        </Word>
        <TextEquiv>
          <Unicode> ا ر يد ا لمغنى فا طيع فعل مضا ر ع مر فو ع لفظا بعا مل معنو ي</Unicode>
        </TextEquiv>
      </TextLine>
      <TextLine id="l15">
        <Coords points="72,2268 1340,2268 1340,2399 72,2399"/>
        <Word id="w317">
          <Coords points="1288,2316 1339,2316 1339,2364 1288,2364"/>
          <TextEquiv>
            <Unicode>و</Unicode>
          </TextEquiv>
        </Word>
        <Word id="w318">
          <Coords points="1190,2268 1307,2268 1307,2349 1190,2349"/>
          <TextEquiv>
            <Unicode>تحته</Unicode>
          </TextEquiv>
        </Word>
        <Word id="w319">
          <Coords points="1158,2286 1173,2286 1173,2356 1158,2356"/>
          <TextEquiv>
            <Unicode>ا</Unicode>
          </TextEquiv>
        </Word>
        <Word id="w320">
          <Coords points="1113,2281 1147,2281 1147,2353 1113,2353"/>
          <TextEquiv>
            <Unicode>نا</Unicode>
          </TextEquiv>
        </Word>
        <Word id="w321">
          <Coords points="1030,2285 1108,2285 1108,2371 1030,2371"/>
          <TextEquiv>
            <Unicode>عبا</Unicode>
          </TextEquiv>
        </Word>
        <Word id="w322">
          <Coords points="986,2326 1017,2326 1017,2360 986,2360"/>
          <TextEquiv>
            <Unicode>ر</Unicode>
          </TextEquiv>
        </Word>
        <Word id="w323">
          <Coords points="955,2326 976,2326 976,2354 955,2354"/>
          <TextEquiv>
            <Unicode>ه</Unicode>
          </TextEquiv>
        </Word>
        <Word id="w324">
          <Coords points="859,2299 940,2299 940,2372 859,2372"/>
          <TextEquiv>
            <Unicode>عن</Unicode>
          </TextEquiv>
        </Word>
        <Word id="w325">
          <Coords points="854,2289 870,2289 870,2341 854,2341"/>
          <TextEquiv>
            <Unicode>ا</Unicode>
          </TextEquiv>
        </Word>
        <Word id="w326">
          <Coords points="724,2279 847,2279 847,2388 724,2388"/>
          <TextEquiv>
            <Unicode>لمتكلم</Unicode>
          </TextEquiv>
        </Word>
        <Word id="w327">
          <Coords points="608,2316 714,2316 714,2369 608,2369"/>
          <TextEquiv>
            <Unicode>مبنى</Unicode>
          </TextEquiv>
        </Word>
        <Word id="w328">
          <Coords points="540,2277 611,2277 611,2369 540,2369"/>
          <TextEquiv>
            <Unicode>على</Unicode>
          </TextEquiv>
        </Word>
        <Word id="w329">
          <Coords points="525,2284 547,2284 547,2349 525,2349"/>
          <TextEquiv>
            <Unicode>ا</Unicode>
          </TextEquiv>
        </Word>
        <Word id="w330">
          <Coords points="436,2291 512,2291 512,2395 436,2395"/>
          <TextEquiv>
            <Unicode>لفتح</Unicode>
          </TextEquiv>
        </Word>
        <Word id="w331">
          <Coords points="358,2316 423,2316 423,2375 358,2375"/>
          <TextEquiv>
            <Unicode>مر</Unicode>
          </TextEquiv>
        </Word>
        <Word id="w332">
          <Coords points="323,2288 368,2288 368,2361 323,2361"/>
          <TextEquiv>
            <Unicode>فو</Unicode>
          </TextEquiv>
        </Word>
        <Word id="w333">
          <Coords points="296,2310 351,2310 351,2398 296,2398"/>
          <TextEquiv>
            <Unicode>ع</Unicode>
          </TextEquiv>
        </Word>
        <Word id="w334">
          <Coords points="193,2297 285,2297 285,2362 193,2362"/>
          <TextEquiv>
            <Unicode>ملا</Unicode>
          </TextEquiv>
        </Word>
        <Word id="w335">
          <Coords points="150,2275 181,2275 181,2349 150,2349"/>
          <TextEquiv>
            <Unicode>فا</Unicode>
          </TextEquiv>
        </Word>
        <Word id="w336">
          <Coords points="72,2280 144,2280 144,2350 72,2350"/>
          <TextEquiv>
            <Unicode>عله</Unicode>
          </TextEquiv>
        </Word>
        <TextEquiv>
          <Unicode> و تحته ا نا عبا ر ه عن ا لمتكلم مبنى على ا لفتح مر فو ع ملا فا عله</Unicode>
        </TextEquiv>
      </TextLine>
      <TextLine id="l16">
        <Coords points="63,2409 1344,2409 1344,2530 63,2530"/>
        <Word id="w337">
          <Coords points="1300,2464 1343,2464 1343,2508 1300,2508"/>
          <TextEquiv>
            <Unicode>و</Unicode>
          </TextEquiv>
        </Word>
        <Word id="w338">
          <Coords points="1224,2455 1307,2455 1307,2512 1224,2512"/>
          <TextEquiv>
            <Unicode>هو</Unicode>
          </TextEquiv>
        </Word>
        <Word id="w339">
          <Coords points="1142,2452 1238,2452 1238,2489 1142,2489"/>
          <TextEquiv>
            <Unicode>معه</Unicode>
          </TextEquiv>
        </Word>
        <Word id="w340">
          <Coords points="1033,2429 1130,2429 1130,2503 1033,2503"/>
          <TextEquiv>
            <Unicode>جملة</Unicode>
          </TextEquiv>
        </Word>
        <Word id="w341">
          <Coords points="873,2418 1011,2418 1011,2522 873,2522"/>
          <TextEquiv>
            <Unicode>فعلية</Unicode>
          </TextEquiv>
        </Word>
        <Word id="w342">
          <Coords points="808,2430 861,2430 861,2513 808,2513"/>
          <TextEquiv>
            <Unicode>لا</Unicode>
          </TextEquiv>
        </Word>
        <Word id="w343">
          <Coords points="727,2433 804,2433 804,2521 727,2521"/>
          <TextEquiv>
            <Unicode>محل</Unicode>
          </TextEquiv>
        </Word>
        <Word id="w344">
          <Coords points="655,2427 729,2427 729,2497 655,2497"/>
          <TextEquiv>
            <Unicode>لها</Unicode>
          </TextEquiv>
        </Word>
        <Word id="w345">
          <Coords points="630,2438 643,2438 643,2500 630,2500"/>
          <TextEquiv>
            <Unicode>ا</Unicode>
          </TextEquiv>
        </Word>
        <Word id="w346">
          <Coords points="548,2437 617,2437 617,2529 548,2529"/>
          <TextEquiv>
            <Unicode>بتد</Unicode>
          </TextEquiv>
        </Word>
        <Word id="w347">
          <Coords points="455,2439 525,2439 525,2522 455,2522"/>
          <TextEquiv>
            <Unicode>ئية</Unicode>
          </TextEquiv>
        </Word>
        <Word id="w348">
          <Coords points="393,2463 440,2463 440,2507 393,2507"/>
          <TextEquiv>
            <Unicode>و</Unicode>
          </TextEquiv>
        </Word>
        <Word id="w349">
          <Coords points="384,2425 409,2425 409,2491 384,2491"/>
          <TextEquiv>
            <Unicode>ا</Unicode>
          </TextEquiv>
        </Word>
        <Word id="w350">
          <Coords points="295,2427 384,2427 384,2494 295,2494"/>
          <TextEquiv>
            <Unicode>لحلا</Unicode>
          </TextEquiv>
        </Word>
        <Word id="w351">
          <Coords points="241,2436 282,2436 282,2496 241,2496"/>
          <TextEquiv>
            <Unicode>لة</Unicode>
          </TextEquiv>
        </Word>
        <Word id="w352">
          <Coords points="92,2441 221,2441 221,2509 92,2509"/>
          <TextEquiv>
            <Unicode>منصو</Unicode>
          </TextEquiv>
        </Word>
        <Word id="w353">
          <Coords points="63,2409 109,2409 109,2503 63,2503"/>
          <TextEquiv>
            <Unicode>بة</Unicode>
          </TextEquiv>
        </Word>
        <TextEquiv>
          <Unicode> و هو معه جملة فعلية لا محل لها ا بتد ئية و ا لحلا لة منصو بة</Unicode>
        </TextEquiv>
      </TextLine>
      <TextLine id="l17">
        <Coords points="68,2560 1339,2560 1339,2690 68,2690"/>
        <Word id="w354">
          <Coords points="1223,2587 1338,2587 1338,2655 1223,2655"/>
          <TextEquiv>
            <Unicode>لفظا</Unicode>
          </TextEquiv>
        </Word>
        <Word id="w355">
          <Coords points="1070,2580 1215,2580 1215,2664 1070,2664"/>
          <TextEquiv>
            <Unicode>مو</Unicode>
          </TextEquiv>
        </Word>
        <Word id="w356">
          <Coords points="1044,2576 1077,2576 1077,2641 1044,2641"/>
          <TextEquiv>
            <Unicode>ل</Unicode>
          </TextEquiv>
        </Word>
        <Word id="w357">
          <Coords points="988,2597 1030,2597 1030,2661 988,2661"/>
          <TextEquiv>
            <Unicode>به</Unicode>
          </TextEquiv>
        </Word>
        <Word id="w358">
          <Coords points="927,2574 976,2574 976,2645 927,2645"/>
          <TextEquiv>
            <Unicode>لا</Unicode>
          </TextEquiv>
        </Word>
        <Word id="w359">
          <Coords points="844,2570 936,2570 936,2677 844,2677"/>
          <TextEquiv>
            <Unicode>طيع</Unicode>
          </TextEquiv>
        </Word>
        <Word id="w360">
          <Coords points="826,2577 838,2577 838,2636 826,2636"/>
          <TextEquiv>
            <Unicode>ا</Unicode>
          </TextEquiv>
        </Word>
        <Word id="w361">
          <Coords points="739,2577 811,2577 811,2656 739,2656"/>
          <TextEquiv>
            <Unicode>لنو</Unicode>
          </TextEquiv>
        </Word>
        <Word id="w362">
          <Coords points="644,2606 699,2606 699,2663 644,2663"/>
          <TextEquiv>
            <Unicode>مر</Unicode>
          </TextEquiv>
        </Word>
        <Word id="w363">
          <Coords points="601,2576 649,2576 649,2658 601,2658"/>
          <TextEquiv>
            <Unicode>فو</Unicode>
          </TextEquiv>
        </Word>
        <Word id="w364">
          <Coords points="571,2596 632,2596 632,2689 571,2689"/>
          <TextEquiv>
            <Unicode>ع</Unicode>
          </TextEquiv>
        </Word>
        <Word id="w365">
          <Coords points="437,2576 557,2576 557,2642 437,2642"/>
          <TextEquiv>
            <Unicode>لفظا</Unicode>
          </TextEquiv>
        </Word>
        <Word id="w366">
          <Coords points="316,2585 427,2585 427,2667 316,2667"/>
          <TextEquiv>
            <Unicode>مب</Unicode>
          </TextEquiv>
        </Word>
        <Word id="w367">
          <Coords points="303,2560 324,2560 324,2625 303,2625"/>
          <TextEquiv>
            <Unicode>ا</Unicode>
          </TextEquiv>
        </Word>
        <Word id="w368">
          <Coords points="280,2610 301,2610 301,2632 280,2632"/>
          <TextEquiv>
            <Unicode>ء</Unicode>
          </TextEquiv>
        </Word>
        <Word id="w369">
          <Coords points="249,2570 263,2570 263,2634 249,2634"/>
          <TextEquiv>
            <Unicode>ا</Unicode>
          </TextEquiv>
        </Word>
        <Word id="w370">
          <Coords points="188,2560 243,2560 243,2635 188,2635"/>
          <TextEquiv>
            <Unicode>لخا</Unicode>
          </TextEquiv>
        </Word>
        <Word id="w371">
          <Coords points="68,2599 176,2599 176,2665 68,2665"/>
          <TextEquiv>
            <Unicode>مس</Unicode>
          </TextEquiv>
        </Word>
        <TextEquiv>
          <Unicode> لفظا مو ل به لا طيع ا لنو مر فو ع لفظا مب ا ء ا لخا مس</Unicode>
        </TextEquiv>
      </TextLine>
      <TextLine id="l18">
        <Coords points="79,2705 1310,2705 1310,2859 79,2859"/>
        <Word id="w372">
          <Coords points="1245,2721 1299,2721 1299,2805 1245,2805"/>
          <TextEquiv>
            <Unicode>فو</Unicode>
          </TextEquiv>
        </Word>
        <Word id="w373">
          <Coords points="1226,2749 1309,2749 1309,2858 1226,2858"/>
          <TextEquiv>
            <Unicode>ع</Unicode>
          </TextEquiv>
        </Word>
        <Word id="w374">
          <Coords points="1083,2723 1201,2723 1201,2792 1083,2792"/>
          <TextEquiv>
            <Unicode>لفظا</Unicode>
          </TextEquiv>
        </Word>
        <Word id="w375">
          <Coords points="951,2726 1071,2726 1071,2788 951,2788"/>
          <TextEquiv>
            <Unicode>صفة</Unicode>
          </TextEquiv>
        </Word>
        <Word id="w376">
          <Coords points="918,2718 932,2718 932,2777 918,2777"/>
          <TextEquiv>
            <Unicode>ا</Unicode>
          </TextEquiv>
        </Word>
        <Word id="w377">
          <Coords points="833,2720 907,2720 907,2802 833,2802"/>
          <TextEquiv>
            <Unicode>لنو</Unicode>
          </TextEquiv>
        </Word>
        <Word id="w378">
          <Coords points="806,2742 874,2742 874,2835 806,2835"/>
          <TextEquiv>
            <Unicode>ع</Unicode>
          </TextEquiv>
        </Word>
        <Word id="w379">
          <Coords points="724,2705 800,2705 800,2793 724,2793"/>
          <TextEquiv>
            <Unicode>كلما</Unicode>
          </TextEquiv>
        </Word>
        <Word id="w380">
          <Coords points="655,2733 708,2733 708,2778 655,2778"/>
          <TextEquiv>
            <Unicode>ت</Unicode>
          </TextEquiv>
        </Word>
        <Word id="w381">
          <Coords points="585,2739 645,2739 645,2795 585,2795"/>
          <TextEquiv>
            <Unicode>مر</Unicode>
          </TextEquiv>
        </Word>
        <Word id="w382">
          <Coords points="542,2716 592,2716 592,2794 542,2794"/>
          <TextEquiv>
            <Unicode>فو</Unicode>
          </TextEquiv>
        </Word>
        <Word id="w383">
          <Coords points="483,2734 543,2734 543,2776 483,2776"/>
          <TextEquiv>
            <Unicode>عه</Unicode>
          </TextEquiv>
        </Word>
        <Word id="w384">
          <Coords points="353,2714 468,2714 468,2783 353,2783"/>
          <TextEquiv>
            <Unicode>لفظا</Unicode>
          </TextEquiv>
        </Word>
        <Word id="w385">
          <Coords points="260,2756 350,2756 350,2813 260,2813"/>
          <TextEquiv>
            <Unicode>حبر</Unicode>
          </TextEquiv>
        </Word>
        <Word id="w386">
          <Coords points="236,2755 253,2755 253,2777 236,2777"/>
          <TextEquiv>
            <Unicode>ه</Unicode>
          </TextEquiv>
        </Word>
        <Word id="w387">
          <Coords points="181,2754 219,2754 219,2799 181,2799"/>
          <TextEquiv>
            <Unicode>و</Unicode>
          </TextEquiv>
        </Word>
        <Word id="w388">
          <Coords points="101,2748 177,2748 177,2803 101,2803"/>
          <TextEquiv>
            <Unicode>هو</Unicode>
          </TextEquiv>
        </Word>
        <Word id="w389">
          <Coords points="79,2707 165,2707 165,2746 79,2746"/>
          <TextEquiv>
            <Unicode>معه</Unicode>
          </TextEquiv>
        </Word>
        <TextEquiv>
          <Unicode> فو ع لفظا صفة ا لنو ع كلما ت مر فو عه لفظا حبر ه و هو معه</Unicode>
        </TextEquiv>
      </TextLine>
    </TextRegion>
  </Page>
</PcGts>
