<?xml version='1.0' encoding='utf-8'?>
<PcGts xmlns:xsi="http://www.w3.org/2001/XMLSchema-instance" xmlns="http://schema.primaresearch.org/PAGE/gts/pagecontent/2019-07-15" xsi:schemaLocation="http://schema.primaresearch.org/PAGE/gts/pagecontent/2019-07-15 http://schema.primaresearch.org/PAGE/gts/pagecontent/2019-07-15/pagecontent.xsd" pcGtsId="pc-aletheiaexamplepage">
  <Metadata>
    <Creator>PRImA Research Lab</Creator>
    <Created>2015-07-17T15:27:13</Created>
    <LastChange>2017-07-14T10:03:33</LastChange>
    <Comments>Example Page</Comments>
  </Metadata>
  <Page imageFilename="3157556/0015-1.png" imageWidth="1202" imageHeight="2118">
    <TextRegion id="r0" type="paragraph">
      <Coords points="1,1 1200,1 1200,2116 1,2116"/>
      <TextLine id="l0">
        <Coords points="249,422 990,422 990,525 249,525"/>
        <Word id="w0">
          <Coords points="948,458 989,458 989,524 948,524"/>
          <TextEquiv>
            <Unicode>خر</Unicode>
          </TextEquiv>
        </Word>
        <Word id="w1">
          <Coords points="942,451 953,451 953,493 942,493"/>
          <TextEquiv>
            <Unicode>ا</Unicode>
          </TextEquiv>
        </Word>
        <Word id="w2">
          <Coords points="900,450 940,450 940,512 900,512"/>
          <TextEquiv>
            <Unicode>بها</Unicode>
          </TextEquiv>
        </Word>
        <Word id="w3">
          <Coords points="879,450 889,450 889,491 879,491"/>
          <TextEquiv>
            <Unicode>ا</Unicode>
          </TextEquiv>
        </Word>
        <Word id="w4">
          <Coords points="850,478 873,478 873,506 850,506"/>
          <TextEquiv>
            <Unicode>و</Unicode>
          </TextEquiv>
        </Word>
        <Word id="w5">
          <Coords points="771,450 849,450 849,494 771,494"/>
          <TextEquiv>
            <Unicode>لئك</Unicode>
          </TextEquiv>
        </Word>
        <Word id="w6">
          <Coords points="737,445 762,445 762,485 737,485"/>
          <TextEquiv>
            <Unicode>ما</Unicode>
          </TextEquiv>
        </Word>
        <Word id="w7">
          <Coords points="701,422 749,422 749,488 701,488"/>
          <TextEquiv>
            <Unicode>كا</Unicode>
          </TextEquiv>
        </Word>
        <Word id="w8">
          <Coords points="659,462 687,462 687,490 659,490"/>
          <TextEquiv>
            <Unicode>ن</Unicode>
          </TextEquiv>
        </Word>
        <Word id="w9">
          <Coords points="591,434 654,434 654,519 591,519"/>
          <TextEquiv>
            <Unicode>لهم</Unicode>
          </TextEquiv>
        </Word>
        <Word id="w10">
          <Coords points="579,427 591,427 591,469 579,469"/>
          <TextEquiv>
            <Unicode>ا</Unicode>
          </TextEquiv>
        </Word>
        <Word id="w11">
          <Coords points="553,453 580,453 580,486 553,486"/>
          <TextEquiv>
            <Unicode>ن</Unicode>
          </TextEquiv>
        </Word>
        <Word id="w12">
          <Coords points="507,451 540,451 540,497 507,497"/>
          <TextEquiv>
            <Unicode>يد</Unicode>
          </TextEquiv>
        </Word>
        <Word id="w13">
          <Coords points="446,425 510,425 510,490 446,490"/>
          <TextEquiv>
            <Unicode>خلو</Unicode>
          </TextEquiv>
        </Word>
        <Word id="w14">
          <Coords points="413,423 451,423 451,473 413,473"/>
          <TextEquiv>
            <Unicode>ها</Unicode>
          </TextEquiv>
        </Word>
        <Word id="w15">
          <Coords points="393,427 399,427 399,469 393,469"/>
          <TextEquiv>
            <Unicode>ا</Unicode>
          </TextEquiv>
        </Word>
        <Word id="w16">
          <Coords points="349,429 390,429 390,477 349,477"/>
          <TextEquiv>
            <Unicode>لا</Unicode>
          </TextEquiv>
        </Word>
        <Word id="w17">
          <Coords points="317,428 354,428 354,472 317,472"/>
          <TextEquiv>
            <Unicode>خا</Unicode>
          </TextEquiv>
        </Word>
        <Word id="w18">
          <Coords points="249,423 312,423 312,498 249,498"/>
          <TextEquiv>
            <Unicode>ئفين</Unicode>
          </TextEquiv>
        </Word>
        <TextEquiv>
          <Unicode> خر ا بها ا و لئك ما كا ن لهم ا ن يد خلو ها ا لا خا ئفين</Unicode>
        </TextEquiv>
      </TextLine>
      <TextLine id="l1">
        <Coords points="267,540 986,540 986,669 267,669"/>
        <Word id="w19">
          <Coords points="927,577 985,577 985,668 927,668"/>
          <TextEquiv>
            <Unicode>لهم</Unicode>
          </TextEquiv>
        </Word>
        <Word id="w20">
          <Coords points="900,554 956,554 956,632 900,632"/>
          <TextEquiv>
            <Unicode>في</Unicode>
          </TextEquiv>
        </Word>
        <Word id="w21">
          <Coords points="881,573 890,573 890,625 881,625"/>
          <TextEquiv>
            <Unicode>ا</Unicode>
          </TextEquiv>
        </Word>
        <Word id="w22">
          <Coords points="845,575 875,575 875,619 845,619"/>
          <TextEquiv>
            <Unicode>لد</Unicode>
          </TextEquiv>
        </Word>
        <Word id="w23">
          <Coords points="810,567 843,567 843,630 810,630"/>
          <TextEquiv>
            <Unicode>نيا</Unicode>
          </TextEquiv>
        </Word>
        <Word id="w24">
          <Coords points="756,559 803,559 803,633 756,633"/>
          <TextEquiv>
            <Unicode>خز</Unicode>
          </TextEquiv>
        </Word>
        <Word id="w25">
          <Coords points="722,584 760,584 760,633 722,633"/>
          <TextEquiv>
            <Unicode>ي</Unicode>
          </TextEquiv>
        </Word>
        <Word id="w26">
          <Coords points="697,585 725,585 725,621 697,621"/>
          <TextEquiv>
            <Unicode>و</Unicode>
          </TextEquiv>
        </Word>
        <Word id="w27">
          <Coords points="655,558 705,558 705,621 655,621"/>
          <TextEquiv>
            <Unicode>لهم</Unicode>
          </TextEquiv>
        </Word>
        <Word id="w28">
          <Coords points="607,561 669,561 669,625 607,625"/>
          <TextEquiv>
            <Unicode>في</Unicode>
          </TextEquiv>
        </Word>
        <Word id="w29">
          <Coords points="589,563 598,563 598,604 589,604"/>
          <TextEquiv>
            <Unicode>ا</Unicode>
          </TextEquiv>
        </Word>
        <Word id="w30">
          <Coords points="547,561 585,561 585,609 547,609"/>
          <TextEquiv>
            <Unicode>لا</Unicode>
          </TextEquiv>
        </Word>
        <Word id="w31">
          <Coords points="491,555 549,555 549,623 491,623"/>
          <TextEquiv>
            <Unicode>خر</Unicode>
          </TextEquiv>
        </Word>
        <Word id="w32">
          <Coords points="489,557 509,557 509,599 489,599"/>
          <TextEquiv>
            <Unicode>ة</Unicode>
          </TextEquiv>
        </Word>
        <Word id="w33">
          <Coords points="431,543 482,543 482,604 431,604"/>
          <TextEquiv>
            <Unicode>عذ</Unicode>
          </TextEquiv>
        </Word>
        <Word id="w34">
          <Coords points="425,543 434,543 434,587 425,587"/>
          <TextEquiv>
            <Unicode>ا</Unicode>
          </TextEquiv>
        </Word>
        <Word id="w35">
          <Coords points="371,580 414,580 414,607 371,607"/>
          <TextEquiv>
            <Unicode>ب</Unicode>
          </TextEquiv>
        </Word>
        <Word id="w36">
          <Coords points="267,540 380,540 380,635 267,635"/>
          <TextEquiv>
            <Unicode>عظيم</Unicode>
          </TextEquiv>
        </Word>
        <TextEquiv>
          <Unicode> لهم في ا لد نيا خز ي و لهم في ا لا خر ة عذ ا ب عظيم</Unicode>
        </TextEquiv>
      </TextLine>
      <TextLine id="l2">
        <Coords points="279,647 290,647 290,688 279,688"/>
        <Word id="w37">
          <Coords points="279,647 289,647 289,687 279,687"/>
          <TextEquiv>
            <Unicode>ا</Unicode>
          </TextEquiv>
        </Word>
        <TextEquiv>
          <Unicode> ا</Unicode>
        </TextEquiv>
      </TextLine>
      <TextLine id="l3">
        <Coords points="242,659 983,659 983,765 242,765"/>
        <Word id="w38">
          <Coords points="961,717 982,717 982,742 961,742"/>
          <TextEquiv>
            <Unicode>و</Unicode>
          </TextEquiv>
        </Word>
        <Word id="w39">
          <Coords points="932,711 960,711 960,732 932,732"/>
          <TextEquiv>
            <Unicode>لله</Unicode>
          </TextEquiv>
        </Word>
        <Word id="w40">
          <Coords points="919,686 926,686 926,731 919,731"/>
          <TextEquiv>
            <Unicode>ا</Unicode>
          </TextEquiv>
        </Word>
        <Word id="w41">
          <Coords points="853,690 913,690 913,749 853,749"/>
          <TextEquiv>
            <Unicode>لمشر</Unicode>
          </TextEquiv>
        </Word>
        <Word id="w42">
          <Coords points="809,703 828,703 828,729 809,729"/>
          <TextEquiv>
            <Unicode>و</Unicode>
          </TextEquiv>
        </Word>
        <Word id="w43">
          <Coords points="799,683 808,683 808,724 799,724"/>
          <TextEquiv>
            <Unicode>ا</Unicode>
          </TextEquiv>
        </Word>
        <Word id="w44">
          <Coords points="756,687 858,687 858,755 756,755"/>
          <TextEquiv>
            <Unicode>ق</Unicode>
          </TextEquiv>
        </Word>
        <Word id="w45">
          <Coords points="734,686 797,686 797,747 734,747"/>
          <TextEquiv>
            <Unicode>لمغر</Unicode>
          </TextEquiv>
        </Word>
        <Word id="w46">
          <Coords points="702,709 745,709 745,746 702,746"/>
          <TextEquiv>
            <Unicode>ب</Unicode>
          </TextEquiv>
        </Word>
        <Word id="w47">
          <Coords points="666,684 693,684 693,729 666,729"/>
          <TextEquiv>
            <Unicode>فا</Unicode>
          </TextEquiv>
        </Word>
        <Word id="w48">
          <Coords points="614,685 657,685 657,731 614,731"/>
          <TextEquiv>
            <Unicode>ينما</Unicode>
          </TextEquiv>
        </Word>
        <Word id="w49">
          <Coords points="567,689 607,689 607,737 567,737"/>
          <TextEquiv>
            <Unicode>تو</Unicode>
          </TextEquiv>
        </Word>
        <Word id="w50">
          <Coords points="537,682 567,682 567,734 537,734"/>
          <TextEquiv>
            <Unicode>لو</Unicode>
          </TextEquiv>
        </Word>
        <Word id="w51">
          <Coords points="531,676 537,676 537,720 531,720"/>
          <TextEquiv>
            <Unicode>ا</Unicode>
          </TextEquiv>
        </Word>
        <Word id="w52">
          <Coords points="485,682 524,682 524,764 485,764"/>
          <TextEquiv>
            <Unicode>فثم</Unicode>
          </TextEquiv>
        </Word>
        <Word id="w53">
          <Coords points="450,696 480,696 480,721 450,721"/>
          <TextEquiv>
            <Unicode>و</Unicode>
          </TextEquiv>
        </Word>
        <Word id="w54">
          <Coords points="367,685 460,685 460,734 367,734"/>
          <TextEquiv>
            <Unicode>جه</Unicode>
          </TextEquiv>
        </Word>
        <Word id="w55">
          <Coords points="356,667 361,667 361,715 356,715"/>
          <TextEquiv>
            <Unicode>ا</Unicode>
          </TextEquiv>
        </Word>
        <Word id="w56">
          <Coords points="319,697 348,697 348,718 319,718"/>
          <TextEquiv>
            <Unicode>لله</Unicode>
          </TextEquiv>
        </Word>
        <Word id="w57">
          <Coords points="307,659 315,659 315,708 307,708"/>
          <TextEquiv>
            <Unicode>ا</Unicode>
          </TextEquiv>
        </Word>
        <Word id="w58">
          <Coords points="271,671 301,671 301,713 271,713"/>
          <TextEquiv>
            <Unicode>ن</Unicode>
          </TextEquiv>
        </Word>
        <Word id="w59">
          <Coords points="242,668 279,668 279,697 242,697"/>
          <TextEquiv>
            <Unicode>لله</Unicode>
          </TextEquiv>
        </Word>
        <TextEquiv>
          <Unicode> و لله ا لمشر و ا ق لمغر ب فا ينما تو لو ا فثم و جه ا لله ا ن لله</Unicode>
        </TextEquiv>
      </TextLine>
      <TextLine id="l4">
        <Coords points="243,769 979,769 979,894 243,894"/>
        <Word id="w60">
          <Coords points="957,837 978,837 978,862 957,862"/>
          <TextEquiv>
            <Unicode>و</Unicode>
          </TextEquiv>
        </Word>
        <Word id="w61">
          <Coords points="955,805 961,805 961,847 955,847"/>
          <TextEquiv>
            <Unicode>ا</Unicode>
          </TextEquiv>
        </Word>
        <Word id="w62">
          <Coords points="904,828 946,828 946,882 904,882"/>
          <TextEquiv>
            <Unicode>سع</Unicode>
          </TextEquiv>
        </Word>
        <Word id="w63">
          <Coords points="840,808 898,808 898,893 840,893"/>
          <TextEquiv>
            <Unicode>عليم</Unicode>
          </TextEquiv>
        </Word>
        <Word id="w64">
          <Coords points="784,828 805,828 805,855 784,855"/>
          <TextEquiv>
            <Unicode>و</Unicode>
          </TextEquiv>
        </Word>
        <Word id="w65">
          <Coords points="756,806 784,806 784,848 756,848"/>
          <TextEquiv>
            <Unicode>قا</Unicode>
          </TextEquiv>
        </Word>
        <Word id="w66">
          <Coords points="721,807 744,807 744,858 721,858"/>
          <TextEquiv>
            <Unicode>لو</Unicode>
          </TextEquiv>
        </Word>
        <Word id="w67">
          <Coords points="711,800 721,800 721,845 711,845"/>
          <TextEquiv>
            <Unicode>ا</Unicode>
          </TextEquiv>
        </Word>
        <Word id="w68">
          <Coords points="688,795 701,795 701,849 688,849"/>
          <TextEquiv>
            <Unicode>ا</Unicode>
          </TextEquiv>
        </Word>
        <Word id="w69">
          <Coords points="590,792 701,792 701,851 590,851"/>
          <TextEquiv>
            <Unicode>تخذ</Unicode>
          </TextEquiv>
        </Word>
        <Word id="w70">
          <Coords points="579,790 591,790 591,836 579,836"/>
          <TextEquiv>
            <Unicode>ا</Unicode>
          </TextEquiv>
        </Word>
        <Word id="w71">
          <Coords points="551,822 577,822 577,840 551,840"/>
          <TextEquiv>
            <Unicode>لله</Unicode>
          </TextEquiv>
        </Word>
        <Word id="w72">
          <Coords points="511,823 536,823 536,850 511,850"/>
          <TextEquiv>
            <Unicode>و</Unicode>
          </TextEquiv>
        </Word>
        <Word id="w73">
          <Coords points="478,787 511,787 511,843 478,843"/>
          <TextEquiv>
            <Unicode>لد</Unicode>
          </TextEquiv>
        </Word>
        <Word id="w74">
          <Coords points="467,784 477,784 477,835 467,835"/>
          <TextEquiv>
            <Unicode>ا</Unicode>
          </TextEquiv>
        </Word>
        <Word id="w75">
          <Coords points="393,789 461,789 461,844 393,844"/>
          <TextEquiv>
            <Unicode>سبحا</Unicode>
          </TextEquiv>
        </Word>
        <Word id="w76">
          <Coords points="354,794 381,794 381,847 354,847"/>
          <TextEquiv>
            <Unicode>نه</Unicode>
          </TextEquiv>
        </Word>
        <Word id="w77">
          <Coords points="304,776 348,776 348,844 304,844"/>
          <TextEquiv>
            <Unicode>بل</Unicode>
          </TextEquiv>
        </Word>
        <Word id="w78">
          <Coords points="286,771 309,771 309,821 286,821"/>
          <TextEquiv>
            <Unicode>له</Unicode>
          </TextEquiv>
        </Word>
        <Word id="w79">
          <Coords points="243,769 274,769 274,821 243,821"/>
          <TextEquiv>
            <Unicode>ما</Unicode>
          </TextEquiv>
        </Word>
        <TextEquiv>
          <Unicode> و ا سع عليم و قا لو ا ا تخذ ا لله و لد ا سبحا نه بل له ما</Unicode>
        </TextEquiv>
      </TextLine>
      <TextLine id="l5">
        <Coords points="237,1253 967,1253 967,1354 237,1354"/>
        <Word id="w80">
          <Coords points="945,1280 966,1280 966,1329 945,1329"/>
          <TextEquiv>
            <Unicode>قا</Unicode>
          </TextEquiv>
        </Word>
        <Word id="w81">
          <Coords points="902,1276 937,1276 937,1342 902,1342"/>
          <TextEquiv>
            <Unicode>نتو</Unicode>
          </TextEquiv>
        </Word>
        <Word id="w82">
          <Coords points="871,1289 899,1289 899,1326 871,1326"/>
          <TextEquiv>
            <Unicode>ن</Unicode>
          </TextEquiv>
        </Word>
        <Word id="w83">
          <Coords points="810,1288 841,1288 841,1333 810,1333"/>
          <TextEquiv>
            <Unicode>بد</Unicode>
          </TextEquiv>
        </Word>
        <Word id="w84">
          <Coords points="778,1290 811,1290 811,1353 778,1353"/>
          <TextEquiv>
            <Unicode>يع</Unicode>
          </TextEquiv>
        </Word>
        <Word id="w85">
          <Coords points="763,1269 778,1269 778,1309 763,1309"/>
          <TextEquiv>
            <Unicode>ا</Unicode>
          </TextEquiv>
        </Word>
        <Word id="w86">
          <Coords points="694,1270 756,1270 756,1339 694,1339"/>
          <TextEquiv>
            <Unicode>لسمو</Unicode>
          </TextEquiv>
        </Word>
        <Word id="w87">
          <Coords points="691,1265 702,1265 702,1313 691,1313"/>
          <TextEquiv>
            <Unicode>ا</Unicode>
          </TextEquiv>
        </Word>
        <Word id="w88">
          <Coords points="649,1280 688,1280 688,1322 649,1322"/>
          <TextEquiv>
            <Unicode>ت</Unicode>
          </TextEquiv>
        </Word>
        <Word id="w89">
          <Coords points="616,1301 640,1301 640,1329 616,1329"/>
          <TextEquiv>
            <Unicode>و</Unicode>
          </TextEquiv>
        </Word>
        <Word id="w90">
          <Coords points="612,1271 623,1271 623,1313 612,1313"/>
          <TextEquiv>
            <Unicode>ا</Unicode>
          </TextEquiv>
        </Word>
        <Word id="w91">
          <Coords points="573,1282 615,1282 615,1323 573,1323"/>
          <TextEquiv>
            <Unicode>لا</Unicode>
          </TextEquiv>
        </Word>
        <Word id="w92">
          <Coords points="556,1310 575,1310 575,1330 556,1330"/>
          <TextEquiv>
            <Unicode>ر</Unicode>
          </TextEquiv>
        </Word>
        <Word id="w93">
          <Coords points="511,1276 561,1276 561,1337 511,1337"/>
          <TextEquiv>
            <Unicode>ض</Unicode>
          </TextEquiv>
        </Word>
        <Word id="w94">
          <Coords points="495,1293 517,1293 517,1321 495,1321"/>
          <TextEquiv>
            <Unicode>و</Unicode>
          </TextEquiv>
        </Word>
        <Word id="w95">
          <Coords points="491,1268 497,1268 497,1307 491,1307"/>
          <TextEquiv>
            <Unicode>ا</Unicode>
          </TextEquiv>
        </Word>
        <Word id="w96">
          <Coords points="464,1271 481,1271 481,1319 464,1319"/>
          <TextEquiv>
            <Unicode>ذ</Unicode>
          </TextEquiv>
        </Word>
        <Word id="w97">
          <Coords points="447,1265 460,1265 460,1305 447,1305"/>
          <TextEquiv>
            <Unicode>ا</Unicode>
          </TextEquiv>
        </Word>
        <Word id="w98">
          <Coords points="375,1254 390,1254 390,1300 375,1300"/>
          <TextEquiv>
            <Unicode>ا</Unicode>
          </TextEquiv>
        </Word>
        <Word id="w99">
          <Coords points="370,1257 441,1257 441,1340 370,1340"/>
          <TextEquiv>
            <Unicode>فضى</Unicode>
          </TextEquiv>
        </Word>
        <Word id="w100">
          <Coords points="332,1291 371,1291 371,1326 332,1326"/>
          <TextEquiv>
            <Unicode>مر</Unicode>
          </TextEquiv>
        </Word>
        <Word id="w101">
          <Coords points="327,1253 331,1253 331,1303 327,1303"/>
          <TextEquiv>
            <Unicode>ا</Unicode>
          </TextEquiv>
        </Word>
        <Word id="w102">
          <Coords points="289,1257 312,1257 312,1310 289,1310"/>
          <TextEquiv>
            <Unicode>فا</Unicode>
          </TextEquiv>
        </Word>
        <Word id="w103">
          <Coords points="237,1262 273,1262 273,1307 237,1307"/>
          <TextEquiv>
            <Unicode>نما</Unicode>
          </TextEquiv>
        </Word>
        <TextEquiv>
          <Unicode> قا نتو ن بد يع ا لسمو ا ت و ا لا ر ض و ا ذ ا ا فضى مر ا فا نما</Unicode>
        </TextEquiv>
      </TextLine>
      <TextLine id="l6">
        <Coords points="221,1346 960,1346 960,1460 221,1460"/>
        <Word id="w104">
          <Coords points="914,1403 959,1403 959,1459 914,1459"/>
          <TextEquiv>
            <Unicode>يقو</Unicode>
          </TextEquiv>
        </Word>
        <Word id="w105">
          <Coords points="878,1390 913,1390 913,1445 878,1445"/>
          <TextEquiv>
            <Unicode>ل</Unicode>
          </TextEquiv>
        </Word>
        <Word id="w106">
          <Coords points="865,1390 887,1390 887,1433 865,1433"/>
          <TextEquiv>
            <Unicode>له</Unicode>
          </TextEquiv>
        </Word>
        <Word id="w107">
          <Coords points="811,1365 860,1365 860,1449 811,1449"/>
          <TextEquiv>
            <Unicode>كن</Unicode>
          </TextEquiv>
        </Word>
        <Word id="w108">
          <Coords points="746,1372 812,1372 812,1447 746,1447"/>
          <TextEquiv>
            <Unicode>فيكو</Unicode>
          </TextEquiv>
        </Word>
        <Word id="w109">
          <Coords points="710,1400 741,1400 741,1439 710,1439"/>
          <TextEquiv>
            <Unicode>ن</Unicode>
          </TextEquiv>
        </Word>
        <Word id="w110">
          <Coords points="648,1414 671,1414 671,1441 648,1441"/>
          <TextEquiv>
            <Unicode>و</Unicode>
          </TextEquiv>
        </Word>
        <Word id="w111">
          <Coords points="629,1379 648,1379 648,1432 629,1432"/>
          <TextEquiv>
            <Unicode>قا</Unicode>
          </TextEquiv>
        </Word>
        <Word id="w112">
          <Coords points="590,1382 620,1382 620,1440 590,1440"/>
          <TextEquiv>
            <Unicode>ل</Unicode>
          </TextEquiv>
        </Word>
        <Word id="w113">
          <Coords points="587,1372 597,1372 597,1413 587,1413"/>
          <TextEquiv>
            <Unicode>ا</Unicode>
          </TextEquiv>
        </Word>
        <Word id="w114">
          <Coords points="543,1378 575,1378 575,1429 543,1429"/>
          <TextEquiv>
            <Unicode>لذ</Unicode>
          </TextEquiv>
        </Word>
        <Word id="w115">
          <Coords points="504,1407 552,1407 552,1456 504,1456"/>
          <TextEquiv>
            <Unicode>ين</Unicode>
          </TextEquiv>
        </Word>
        <Word id="w116">
          <Coords points="487,1379 523,1379 523,1425 487,1425"/>
          <TextEquiv>
            <Unicode>لا</Unicode>
          </TextEquiv>
        </Word>
        <Word id="w117">
          <Coords points="405,1389 481,1389 481,1453 405,1453"/>
          <TextEquiv>
            <Unicode>يعلمو</Unicode>
          </TextEquiv>
        </Word>
        <Word id="w118">
          <Coords points="381,1399 409,1399 409,1427 381,1427"/>
          <TextEquiv>
            <Unicode>ن</Unicode>
          </TextEquiv>
        </Word>
        <Word id="w119">
          <Coords points="334,1384 366,1384 366,1441 334,1441"/>
          <TextEquiv>
            <Unicode>لو</Unicode>
          </TextEquiv>
        </Word>
        <Word id="w120">
          <Coords points="305,1376 353,1376 353,1420 305,1420"/>
          <TextEquiv>
            <Unicode>لا</Unicode>
          </TextEquiv>
        </Word>
        <Word id="w121">
          <Coords points="221,1346 305,1346 305,1424 221,1424"/>
          <TextEquiv>
            <Unicode>يكلمنا</Unicode>
          </TextEquiv>
        </Word>
        <TextEquiv>
          <Unicode> يقو ل له كن فيكو ن و قا ل ا لذ ين لا يعلمو ن لو لا يكلمنا</Unicode>
        </TextEquiv>
      </TextLine>
      <TextLine id="l7">
        <Coords points="236,1481 962,1481 962,1588 236,1588"/>
        <Word id="w122">
          <Coords points="951,1525 961,1525 961,1568 951,1568"/>
          <TextEquiv>
            <Unicode>ا</Unicode>
          </TextEquiv>
        </Word>
        <Word id="w123">
          <Coords points="919,1547 947,1547 947,1566 919,1566"/>
          <TextEquiv>
            <Unicode>لله</Unicode>
          </TextEquiv>
        </Word>
        <Word id="w124">
          <Coords points="905,1525 917,1525 917,1568 905,1568"/>
          <TextEquiv>
            <Unicode>ا</Unicode>
          </TextEquiv>
        </Word>
        <Word id="w125">
          <Coords points="875,1553 898,1553 898,1578 875,1578"/>
          <TextEquiv>
            <Unicode>و</Unicode>
          </TextEquiv>
        </Word>
        <Word id="w126">
          <Coords points="858,1530 877,1530 877,1568 858,1568"/>
          <TextEquiv>
            <Unicode>تا</Unicode>
          </TextEquiv>
        </Word>
        <Word id="w127">
          <Coords points="801,1518 854,1518 854,1587 801,1587"/>
          <TextEquiv>
            <Unicode>تينا</Unicode>
          </TextEquiv>
        </Word>
        <Word id="w128">
          <Coords points="782,1524 790,1524 790,1564 782,1564"/>
          <TextEquiv>
            <Unicode>ا</Unicode>
          </TextEquiv>
        </Word>
        <Word id="w129">
          <Coords points="739,1529 780,1529 780,1585 739,1585"/>
          <TextEquiv>
            <Unicode>ية</Unicode>
          </TextEquiv>
        </Word>
        <Word id="w130">
          <Coords points="734,1514 755,1514 755,1546 734,1546"/>
          <TextEquiv>
            <Unicode>و</Unicode>
          </TextEquiv>
        </Word>
        <Word id="w131">
          <Coords points="690,1488 753,1488 753,1571 690,1571"/>
          <TextEquiv>
            <Unicode>كذ</Unicode>
          </TextEquiv>
        </Word>
        <Word id="w132">
          <Coords points="630,1511 685,1511 685,1560 630,1560"/>
          <TextEquiv>
            <Unicode>لك</Unicode>
          </TextEquiv>
        </Word>
        <Word id="w133">
          <Coords points="602,1483 633,1483 633,1559 602,1559"/>
          <TextEquiv>
            <Unicode>قا</Unicode>
          </TextEquiv>
        </Word>
        <Word id="w134">
          <Coords points="557,1504 590,1504 590,1562 557,1562"/>
          <TextEquiv>
            <Unicode>ل</Unicode>
          </TextEquiv>
        </Word>
        <Word id="w135">
          <Coords points="549,1499 563,1499 563,1541 549,1541"/>
          <TextEquiv>
            <Unicode>ا</Unicode>
          </TextEquiv>
        </Word>
        <Word id="w136">
          <Coords points="508,1502 541,1502 541,1553 508,1553"/>
          <TextEquiv>
            <Unicode>لذ</Unicode>
          </TextEquiv>
        </Word>
        <Word id="w137">
          <Coords points="463,1522 513,1522 513,1581 463,1581"/>
          <TextEquiv>
            <Unicode>ين</Unicode>
          </TextEquiv>
        </Word>
        <Word id="w138">
          <Coords points="419,1515 467,1515 467,1576 419,1576"/>
          <TextEquiv>
            <Unicode>من</Unicode>
          </TextEquiv>
        </Word>
        <Word id="w139">
          <Coords points="305,1495 428,1495 428,1565 305,1565"/>
          <TextEquiv>
            <Unicode>قبلهم</Unicode>
          </TextEquiv>
        </Word>
        <Word id="w140">
          <Coords points="236,1481 320,1481 320,1549 236,1549"/>
          <TextEquiv>
            <Unicode>مثل</Unicode>
          </TextEquiv>
        </Word>
        <TextEquiv>
          <Unicode> ا لله ا و تا تينا ا ية و كذ لك قا ل ا لذ ين من قبلهم مثل</Unicode>
        </TextEquiv>
      </TextLine>
      <TextLine id="l8">
        <Coords points="221,1603 963,1603 963,1718 221,1718"/>
        <Word id="w141">
          <Coords points="920,1639 962,1639 962,1699 920,1699"/>
          <TextEquiv>
            <Unicode>قو</Unicode>
          </TextEquiv>
        </Word>
        <Word id="w142">
          <Coords points="878,1633 926,1633 926,1708 878,1708"/>
          <TextEquiv>
            <Unicode>لهم</Unicode>
          </TextEquiv>
        </Word>
        <Word id="w143">
          <Coords points="834,1635 882,1635 882,1685 834,1685"/>
          <TextEquiv>
            <Unicode>تشا</Unicode>
          </TextEquiv>
        </Word>
        <Word id="w144">
          <Coords points="698,1635 751,1635 751,1694 698,1694"/>
          <TextEquiv>
            <Unicode>قلو</Unicode>
          </TextEquiv>
        </Word>
        <Word id="w145">
          <Coords points="652,1658 698,1658 698,1717 652,1717"/>
          <TextEquiv>
            <Unicode>بهم</Unicode>
          </TextEquiv>
        </Word>
        <Word id="w146">
          <Coords points="594,1637 636,1637 636,1685 594,1685"/>
          <TextEquiv>
            <Unicode>قد</Unicode>
          </TextEquiv>
        </Word>
        <Word id="w147">
          <Coords points="541,1630 592,1630 592,1699 541,1699"/>
          <TextEquiv>
            <Unicode>بينا</Unicode>
          </TextEquiv>
        </Word>
        <Word id="w148">
          <Coords points="519,1630 527,1630 527,1672 519,1672"/>
          <TextEquiv>
            <Unicode>ا</Unicode>
          </TextEquiv>
        </Word>
        <Word id="w149">
          <Coords points="465,1636 515,1636 515,1679 465,1679"/>
          <TextEquiv>
            <Unicode>لا</Unicode>
          </TextEquiv>
        </Word>
        <Word id="w150">
          <Coords points="452,1624 478,1624 478,1693 452,1693"/>
          <TextEquiv>
            <Unicode>يا</Unicode>
          </TextEquiv>
        </Word>
        <Word id="w151">
          <Coords points="396,1626 443,1626 443,1666 396,1666"/>
          <TextEquiv>
            <Unicode>ت</Unicode>
          </TextEquiv>
        </Word>
        <Word id="w152">
          <Coords points="359,1609 407,1609 407,1675 359,1675"/>
          <TextEquiv>
            <Unicode>لقو</Unicode>
          </TextEquiv>
        </Word>
        <Word id="w153">
          <Coords points="325,1647 361,1647 361,1678 325,1678"/>
          <TextEquiv>
            <Unicode>م</Unicode>
          </TextEquiv>
        </Word>
        <Word id="w154">
          <Coords points="290,1636 328,1636 328,1689 290,1689"/>
          <TextEquiv>
            <Unicode>يو</Unicode>
          </TextEquiv>
        </Word>
        <Word id="w155">
          <Coords points="245,1603 296,1603 296,1671 245,1671"/>
          <TextEquiv>
            <Unicode>قنو</Unicode>
          </TextEquiv>
        </Word>
        <Word id="w156">
          <Coords points="221,1621 249,1621 249,1648 221,1648"/>
          <TextEquiv>
            <Unicode>ن</Unicode>
          </TextEquiv>
        </Word>
        <TextEquiv>
          <Unicode> قو لهم تشا قلو بهم قد بينا ا لا يا ت لقو م يو قنو ن</Unicode>
        </TextEquiv>
      </TextLine>
    </TextRegion>
  </Page>
</PcGts>
