<?xml version='1.0' encoding='utf-8'?>
<PcGts xmlns:xsi="http://www.w3.org/2001/XMLSchema-instance" xmlns="http://schema.primaresearch.org/PAGE/gts/pagecontent/2019-07-15" xsi:schemaLocation="http://schema.primaresearch.org/PAGE/gts/pagecontent/2019-07-15 http://schema.primaresearch.org/PAGE/gts/pagecontent/2019-07-15/pagecontent.xsd" pcGtsId="pc-aletheiaexamplepage">
  <Metadata>
    <Creator>PRImA Research Lab</Creator>
    <Created>2015-07-17T15:27:13</Created>
    <LastChange>2017-07-14T10:03:33</LastChange>
    <Comments>Example Page</Comments>
  </Metadata>
  <Page imageFilename="3157556/0021-2.png" imageWidth="1289" imageHeight="1961">
    <TextRegion id="r0" type="paragraph">
      <Coords points="1,1 1287,1 1287,1959 1,1959"/>
      <TextLine id="l0">
        <Coords points="213,315 956,315 956,414 213,414"/>
        <Word id="w0">
          <Coords points="931,338 955,338 955,377 931,377"/>
          <TextEquiv>
            <Unicode>ير</Unicode>
          </TextEquiv>
        </Word>
        <Word id="w1">
          <Coords points="903,340 928,340 928,367 903,367"/>
          <TextEquiv>
            <Unicode>و</Unicode>
          </TextEquiv>
        </Word>
        <Word id="w2">
          <Coords points="877,335 903,335 903,361 877,361"/>
          <TextEquiv>
            <Unicode>ن</Unicode>
          </TextEquiv>
        </Word>
        <Word id="w3">
          <Coords points="855,315 870,315 870,353 855,353"/>
          <TextEquiv>
            <Unicode>ا</Unicode>
          </TextEquiv>
        </Word>
        <Word id="w4">
          <Coords points="777,321 856,321 856,373 777,373"/>
          <TextEquiv>
            <Unicode>لعذ</Unicode>
          </TextEquiv>
        </Word>
        <Word id="w5">
          <Coords points="770,324 783,324 783,366 770,366"/>
          <TextEquiv>
            <Unicode>ا</Unicode>
          </TextEquiv>
        </Word>
        <Word id="w6">
          <Coords points="726,353 765,353 765,389 726,389"/>
          <TextEquiv>
            <Unicode>ب</Unicode>
          </TextEquiv>
        </Word>
        <Word id="w7">
          <Coords points="708,330 719,330 719,371 708,371"/>
          <TextEquiv>
            <Unicode>ا</Unicode>
          </TextEquiv>
        </Word>
        <Word id="w8">
          <Coords points="678,354 705,354 705,382 678,382"/>
          <TextEquiv>
            <Unicode>ن</Unicode>
          </TextEquiv>
        </Word>
        <Word id="w9">
          <Coords points="662,328 672,328 672,373 662,373"/>
          <TextEquiv>
            <Unicode>ا</Unicode>
          </TextEquiv>
        </Word>
        <Word id="w10">
          <Coords points="597,338 619,338 619,385 597,385"/>
          <TextEquiv>
            <Unicode>ة</Unicode>
          </TextEquiv>
        </Word>
        <Word id="w11">
          <Coords points="595,333 656,333 656,402 595,402"/>
          <TextEquiv>
            <Unicode>لقو</Unicode>
          </TextEquiv>
        </Word>
        <Word id="w12">
          <Coords points="555,356 586,356 586,381 555,381"/>
          <TextEquiv>
            <Unicode>لله</Unicode>
          </TextEquiv>
        </Word>
        <Word id="w13">
          <Coords points="430,356 547,356 547,413 430,413"/>
          <TextEquiv>
            <Unicode>جميعا</Unicode>
          </TextEquiv>
        </Word>
        <Word id="w14">
          <Coords points="404,383 425,383 425,411 404,411"/>
          <TextEquiv>
            <Unicode>و</Unicode>
          </TextEquiv>
        </Word>
        <Word id="w15">
          <Coords points="392,357 403,357 403,395 392,395"/>
          <TextEquiv>
            <Unicode>ا</Unicode>
          </TextEquiv>
        </Word>
        <Word id="w16">
          <Coords points="365,382 390,382 390,409 365,409"/>
          <TextEquiv>
            <Unicode>ن</Unicode>
          </TextEquiv>
        </Word>
        <Word id="w17">
          <Coords points="345,349 363,349 363,401 345,401"/>
          <TextEquiv>
            <Unicode>ا</Unicode>
          </TextEquiv>
        </Word>
        <Word id="w18">
          <Coords points="321,381 348,381 348,405 321,405"/>
          <TextEquiv>
            <Unicode>لله</Unicode>
          </TextEquiv>
        </Word>
        <Word id="w19">
          <Coords points="244,356 313,356 313,406 244,406"/>
          <TextEquiv>
            <Unicode>شد</Unicode>
          </TextEquiv>
        </Word>
        <Word id="w20">
          <Coords points="213,364 248,364 248,409 213,409"/>
          <TextEquiv>
            <Unicode>يد</Unicode>
          </TextEquiv>
        </Word>
        <TextEquiv>
          <Unicode> ير و ن ا لعذ ا ب ا ن ا ة لقو لله جميعا و ا ن ا لله شد يد</Unicode>
        </TextEquiv>
      </TextLine>
      <TextLine id="l1">
        <Coords points="217,429 969,429 969,538 217,538"/>
        <Word id="w21">
          <Coords points="957,430 968,430 968,473 957,473"/>
          <TextEquiv>
            <Unicode>ا</Unicode>
          </TextEquiv>
        </Word>
        <Word id="w22">
          <Coords points="880,432 950,432 950,484 880,484"/>
          <TextEquiv>
            <Unicode>لعذ</Unicode>
          </TextEquiv>
        </Word>
        <Word id="w23">
          <Coords points="874,429 890,429 890,475 874,475"/>
          <TextEquiv>
            <Unicode>ا</Unicode>
          </TextEquiv>
        </Word>
        <Word id="w24">
          <Coords points="842,459 881,459 881,486 842,486"/>
          <TextEquiv>
            <Unicode>ب</Unicode>
          </TextEquiv>
        </Word>
        <Word id="w25">
          <Coords points="794,439 813,439 813,481 794,481"/>
          <TextEquiv>
            <Unicode>ا</Unicode>
          </TextEquiv>
        </Word>
        <Word id="w26">
          <Coords points="777,444 796,444 796,486 777,486"/>
          <TextEquiv>
            <Unicode>ذ</Unicode>
          </TextEquiv>
        </Word>
        <Word id="w27">
          <Coords points="726,434 769,434 769,500 726,500"/>
          <TextEquiv>
            <Unicode>تبر</Unicode>
          </TextEquiv>
        </Word>
        <Word id="w28">
          <Coords points="715,437 727,437 727,483 715,483"/>
          <TextEquiv>
            <Unicode>ا</Unicode>
          </TextEquiv>
        </Word>
        <Word id="w29">
          <Coords points="699,442 713,442 713,482 699,482"/>
          <TextEquiv>
            <Unicode>ا</Unicode>
          </TextEquiv>
        </Word>
        <Word id="w30">
          <Coords points="666,445 698,445 698,494 666,494"/>
          <TextEquiv>
            <Unicode>لذ</Unicode>
          </TextEquiv>
        </Word>
        <Word id="w31">
          <Coords points="619,480 666,480 666,520 619,520"/>
          <TextEquiv>
            <Unicode>ين</Unicode>
          </TextEquiv>
        </Word>
        <Word id="w32">
          <Coords points="604,451 613,451 613,489 604,489"/>
          <TextEquiv>
            <Unicode>ا</Unicode>
          </TextEquiv>
        </Word>
        <Word id="w33">
          <Coords points="531,459 599,459 599,518 531,518"/>
          <TextEquiv>
            <Unicode>تبعو</Unicode>
          </TextEquiv>
        </Word>
        <Word id="w34">
          <Coords points="515,451 534,451 534,501 515,501"/>
          <TextEquiv>
            <Unicode>ا</Unicode>
          </TextEquiv>
        </Word>
        <Word id="w35">
          <Coords points="472,483 517,483 517,525 472,525"/>
          <TextEquiv>
            <Unicode>من</Unicode>
          </TextEquiv>
        </Word>
        <Word id="w36">
          <Coords points="465,459 477,459 477,498 465,498"/>
          <TextEquiv>
            <Unicode>ا</Unicode>
          </TextEquiv>
        </Word>
        <Word id="w37">
          <Coords points="416,465 459,465 459,513 416,513"/>
          <TextEquiv>
            <Unicode>لذ</Unicode>
          </TextEquiv>
        </Word>
        <Word id="w38">
          <Coords points="384,500 431,500 431,537 384,537"/>
          <TextEquiv>
            <Unicode>ين</Unicode>
          </TextEquiv>
        </Word>
        <Word id="w39">
          <Coords points="373,457 383,457 383,505 373,505"/>
          <TextEquiv>
            <Unicode>ا</Unicode>
          </TextEquiv>
        </Word>
        <Word id="w40">
          <Coords points="300,475 367,475 367,533 300,533"/>
          <TextEquiv>
            <Unicode>تبعو</Unicode>
          </TextEquiv>
        </Word>
        <Word id="w41">
          <Coords points="293,473 303,473 303,517 293,517"/>
          <TextEquiv>
            <Unicode>ا</Unicode>
          </TextEquiv>
        </Word>
        <Word id="w42">
          <Coords points="260,505 283,505 283,531 260,531"/>
          <TextEquiv>
            <Unicode>و</Unicode>
          </TextEquiv>
        </Word>
        <Word id="w43">
          <Coords points="243,502 262,502 262,525 243,525"/>
          <TextEquiv>
            <Unicode>ر</Unicode>
          </TextEquiv>
        </Word>
        <Word id="w44">
          <Coords points="235,461 249,461 249,508 235,508"/>
          <TextEquiv>
            <Unicode>ا</Unicode>
          </TextEquiv>
        </Word>
        <Word id="w45">
          <Coords points="218,496 237,496 237,522 218,522"/>
          <TextEquiv>
            <Unicode>و</Unicode>
          </TextEquiv>
        </Word>
        <Word id="w46">
          <Coords points="217,455 225,455 225,494 217,494"/>
          <TextEquiv>
            <Unicode>ا</Unicode>
          </TextEquiv>
        </Word>
        <TextEquiv>
          <Unicode> ا لعذ ا ب ا ذ تبر ا ا لذ ين ا تبعو ا من ا لذ ين ا تبعو ا و ر ا و ا</Unicode>
        </TextEquiv>
      </TextLine>
      <TextLine id="l2">
        <Coords points="214,547 980,547 980,649 214,649"/>
        <Word id="w47">
          <Coords points="967,547 979,547 979,599 967,599"/>
          <TextEquiv>
            <Unicode>ا</Unicode>
          </TextEquiv>
        </Word>
        <Word id="w48">
          <Coords points="906,556 961,556 961,605 906,605"/>
          <TextEquiv>
            <Unicode>لعذ</Unicode>
          </TextEquiv>
        </Word>
        <Word id="w49">
          <Coords points="893,554 904,554 904,598 893,598"/>
          <TextEquiv>
            <Unicode>ا</Unicode>
          </TextEquiv>
        </Word>
        <Word id="w50">
          <Coords points="850,587 889,587 889,616 850,616"/>
          <TextEquiv>
            <Unicode>ب</Unicode>
          </TextEquiv>
        </Word>
        <Word id="w51">
          <Coords points="817,591 844,591 844,618 817,618"/>
          <TextEquiv>
            <Unicode>و</Unicode>
          </TextEquiv>
        </Word>
        <Word id="w52">
          <Coords points="696,555 821,555 821,623 696,623"/>
          <TextEquiv>
            <Unicode>تقطعت</Unicode>
          </TextEquiv>
        </Word>
        <Word id="w53">
          <Coords points="603,569 617,569 617,613 603,613"/>
          <TextEquiv>
            <Unicode>ا</Unicode>
          </TextEquiv>
        </Word>
        <Word id="w54">
          <Coords points="595,594 688,594 688,647 595,647"/>
          <TextEquiv>
            <Unicode>بهم</Unicode>
          </TextEquiv>
        </Word>
        <Word id="w55">
          <Coords points="562,578 603,578 603,623 562,623"/>
          <TextEquiv>
            <Unicode>لا</Unicode>
          </TextEquiv>
        </Word>
        <Word id="w56">
          <Coords points="512,585 572,585 572,644 512,644"/>
          <TextEquiv>
            <Unicode>سبا</Unicode>
          </TextEquiv>
        </Word>
        <Word id="w57">
          <Coords points="459,616 502,616 502,648 459,648"/>
          <TextEquiv>
            <Unicode>ب</Unicode>
          </TextEquiv>
        </Word>
        <Word id="w58">
          <Coords points="404,618 429,618 429,645 404,645"/>
          <TextEquiv>
            <Unicode>و</Unicode>
          </TextEquiv>
        </Word>
        <Word id="w59">
          <Coords points="389,578 409,578 409,633 389,633"/>
          <TextEquiv>
            <Unicode>قا</Unicode>
          </TextEquiv>
        </Word>
        <Word id="w60">
          <Coords points="354,595 383,595 383,646 354,646"/>
          <TextEquiv>
            <Unicode>ل</Unicode>
          </TextEquiv>
        </Word>
        <Word id="w61">
          <Coords points="346,585 361,585 361,621 346,621"/>
          <TextEquiv>
            <Unicode>ا</Unicode>
          </TextEquiv>
        </Word>
        <Word id="w62">
          <Coords points="310,590 340,590 340,637 310,637"/>
          <TextEquiv>
            <Unicode>لذ</Unicode>
          </TextEquiv>
        </Word>
        <Word id="w63">
          <Coords points="269,575 283,575 283,617 269,617"/>
          <TextEquiv>
            <Unicode>ا</Unicode>
          </TextEquiv>
        </Word>
        <Word id="w64">
          <Coords points="220,583 272,583 272,639 220,639"/>
          <TextEquiv>
            <Unicode>تبعو</Unicode>
          </TextEquiv>
        </Word>
        <Word id="w65">
          <Coords points="214,563 230,563 230,604 214,604"/>
          <TextEquiv>
            <Unicode>ا</Unicode>
          </TextEquiv>
        </Word>
        <TextEquiv>
          <Unicode> ا لعذ ا ب و تقطعت ا بهم لا سبا ب و قا ل ا لذ ا تبعو ا</Unicode>
        </TextEquiv>
      </TextLine>
      <TextLine id="l3">
        <Coords points="266,623 313,623 313,662 266,662"/>
        <Word id="w66">
          <Coords points="266,623 312,623 312,661 266,661"/>
          <TextEquiv>
            <Unicode>ين</Unicode>
          </TextEquiv>
        </Word>
        <TextEquiv>
          <Unicode> ين</Unicode>
        </TextEquiv>
      </TextLine>
      <TextLine id="l4">
        <Coords points="217,633 982,633 982,774 217,774"/>
        <Word id="w67">
          <Coords points="953,671 981,671 981,725 953,725"/>
          <TextEquiv>
            <Unicode>لو</Unicode>
          </TextEquiv>
        </Word>
        <Word id="w68">
          <Coords points="941,668 953,668 953,711 941,711"/>
          <TextEquiv>
            <Unicode>ا</Unicode>
          </TextEquiv>
        </Word>
        <Word id="w69">
          <Coords points="910,693 937,693 937,721 910,721"/>
          <TextEquiv>
            <Unicode>ن</Unicode>
          </TextEquiv>
        </Word>
        <Word id="w70">
          <Coords points="863,678 899,678 899,721 863,721"/>
          <TextEquiv>
            <Unicode>لنا</Unicode>
          </TextEquiv>
        </Word>
        <Word id="w71">
          <Coords points="812,633 872,633 872,741 812,741"/>
          <TextEquiv>
            <Unicode>كر</Unicode>
          </TextEquiv>
        </Word>
        <Word id="w72">
          <Coords points="806,679 821,679 821,723 806,723"/>
          <TextEquiv>
            <Unicode>ة</Unicode>
          </TextEquiv>
        </Word>
        <Word id="w73">
          <Coords points="684,684 799,684 799,746 684,746"/>
          <TextEquiv>
            <Unicode>فتتبر</Unicode>
          </TextEquiv>
        </Word>
        <Word id="w74">
          <Coords points="677,707 695,707 695,734 677,734"/>
          <TextEquiv>
            <Unicode>ء</Unicode>
          </TextEquiv>
        </Word>
        <Word id="w75">
          <Coords points="603,716 667,716 667,771 603,771"/>
          <TextEquiv>
            <Unicode>منهم</Unicode>
          </TextEquiv>
        </Word>
        <Word id="w76">
          <Coords points="560,672 614,672 614,750 560,750"/>
          <TextEquiv>
            <Unicode>كما</Unicode>
          </TextEquiv>
        </Word>
        <Word id="w77">
          <Coords points="502,709 544,709 544,760 502,760"/>
          <TextEquiv>
            <Unicode>تبر</Unicode>
          </TextEquiv>
        </Word>
        <Word id="w78">
          <Coords points="476,705 499,705 499,757 476,757"/>
          <TextEquiv>
            <Unicode>ؤ</Unicode>
          </TextEquiv>
        </Word>
        <Word id="w79">
          <Coords points="461,700 477,700 477,747 461,747"/>
          <TextEquiv>
            <Unicode>ا</Unicode>
          </TextEquiv>
        </Word>
        <Word id="w80">
          <Coords points="393,716 453,716 453,758 393,758"/>
          <TextEquiv>
            <Unicode>منا</Unicode>
          </TextEquiv>
        </Word>
        <Word id="w81">
          <Coords points="264,710 387,710 387,773 264,773"/>
          <TextEquiv>
            <Unicode>كذ</Unicode>
          </TextEquiv>
        </Word>
        <Word id="w82">
          <Coords points="217,707 265,707 265,766 217,766"/>
          <TextEquiv>
            <Unicode>لك</Unicode>
          </TextEquiv>
        </Word>
        <TextEquiv>
          <Unicode> لو ا ن لنا كر ة فتتبر ء منهم كما تبر ؤ ا منا كذ لك</Unicode>
        </TextEquiv>
      </TextLine>
      <TextLine id="l5">
        <Coords points="269,1145 1018,1145 1018,1261 269,1261"/>
        <Word id="w83">
          <Coords points="938,1145 1017,1145 1017,1240 938,1240"/>
          <TextEquiv>
            <Unicode>عليهم</Unicode>
          </TextEquiv>
        </Word>
        <Word id="w84">
          <Coords points="914,1171 938,1171 938,1205 914,1205"/>
          <TextEquiv>
            <Unicode>و</Unicode>
          </TextEquiv>
        </Word>
        <Word id="w85">
          <Coords points="883,1153 915,1153 915,1197 883,1197"/>
          <TextEquiv>
            <Unicode>ما</Unicode>
          </TextEquiv>
        </Word>
        <Word id="w86">
          <Coords points="851,1178 879,1178 879,1243 851,1243"/>
          <TextEquiv>
            <Unicode>هم</Unicode>
          </TextEquiv>
        </Word>
        <Word id="w87">
          <Coords points="808,1159 851,1159 851,1224 808,1224"/>
          <TextEquiv>
            <Unicode>بخا</Unicode>
          </TextEquiv>
        </Word>
        <Word id="w88">
          <Coords points="783,1189 803,1189 803,1213 783,1213"/>
          <TextEquiv>
            <Unicode>ر</Unicode>
          </TextEquiv>
        </Word>
        <Word id="w89">
          <Coords points="713,1175 789,1175 789,1229 713,1229"/>
          <TextEquiv>
            <Unicode>جين</Unicode>
          </TextEquiv>
        </Word>
        <Word id="w90">
          <Coords points="658,1181 709,1181 709,1229 658,1229"/>
          <TextEquiv>
            <Unicode>من</Unicode>
          </TextEquiv>
        </Word>
        <Word id="w91">
          <Coords points="655,1157 677,1157 677,1197 655,1197"/>
          <TextEquiv>
            <Unicode>ا</Unicode>
          </TextEquiv>
        </Word>
        <Word id="w92">
          <Coords points="613,1165 657,1165 657,1214 613,1214"/>
          <TextEquiv>
            <Unicode>لنا</Unicode>
          </TextEquiv>
        </Word>
        <Word id="w93">
          <Coords points="583,1192 605,1192 605,1221 583,1221"/>
          <TextEquiv>
            <Unicode>ر</Unicode>
          </TextEquiv>
        </Word>
        <Word id="w94">
          <Coords points="520,1180 549,1180 549,1252 520,1252"/>
          <TextEquiv>
            <Unicode>يا</Unicode>
          </TextEquiv>
        </Word>
        <Word id="w95">
          <Coords points="500,1177 516,1177 516,1228 500,1228"/>
          <TextEquiv>
            <Unicode>ا</Unicode>
          </TextEquiv>
        </Word>
        <Word id="w96">
          <Coords points="443,1179 507,1179 507,1260 443,1260"/>
          <TextEquiv>
            <Unicode>يها</Unicode>
          </TextEquiv>
        </Word>
        <Word id="w97">
          <Coords points="421,1180 435,1180 435,1223 421,1223"/>
          <TextEquiv>
            <Unicode>ا</Unicode>
          </TextEquiv>
        </Word>
        <Word id="w98">
          <Coords points="372,1186 417,1186 417,1235 372,1235"/>
          <TextEquiv>
            <Unicode>لنا</Unicode>
          </TextEquiv>
        </Word>
        <Word id="w99">
          <Coords points="323,1217 366,1217 366,1258 323,1258"/>
          <TextEquiv>
            <Unicode>س</Unicode>
          </TextEquiv>
        </Word>
        <Word id="w100">
          <Coords points="278,1164 341,1164 341,1250 278,1250"/>
          <TextEquiv>
            <Unicode>كلو</Unicode>
          </TextEquiv>
        </Word>
        <Word id="w101">
          <Coords points="269,1187 279,1187 279,1232 269,1232"/>
          <TextEquiv>
            <Unicode>ا</Unicode>
          </TextEquiv>
        </Word>
        <TextEquiv>
          <Unicode> عليهم و ما هم بخا ر جين من ا لنا ر يا ا يها ا لنا س كلو ا</Unicode>
        </TextEquiv>
      </TextLine>
      <TextLine id="l6">
        <Coords points="295,1267 1022,1267 1022,1373 295,1373"/>
        <Word id="w102">
          <Coords points="980,1269 1021,1269 1021,1314 980,1314"/>
          <TextEquiv>
            <Unicode>مما</Unicode>
          </TextEquiv>
        </Word>
        <Word id="w103">
          <Coords points="927,1274 980,1274 980,1335 927,1335"/>
          <TextEquiv>
            <Unicode>في</Unicode>
          </TextEquiv>
        </Word>
        <Word id="w104">
          <Coords points="907,1267 920,1267 920,1313 907,1313"/>
          <TextEquiv>
            <Unicode>ا</Unicode>
          </TextEquiv>
        </Word>
        <Word id="w105">
          <Coords points="864,1270 912,1270 912,1313 864,1313"/>
          <TextEquiv>
            <Unicode>لا</Unicode>
          </TextEquiv>
        </Word>
        <Word id="w106">
          <Coords points="847,1304 869,1304 869,1327 847,1327"/>
          <TextEquiv>
            <Unicode>ر</Unicode>
          </TextEquiv>
        </Word>
        <Word id="w107">
          <Coords points="799,1278 850,1278 850,1337 799,1337"/>
          <TextEquiv>
            <Unicode>ض</Unicode>
          </TextEquiv>
        </Word>
        <Word id="w108">
          <Coords points="742,1290 812,1290 812,1329 742,1329"/>
          <TextEquiv>
            <Unicode>حلا</Unicode>
          </TextEquiv>
        </Word>
        <Word id="w109">
          <Coords points="707,1277 745,1277 745,1330 707,1330"/>
          <TextEquiv>
            <Unicode>لا</Unicode>
          </TextEquiv>
        </Word>
        <Word id="w110">
          <Coords points="635,1283 716,1283 716,1360 635,1360"/>
          <TextEquiv>
            <Unicode>طيبا</Unicode>
          </TextEquiv>
        </Word>
        <Word id="w111">
          <Coords points="597,1314 623,1314 623,1348 597,1348"/>
          <TextEquiv>
            <Unicode>و</Unicode>
          </TextEquiv>
        </Word>
        <Word id="w112">
          <Coords points="567,1289 612,1289 612,1334 567,1334"/>
          <TextEquiv>
            <Unicode>لا</Unicode>
          </TextEquiv>
        </Word>
        <Word id="w113">
          <Coords points="450,1290 565,1290 565,1363 450,1363"/>
          <TextEquiv>
            <Unicode>تتبعو</Unicode>
          </TextEquiv>
        </Word>
        <Word id="w114">
          <Coords points="435,1293 450,1293 450,1343 435,1343"/>
          <TextEquiv>
            <Unicode>ا</Unicode>
          </TextEquiv>
        </Word>
        <Word id="w115">
          <Coords points="350,1301 437,1301 437,1372 350,1372"/>
          <TextEquiv>
            <Unicode>خطو</Unicode>
          </TextEquiv>
        </Word>
        <Word id="w116">
          <Coords points="345,1300 363,1300 363,1349 345,1349"/>
          <TextEquiv>
            <Unicode>ا</Unicode>
          </TextEquiv>
        </Word>
        <Word id="w117">
          <Coords points="295,1303 336,1303 336,1347 295,1347"/>
          <TextEquiv>
            <Unicode>ت</Unicode>
          </TextEquiv>
        </Word>
        <TextEquiv>
          <Unicode> مما في ا لا ر ض حلا لا طيبا و لا تتبعو ا خطو ا ت</Unicode>
        </TextEquiv>
      </TextLine>
      <TextLine id="l7">
        <Coords points="284,1371 1038,1371 1038,1494 284,1494"/>
        <Word id="w118">
          <Coords points="1025,1384 1037,1384 1037,1429 1025,1429"/>
          <TextEquiv>
            <Unicode>ا</Unicode>
          </TextEquiv>
        </Word>
        <Word id="w119">
          <Coords points="918,1388 1017,1388 1017,1446 918,1446"/>
          <TextEquiv>
            <Unicode>لشيطا</Unicode>
          </TextEquiv>
        </Word>
        <Word id="w120">
          <Coords points="882,1387 891,1387 891,1431 882,1431"/>
          <TextEquiv>
            <Unicode>ا</Unicode>
          </TextEquiv>
        </Word>
        <Word id="w121">
          <Coords points="838,1400 872,1400 872,1445 838,1445"/>
          <TextEquiv>
            <Unicode>نه</Unicode>
          </TextEquiv>
        </Word>
        <Word id="w122">
          <Coords points="816,1398 917,1398 917,1470 816,1470"/>
          <TextEquiv>
            <Unicode>ن</Unicode>
          </TextEquiv>
        </Word>
        <Word id="w123">
          <Coords points="775,1371 831,1371 831,1464 775,1464"/>
          <TextEquiv>
            <Unicode>لكم</Unicode>
          </TextEquiv>
        </Word>
        <Word id="w124">
          <Coords points="721,1425 768,1425 768,1464 721,1464"/>
          <TextEquiv>
            <Unicode>عد</Unicode>
          </TextEquiv>
        </Word>
        <Word id="w125">
          <Coords points="688,1429 718,1429 718,1467 688,1467"/>
          <TextEquiv>
            <Unicode>و</Unicode>
          </TextEquiv>
        </Word>
        <Word id="w126">
          <Coords points="522,1434 692,1434 692,1490 522,1490"/>
          <TextEquiv>
            <Unicode>مبين</Unicode>
          </TextEquiv>
        </Word>
        <Word id="w127">
          <Coords points="513,1405 529,1405 529,1459 513,1459"/>
          <TextEquiv>
            <Unicode>ا</Unicode>
          </TextEquiv>
        </Word>
        <Word id="w128">
          <Coords points="466,1422 508,1422 508,1479 466,1479"/>
          <TextEquiv>
            <Unicode>نما</Unicode>
          </TextEquiv>
        </Word>
        <Word id="w129">
          <Coords points="439,1428 467,1428 467,1493 439,1493"/>
          <TextEquiv>
            <Unicode>يا</Unicode>
          </TextEquiv>
        </Word>
        <Word id="w130">
          <Coords points="388,1452 429,1452 429,1491 388,1491"/>
          <TextEquiv>
            <Unicode>مر</Unicode>
          </TextEquiv>
        </Word>
        <Word id="w131">
          <Coords points="357,1384 410,1384 410,1490 357,1490"/>
          <TextEquiv>
            <Unicode>كم</Unicode>
          </TextEquiv>
        </Word>
        <Word id="w132">
          <Coords points="339,1414 362,1414 362,1476 339,1476"/>
          <TextEquiv>
            <Unicode>با</Unicode>
          </TextEquiv>
        </Word>
        <Word id="w133">
          <Coords points="292,1415 341,1415 341,1483 292,1483"/>
          <TextEquiv>
            <Unicode>لسو</Unicode>
          </TextEquiv>
        </Word>
        <Word id="w134">
          <Coords points="284,1411 298,1411 298,1437 284,1437"/>
          <TextEquiv>
            <Unicode>ء</Unicode>
          </TextEquiv>
        </Word>
        <TextEquiv>
          <Unicode> ا لشيطا ا نه ن لكم عد و مبين ا نما يا مر كم با لسو ء</Unicode>
        </TextEquiv>
      </TextLine>
      <TextLine id="l8">
        <Coords points="297,1495 1041,1495 1041,1617 297,1617"/>
        <Word id="w135">
          <Coords points="1009,1524 1040,1524 1040,1554 1009,1554"/>
          <TextEquiv>
            <Unicode>و</Unicode>
          </TextEquiv>
        </Word>
        <Word id="w136">
          <Coords points="1008,1495 1019,1495 1019,1536 1008,1536"/>
          <TextEquiv>
            <Unicode>ا</Unicode>
          </TextEquiv>
        </Word>
        <Word id="w137">
          <Coords points="918,1498 1001,1498 1001,1561 918,1561"/>
          <TextEquiv>
            <Unicode>لفحشا</Unicode>
          </TextEquiv>
        </Word>
        <Word id="w138">
          <Coords points="901,1542 913,1542 913,1559 901,1559"/>
          <TextEquiv>
            <Unicode>ء</Unicode>
          </TextEquiv>
        </Word>
        <Word id="w139">
          <Coords points="858,1543 887,1543 887,1572 858,1572"/>
          <TextEquiv>
            <Unicode>و</Unicode>
          </TextEquiv>
        </Word>
        <Word id="w140">
          <Coords points="844,1506 871,1506 871,1555 844,1555"/>
          <TextEquiv>
            <Unicode>ا</Unicode>
          </TextEquiv>
        </Word>
        <Word id="w141">
          <Coords points="825,1539 855,1539 855,1570 825,1570"/>
          <TextEquiv>
            <Unicode>ن</Unicode>
          </TextEquiv>
        </Word>
        <Word id="w142">
          <Coords points="768,1512 817,1512 817,1579 768,1579"/>
          <TextEquiv>
            <Unicode>تقو</Unicode>
          </TextEquiv>
        </Word>
        <Word id="w143">
          <Coords points="740,1513 771,1513 771,1578 740,1578"/>
          <TextEquiv>
            <Unicode>لو</Unicode>
          </TextEquiv>
        </Word>
        <Word id="w144">
          <Coords points="727,1514 739,1514 739,1560 727,1560"/>
          <TextEquiv>
            <Unicode>ا</Unicode>
          </TextEquiv>
        </Word>
        <Word id="w145">
          <Coords points="675,1532 723,1532 723,1595 675,1595"/>
          <TextEquiv>
            <Unicode>على</Unicode>
          </TextEquiv>
        </Word>
        <Word id="w146">
          <Coords points="662,1526 681,1526 681,1571 662,1571"/>
          <TextEquiv>
            <Unicode>ا</Unicode>
          </TextEquiv>
        </Word>
        <Word id="w147">
          <Coords points="638,1554 667,1554 667,1577 638,1577"/>
          <TextEquiv>
            <Unicode>لله</Unicode>
          </TextEquiv>
        </Word>
        <Word id="w148">
          <Coords points="586,1536 621,1536 621,1581 586,1581"/>
          <TextEquiv>
            <Unicode>ما</Unicode>
          </TextEquiv>
        </Word>
        <Word id="w149">
          <Coords points="549,1535 587,1535 587,1581 549,1581"/>
          <TextEquiv>
            <Unicode>لا</Unicode>
          </TextEquiv>
        </Word>
        <Word id="w150">
          <Coords points="447,1533 544,1533 544,1616 447,1616"/>
          <TextEquiv>
            <Unicode>تعلمو</Unicode>
          </TextEquiv>
        </Word>
        <Word id="w151">
          <Coords points="416,1561 447,1561 447,1592 416,1592"/>
          <TextEquiv>
            <Unicode>ن</Unicode>
          </TextEquiv>
        </Word>
        <Word id="w152">
          <Coords points="333,1524 349,1524 349,1572 333,1572"/>
          <TextEquiv>
            <Unicode>ا</Unicode>
          </TextEquiv>
        </Word>
        <Word id="w153">
          <Coords points="315,1539 334,1539 334,1587 315,1587"/>
          <TextEquiv>
            <Unicode>ذ</Unicode>
          </TextEquiv>
        </Word>
        <Word id="w154">
          <Coords points="297,1518 313,1518 313,1569 297,1569"/>
          <TextEquiv>
            <Unicode>ا</Unicode>
          </TextEquiv>
        </Word>
        <TextEquiv>
          <Unicode> و ا لفحشا ء و ا ن تقو لو ا على ا لله ما لا تعلمو ن ا ذ ا</Unicode>
        </TextEquiv>
      </TextLine>
    </TextRegion>
  </Page>
</PcGts>
