<?xml version='1.0' encoding='utf-8'?>
<PcGts xmlns:xsi="http://www.w3.org/2001/XMLSchema-instance" xmlns="http://schema.primaresearch.org/PAGE/gts/pagecontent/2019-07-15" xsi:schemaLocation="http://schema.primaresearch.org/PAGE/gts/pagecontent/2019-07-15 http://schema.primaresearch.org/PAGE/gts/pagecontent/2019-07-15/pagecontent.xsd" pcGtsId="pc-aletheiaexamplepage">
  <Metadata>
    <Creator>PRImA Research Lab</Creator>
    <Created>2015-07-17T15:27:13</Created>
    <LastChange>2017-07-14T10:03:33</LastChange>
    <Comments>Example Page</Comments>
  </Metadata>
  <Page imageFilename="3157556/0027-2.png" imageWidth="1265" imageHeight="1969">
    <TextRegion id="r0" type="paragraph">
      <Coords points="1,1 1263,1 1263,1967 1,1967"/>
      <TextLine id="l0">
        <Coords points="219,322 972,322 972,419 219,419"/>
        <Word id="w0">
          <Coords points="960,325 971,325 971,373 960,373"/>
          <TextEquiv>
            <Unicode>ا</Unicode>
          </TextEquiv>
        </Word>
        <Word id="w1">
          <Coords points="861,324 960,324 960,393 861,393"/>
          <TextEquiv>
            <Unicode>ختلفو</Unicode>
          </TextEquiv>
        </Word>
        <Word id="w2">
          <Coords points="860,322 875,322 875,366 860,366"/>
          <TextEquiv>
            <Unicode>ا</Unicode>
          </TextEquiv>
        </Word>
        <Word id="w3">
          <Coords points="819,328 858,328 858,396 819,396"/>
          <TextEquiv>
            <Unicode>فيه</Unicode>
          </TextEquiv>
        </Word>
        <Word id="w4">
          <Coords points="785,356 806,356 806,382 785,382"/>
          <TextEquiv>
            <Unicode>و</Unicode>
          </TextEquiv>
        </Word>
        <Word id="w5">
          <Coords points="747,334 782,334 782,378 747,378"/>
          <TextEquiv>
            <Unicode>ما</Unicode>
          </TextEquiv>
        </Word>
        <Word id="w6">
          <Coords points="724,326 749,326 749,383 724,383"/>
          <TextEquiv>
            <Unicode>ا</Unicode>
          </TextEquiv>
        </Word>
        <Word id="w7">
          <Coords points="629,337 736,337 736,400 629,400"/>
          <TextEquiv>
            <Unicode>ختلف</Unicode>
          </TextEquiv>
        </Word>
        <Word id="w8">
          <Coords points="576,337 631,337 631,412 576,412"/>
          <TextEquiv>
            <Unicode>فيه</Unicode>
          </TextEquiv>
        </Word>
        <Word id="w9">
          <Coords points="551,337 567,337 567,381 551,381"/>
          <TextEquiv>
            <Unicode>ا</Unicode>
          </TextEquiv>
        </Word>
        <Word id="w10">
          <Coords points="512,342 553,342 553,388 512,388"/>
          <TextEquiv>
            <Unicode>لا</Unicode>
          </TextEquiv>
        </Word>
        <Word id="w11">
          <Coords points="498,338 510,338 510,383 498,383"/>
          <TextEquiv>
            <Unicode>ا</Unicode>
          </TextEquiv>
        </Word>
        <Word id="w12">
          <Coords points="464,346 496,346 496,393 464,393"/>
          <TextEquiv>
            <Unicode>لذ</Unicode>
          </TextEquiv>
        </Word>
        <Word id="w13">
          <Coords points="427,359 476,359 476,418 427,418"/>
          <TextEquiv>
            <Unicode>ين</Unicode>
          </TextEquiv>
        </Word>
        <Word id="w14">
          <Coords points="408,346 419,346 419,394 408,394"/>
          <TextEquiv>
            <Unicode>ا</Unicode>
          </TextEquiv>
        </Word>
        <Word id="w15">
          <Coords points="382,379 404,379 404,406 382,406"/>
          <TextEquiv>
            <Unicode>و</Unicode>
          </TextEquiv>
        </Word>
        <Word id="w16">
          <Coords points="334,358 360,358 360,390 334,390"/>
          <TextEquiv>
            <Unicode>ه</Unicode>
          </TextEquiv>
        </Word>
        <Word id="w17">
          <Coords points="332,344 383,344 383,411 332,411"/>
          <TextEquiv>
            <Unicode>تو</Unicode>
          </TextEquiv>
        </Word>
        <Word id="w18">
          <Coords points="281,357 325,357 325,412 281,412"/>
          <TextEquiv>
            <Unicode>من</Unicode>
          </TextEquiv>
        </Word>
        <Word id="w19">
          <Coords points="219,359 289,359 289,412 219,412"/>
          <TextEquiv>
            <Unicode>بعد</Unicode>
          </TextEquiv>
        </Word>
        <TextEquiv>
          <Unicode> ا ختلفو ا فيه و ما ا ختلف فيه ا لا ا لذ ين ا و ه تو من بعد</Unicode>
        </TextEquiv>
      </TextLine>
      <TextLine id="l1">
        <Coords points="222,441 971,441 971,556 222,556"/>
        <Word id="w20">
          <Coords points="938,447 970,447 970,492 938,492"/>
          <TextEquiv>
            <Unicode>ما</Unicode>
          </TextEquiv>
        </Word>
        <Word id="w21">
          <Coords points="901,441 934,441 934,504 901,504"/>
          <TextEquiv>
            <Unicode>جا</Unicode>
          </TextEquiv>
        </Word>
        <Word id="w22">
          <Coords points="883,479 894,479 894,497 883,497"/>
          <TextEquiv>
            <Unicode>ء</Unicode>
          </TextEquiv>
        </Word>
        <Word id="w23">
          <Coords points="830,458 873,458 873,535 830,535"/>
          <TextEquiv>
            <Unicode>تهم</Unicode>
          </TextEquiv>
        </Word>
        <Word id="w24">
          <Coords points="810,444 832,444 832,499 810,499"/>
          <TextEquiv>
            <Unicode>ا</Unicode>
          </TextEquiv>
        </Word>
        <Word id="w25">
          <Coords points="748,453 811,453 811,516 748,516"/>
          <TextEquiv>
            <Unicode>لينا</Unicode>
          </TextEquiv>
        </Word>
        <Word id="w26">
          <Coords points="701,462 740,462 740,507 701,507"/>
          <TextEquiv>
            <Unicode>ت</Unicode>
          </TextEquiv>
        </Word>
        <Word id="w27">
          <Coords points="632,462 703,462 703,517 632,517"/>
          <TextEquiv>
            <Unicode>بغيا</Unicode>
          </TextEquiv>
        </Word>
        <Word id="w28">
          <Coords points="558,474 625,474 625,555 558,555"/>
          <TextEquiv>
            <Unicode>بينهم</Unicode>
          </TextEquiv>
        </Word>
        <Word id="w29">
          <Coords points="449,461 544,461 544,528 449,528"/>
          <TextEquiv>
            <Unicode>فهد</Unicode>
          </TextEquiv>
        </Word>
        <Word id="w30">
          <Coords points="409,485 443,485 443,532 409,532"/>
          <TextEquiv>
            <Unicode>ى</Unicode>
          </TextEquiv>
        </Word>
        <Word id="w31">
          <Coords points="404,453 419,453 419,499 404,499"/>
          <TextEquiv>
            <Unicode>ا</Unicode>
          </TextEquiv>
        </Word>
        <Word id="w32">
          <Coords points="384,490 413,490 413,528 384,528"/>
          <TextEquiv>
            <Unicode>لله</Unicode>
          </TextEquiv>
        </Word>
        <Word id="w33">
          <Coords points="358,468 370,468 370,513 358,513"/>
          <TextEquiv>
            <Unicode>ا</Unicode>
          </TextEquiv>
        </Word>
        <Word id="w34">
          <Coords points="322,471 354,471 354,515 322,515"/>
          <TextEquiv>
            <Unicode>لذ</Unicode>
          </TextEquiv>
        </Word>
        <Word id="w35">
          <Coords points="276,458 288,458 288,503 276,503"/>
          <TextEquiv>
            <Unicode>ا</Unicode>
          </TextEquiv>
        </Word>
        <Word id="w36">
          <Coords points="276,481 330,481 330,541 276,541"/>
          <TextEquiv>
            <Unicode>ين</Unicode>
          </TextEquiv>
        </Word>
        <Word id="w37">
          <Coords points="231,474 278,474 278,521 231,521"/>
          <TextEquiv>
            <Unicode>منو</Unicode>
          </TextEquiv>
        </Word>
        <Word id="w38">
          <Coords points="222,450 237,450 237,505 222,505"/>
          <TextEquiv>
            <Unicode>ا</Unicode>
          </TextEquiv>
        </Word>
        <TextEquiv>
          <Unicode> ما جا ء تهم ا لينا ت بغيا بينهم فهد ى ا لله ا لذ ا ين منو ا</Unicode>
        </TextEquiv>
      </TextLine>
      <TextLine id="l2">
        <Coords points="240,566 983,566 983,673 240,673"/>
        <Word id="w39">
          <Coords points="946,571 982,571 982,617 946,617"/>
          <TextEquiv>
            <Unicode>لما</Unicode>
          </TextEquiv>
        </Word>
        <Word id="w40">
          <Coords points="925,567 939,567 939,622 925,622"/>
          <TextEquiv>
            <Unicode>ا</Unicode>
          </TextEquiv>
        </Word>
        <Word id="w41">
          <Coords points="838,575 930,575 930,638 838,638"/>
          <TextEquiv>
            <Unicode>ختلفو</Unicode>
          </TextEquiv>
        </Word>
        <Word id="w42">
          <Coords points="828,569 841,569 841,624 828,624"/>
          <TextEquiv>
            <Unicode>ا</Unicode>
          </TextEquiv>
        </Word>
        <Word id="w43">
          <Coords points="776,569 823,569 823,656 776,656"/>
          <TextEquiv>
            <Unicode>فيه</Unicode>
          </TextEquiv>
        </Word>
        <Word id="w44">
          <Coords points="721,574 768,574 768,637 721,637"/>
          <TextEquiv>
            <Unicode>من</Unicode>
          </TextEquiv>
        </Word>
        <Word id="w45">
          <Coords points="708,566 725,566 725,611 708,611"/>
          <TextEquiv>
            <Unicode>ا</Unicode>
          </TextEquiv>
        </Word>
        <Word id="w46">
          <Coords points="653,589 670,589 670,636 653,636"/>
          <TextEquiv>
            <Unicode>با</Unicode>
          </TextEquiv>
        </Word>
        <Word id="w47">
          <Coords points="628,591 644,591 644,633 628,633"/>
          <TextEquiv>
            <Unicode>ذ</Unicode>
          </TextEquiv>
        </Word>
        <Word id="w48">
          <Coords points="582,573 711,573 711,667 582,667"/>
          <TextEquiv>
            <Unicode>لحق</Unicode>
          </TextEquiv>
        </Word>
        <Word id="w49">
          <Coords points="576,591 617,591 617,638 576,638"/>
          <TextEquiv>
            <Unicode>نه</Unicode>
          </TextEquiv>
        </Word>
        <Word id="w50">
          <Coords points="536,613 560,613 560,647 536,647"/>
          <TextEquiv>
            <Unicode>و</Unicode>
          </TextEquiv>
        </Word>
        <Word id="w51">
          <Coords points="532,578 547,578 547,631 532,631"/>
          <TextEquiv>
            <Unicode>ا</Unicode>
          </TextEquiv>
        </Word>
        <Word id="w52">
          <Coords points="497,614 529,614 529,639 497,639"/>
          <TextEquiv>
            <Unicode>لله</Unicode>
          </TextEquiv>
        </Word>
        <Word id="w53">
          <Coords points="408,614 493,614 493,659 408,659"/>
          <TextEquiv>
            <Unicode>يهد</Unicode>
          </TextEquiv>
        </Word>
        <Word id="w54">
          <Coords points="372,608 409,608 409,669 372,669"/>
          <TextEquiv>
            <Unicode>ي</Unicode>
          </TextEquiv>
        </Word>
        <Word id="w55">
          <Coords points="286,592 336,592 336,653 286,653"/>
          <TextEquiv>
            <Unicode>يشا</Unicode>
          </TextEquiv>
        </Word>
        <Word id="w56">
          <Coords points="246,615 268,615 268,636 246,636"/>
          <TextEquiv>
            <Unicode>ء</Unicode>
          </TextEquiv>
        </Word>
        <Word id="w57">
          <Coords points="240,593 373,593 373,672 240,672"/>
          <TextEquiv>
            <Unicode>من</Unicode>
          </TextEquiv>
        </Word>
        <TextEquiv>
          <Unicode> لما ا ختلفو ا فيه من ا با ذ لحق نه و ا لله يهد ي يشا ء من</Unicode>
        </TextEquiv>
      </TextLine>
      <TextLine id="l3">
        <Coords points="227,674 990,674 990,798 227,798"/>
        <Word id="w58">
          <Coords points="941,675 956,675 956,715 941,715"/>
          <TextEquiv>
            <Unicode>ا</Unicode>
          </TextEquiv>
        </Word>
        <Word id="w59">
          <Coords points="924,679 989,679 989,728 924,728"/>
          <TextEquiv>
            <Unicode>لى</Unicode>
          </TextEquiv>
        </Word>
        <Word id="w60">
          <Coords points="863,714 916,714 916,747 863,747"/>
          <TextEquiv>
            <Unicode>صر</Unicode>
          </TextEquiv>
        </Word>
        <Word id="w61">
          <Coords points="856,674 867,674 867,730 856,730"/>
          <TextEquiv>
            <Unicode>ا</Unicode>
          </TextEquiv>
        </Word>
        <Word id="w62">
          <Coords points="821,686 854,686 854,742 821,742"/>
          <TextEquiv>
            <Unicode>ط</Unicode>
          </TextEquiv>
        </Word>
        <Word id="w63">
          <Coords points="699,695 819,695 819,797 699,797"/>
          <TextEquiv>
            <Unicode>مستقيم</Unicode>
          </TextEquiv>
        </Word>
        <Word id="w64">
          <Coords points="652,703 662,703 662,745 652,745"/>
          <TextEquiv>
            <Unicode>ا</Unicode>
          </TextEquiv>
        </Word>
        <Word id="w65">
          <Coords points="624,731 647,731 647,758 624,758"/>
          <TextEquiv>
            <Unicode>م</Unicode>
          </TextEquiv>
        </Word>
        <Word id="w66">
          <Coords points="514,714 628,714 628,797 514,797"/>
          <TextEquiv>
            <Unicode>حسبتم</Unicode>
          </TextEquiv>
        </Word>
        <Word id="w67">
          <Coords points="492,713 507,713 507,756 492,756"/>
          <TextEquiv>
            <Unicode>ا</Unicode>
          </TextEquiv>
        </Word>
        <Word id="w68">
          <Coords points="462,734 489,734 489,769 462,769"/>
          <TextEquiv>
            <Unicode>ن</Unicode>
          </TextEquiv>
        </Word>
        <Word id="w69">
          <Coords points="419,719 450,719 450,765 419,765"/>
          <TextEquiv>
            <Unicode>تد</Unicode>
          </TextEquiv>
        </Word>
        <Word id="w70">
          <Coords points="358,711 423,711 423,772 358,772"/>
          <TextEquiv>
            <Unicode>خلو</Unicode>
          </TextEquiv>
        </Word>
        <Word id="w71">
          <Coords points="352,710 364,710 364,759 352,759"/>
          <TextEquiv>
            <Unicode>ا</Unicode>
          </TextEquiv>
        </Word>
        <Word id="w72">
          <Coords points="334,709 350,709 350,763 334,763"/>
          <TextEquiv>
            <Unicode>ا</Unicode>
          </TextEquiv>
        </Word>
        <Word id="w73">
          <Coords points="257,697 336,697 336,764 257,764"/>
          <TextEquiv>
            <Unicode>لجنة</Unicode>
          </TextEquiv>
        </Word>
        <Word id="w74">
          <Coords points="227,725 251,725 251,753 227,753"/>
          <TextEquiv>
            <Unicode>و</Unicode>
          </TextEquiv>
        </Word>
        <TextEquiv>
          <Unicode> ا لى صر ا ط مستقيم ا م حسبتم ا ن تد خلو ا ا لجنة و</Unicode>
        </TextEquiv>
      </TextLine>
      <TextLine id="l4">
        <Coords points="260,1159 1005,1159 1005,1265 260,1265"/>
        <Word id="w75">
          <Coords points="889,1159 1004,1159 1004,1257 889,1257"/>
          <TextEquiv>
            <Unicode>مستهم</Unicode>
          </TextEquiv>
        </Word>
        <Word id="w76">
          <Coords points="872,1161 882,1161 882,1212 872,1212"/>
          <TextEquiv>
            <Unicode>ا</Unicode>
          </TextEquiv>
        </Word>
        <Word id="w77">
          <Coords points="829,1168 872,1168 872,1233 829,1233"/>
          <TextEquiv>
            <Unicode>لبا</Unicode>
          </TextEquiv>
        </Word>
        <Word id="w78">
          <Coords points="780,1170 820,1170 820,1216 780,1216"/>
          <TextEquiv>
            <Unicode>سا</Unicode>
          </TextEquiv>
        </Word>
        <Word id="w79">
          <Coords points="760,1198 777,1198 777,1225 760,1225"/>
          <TextEquiv>
            <Unicode>ء</Unicode>
          </TextEquiv>
        </Word>
        <Word id="w80">
          <Coords points="721,1198 749,1198 749,1226 721,1226"/>
          <TextEquiv>
            <Unicode>و</Unicode>
          </TextEquiv>
        </Word>
        <Word id="w81">
          <Coords points="720,1165 731,1165 731,1220 720,1220"/>
          <TextEquiv>
            <Unicode>ا</Unicode>
          </TextEquiv>
        </Word>
        <Word id="w82">
          <Coords points="655,1175 713,1175 713,1240 655,1240"/>
          <TextEquiv>
            <Unicode>لضر</Unicode>
          </TextEquiv>
        </Word>
        <Word id="w83">
          <Coords points="641,1170 660,1170 660,1220 641,1220"/>
          <TextEquiv>
            <Unicode>ا</Unicode>
          </TextEquiv>
        </Word>
        <Word id="w84">
          <Coords points="628,1211 643,1211 643,1229 628,1229"/>
          <TextEquiv>
            <Unicode>ء</Unicode>
          </TextEquiv>
        </Word>
        <Word id="w85">
          <Coords points="589,1208 610,1208 610,1233 589,1233"/>
          <TextEquiv>
            <Unicode>و</Unicode>
          </TextEquiv>
        </Word>
        <Word id="w86">
          <Coords points="567,1183 586,1183 586,1230 567,1230"/>
          <TextEquiv>
            <Unicode>ز</Unicode>
          </TextEquiv>
        </Word>
        <Word id="w87">
          <Coords points="537,1176 563,1176 563,1236 537,1236"/>
          <TextEquiv>
            <Unicode>لز</Unicode>
          </TextEquiv>
        </Word>
        <Word id="w88">
          <Coords points="502,1181 534,1181 534,1239 502,1239"/>
          <TextEquiv>
            <Unicode>لو</Unicode>
          </TextEquiv>
        </Word>
        <Word id="w89">
          <Coords points="487,1178 500,1178 500,1225 487,1225"/>
          <TextEquiv>
            <Unicode>ا</Unicode>
          </TextEquiv>
        </Word>
        <Word id="w90">
          <Coords points="426,1203 489,1203 489,1256 426,1256"/>
          <TextEquiv>
            <Unicode>حتى</Unicode>
          </TextEquiv>
        </Word>
        <Word id="w91">
          <Coords points="384,1191 429,1191 429,1264 384,1264"/>
          <TextEquiv>
            <Unicode>يقو</Unicode>
          </TextEquiv>
        </Word>
        <Word id="w92">
          <Coords points="352,1193 380,1193 380,1245 352,1245"/>
          <TextEquiv>
            <Unicode>ل</Unicode>
          </TextEquiv>
        </Word>
        <Word id="w93">
          <Coords points="342,1184 355,1184 355,1224 342,1224"/>
          <TextEquiv>
            <Unicode>ا</Unicode>
          </TextEquiv>
        </Word>
        <Word id="w94">
          <Coords points="315,1189 344,1189 344,1252 315,1252"/>
          <TextEquiv>
            <Unicode>لر</Unicode>
          </TextEquiv>
        </Word>
        <Word id="w95">
          <Coords points="271,1224 330,1224 330,1253 271,1253"/>
          <TextEquiv>
            <Unicode>سو</Unicode>
          </TextEquiv>
        </Word>
        <Word id="w96">
          <Coords points="260,1167 289,1167 289,1224 260,1224"/>
          <TextEquiv>
            <Unicode>ل</Unicode>
          </TextEquiv>
        </Word>
        <TextEquiv>
          <Unicode> مستهم ا لبا سا ء و ا لضر ا ء و ز لز لو ا حتى يقو ل ا لر سو ل</Unicode>
        </TextEquiv>
      </TextLine>
      <TextLine id="l5">
        <Coords points="262,1271 1009,1271 1009,1381 262,1381"/>
        <Word id="w97">
          <Coords points="984,1280 991,1280 991,1318 984,1318"/>
          <TextEquiv>
            <Unicode>ا</Unicode>
          </TextEquiv>
        </Word>
        <Word id="w98">
          <Coords points="983,1310 1008,1310 1008,1337 983,1337"/>
          <TextEquiv>
            <Unicode>و</Unicode>
          </TextEquiv>
        </Word>
        <Word id="w99">
          <Coords points="948,1284 977,1284 977,1330 948,1330"/>
          <TextEquiv>
            <Unicode>لذ</Unicode>
          </TextEquiv>
        </Word>
        <Word id="w100">
          <Coords points="902,1303 953,1303 953,1369 902,1369"/>
          <TextEquiv>
            <Unicode>ين</Unicode>
          </TextEquiv>
        </Word>
        <Word id="w101">
          <Coords points="894,1271 907,1271 907,1314 894,1314"/>
          <TextEquiv>
            <Unicode>ا</Unicode>
          </TextEquiv>
        </Word>
        <Word id="w102">
          <Coords points="836,1286 895,1286 895,1352 836,1352"/>
          <TextEquiv>
            <Unicode>منو</Unicode>
          </TextEquiv>
        </Word>
        <Word id="w103">
          <Coords points="829,1277 840,1277 840,1331 829,1331"/>
          <TextEquiv>
            <Unicode>ا</Unicode>
          </TextEquiv>
        </Word>
        <Word id="w104">
          <Coords points="733,1294 826,1294 826,1340 733,1340"/>
          <TextEquiv>
            <Unicode>معه</Unicode>
          </TextEquiv>
        </Word>
        <Word id="w105">
          <Coords points="655,1313 721,1313 721,1361 655,1361"/>
          <TextEquiv>
            <Unicode>متى</Unicode>
          </TextEquiv>
        </Word>
        <Word id="w106">
          <Coords points="608,1296 677,1296 677,1356 608,1356"/>
          <TextEquiv>
            <Unicode>نصر</Unicode>
          </TextEquiv>
        </Word>
        <Word id="w107">
          <Coords points="598,1290 614,1290 614,1337 598,1337"/>
          <TextEquiv>
            <Unicode>ا</Unicode>
          </TextEquiv>
        </Word>
        <Word id="w108">
          <Coords points="571,1324 601,1324 601,1346 571,1346"/>
          <TextEquiv>
            <Unicode>لله</Unicode>
          </TextEquiv>
        </Word>
        <Word id="w109">
          <Coords points="550,1300 564,1300 564,1345 550,1345"/>
          <TextEquiv>
            <Unicode>ا</Unicode>
          </TextEquiv>
        </Word>
        <Word id="w110">
          <Coords points="506,1302 562,1302 562,1351 506,1351"/>
          <TextEquiv>
            <Unicode>لا</Unicode>
          </TextEquiv>
        </Word>
        <Word id="w111">
          <Coords points="493,1304 504,1304 504,1349 493,1349"/>
          <TextEquiv>
            <Unicode>ا</Unicode>
          </TextEquiv>
        </Word>
        <Word id="w112">
          <Coords points="398,1303 464,1303 464,1368 398,1368"/>
          <TextEquiv>
            <Unicode>نصر</Unicode>
          </TextEquiv>
        </Word>
        <Word id="w113">
          <Coords points="386,1298 399,1298 399,1351 386,1351"/>
          <TextEquiv>
            <Unicode>ا</Unicode>
          </TextEquiv>
        </Word>
        <Word id="w114">
          <Coords points="372,1325 488,1325 488,1380 372,1380"/>
          <TextEquiv>
            <Unicode>ن</Unicode>
          </TextEquiv>
        </Word>
        <Word id="w115">
          <Coords points="353,1333 384,1333 384,1357 353,1357"/>
          <TextEquiv>
            <Unicode>لله</Unicode>
          </TextEquiv>
        </Word>
        <Word id="w116">
          <Coords points="312,1308 350,1308 350,1371 312,1371"/>
          <TextEquiv>
            <Unicode>قر</Unicode>
          </TextEquiv>
        </Word>
        <Word id="w117">
          <Coords points="262,1328 318,1328 318,1371 262,1371"/>
          <TextEquiv>
            <Unicode>يب</Unicode>
          </TextEquiv>
        </Word>
        <TextEquiv>
          <Unicode> ا و لذ ين ا منو ا معه متى نصر ا لله ا لا ا نصر ا ن لله قر يب</Unicode>
        </TextEquiv>
      </TextLine>
      <TextLine id="l6">
        <Coords points="267,1398 1017,1398 1017,1521 267,1521"/>
        <Word id="w118">
          <Coords points="944,1398 1016,1398 1016,1466 944,1466"/>
          <TextEquiv>
            <Unicode>يسئلو</Unicode>
          </TextEquiv>
        </Word>
        <Word id="w119">
          <Coords points="897,1404 942,1404 942,1453 897,1453"/>
          <TextEquiv>
            <Unicode>نك</Unicode>
          </TextEquiv>
        </Word>
        <Word id="w120">
          <Coords points="857,1409 886,1409 886,1453 857,1453"/>
          <TextEquiv>
            <Unicode>ما</Unicode>
          </TextEquiv>
        </Word>
        <Word id="w121">
          <Coords points="832,1417 848,1417 848,1457 832,1457"/>
          <TextEquiv>
            <Unicode>ذ</Unicode>
          </TextEquiv>
        </Word>
        <Word id="w122">
          <Coords points="814,1405 830,1405 830,1452 814,1452"/>
          <TextEquiv>
            <Unicode>ا</Unicode>
          </TextEquiv>
        </Word>
        <Word id="w123">
          <Coords points="707,1412 820,1412 820,1479 707,1479"/>
          <TextEquiv>
            <Unicode>ينفقو</Unicode>
          </TextEquiv>
        </Word>
        <Word id="w124">
          <Coords points="681,1432 712,1432 712,1466 681,1466"/>
          <TextEquiv>
            <Unicode>ن</Unicode>
          </TextEquiv>
        </Word>
        <Word id="w125">
          <Coords points="622,1401 668,1401 668,1485 622,1485"/>
          <TextEquiv>
            <Unicode>قل</Unicode>
          </TextEquiv>
        </Word>
        <Word id="w126">
          <Coords points="597,1413 624,1413 624,1469 597,1469"/>
          <TextEquiv>
            <Unicode>ما</Unicode>
          </TextEquiv>
        </Word>
        <Word id="w127">
          <Coords points="578,1416 591,1416 591,1471 578,1471"/>
          <TextEquiv>
            <Unicode>ا</Unicode>
          </TextEquiv>
        </Word>
        <Word id="w128">
          <Coords points="475,1421 575,1421 575,1520 475,1520"/>
          <TextEquiv>
            <Unicode>نفقتم</Unicode>
          </TextEquiv>
        </Word>
        <Word id="w129">
          <Coords points="430,1439 474,1439 474,1489 430,1489"/>
          <TextEquiv>
            <Unicode>من</Unicode>
          </TextEquiv>
        </Word>
        <Word id="w130">
          <Coords points="376,1409 435,1409 435,1494 376,1494"/>
          <TextEquiv>
            <Unicode>خير</Unicode>
          </TextEquiv>
        </Word>
        <Word id="w131">
          <Coords points="322,1425 379,1425 379,1501 322,1501"/>
          <TextEquiv>
            <Unicode>فللو</Unicode>
          </TextEquiv>
        </Word>
        <Word id="w132">
          <Coords points="316,1421 328,1421 328,1464 316,1464"/>
          <TextEquiv>
            <Unicode>ا</Unicode>
          </TextEquiv>
        </Word>
        <Word id="w133">
          <Coords points="281,1421 319,1421 319,1479 281,1479"/>
          <TextEquiv>
            <Unicode>لد</Unicode>
          </TextEquiv>
        </Word>
        <Word id="w134">
          <Coords points="267,1399 296,1399 296,1461 267,1461"/>
          <TextEquiv>
            <Unicode>ين</Unicode>
          </TextEquiv>
        </Word>
        <TextEquiv>
          <Unicode> يسئلو نك ما ذ ا ينفقو ن قل ما ا نفقتم من خير فللو ا لد ين</Unicode>
        </TextEquiv>
      </TextLine>
      <TextLine id="l7">
        <Coords points="269,1496 1022,1496 1022,1638 269,1638"/>
        <Word id="w135">
          <Coords points="998,1551 1021,1551 1021,1577 998,1577"/>
          <TextEquiv>
            <Unicode>و</Unicode>
          </TextEquiv>
        </Word>
        <Word id="w136">
          <Coords points="990,1518 1002,1518 1002,1566 990,1566"/>
          <TextEquiv>
            <Unicode>ا</Unicode>
          </TextEquiv>
        </Word>
        <Word id="w137">
          <Coords points="950,1522 998,1522 998,1568 950,1568"/>
          <TextEquiv>
            <Unicode>لا</Unicode>
          </TextEquiv>
        </Word>
        <Word id="w138">
          <Coords points="924,1527 951,1527 951,1583 924,1583"/>
          <TextEquiv>
            <Unicode>قر</Unicode>
          </TextEquiv>
        </Word>
        <Word id="w139">
          <Coords points="878,1549 925,1549 925,1600 878,1600"/>
          <TextEquiv>
            <Unicode>بين</Unicode>
          </TextEquiv>
        </Word>
        <Word id="w140">
          <Coords points="849,1552 870,1552 870,1577 849,1577"/>
          <TextEquiv>
            <Unicode>و</Unicode>
          </TextEquiv>
        </Word>
        <Word id="w141">
          <Coords points="834,1522 850,1522 850,1569 834,1569"/>
          <TextEquiv>
            <Unicode>ا</Unicode>
          </TextEquiv>
        </Word>
        <Word id="w142">
          <Coords points="783,1532 835,1532 835,1595 783,1595"/>
          <TextEquiv>
            <Unicode>لبتا</Unicode>
          </TextEquiv>
        </Word>
        <Word id="w143">
          <Coords points="721,1556 776,1556 776,1599 721,1599"/>
          <TextEquiv>
            <Unicode>مى</Unicode>
          </TextEquiv>
        </Word>
        <Word id="w144">
          <Coords points="708,1537 719,1537 719,1581 708,1581"/>
          <TextEquiv>
            <Unicode>ا</Unicode>
          </TextEquiv>
        </Word>
        <Word id="w145">
          <Coords points="643,1540 705,1540 705,1592 643,1592"/>
          <TextEquiv>
            <Unicode>لمسا</Unicode>
          </TextEquiv>
        </Word>
        <Word id="w146">
          <Coords points="576,1496 644,1496 644,1608 576,1608"/>
          <TextEquiv>
            <Unicode>كين</Unicode>
          </TextEquiv>
        </Word>
        <Word id="w147">
          <Coords points="554,1562 584,1562 584,1598 554,1598"/>
          <TextEquiv>
            <Unicode>و</Unicode>
          </TextEquiv>
        </Word>
        <Word id="w148">
          <Coords points="549,1530 569,1530 569,1583 549,1583"/>
          <TextEquiv>
            <Unicode>ا</Unicode>
          </TextEquiv>
        </Word>
        <Word id="w149">
          <Coords points="502,1539 522,1539 522,1596 502,1596"/>
          <TextEquiv>
            <Unicode>ا</Unicode>
          </TextEquiv>
        </Word>
        <Word id="w150">
          <Coords points="399,1540 505,1540 505,1637 399,1637"/>
          <TextEquiv>
            <Unicode>لسبيل</Unicode>
          </TextEquiv>
        </Word>
        <Word id="w151">
          <Coords points="385,1566 409,1566 409,1610 385,1610"/>
          <TextEquiv>
            <Unicode>و</Unicode>
          </TextEquiv>
        </Word>
        <Word id="w152">
          <Coords points="348,1554 380,1554 380,1603 348,1603"/>
          <TextEquiv>
            <Unicode>ما</Unicode>
          </TextEquiv>
        </Word>
        <Word id="w153">
          <Coords points="270,1528 279,1528 279,1580 270,1580"/>
          <TextEquiv>
            <Unicode>ا</Unicode>
          </TextEquiv>
        </Word>
        <Word id="w154">
          <Coords points="269,1550 345,1550 345,1614 269,1614"/>
          <TextEquiv>
            <Unicode>تفعلو</Unicode>
          </TextEquiv>
        </Word>
        <TextEquiv>
          <Unicode> و ا لا قر بين و ا لبتا مى ا لمسا كين و ا ا لسبيل و ما ا تفعلو</Unicode>
        </TextEquiv>
      </TextLine>
    </TextRegion>
  </Page>
</PcGts>
