<?xml version='1.0' encoding='utf-8'?>
<PcGts xmlns:xsi="http://www.w3.org/2001/XMLSchema-instance" xmlns="http://schema.primaresearch.org/PAGE/gts/pagecontent/2019-07-15" xsi:schemaLocation="http://schema.primaresearch.org/PAGE/gts/pagecontent/2019-07-15 http://schema.primaresearch.org/PAGE/gts/pagecontent/2019-07-15/pagecontent.xsd" pcGtsId="pc-aletheiaexamplepage">
  <Metadata>
    <Creator>PRImA Research Lab</Creator>
    <Created>2015-07-17T15:27:13</Created>
    <LastChange>2017-07-14T10:03:33</LastChange>
    <Comments>Example Page</Comments>
  </Metadata>
  <Page imageFilename="3157556/0030-2.png" imageWidth="1305" imageHeight="2005">
    <TextRegion id="r0" type="paragraph">
      <Coords points="1,1 1303,1 1303,2003 1,2003"/>
      <TextLine id="l0">
        <Coords points="248,341 985,341 985,482 248,482"/>
        <Word id="w0">
          <Coords points="968,348 984,348 984,387 968,387"/>
          <TextEquiv>
            <Unicode>ا</Unicode>
          </TextEquiv>
        </Word>
        <Word id="w1">
          <Coords points="945,378 969,378 969,397 945,397"/>
          <TextEquiv>
            <Unicode>لله</Unicode>
          </TextEquiv>
        </Word>
        <Word id="w2">
          <Coords points="914,371 932,371 932,408 914,408"/>
          <TextEquiv>
            <Unicode>و</Unicode>
          </TextEquiv>
        </Word>
        <Word id="w3">
          <Coords points="903,347 913,347 913,392 903,392"/>
          <TextEquiv>
            <Unicode>ا</Unicode>
          </TextEquiv>
        </Word>
        <Word id="w4">
          <Coords points="848,367 898,367 898,443 848,443"/>
          <TextEquiv>
            <Unicode>علمو</Unicode>
          </TextEquiv>
        </Word>
        <Word id="w5">
          <Coords points="833,360 846,360 846,403 833,403"/>
          <TextEquiv>
            <Unicode>ا</Unicode>
          </TextEquiv>
        </Word>
        <Word id="w6">
          <Coords points="820,362 828,362 828,405 820,405"/>
          <TextEquiv>
            <Unicode>ا</Unicode>
          </TextEquiv>
        </Word>
        <Word id="w7">
          <Coords points="792,390 815,390 815,418 792,418"/>
          <TextEquiv>
            <Unicode>ن</Unicode>
          </TextEquiv>
        </Word>
        <Word id="w8">
          <Coords points="776,349 789,349 789,394 776,394"/>
          <TextEquiv>
            <Unicode>ا</Unicode>
          </TextEquiv>
        </Word>
        <Word id="w9">
          <Coords points="755,387 779,387 779,409 755,409"/>
          <TextEquiv>
            <Unicode>لله</Unicode>
          </TextEquiv>
        </Word>
        <Word id="w10">
          <Coords points="691,341 748,341 748,436 691,436"/>
          <TextEquiv>
            <Unicode>بكل</Unicode>
          </TextEquiv>
        </Word>
        <Word id="w11">
          <Coords points="654,362 696,362 696,463 654,463"/>
          <TextEquiv>
            <Unicode>شي</Unicode>
          </TextEquiv>
        </Word>
        <Word id="w12">
          <Coords points="589,372 642,372 642,476 589,476"/>
          <TextEquiv>
            <Unicode>عليم</Unicode>
          </TextEquiv>
        </Word>
        <Word id="w13">
          <Coords points="536,405 557,405 557,433 536,433"/>
          <TextEquiv>
            <Unicode>و</Unicode>
          </TextEquiv>
        </Word>
        <Word id="w14">
          <Coords points="531,373 536,373 536,416 531,416"/>
          <TextEquiv>
            <Unicode>ا</Unicode>
          </TextEquiv>
        </Word>
        <Word id="w15">
          <Coords points="509,382 528,382 528,428 509,428"/>
          <TextEquiv>
            <Unicode>ذ</Unicode>
          </TextEquiv>
        </Word>
        <Word id="w16">
          <Coords points="497,374 505,374 505,415 497,415"/>
          <TextEquiv>
            <Unicode>ا</Unicode>
          </TextEquiv>
        </Word>
        <Word id="w17">
          <Coords points="378,380 492,380 492,481 378,481"/>
          <TextEquiv>
            <Unicode>طلقتم</Unicode>
          </TextEquiv>
        </Word>
        <Word id="w18">
          <Coords points="364,374 379,374 379,420 364,420"/>
          <TextEquiv>
            <Unicode>ا</Unicode>
          </TextEquiv>
        </Word>
        <Word id="w19">
          <Coords points="265,369 364,369 364,432 265,432"/>
          <TextEquiv>
            <Unicode>لنسا</Unicode>
          </TextEquiv>
        </Word>
        <Word id="w20">
          <Coords points="248,414 260,414 260,431 248,431"/>
          <TextEquiv>
            <Unicode>ء</Unicode>
          </TextEquiv>
        </Word>
        <TextEquiv>
          <Unicode> ا لله و ا علمو ا ا ن ا لله بكل شي عليم و ا ذ ا طلقتم ا لنسا ء</Unicode>
        </TextEquiv>
      </TextLine>
      <TextLine id="l1">
        <Coords points="249,452 987,452 987,578 249,578"/>
        <Word id="w21">
          <Coords points="901,473 986,473 986,543 901,543"/>
          <TextEquiv>
            <Unicode>فبلغن</Unicode>
          </TextEquiv>
        </Word>
        <Word id="w22">
          <Coords points="898,466 905,466 905,521 898,521"/>
          <TextEquiv>
            <Unicode>ا</Unicode>
          </TextEquiv>
        </Word>
        <Word id="w23">
          <Coords points="800,477 895,477 895,544 800,544"/>
          <TextEquiv>
            <Unicode>جلهن</Unicode>
          </TextEquiv>
        </Word>
        <Word id="w24">
          <Coords points="756,483 805,483 805,533 756,533"/>
          <TextEquiv>
            <Unicode>فلا</Unicode>
          </TextEquiv>
        </Word>
        <Word id="w25">
          <Coords points="644,472 751,472 751,544 644,544"/>
          <TextEquiv>
            <Unicode>تعضلو</Unicode>
          </TextEquiv>
        </Word>
        <Word id="w26">
          <Coords points="597,505 647,505 647,548 597,548"/>
          <TextEquiv>
            <Unicode>هن</Unicode>
          </TextEquiv>
        </Word>
        <Word id="w27">
          <Coords points="575,488 591,488 591,531 575,531"/>
          <TextEquiv>
            <Unicode>ا</Unicode>
          </TextEquiv>
        </Word>
        <Word id="w28">
          <Coords points="549,519 575,519 575,549 549,549"/>
          <TextEquiv>
            <Unicode>ن</Unicode>
          </TextEquiv>
        </Word>
        <Word id="w29">
          <Coords points="466,452 544,452 544,567 466,567"/>
          <TextEquiv>
            <Unicode>ينكحن</Unicode>
          </TextEquiv>
        </Word>
        <Word id="w30">
          <Coords points="460,485 472,485 472,528 460,528"/>
          <TextEquiv>
            <Unicode>ا</Unicode>
          </TextEquiv>
        </Word>
        <Word id="w31">
          <Coords points="436,507 455,507 455,551 436,551"/>
          <TextEquiv>
            <Unicode>ز</Unicode>
          </TextEquiv>
        </Word>
        <Word id="w32">
          <Coords points="412,525 433,525 433,552 412,552"/>
          <TextEquiv>
            <Unicode>و</Unicode>
          </TextEquiv>
        </Word>
        <Word id="w33">
          <Coords points="395,493 406,493 406,538 395,538"/>
          <TextEquiv>
            <Unicode>ا</Unicode>
          </TextEquiv>
        </Word>
        <Word id="w34">
          <Coords points="328,524 398,524 398,577 328,577"/>
          <TextEquiv>
            <Unicode>جهن</Unicode>
          </TextEquiv>
        </Word>
        <Word id="w35">
          <Coords points="317,500 332,500 332,545 317,545"/>
          <TextEquiv>
            <Unicode>ا</Unicode>
          </TextEquiv>
        </Word>
        <Word id="w36">
          <Coords points="285,493 304,493 304,552 285,552"/>
          <TextEquiv>
            <Unicode>ذ</Unicode>
          </TextEquiv>
        </Word>
        <Word id="w37">
          <Coords points="249,493 268,493 268,546 249,546"/>
          <TextEquiv>
            <Unicode>ا</Unicode>
          </TextEquiv>
        </Word>
        <TextEquiv>
          <Unicode> فبلغن ا جلهن فلا تعضلو هن ا ن ينكحن ا ز و ا جهن ا ذ ا</Unicode>
        </TextEquiv>
      </TextLine>
      <TextLine id="l2">
        <Coords points="241,575 1000,575 1000,682 241,682"/>
        <Word id="w38">
          <Coords points="964,590 999,590 999,640 964,640"/>
          <TextEquiv>
            <Unicode>تر</Unicode>
          </TextEquiv>
        </Word>
        <Word id="w39">
          <Coords points="948,575 966,575 966,623 948,623"/>
          <TextEquiv>
            <Unicode>ا</Unicode>
          </TextEquiv>
        </Word>
        <Word id="w40">
          <Coords points="904,594 955,594 955,649 904,649"/>
          <TextEquiv>
            <Unicode>ضو</Unicode>
          </TextEquiv>
        </Word>
        <Word id="w41">
          <Coords points="893,590 905,590 905,636 893,636"/>
          <TextEquiv>
            <Unicode>ا</Unicode>
          </TextEquiv>
        </Word>
        <Word id="w42">
          <Coords points="818,598 895,598 895,681 818,681"/>
          <TextEquiv>
            <Unicode>بينهم</Unicode>
          </TextEquiv>
        </Word>
        <Word id="w43">
          <Coords points="794,594 808,594 808,657 794,657"/>
          <TextEquiv>
            <Unicode>با</Unicode>
          </TextEquiv>
        </Word>
        <Word id="w44">
          <Coords points="738,602 791,602 791,665 738,665"/>
          <TextEquiv>
            <Unicode>لمعر</Unicode>
          </TextEquiv>
        </Word>
        <Word id="w45">
          <Coords points="717,624 744,624 744,661 717,661"/>
          <TextEquiv>
            <Unicode>و</Unicode>
          </TextEquiv>
        </Word>
        <Word id="w46">
          <Coords points="662,606 720,606 720,655 662,655"/>
          <TextEquiv>
            <Unicode>ف</Unicode>
          </TextEquiv>
        </Word>
        <Word id="w47">
          <Coords points="644,601 665,601 665,644 644,644"/>
          <TextEquiv>
            <Unicode>ذ</Unicode>
          </TextEquiv>
        </Word>
        <Word id="w48">
          <Coords points="577,611 635,611 635,659 577,659"/>
          <TextEquiv>
            <Unicode>لك</Unicode>
          </TextEquiv>
        </Word>
        <Word id="w49">
          <Coords points="538,624 583,624 583,675 538,675"/>
          <TextEquiv>
            <Unicode>يو</Unicode>
          </TextEquiv>
        </Word>
        <Word id="w50">
          <Coords points="484,609 542,609 542,661 484,661"/>
          <TextEquiv>
            <Unicode>عظ</Unicode>
          </TextEquiv>
        </Word>
        <Word id="w51">
          <Coords points="450,638 481,638 481,677 450,677"/>
          <TextEquiv>
            <Unicode>به</Unicode>
          </TextEquiv>
        </Word>
        <Word id="w52">
          <Coords points="392,626 444,626 444,674 392,674"/>
          <TextEquiv>
            <Unicode>من</Unicode>
          </TextEquiv>
        </Word>
        <Word id="w53">
          <Coords points="378,587 421,587 421,676 378,676"/>
          <TextEquiv>
            <Unicode>كا</Unicode>
          </TextEquiv>
        </Word>
        <Word id="w54">
          <Coords points="339,638 367,638 367,677 339,677"/>
          <TextEquiv>
            <Unicode>ن</Unicode>
          </TextEquiv>
        </Word>
        <Word id="w55">
          <Coords points="241,589 332,589 332,677 241,677"/>
          <TextEquiv>
            <Unicode>منكم</Unicode>
          </TextEquiv>
        </Word>
        <TextEquiv>
          <Unicode> تر ا ضو ا بينهم با لمعر و ف ذ لك يو عظ به من كا ن منكم</Unicode>
        </TextEquiv>
      </TextLine>
      <TextLine id="l3">
        <Coords points="253,699 1013,699 1013,823 253,823"/>
        <Word id="w56">
          <Coords points="967,714 1012,714 1012,779 967,779"/>
          <TextEquiv>
            <Unicode>بؤ</Unicode>
          </TextEquiv>
        </Word>
        <Word id="w57">
          <Coords points="924,715 967,715 967,773 924,773"/>
          <TextEquiv>
            <Unicode>من</Unicode>
          </TextEquiv>
        </Word>
        <Word id="w58">
          <Coords points="907,699 926,699 926,773 907,773"/>
          <TextEquiv>
            <Unicode>با</Unicode>
          </TextEquiv>
        </Word>
        <Word id="w59">
          <Coords points="883,739 909,739 909,760 883,760"/>
          <TextEquiv>
            <Unicode>لله</Unicode>
          </TextEquiv>
        </Word>
        <Word id="w60">
          <Coords points="849,748 869,748 869,774 849,774"/>
          <TextEquiv>
            <Unicode>و</Unicode>
          </TextEquiv>
        </Word>
        <Word id="w61">
          <Coords points="838,713 852,713 852,762 838,762"/>
          <TextEquiv>
            <Unicode>ا</Unicode>
          </TextEquiv>
        </Word>
        <Word id="w62">
          <Coords points="796,722 839,722 839,781 796,781"/>
          <TextEquiv>
            <Unicode>ليو</Unicode>
          </TextEquiv>
        </Word>
        <Word id="w63">
          <Coords points="776,754 794,754 794,807 776,807"/>
          <TextEquiv>
            <Unicode>م</Unicode>
          </TextEquiv>
        </Word>
        <Word id="w64">
          <Coords points="765,704 776,704 776,755 765,755"/>
          <TextEquiv>
            <Unicode>ا</Unicode>
          </TextEquiv>
        </Word>
        <Word id="w65">
          <Coords points="727,717 770,717 770,759 727,759"/>
          <TextEquiv>
            <Unicode>لا</Unicode>
          </TextEquiv>
        </Word>
        <Word id="w66">
          <Coords points="691,708 734,708 734,784 691,784"/>
          <TextEquiv>
            <Unicode>خر</Unicode>
          </TextEquiv>
        </Word>
        <Word id="w67">
          <Coords points="679,720 693,720 693,775 679,775"/>
          <TextEquiv>
            <Unicode>ذ</Unicode>
          </TextEquiv>
        </Word>
        <Word id="w68">
          <Coords points="630,701 669,701 669,821 630,821"/>
          <TextEquiv>
            <Unicode>لكم</Unicode>
          </TextEquiv>
        </Word>
        <Word id="w69">
          <Coords points="603,717 619,717 619,768 603,768"/>
          <TextEquiv>
            <Unicode>ا</Unicode>
          </TextEquiv>
        </Word>
        <Word id="w70">
          <Coords points="581,740 608,740 608,783 581,783"/>
          <TextEquiv>
            <Unicode>ز</Unicode>
          </TextEquiv>
        </Word>
        <Word id="w71">
          <Coords points="540,706 582,706 582,794 540,794"/>
          <TextEquiv>
            <Unicode>كى</Unicode>
          </TextEquiv>
        </Word>
        <Word id="w72">
          <Coords points="504,700 537,700 537,820 504,820"/>
          <TextEquiv>
            <Unicode>لكم</Unicode>
          </TextEquiv>
        </Word>
        <Word id="w73">
          <Coords points="468,753 489,753 489,790 468,790"/>
          <TextEquiv>
            <Unicode>و</Unicode>
          </TextEquiv>
        </Word>
        <Word id="w74">
          <Coords points="453,727 462,727 462,780 453,780"/>
          <TextEquiv>
            <Unicode>ا</Unicode>
          </TextEquiv>
        </Word>
        <Word id="w75">
          <Coords points="374,734 448,734 448,809 374,809"/>
          <TextEquiv>
            <Unicode>طهر</Unicode>
          </TextEquiv>
        </Word>
        <Word id="w76">
          <Coords points="359,763 385,763 385,790 359,790"/>
          <TextEquiv>
            <Unicode>و</Unicode>
          </TextEquiv>
        </Word>
        <Word id="w77">
          <Coords points="352,728 364,728 364,771 352,771"/>
          <TextEquiv>
            <Unicode>ا</Unicode>
          </TextEquiv>
        </Word>
        <Word id="w78">
          <Coords points="323,765 352,765 352,786 323,786"/>
          <TextEquiv>
            <Unicode>لله</Unicode>
          </TextEquiv>
        </Word>
        <Word id="w79">
          <Coords points="253,731 318,731 318,822 253,822"/>
          <TextEquiv>
            <Unicode>يعلم</Unicode>
          </TextEquiv>
        </Word>
        <TextEquiv>
          <Unicode> بؤ من با لله و ا ليو م ا لا خر ذ لكم ا ز كى لكم و ا طهر و ا لله يعلم</Unicode>
        </TextEquiv>
      </TextLine>
      <TextLine id="l4">
        <Coords points="276,1164 1026,1164 1026,1300 276,1300"/>
        <Word id="w80">
          <Coords points="1009,1178 1025,1178 1025,1230 1009,1230"/>
          <TextEquiv>
            <Unicode>ا</Unicode>
          </TextEquiv>
        </Word>
        <Word id="w81">
          <Coords points="984,1206 1004,1206 1004,1237 984,1237"/>
          <TextEquiv>
            <Unicode>و</Unicode>
          </TextEquiv>
        </Word>
        <Word id="w82">
          <Coords points="956,1180 998,1180 998,1225 956,1225"/>
          <TextEquiv>
            <Unicode>لا</Unicode>
          </TextEquiv>
        </Word>
        <Word id="w83">
          <Coords points="943,1212 958,1212 958,1231 943,1231"/>
          <TextEquiv>
            <Unicode>د</Unicode>
          </TextEquiv>
        </Word>
        <Word id="w84">
          <Coords points="890,1208 938,1208 938,1254 890,1254"/>
          <TextEquiv>
            <Unicode>هن</Unicode>
          </TextEquiv>
        </Word>
        <Word id="w85">
          <Coords points="855,1214 901,1214 901,1247 855,1247"/>
          <TextEquiv>
            <Unicode>حو</Unicode>
          </TextEquiv>
        </Word>
        <Word id="w86">
          <Coords points="811,1165 857,1165 857,1256 811,1256"/>
          <TextEquiv>
            <Unicode>لين</Unicode>
          </TextEquiv>
        </Word>
        <Word id="w87">
          <Coords points="779,1164 822,1164 822,1244 779,1244"/>
          <TextEquiv>
            <Unicode>كا</Unicode>
          </TextEquiv>
        </Word>
        <Word id="w88">
          <Coords points="699,1195 775,1195 775,1261 699,1261"/>
          <TextEquiv>
            <Unicode>ملين</Unicode>
          </TextEquiv>
        </Word>
        <Word id="w89">
          <Coords points="651,1186 693,1186 693,1257 651,1257"/>
          <TextEquiv>
            <Unicode>لمن</Unicode>
          </TextEquiv>
        </Word>
        <Word id="w90">
          <Coords points="637,1194 652,1194 652,1235 637,1235"/>
          <TextEquiv>
            <Unicode>ا</Unicode>
          </TextEquiv>
        </Word>
        <Word id="w91">
          <Coords points="620,1232 638,1232 638,1254 620,1254"/>
          <TextEquiv>
            <Unicode>ر</Unicode>
          </TextEquiv>
        </Word>
        <Word id="w92">
          <Coords points="608,1196 617,1196 617,1240 608,1240"/>
          <TextEquiv>
            <Unicode>ا</Unicode>
          </TextEquiv>
        </Word>
        <Word id="w93">
          <Coords points="583,1223 601,1223 601,1253 583,1253"/>
          <TextEquiv>
            <Unicode>د</Unicode>
          </TextEquiv>
        </Word>
        <Word id="w94">
          <Coords points="561,1204 577,1204 577,1249 561,1249"/>
          <TextEquiv>
            <Unicode>ا</Unicode>
          </TextEquiv>
        </Word>
        <Word id="w95">
          <Coords points="533,1220 557,1220 557,1260 533,1260"/>
          <TextEquiv>
            <Unicode>ن</Unicode>
          </TextEquiv>
        </Word>
        <Word id="w96">
          <Coords points="489,1212 520,1212 520,1299 489,1299"/>
          <TextEquiv>
            <Unicode>يتم</Unicode>
          </TextEquiv>
        </Word>
        <Word id="w97">
          <Coords points="465,1210 481,1210 481,1260 465,1260"/>
          <TextEquiv>
            <Unicode>ا</Unicode>
          </TextEquiv>
        </Word>
        <Word id="w98">
          <Coords points="435,1207 459,1207 459,1276 435,1276"/>
          <TextEquiv>
            <Unicode>لر</Unicode>
          </TextEquiv>
        </Word>
        <Word id="w99">
          <Coords points="388,1215 437,1215 437,1265 388,1265"/>
          <TextEquiv>
            <Unicode>ضا</Unicode>
          </TextEquiv>
        </Word>
        <Word id="w100">
          <Coords points="338,1230 379,1230 379,1273 338,1273"/>
          <TextEquiv>
            <Unicode>عة</Unicode>
          </TextEquiv>
        </Word>
        <Word id="w101">
          <Coords points="311,1238 338,1238 338,1269 311,1269"/>
          <TextEquiv>
            <Unicode>و</Unicode>
          </TextEquiv>
        </Word>
        <Word id="w102">
          <Coords points="276,1194 325,1194 325,1268 276,1268"/>
          <TextEquiv>
            <Unicode>عى</Unicode>
          </TextEquiv>
        </Word>
        <TextEquiv>
          <Unicode> ا و لا د هن حو لين كا ملين لمن ا ر ا د ا ن يتم ا لر ضا عة و عى</Unicode>
        </TextEquiv>
      </TextLine>
      <TextLine id="l5">
        <Coords points="283,1301 1026,1301 1026,1394 283,1394"/>
        <Word id="w103">
          <Coords points="1015,1306 1025,1306 1025,1362 1015,1362"/>
          <TextEquiv>
            <Unicode>ا</Unicode>
          </TextEquiv>
        </Word>
        <Word id="w104">
          <Coords points="976,1301 1011,1301 1011,1365 976,1365"/>
          <TextEquiv>
            <Unicode>لمو</Unicode>
          </TextEquiv>
        </Word>
        <Word id="w105">
          <Coords points="947,1306 976,1306 976,1365 947,1365"/>
          <TextEquiv>
            <Unicode>لو</Unicode>
          </TextEquiv>
        </Word>
        <Word id="w106">
          <Coords points="933,1331 949,1331 949,1352 933,1352"/>
          <TextEquiv>
            <Unicode>د</Unicode>
          </TextEquiv>
        </Word>
        <Word id="w107">
          <Coords points="900,1304 923,1304 923,1352 900,1352"/>
          <TextEquiv>
            <Unicode>له</Unicode>
          </TextEquiv>
        </Word>
        <Word id="w108">
          <Coords points="874,1334 892,1334 892,1364 874,1364"/>
          <TextEquiv>
            <Unicode>ر</Unicode>
          </TextEquiv>
        </Word>
        <Word id="w109">
          <Coords points="851,1302 871,1302 871,1357 851,1357"/>
          <TextEquiv>
            <Unicode>ز</Unicode>
          </TextEquiv>
        </Word>
        <Word id="w110">
          <Coords points="784,1310 846,1310 846,1373 784,1373"/>
          <TextEquiv>
            <Unicode>قهن</Unicode>
          </TextEquiv>
        </Word>
        <Word id="w111">
          <Coords points="744,1341 771,1341 771,1372 744,1372"/>
          <TextEquiv>
            <Unicode>و</Unicode>
          </TextEquiv>
        </Word>
        <Word id="w112">
          <Coords points="686,1312 743,1312 743,1384 686,1384"/>
          <TextEquiv>
            <Unicode>كسو</Unicode>
          </TextEquiv>
        </Word>
        <Word id="w113">
          <Coords points="628,1328 684,1328 684,1393 628,1393"/>
          <TextEquiv>
            <Unicode>تهن</Unicode>
          </TextEquiv>
        </Word>
        <Word id="w114">
          <Coords points="606,1318 627,1318 627,1388 606,1388"/>
          <TextEquiv>
            <Unicode>با</Unicode>
          </TextEquiv>
        </Word>
        <Word id="w115">
          <Coords points="548,1326 611,1326 611,1387 548,1387"/>
          <TextEquiv>
            <Unicode>لمعر</Unicode>
          </TextEquiv>
        </Word>
        <Word id="w116">
          <Coords points="528,1346 552,1346 552,1387 528,1387"/>
          <TextEquiv>
            <Unicode>و</Unicode>
          </TextEquiv>
        </Word>
        <Word id="w117">
          <Coords points="482,1319 529,1319 529,1372 482,1372"/>
          <TextEquiv>
            <Unicode>ف</Unicode>
          </TextEquiv>
        </Word>
        <Word id="w118">
          <Coords points="441,1328 485,1328 485,1369 441,1369"/>
          <TextEquiv>
            <Unicode>لا</Unicode>
          </TextEquiv>
        </Word>
        <Word id="w119">
          <Coords points="342,1308 441,1308 441,1386 342,1386"/>
          <TextEquiv>
            <Unicode>تكلف</Unicode>
          </TextEquiv>
        </Word>
        <Word id="w120">
          <Coords points="283,1311 348,1311 348,1391 283,1391"/>
          <TextEquiv>
            <Unicode>نفس</Unicode>
          </TextEquiv>
        </Word>
        <TextEquiv>
          <Unicode> ا لمو لو د له ر ز قهن و كسو تهن با لمعر و ف لا تكلف نفس</Unicode>
        </TextEquiv>
      </TextLine>
      <TextLine id="l6">
        <Coords points="283,1428 1029,1428 1029,1525 283,1525"/>
        <Word id="w121">
          <Coords points="1014,1430 1028,1430 1028,1467 1014,1467"/>
          <TextEquiv>
            <Unicode>ا</Unicode>
          </TextEquiv>
        </Word>
        <Word id="w122">
          <Coords points="977,1431 1024,1431 1024,1475 977,1475"/>
          <TextEquiv>
            <Unicode>لا</Unicode>
          </TextEquiv>
        </Word>
        <Word id="w123">
          <Coords points="951,1461 973,1461 973,1493 951,1493"/>
          <TextEquiv>
            <Unicode>و</Unicode>
          </TextEquiv>
        </Word>
        <Word id="w124">
          <Coords points="884,1430 960,1430 960,1491 884,1491"/>
          <TextEquiv>
            <Unicode>سعها</Unicode>
          </TextEquiv>
        </Word>
        <Word id="w125">
          <Coords points="836,1433 883,1433 883,1485 836,1485"/>
          <TextEquiv>
            <Unicode>لا</Unicode>
          </TextEquiv>
        </Word>
        <Word id="w126">
          <Coords points="781,1429 841,1429 841,1488 781,1488"/>
          <TextEquiv>
            <Unicode>تضا</Unicode>
          </TextEquiv>
        </Word>
        <Word id="w127">
          <Coords points="751,1475 771,1475 771,1496 751,1496"/>
          <TextEquiv>
            <Unicode>ر</Unicode>
          </TextEquiv>
        </Word>
        <Word id="w128">
          <Coords points="728,1471 747,1471 747,1494 728,1494"/>
          <TextEquiv>
            <Unicode>و</Unicode>
          </TextEquiv>
        </Word>
        <Word id="w129">
          <Coords points="712,1434 730,1434 730,1486 712,1486"/>
          <TextEquiv>
            <Unicode>ا</Unicode>
          </TextEquiv>
        </Word>
        <Word id="w130">
          <Coords points="680,1445 713,1445 713,1504 680,1504"/>
          <TextEquiv>
            <Unicode>لد</Unicode>
          </TextEquiv>
        </Word>
        <Word id="w131">
          <Coords points="661,1439 683,1439 683,1487 661,1487"/>
          <TextEquiv>
            <Unicode>ة</Unicode>
          </TextEquiv>
        </Word>
        <Word id="w132">
          <Coords points="617,1465 656,1465 656,1504 617,1504"/>
          <TextEquiv>
            <Unicode>بو</Unicode>
          </TextEquiv>
        </Word>
        <Word id="w133">
          <Coords points="585,1445 616,1445 616,1496 585,1496"/>
          <TextEquiv>
            <Unicode>لد</Unicode>
          </TextEquiv>
        </Word>
        <Word id="w134">
          <Coords points="545,1443 585,1443 585,1494 545,1494"/>
          <TextEquiv>
            <Unicode>ها</Unicode>
          </TextEquiv>
        </Word>
        <Word id="w135">
          <Coords points="509,1469 532,1469 532,1504 509,1504"/>
          <TextEquiv>
            <Unicode>و</Unicode>
          </TextEquiv>
        </Word>
        <Word id="w136">
          <Coords points="473,1443 516,1443 516,1493 473,1493"/>
          <TextEquiv>
            <Unicode>لا</Unicode>
          </TextEquiv>
        </Word>
        <Word id="w137">
          <Coords points="441,1476 476,1476 476,1524 441,1524"/>
          <TextEquiv>
            <Unicode>مو</Unicode>
          </TextEquiv>
        </Word>
        <Word id="w138">
          <Coords points="411,1444 438,1444 438,1507 411,1507"/>
          <TextEquiv>
            <Unicode>لو</Unicode>
          </TextEquiv>
        </Word>
        <Word id="w139">
          <Coords points="395,1473 411,1473 411,1495 395,1495"/>
          <TextEquiv>
            <Unicode>د</Unicode>
          </TextEquiv>
        </Word>
        <Word id="w140">
          <Coords points="362,1448 387,1448 387,1496 362,1496"/>
          <TextEquiv>
            <Unicode>له</Unicode>
          </TextEquiv>
        </Word>
        <Word id="w141">
          <Coords points="318,1470 368,1470 368,1507 318,1507"/>
          <TextEquiv>
            <Unicode>بو</Unicode>
          </TextEquiv>
        </Word>
        <Word id="w142">
          <Coords points="287,1434 316,1434 316,1470 287,1470"/>
          <TextEquiv>
            <Unicode>ه</Unicode>
          </TextEquiv>
        </Word>
        <Word id="w143">
          <Coords points="283,1428 331,1428 331,1492 283,1492"/>
          <TextEquiv>
            <Unicode>لد</Unicode>
          </TextEquiv>
        </Word>
        <TextEquiv>
          <Unicode> ا لا و سعها لا تضا ر و ا لد ة بو لد ها و لا مو لو د له بو ه لد</Unicode>
        </TextEquiv>
      </TextLine>
      <TextLine id="l7">
        <Coords points="300,1548 1029,1548 1029,1635 300,1635"/>
        <Word id="w144">
          <Coords points="1008,1573 1028,1573 1028,1601 1008,1601"/>
          <TextEquiv>
            <Unicode>و</Unicode>
          </TextEquiv>
        </Word>
        <Word id="w145">
          <Coords points="967,1552 1006,1552 1006,1619 967,1619"/>
          <TextEquiv>
            <Unicode>على</Unicode>
          </TextEquiv>
        </Word>
        <Word id="w146">
          <Coords points="959,1548 969,1548 969,1596 959,1596"/>
          <TextEquiv>
            <Unicode>ا</Unicode>
          </TextEquiv>
        </Word>
        <Word id="w147">
          <Coords points="927,1555 952,1555 952,1613 927,1613"/>
          <TextEquiv>
            <Unicode>لو</Unicode>
          </TextEquiv>
        </Word>
        <Word id="w148">
          <Coords points="912,1556 921,1556 921,1598 912,1598"/>
          <TextEquiv>
            <Unicode>ا</Unicode>
          </TextEquiv>
        </Word>
        <Word id="w149">
          <Coords points="883,1587 908,1587 908,1617 883,1617"/>
          <TextEquiv>
            <Unicode>ر</Unicode>
          </TextEquiv>
        </Word>
        <Word id="w150">
          <Coords points="850,1555 896,1555 896,1600 850,1600"/>
          <TextEquiv>
            <Unicode>ث</Unicode>
          </TextEquiv>
        </Word>
        <Word id="w151">
          <Coords points="780,1564 844,1564 844,1621 780,1621"/>
          <TextEquiv>
            <Unicode>مثل</Unicode>
          </TextEquiv>
        </Word>
        <Word id="w152">
          <Coords points="766,1562 787,1562 787,1602 766,1602"/>
          <TextEquiv>
            <Unicode>ذ</Unicode>
          </TextEquiv>
        </Word>
        <Word id="w153">
          <Coords points="701,1558 761,1558 761,1607 701,1607"/>
          <TextEquiv>
            <Unicode>لك</Unicode>
          </TextEquiv>
        </Word>
        <Word id="w154">
          <Coords points="662,1566 692,1566 692,1609 662,1609"/>
          <TextEquiv>
            <Unicode>فا</Unicode>
          </TextEquiv>
        </Word>
        <Word id="w155">
          <Coords points="640,1592 664,1592 664,1619 640,1619"/>
          <TextEquiv>
            <Unicode>ن</Unicode>
          </TextEquiv>
        </Word>
        <Word id="w156">
          <Coords points="632,1557 641,1557 641,1598 632,1598"/>
          <TextEquiv>
            <Unicode>ا</Unicode>
          </TextEquiv>
        </Word>
        <Word id="w157">
          <Coords points="599,1560 611,1560 611,1598 599,1598"/>
          <TextEquiv>
            <Unicode>ا</Unicode>
          </TextEquiv>
        </Word>
        <Word id="w158">
          <Coords points="562,1560 572,1560 572,1610 562,1610"/>
          <TextEquiv>
            <Unicode>ا</Unicode>
          </TextEquiv>
        </Word>
        <Word id="w159">
          <Coords points="487,1564 555,1564 555,1621 487,1621"/>
          <TextEquiv>
            <Unicode>فصا</Unicode>
          </TextEquiv>
        </Word>
        <Word id="w160">
          <Coords points="447,1574 492,1574 492,1626 447,1626"/>
          <TextEquiv>
            <Unicode>لا</Unicode>
          </TextEquiv>
        </Word>
        <Word id="w161">
          <Coords points="403,1590 448,1590 448,1634 403,1634"/>
          <TextEquiv>
            <Unicode>عن</Unicode>
          </TextEquiv>
        </Word>
        <Word id="w162">
          <Coords points="355,1560 397,1560 397,1631 355,1631"/>
          <TextEquiv>
            <Unicode>تر</Unicode>
          </TextEquiv>
        </Word>
        <Word id="w163">
          <Coords points="352,1560 358,1560 358,1612 352,1612"/>
          <TextEquiv>
            <Unicode>ا</Unicode>
          </TextEquiv>
        </Word>
        <Word id="w164">
          <Coords points="300,1552 344,1552 344,1617 300,1617"/>
          <TextEquiv>
            <Unicode>ض</Unicode>
          </TextEquiv>
        </Word>
        <TextEquiv>
          <Unicode> و على ا لو ا ر ث مثل ذ لك فا ن ا ا ا فصا لا عن تر ا ض</Unicode>
        </TextEquiv>
      </TextLine>
    </TextRegion>
  </Page>
</PcGts>
