<?xml version='1.0' encoding='utf-8'?>
<PcGts xmlns:xsi="http://www.w3.org/2001/XMLSchema-instance" xmlns="http://schema.primaresearch.org/PAGE/gts/pagecontent/2019-07-15" xsi:schemaLocation="http://schema.primaresearch.org/PAGE/gts/pagecontent/2019-07-15 http://schema.primaresearch.org/PAGE/gts/pagecontent/2019-07-15/pagecontent.xsd" pcGtsId="pc-aletheiaexamplepage">
  <Metadata>
    <Creator>PRImA Research Lab</Creator>
    <Created>2015-07-17T15:27:13</Created>
    <LastChange>2017-07-14T10:03:33</LastChange>
    <Comments>Example Page</Comments>
  </Metadata>
  <Page imageFilename="3157556/0037-1.png" imageWidth="1165" imageHeight="2077">
    <TextRegion id="r0" type="paragraph">
      <Coords points="1,1 1163,1 1163,2075 1,2075"/>
      <TextLine id="l0">
        <Coords points="204,374 972,374 972,485 204,485"/>
        <Word id="w0">
          <Coords points="926,425 971,425 971,468 926,468"/>
          <TextEquiv>
            <Unicode>لا</Unicode>
          </TextEquiv>
        </Word>
        <Word id="w1">
          <Coords points="834,414 922,414 922,484 834,484"/>
          <TextEquiv>
            <Unicode>تظلمو</Unicode>
          </TextEquiv>
        </Word>
        <Word id="w2">
          <Coords points="812,425 839,425 839,468 812,468"/>
          <TextEquiv>
            <Unicode>ن</Unicode>
          </TextEquiv>
        </Word>
        <Word id="w3">
          <Coords points="778,441 798,441 798,467 778,467"/>
          <TextEquiv>
            <Unicode>و</Unicode>
          </TextEquiv>
        </Word>
        <Word id="w4">
          <Coords points="748,412 793,412 793,454 748,454"/>
          <TextEquiv>
            <Unicode>لا</Unicode>
          </TextEquiv>
        </Word>
        <Word id="w5">
          <Coords points="661,403 748,403 748,478 661,478"/>
          <TextEquiv>
            <Unicode>تظلمو</Unicode>
          </TextEquiv>
        </Word>
        <Word id="w6">
          <Coords points="642,417 669,417 669,460 642,460"/>
          <TextEquiv>
            <Unicode>ن</Unicode>
          </TextEquiv>
        </Word>
        <Word id="w7">
          <Coords points="580,434 601,434 601,461 580,461"/>
          <TextEquiv>
            <Unicode>و</Unicode>
          </TextEquiv>
        </Word>
        <Word id="w8">
          <Coords points="570,399 581,399 581,450 570,450"/>
          <TextEquiv>
            <Unicode>ا</Unicode>
          </TextEquiv>
        </Word>
        <Word id="w9">
          <Coords points="531,412 566,412 566,457 531,457"/>
          <TextEquiv>
            <Unicode>ن</Unicode>
          </TextEquiv>
        </Word>
        <Word id="w10">
          <Coords points="515,376 556,376 556,439 515,439"/>
          <TextEquiv>
            <Unicode>كا</Unicode>
          </TextEquiv>
        </Word>
        <Word id="w11">
          <Coords points="472,428 503,428 503,460 472,460"/>
          <TextEquiv>
            <Unicode>ن</Unicode>
          </TextEquiv>
        </Word>
        <Word id="w12">
          <Coords points="454,401 478,401 478,442 454,442"/>
          <TextEquiv>
            <Unicode>ذ</Unicode>
          </TextEquiv>
        </Word>
        <Word id="w13">
          <Coords points="426,428 450,428 450,454 426,454"/>
          <TextEquiv>
            <Unicode>و</Unicode>
          </TextEquiv>
        </Word>
        <Word id="w14">
          <Coords points="349,419 432,419 432,466 349,466"/>
          <TextEquiv>
            <Unicode>عسر</Unicode>
          </TextEquiv>
        </Word>
        <Word id="w15">
          <Coords points="347,395 373,395 373,445 347,445"/>
          <TextEquiv>
            <Unicode>ة</Unicode>
          </TextEquiv>
        </Word>
        <Word id="w16">
          <Coords points="251,387 331,387 331,458 251,458"/>
          <TextEquiv>
            <Unicode>فنظر</Unicode>
          </TextEquiv>
        </Word>
        <Word id="w17">
          <Coords points="246,397 274,397 274,433 246,433"/>
          <TextEquiv>
            <Unicode>ة</Unicode>
          </TextEquiv>
        </Word>
        <Word id="w18">
          <Coords points="240,374 246,374 246,420 240,420"/>
          <TextEquiv>
            <Unicode>ا</Unicode>
          </TextEquiv>
        </Word>
        <Word id="w19">
          <Coords points="204,380 236,380 236,437 204,437"/>
          <TextEquiv>
            <Unicode>لى</Unicode>
          </TextEquiv>
        </Word>
        <TextEquiv>
          <Unicode> لا تظلمو ن و لا تظلمو ن و ا ن كا ن ذ و عسر ة فنظر ة ا لى</Unicode>
        </TextEquiv>
      </TextLine>
      <TextLine id="l1">
        <Coords points="215,485 953,485 953,633 215,633"/>
        <Word id="w20">
          <Coords points="862,564 952,564 952,609 862,609"/>
          <TextEquiv>
            <Unicode>ميسر</Unicode>
          </TextEquiv>
        </Word>
        <Word id="w21">
          <Coords points="860,535 892,535 892,586 860,586"/>
          <TextEquiv>
            <Unicode>ة</Unicode>
          </TextEquiv>
        </Word>
        <Word id="w22">
          <Coords points="825,569 847,569 847,593 825,593"/>
          <TextEquiv>
            <Unicode>و</Unicode>
          </TextEquiv>
        </Word>
        <Word id="w23">
          <Coords points="817,534 824,534 824,584 817,584"/>
          <TextEquiv>
            <Unicode>ا</Unicode>
          </TextEquiv>
        </Word>
        <Word id="w24">
          <Coords points="784,549 807,549 807,594 784,594"/>
          <TextEquiv>
            <Unicode>ن</Unicode>
          </TextEquiv>
        </Word>
        <Word id="w25">
          <Coords points="712,532 779,532 779,587 712,587"/>
          <TextEquiv>
            <Unicode>تصد</Unicode>
          </TextEquiv>
        </Word>
        <Word id="w26">
          <Coords points="667,530 704,530 704,597 667,597"/>
          <TextEquiv>
            <Unicode>قو</Unicode>
          </TextEquiv>
        </Word>
        <Word id="w27">
          <Coords points="664,534 674,534 674,585 664,585"/>
          <TextEquiv>
            <Unicode>ا</Unicode>
          </TextEquiv>
        </Word>
        <Word id="w28">
          <Coords points="590,540 656,540 656,613 590,613"/>
          <TextEquiv>
            <Unicode>خير</Unicode>
          </TextEquiv>
        </Word>
        <Word id="w29">
          <Coords points="535,501 602,501 602,612 535,612"/>
          <TextEquiv>
            <Unicode>لكم</Unicode>
          </TextEquiv>
        </Word>
        <Word id="w30">
          <Coords points="532,524 543,524 543,581 532,581"/>
          <TextEquiv>
            <Unicode>ا</Unicode>
          </TextEquiv>
        </Word>
        <Word id="w31">
          <Coords points="495,540 525,540 525,591 495,591"/>
          <TextEquiv>
            <Unicode>ن</Unicode>
          </TextEquiv>
        </Word>
        <Word id="w32">
          <Coords points="398,508 500,508 500,632 398,632"/>
          <TextEquiv>
            <Unicode>كنتم</Unicode>
          </TextEquiv>
        </Word>
        <Word id="w33">
          <Coords points="327,523 395,523 395,596 327,596"/>
          <TextEquiv>
            <Unicode>تعلمو</Unicode>
          </TextEquiv>
        </Word>
        <Word id="w34">
          <Coords points="307,542 337,542 337,577 307,577"/>
          <TextEquiv>
            <Unicode>ن</Unicode>
          </TextEquiv>
        </Word>
        <Word id="w35">
          <Coords points="267,502 277,502 277,552 267,552"/>
          <TextEquiv>
            <Unicode>ا</Unicode>
          </TextEquiv>
        </Word>
        <Word id="w36">
          <Coords points="258,548 284,548 284,588 258,588"/>
          <TextEquiv>
            <Unicode>و</Unicode>
          </TextEquiv>
        </Word>
        <Word id="w37">
          <Coords points="215,485 225,485 225,545 215,545"/>
          <TextEquiv>
            <Unicode>ا</Unicode>
          </TextEquiv>
        </Word>
        <Word id="w38">
          <Coords points="215,512 263,512 263,568 215,568"/>
          <TextEquiv>
            <Unicode>تقو</Unicode>
          </TextEquiv>
        </Word>
        <TextEquiv>
          <Unicode> ميسر ة و ا ن تصد قو ا خير لكم ا ن كنتم تعلمو ن ا و ا تقو</Unicode>
        </TextEquiv>
      </TextLine>
      <TextLine id="l2">
        <Coords points="212,615 965,615 965,743 212,743"/>
        <Word id="w39">
          <Coords points="920,678 964,678 964,729 920,729"/>
          <TextEquiv>
            <Unicode>يو</Unicode>
          </TextEquiv>
        </Word>
        <Word id="w40">
          <Coords points="897,664 923,664 923,710 897,710"/>
          <TextEquiv>
            <Unicode>ما</Unicode>
          </TextEquiv>
        </Word>
        <Word id="w41">
          <Coords points="853,673 889,673 889,721 853,721"/>
          <TextEquiv>
            <Unicode>تر</Unicode>
          </TextEquiv>
        </Word>
        <Word id="w42">
          <Coords points="795,688 868,688 868,725 795,725"/>
          <TextEquiv>
            <Unicode>جعو</Unicode>
          </TextEquiv>
        </Word>
        <Word id="w43">
          <Coords points="773,678 801,678 801,708 773,708"/>
          <TextEquiv>
            <Unicode>ن</Unicode>
          </TextEquiv>
        </Word>
        <Word id="w44">
          <Coords points="694,645 765,645 765,725 694,725"/>
          <TextEquiv>
            <Unicode>فيه</Unicode>
          </TextEquiv>
        </Word>
        <Word id="w45">
          <Coords points="671,651 681,651 681,704 671,704"/>
          <TextEquiv>
            <Unicode>ا</Unicode>
          </TextEquiv>
        </Word>
        <Word id="w46">
          <Coords points="629,655 664,655 664,721 629,721"/>
          <TextEquiv>
            <Unicode>لى</Unicode>
          </TextEquiv>
        </Word>
        <Word id="w47">
          <Coords points="623,650 633,650 633,700 623,700"/>
          <TextEquiv>
            <Unicode>ا</Unicode>
          </TextEquiv>
        </Word>
        <Word id="w48">
          <Coords points="591,681 619,681 619,701 591,701"/>
          <TextEquiv>
            <Unicode>لله</Unicode>
          </TextEquiv>
        </Word>
        <Word id="w49">
          <Coords points="552,655 575,655 575,742 552,742"/>
          <TextEquiv>
            <Unicode>ثم</Unicode>
          </TextEquiv>
        </Word>
        <Word id="w50">
          <Coords points="505,653 536,653 536,716 505,716"/>
          <TextEquiv>
            <Unicode>تو</Unicode>
          </TextEquiv>
        </Word>
        <Word id="w51">
          <Coords points="456,657 511,657 511,704 456,704"/>
          <TextEquiv>
            <Unicode>في</Unicode>
          </TextEquiv>
        </Word>
        <Word id="w52">
          <Coords points="396,627 454,627 454,722 396,722"/>
          <TextEquiv>
            <Unicode>كل</Unicode>
          </TextEquiv>
        </Word>
        <Word id="w53">
          <Coords points="312,652 340,652 340,696 312,696"/>
          <TextEquiv>
            <Unicode>ما</Unicode>
          </TextEquiv>
        </Word>
        <Word id="w54">
          <Coords points="262,633 453,633 453,722 262,722"/>
          <TextEquiv>
            <Unicode>نفس</Unicode>
          </TextEquiv>
        </Word>
        <Word id="w55">
          <Coords points="212,615 327,615 327,693 212,693"/>
          <TextEquiv>
            <Unicode>كسبت</Unicode>
          </TextEquiv>
        </Word>
        <TextEquiv>
          <Unicode> يو ما تر جعو ن فيه ا لى ا لله ثم تو في كل ما نفس كسبت</Unicode>
        </TextEquiv>
      </TextLine>
      <TextLine id="l3">
        <Coords points="204,754 954,754 954,879 204,879"/>
        <Word id="w56">
          <Coords points="929,813 953,813 953,838 929,838"/>
          <TextEquiv>
            <Unicode>و</Unicode>
          </TextEquiv>
        </Word>
        <Word id="w57">
          <Coords points="901,806 932,806 932,878 901,878"/>
          <TextEquiv>
            <Unicode>هم</Unicode>
          </TextEquiv>
        </Word>
        <Word id="w58">
          <Coords points="869,785 902,785 902,828 869,828"/>
          <TextEquiv>
            <Unicode>لا</Unicode>
          </TextEquiv>
        </Word>
        <Word id="w59">
          <Coords points="787,784 871,784 871,852 787,852"/>
          <TextEquiv>
            <Unicode>يظلمو</Unicode>
          </TextEquiv>
        </Word>
        <Word id="w60">
          <Coords points="759,796 789,796 789,833 759,833"/>
          <TextEquiv>
            <Unicode>ن</Unicode>
          </TextEquiv>
        </Word>
        <Word id="w61">
          <Coords points="709,781 733,781 733,846 709,846"/>
          <TextEquiv>
            <Unicode>يا</Unicode>
          </TextEquiv>
        </Word>
        <Word id="w62">
          <Coords points="689,776 701,776 701,829 689,829"/>
          <TextEquiv>
            <Unicode>ا</Unicode>
          </TextEquiv>
        </Word>
        <Word id="w63">
          <Coords points="645,766 696,766 696,848 645,848"/>
          <TextEquiv>
            <Unicode>يها</Unicode>
          </TextEquiv>
        </Word>
        <Word id="w64">
          <Coords points="630,774 639,774 639,817 630,817"/>
          <TextEquiv>
            <Unicode>ا</Unicode>
          </TextEquiv>
        </Word>
        <Word id="w65">
          <Coords points="590,772 621,772 621,825 590,825"/>
          <TextEquiv>
            <Unicode>لذ</Unicode>
          </TextEquiv>
        </Word>
        <Word id="w66">
          <Coords points="552,797 599,797 599,860 552,860"/>
          <TextEquiv>
            <Unicode>ين</Unicode>
          </TextEquiv>
        </Word>
        <Word id="w67">
          <Coords points="544,760 554,760 554,811 544,811"/>
          <TextEquiv>
            <Unicode>ا</Unicode>
          </TextEquiv>
        </Word>
        <Word id="w68">
          <Coords points="485,758 536,758 536,833 485,833"/>
          <TextEquiv>
            <Unicode>منو</Unicode>
          </TextEquiv>
        </Word>
        <Word id="w69">
          <Coords points="480,768 491,768 491,819 480,819"/>
          <TextEquiv>
            <Unicode>ا</Unicode>
          </TextEquiv>
        </Word>
        <Word id="w70">
          <Coords points="463,769 473,769 473,810 463,810"/>
          <TextEquiv>
            <Unicode>ا</Unicode>
          </TextEquiv>
        </Word>
        <Word id="w71">
          <Coords points="434,768 452,768 452,820 434,820"/>
          <TextEquiv>
            <Unicode>ذ</Unicode>
          </TextEquiv>
        </Word>
        <Word id="w72">
          <Coords points="419,765 434,765 434,813 419,813"/>
          <TextEquiv>
            <Unicode>ا</Unicode>
          </TextEquiv>
        </Word>
        <Word id="w73">
          <Coords points="376,770 413,770 413,827 376,827"/>
          <TextEquiv>
            <Unicode>تد</Unicode>
          </TextEquiv>
        </Word>
        <Word id="w74">
          <Coords points="367,768 378,768 378,814 367,814"/>
          <TextEquiv>
            <Unicode>ا</Unicode>
          </TextEquiv>
        </Word>
        <Word id="w75">
          <Coords points="287,773 362,773 362,850 287,850"/>
          <TextEquiv>
            <Unicode>ينتم</Unicode>
          </TextEquiv>
        </Word>
        <Word id="w76">
          <Coords points="243,781 280,781 280,822 243,822"/>
          <TextEquiv>
            <Unicode>بد</Unicode>
          </TextEquiv>
        </Word>
        <Word id="w77">
          <Coords points="204,754 244,754 244,824 204,824"/>
          <TextEquiv>
            <Unicode>ين</Unicode>
          </TextEquiv>
        </Word>
        <TextEquiv>
          <Unicode> و هم لا يظلمو ن يا ا يها ا لذ ين ا منو ا ا ذ ا تد ا ينتم بد ين</Unicode>
        </TextEquiv>
      </TextLine>
      <TextLine id="l4">
        <Coords points="191,1197 941,1197 941,1326 191,1326"/>
        <Word id="w78">
          <Coords points="859,1215 940,1215 940,1313 859,1313"/>
          <TextEquiv>
            <Unicode>بينكم</Unicode>
          </TextEquiv>
        </Word>
        <Word id="w79">
          <Coords points="825,1229 868,1229 868,1302 825,1302"/>
          <TextEquiv>
            <Unicode>كا</Unicode>
          </TextEquiv>
        </Word>
        <Word id="w80">
          <Coords points="753,1240 812,1240 812,1325 753,1325"/>
          <TextEquiv>
            <Unicode>تب</Unicode>
          </TextEquiv>
        </Word>
        <Word id="w81">
          <Coords points="727,1246 753,1246 753,1316 727,1316"/>
          <TextEquiv>
            <Unicode>با</Unicode>
          </TextEquiv>
        </Word>
        <Word id="w82">
          <Coords points="660,1246 719,1246 719,1297 660,1297"/>
          <TextEquiv>
            <Unicode>لعد</Unicode>
          </TextEquiv>
        </Word>
        <Word id="w83">
          <Coords points="629,1239 659,1239 659,1294 629,1294"/>
          <TextEquiv>
            <Unicode>ل</Unicode>
          </TextEquiv>
        </Word>
        <Word id="w84">
          <Coords points="593,1274 618,1274 618,1300 593,1300"/>
          <TextEquiv>
            <Unicode>و</Unicode>
          </TextEquiv>
        </Word>
        <Word id="w85">
          <Coords points="563,1238 604,1238 604,1285 563,1285"/>
          <TextEquiv>
            <Unicode>لا</Unicode>
          </TextEquiv>
        </Word>
        <Word id="w86">
          <Coords points="488,1269 535,1269 535,1301 488,1301"/>
          <TextEquiv>
            <Unicode>ب</Unicode>
          </TextEquiv>
        </Word>
        <Word id="w87">
          <Coords points="451,1221 500,1221 500,1291 451,1291"/>
          <TextEquiv>
            <Unicode>كا</Unicode>
          </TextEquiv>
        </Word>
        <Word id="w88">
          <Coords points="378,1230 437,1230 437,1309 378,1309"/>
          <TextEquiv>
            <Unicode>تب</Unicode>
          </TextEquiv>
        </Word>
        <Word id="w89">
          <Coords points="364,1231 374,1231 374,1274 364,1274"/>
          <TextEquiv>
            <Unicode>ا</Unicode>
          </TextEquiv>
        </Word>
        <Word id="w90">
          <Coords points="328,1259 357,1259 357,1289 328,1289"/>
          <TextEquiv>
            <Unicode>ن</Unicode>
          </TextEquiv>
        </Word>
        <Word id="w91">
          <Coords points="216,1198 323,1198 323,1292 216,1292"/>
          <TextEquiv>
            <Unicode>يكتب</Unicode>
          </TextEquiv>
        </Word>
        <Word id="w92">
          <Coords points="191,1197 241,1197 241,1267 191,1267"/>
          <TextEquiv>
            <Unicode>كما</Unicode>
          </TextEquiv>
        </Word>
        <TextEquiv>
          <Unicode> بينكم كا تب با لعد ل و لا ب كا تب ا ن يكتب كما</Unicode>
        </TextEquiv>
      </TextLine>
      <TextLine id="l5">
        <Coords points="199,1337 930,1337 930,1441 199,1441"/>
        <Word id="w93">
          <Coords points="851,1372 929,1372 929,1430 851,1430"/>
          <TextEquiv>
            <Unicode>علمه</Unicode>
          </TextEquiv>
        </Word>
        <Word id="w94">
          <Coords points="835,1357 850,1357 850,1403 835,1403"/>
          <TextEquiv>
            <Unicode>ا</Unicode>
          </TextEquiv>
        </Word>
        <Word id="w95">
          <Coords points="807,1393 836,1393 836,1416 807,1416"/>
          <TextEquiv>
            <Unicode>لله</Unicode>
          </TextEquiv>
        </Word>
        <Word id="w96">
          <Coords points="655,1340 792,1340 792,1434 655,1434"/>
          <TextEquiv>
            <Unicode>فليتكب</Unicode>
          </TextEquiv>
        </Word>
        <Word id="w97">
          <Coords points="635,1385 660,1385 660,1415 635,1415"/>
          <TextEquiv>
            <Unicode>و</Unicode>
          </TextEquiv>
        </Word>
        <Word id="w98">
          <Coords points="547,1356 634,1356 634,1432 547,1432"/>
          <TextEquiv>
            <Unicode>ليملل</Unicode>
          </TextEquiv>
        </Word>
        <Word id="w99">
          <Coords points="544,1358 555,1358 555,1407 544,1407"/>
          <TextEquiv>
            <Unicode>ا</Unicode>
          </TextEquiv>
        </Word>
        <Word id="w100">
          <Coords points="497,1361 532,1361 532,1408 497,1408"/>
          <TextEquiv>
            <Unicode>لذ</Unicode>
          </TextEquiv>
        </Word>
        <Word id="w101">
          <Coords points="380,1368 497,1368 497,1440 380,1440"/>
          <TextEquiv>
            <Unicode>ي</Unicode>
          </TextEquiv>
        </Word>
        <Word id="w102">
          <Coords points="373,1356 465,1356 465,1420 373,1420"/>
          <TextEquiv>
            <Unicode>عليه</Unicode>
          </TextEquiv>
        </Word>
        <Word id="w103">
          <Coords points="347,1343 364,1343 364,1394 347,1394"/>
          <TextEquiv>
            <Unicode>ا</Unicode>
          </TextEquiv>
        </Word>
        <Word id="w104">
          <Coords points="264,1342 347,1342 347,1424 264,1424"/>
          <TextEquiv>
            <Unicode>لحق</Unicode>
          </TextEquiv>
        </Word>
        <Word id="w105">
          <Coords points="263,1374 288,1374 288,1405 263,1405"/>
          <TextEquiv>
            <Unicode>و</Unicode>
          </TextEquiv>
        </Word>
        <Word id="w106">
          <Coords points="199,1337 262,1337 262,1406 199,1406"/>
          <TextEquiv>
            <Unicode>ليتق</Unicode>
          </TextEquiv>
        </Word>
        <TextEquiv>
          <Unicode> علمه ا لله فليتكب و ليملل ا لذ ي عليه ا لحق و ليتق</Unicode>
        </TextEquiv>
      </TextLine>
      <TextLine id="l6">
        <Coords points="193,1462 937,1462 937,1564 193,1564"/>
        <Word id="w107">
          <Coords points="928,1499 936,1499 936,1542 928,1542"/>
          <TextEquiv>
            <Unicode>ا</Unicode>
          </TextEquiv>
        </Word>
        <Word id="w108">
          <Coords points="893,1526 919,1526 919,1546 893,1546"/>
          <TextEquiv>
            <Unicode>لله</Unicode>
          </TextEquiv>
        </Word>
        <Word id="w109">
          <Coords points="859,1521 882,1521 882,1550 859,1550"/>
          <TextEquiv>
            <Unicode>ر</Unicode>
          </TextEquiv>
        </Word>
        <Word id="w110">
          <Coords points="819,1528 858,1528 858,1555 819,1555"/>
          <TextEquiv>
            <Unicode>به</Unicode>
          </TextEquiv>
        </Word>
        <Word id="w111">
          <Coords points="791,1519 813,1519 813,1544 791,1544"/>
          <TextEquiv>
            <Unicode>و</Unicode>
          </TextEquiv>
        </Word>
        <Word id="w112">
          <Coords points="758,1486 801,1486 801,1528 758,1528"/>
          <TextEquiv>
            <Unicode>لا</Unicode>
          </TextEquiv>
        </Word>
        <Word id="w113">
          <Coords points="675,1508 753,1508 753,1563 675,1563"/>
          <TextEquiv>
            <Unicode>يبخس</Unicode>
          </TextEquiv>
        </Word>
        <Word id="w114">
          <Coords points="597,1504 692,1504 692,1543 597,1543"/>
          <TextEquiv>
            <Unicode>منه</Unicode>
          </TextEquiv>
        </Word>
        <Word id="w115">
          <Coords points="524,1486 584,1486 584,1559 524,1559"/>
          <TextEquiv>
            <Unicode>شيا</Unicode>
          </TextEquiv>
        </Word>
        <Word id="w116">
          <Coords points="487,1481 507,1481 507,1534 487,1534"/>
          <TextEquiv>
            <Unicode>فا</Unicode>
          </TextEquiv>
        </Word>
        <Word id="w117">
          <Coords points="447,1505 475,1505 475,1542 447,1542"/>
          <TextEquiv>
            <Unicode>ن</Unicode>
          </TextEquiv>
        </Word>
        <Word id="w118">
          <Coords points="418,1467 460,1467 460,1534 418,1534"/>
          <TextEquiv>
            <Unicode>كا</Unicode>
          </TextEquiv>
        </Word>
        <Word id="w119">
          <Coords points="368,1503 400,1503 400,1539 368,1539"/>
          <TextEquiv>
            <Unicode>ن</Unicode>
          </TextEquiv>
        </Word>
        <Word id="w120">
          <Coords points="361,1469 370,1469 370,1520 361,1520"/>
          <TextEquiv>
            <Unicode>ا</Unicode>
          </TextEquiv>
        </Word>
        <Word id="w121">
          <Coords points="328,1478 356,1478 356,1525 328,1525"/>
          <TextEquiv>
            <Unicode>لذ</Unicode>
          </TextEquiv>
        </Word>
        <Word id="w122">
          <Coords points="217,1484 324,1484 324,1549 217,1549"/>
          <TextEquiv>
            <Unicode>ي</Unicode>
          </TextEquiv>
        </Word>
        <Word id="w123">
          <Coords points="193,1462 296,1462 296,1541 193,1541"/>
          <TextEquiv>
            <Unicode>عليه</Unicode>
          </TextEquiv>
        </Word>
        <TextEquiv>
          <Unicode> ا لله ر به و لا يبخس منه شيا فا ن كا ن ا لذ ي عليه</Unicode>
        </TextEquiv>
      </TextLine>
      <TextLine id="l7">
        <Coords points="185,1587 931,1587 931,1707 185,1707"/>
        <Word id="w124">
          <Coords points="919,1619 930,1619 930,1662 919,1662"/>
          <TextEquiv>
            <Unicode>ا</Unicode>
          </TextEquiv>
        </Word>
        <Word id="w125">
          <Coords points="766,1613 913,1613 913,1706 766,1706"/>
          <TextEquiv>
            <Unicode>لحق</Unicode>
          </TextEquiv>
        </Word>
        <Word id="w126">
          <Coords points="725,1604 861,1604 861,1684 725,1684"/>
          <TextEquiv>
            <Unicode>سفيها</Unicode>
          </TextEquiv>
        </Word>
        <Word id="w127">
          <Coords points="713,1613 726,1613 726,1659 713,1659"/>
          <TextEquiv>
            <Unicode>ا</Unicode>
          </TextEquiv>
        </Word>
        <Word id="w128">
          <Coords points="562,1608 685,1608 685,1677 562,1677"/>
          <TextEquiv>
            <Unicode>ضعيفا</Unicode>
          </TextEquiv>
        </Word>
        <Word id="w129">
          <Coords points="539,1611 550,1611 550,1663 539,1663"/>
          <TextEquiv>
            <Unicode>ا</Unicode>
          </TextEquiv>
        </Word>
        <Word id="w130">
          <Coords points="505,1639 529,1639 529,1665 505,1665"/>
          <TextEquiv>
            <Unicode>و</Unicode>
          </TextEquiv>
        </Word>
        <Word id="w131">
          <Coords points="471,1596 503,1596 503,1649 471,1649"/>
          <TextEquiv>
            <Unicode>لا</Unicode>
          </TextEquiv>
        </Word>
        <Word id="w132">
          <Coords points="349,1599 467,1599 467,1682 349,1682"/>
          <TextEquiv>
            <Unicode>يستطيع</Unicode>
          </TextEquiv>
        </Word>
        <Word id="w133">
          <Coords points="328,1593 339,1593 339,1654 328,1654"/>
          <TextEquiv>
            <Unicode>ا</Unicode>
          </TextEquiv>
        </Word>
        <Word id="w134">
          <Coords points="292,1614 317,1614 317,1648 292,1648"/>
          <TextEquiv>
            <Unicode>ن</Unicode>
          </TextEquiv>
        </Word>
        <Word id="w135">
          <Coords points="221,1587 288,1587 288,1661 221,1661"/>
          <TextEquiv>
            <Unicode>يمل</Unicode>
          </TextEquiv>
        </Word>
        <Word id="w136">
          <Coords points="185,1598 236,1598 236,1636 185,1636"/>
          <TextEquiv>
            <Unicode>هو</Unicode>
          </TextEquiv>
        </Word>
        <TextEquiv>
          <Unicode> ا لحق سفيها ا ضعيفا ا و لا يستطيع ا ن يمل هو</Unicode>
        </TextEquiv>
      </TextLine>
    </TextRegion>
  </Page>
</PcGts>
