<?xml version='1.0' encoding='utf-8'?>
<PcGts xmlns:xsi="http://www.w3.org/2001/XMLSchema-instance" xmlns="http://schema.primaresearch.org/PAGE/gts/pagecontent/2019-07-15" xsi:schemaLocation="http://schema.primaresearch.org/PAGE/gts/pagecontent/2019-07-15 http://schema.primaresearch.org/PAGE/gts/pagecontent/2019-07-15/pagecontent.xsd" pcGtsId="pc-aletheiaexamplepage">
  <Metadata>
    <Creator>PRImA Research Lab</Creator>
    <Created>2015-07-17T15:27:13</Created>
    <LastChange>2017-07-14T10:03:33</LastChange>
    <Comments>Example Page</Comments>
  </Metadata>
  <Page imageFilename="3157556/0040-2.png" imageWidth="1241" imageHeight="1989">
    <TextRegion id="r0" type="paragraph">
      <Coords points="1,1 1239,1 1239,1987 1,1987"/>
      <TextLine id="l0">
        <Coords points="213,339 969,339 969,444 213,444"/>
        <Word id="w0">
          <Coords points="956,343 968,343 968,388 956,388"/>
          <TextEquiv>
            <Unicode>ا</Unicode>
          </TextEquiv>
        </Word>
        <Word id="w1">
          <Coords points="930,368 953,368 953,399 930,399"/>
          <TextEquiv>
            <Unicode>ن</Unicode>
          </TextEquiv>
        </Word>
        <Word id="w2">
          <Coords points="915,339 926,339 926,384 915,384"/>
          <TextEquiv>
            <Unicode>ا</Unicode>
          </TextEquiv>
        </Word>
        <Word id="w3">
          <Coords points="892,371 918,371 918,392 892,392"/>
          <TextEquiv>
            <Unicode>لله</Unicode>
          </TextEquiv>
        </Word>
        <Word id="w4">
          <Coords points="846,350 882,350 882,393 846,393"/>
          <TextEquiv>
            <Unicode>لا</Unicode>
          </TextEquiv>
        </Word>
        <Word id="w5">
          <Coords points="750,355 857,355 857,416 750,416"/>
          <TextEquiv>
            <Unicode>يخلف</Unicode>
          </TextEquiv>
        </Word>
        <Word id="w6">
          <Coords points="748,352 762,352 762,393 748,393"/>
          <TextEquiv>
            <Unicode>ا</Unicode>
          </TextEquiv>
        </Word>
        <Word id="w7">
          <Coords points="682,354 748,354 748,424 682,424"/>
          <TextEquiv>
            <Unicode>لميعا</Unicode>
          </TextEquiv>
        </Word>
        <Word id="w8">
          <Coords points="658,387 674,387 674,405 658,405"/>
          <TextEquiv>
            <Unicode>د</Unicode>
          </TextEquiv>
        </Word>
        <Word id="w9">
          <Coords points="616,368 627,368 627,407 616,407"/>
          <TextEquiv>
            <Unicode>ا</Unicode>
          </TextEquiv>
        </Word>
        <Word id="w10">
          <Coords points="585,393 612,393 612,419 585,419"/>
          <TextEquiv>
            <Unicode>ن</Unicode>
          </TextEquiv>
        </Word>
        <Word id="w11">
          <Coords points="578,357 584,357 584,394 578,394"/>
          <TextEquiv>
            <Unicode>ا</Unicode>
          </TextEquiv>
        </Word>
        <Word id="w12">
          <Coords points="543,359 570,359 570,410 543,410"/>
          <TextEquiv>
            <Unicode>لذ</Unicode>
          </TextEquiv>
        </Word>
        <Word id="w13">
          <Coords points="435,372 545,372 545,443 435,443"/>
          <TextEquiv>
            <Unicode>ين</Unicode>
          </TextEquiv>
        </Word>
        <Word id="w14">
          <Coords points="392,370 512,370 512,428 392,428"/>
          <TextEquiv>
            <Unicode>كفر</Unicode>
          </TextEquiv>
        </Word>
        <Word id="w15">
          <Coords points="367,393 389,393 389,429 367,429"/>
          <TextEquiv>
            <Unicode>و</Unicode>
          </TextEquiv>
        </Word>
        <Word id="w16">
          <Coords points="352,359 369,359 369,409 352,409"/>
          <TextEquiv>
            <Unicode>ا</Unicode>
          </TextEquiv>
        </Word>
        <Word id="w17">
          <Coords points="305,365 346,365 346,435 305,435"/>
          <TextEquiv>
            <Unicode>لن</Unicode>
          </TextEquiv>
        </Word>
        <Word id="w18">
          <Coords points="213,356 326,356 326,430 213,430"/>
          <TextEquiv>
            <Unicode>تغني</Unicode>
          </TextEquiv>
        </Word>
        <TextEquiv>
          <Unicode> ا ن ا لله لا يخلف ا لميعا د ا ن ا لذ ين كفر و ا لن تغني</Unicode>
        </TextEquiv>
      </TextLine>
      <TextLine id="l1">
        <Coords points="232,467 969,467 969,586 232,586"/>
        <Word id="w19">
          <Coords points="902,485 968,485 968,568 902,568"/>
          <TextEquiv>
            <Unicode>عنهم</Unicode>
          </TextEquiv>
        </Word>
        <Word id="w20">
          <Coords points="889,467 904,467 904,509 889,509"/>
          <TextEquiv>
            <Unicode>ا</Unicode>
          </TextEquiv>
        </Word>
        <Word id="w21">
          <Coords points="844,502 885,502 885,545 844,545"/>
          <TextEquiv>
            <Unicode>مو</Unicode>
          </TextEquiv>
        </Word>
        <Word id="w22">
          <Coords points="841,470 852,470 852,519 841,519"/>
          <TextEquiv>
            <Unicode>ا</Unicode>
          </TextEquiv>
        </Word>
        <Word id="w23">
          <Coords points="783,476 837,476 837,562 783,562"/>
          <TextEquiv>
            <Unicode>لهم</Unicode>
          </TextEquiv>
        </Word>
        <Word id="w24">
          <Coords points="753,506 773,506 773,531 753,531"/>
          <TextEquiv>
            <Unicode>و</Unicode>
          </TextEquiv>
        </Word>
        <Word id="w25">
          <Coords points="723,476 766,476 766,518 723,518"/>
          <TextEquiv>
            <Unicode>لا</Unicode>
          </TextEquiv>
        </Word>
        <Word id="w26">
          <Coords points="709,481 724,481 724,521 709,521"/>
          <TextEquiv>
            <Unicode>ا</Unicode>
          </TextEquiv>
        </Word>
        <Word id="w27">
          <Coords points="682,510 703,510 703,536 682,536"/>
          <TextEquiv>
            <Unicode>و</Unicode>
          </TextEquiv>
        </Word>
        <Word id="w28">
          <Coords points="643,483 679,483 679,528 643,528"/>
          <TextEquiv>
            <Unicode>لا</Unicode>
          </TextEquiv>
        </Word>
        <Word id="w29">
          <Coords points="629,513 649,513 649,536 629,536"/>
          <TextEquiv>
            <Unicode>د</Unicode>
          </TextEquiv>
        </Word>
        <Word id="w30">
          <Coords points="595,506 626,506 626,585 595,585"/>
          <TextEquiv>
            <Unicode>هم</Unicode>
          </TextEquiv>
        </Word>
        <Word id="w31">
          <Coords points="542,505 588,505 588,545 542,545"/>
          <TextEquiv>
            <Unicode>من</Unicode>
          </TextEquiv>
        </Word>
        <Word id="w32">
          <Coords points="533,479 544,479 544,522 533,522"/>
          <TextEquiv>
            <Unicode>ا</Unicode>
          </TextEquiv>
        </Word>
        <Word id="w33">
          <Coords points="509,512 536,512 536,531 509,531"/>
          <TextEquiv>
            <Unicode>لله</Unicode>
          </TextEquiv>
        </Word>
        <Word id="w34">
          <Coords points="443,492 500,492 500,558 443,558"/>
          <TextEquiv>
            <Unicode>شيئا</Unicode>
          </TextEquiv>
        </Word>
        <Word id="w35">
          <Coords points="404,523 427,523 427,548 404,548"/>
          <TextEquiv>
            <Unicode>و</Unicode>
          </TextEquiv>
        </Word>
        <Word id="w36">
          <Coords points="396,491 409,491 409,531 396,531"/>
          <TextEquiv>
            <Unicode>ا</Unicode>
          </TextEquiv>
        </Word>
        <Word id="w37">
          <Coords points="366,524 391,524 391,549 366,549"/>
          <TextEquiv>
            <Unicode>و</Unicode>
          </TextEquiv>
        </Word>
        <Word id="w38">
          <Coords points="267,493 368,493 368,544 267,544"/>
          <TextEquiv>
            <Unicode>لئك</Unicode>
          </TextEquiv>
        </Word>
        <Word id="w39">
          <Coords points="232,499 280,499 280,550 232,550"/>
          <TextEquiv>
            <Unicode>هم</Unicode>
          </TextEquiv>
        </Word>
        <TextEquiv>
          <Unicode> عنهم ا مو ا لهم و لا ا و لا د هم من ا لله شيئا و ا و لئك هم</Unicode>
        </TextEquiv>
      </TextLine>
      <TextLine id="l2">
        <Coords points="220,565 971,565 971,681 220,681"/>
        <Word id="w40">
          <Coords points="950,617 970,617 970,644 950,644"/>
          <TextEquiv>
            <Unicode>و</Unicode>
          </TextEquiv>
        </Word>
        <Word id="w41">
          <Coords points="915,596 947,596 947,649 915,649"/>
          <TextEquiv>
            <Unicode>قو</Unicode>
          </TextEquiv>
        </Word>
        <Word id="w42">
          <Coords points="899,617 916,617 916,637 899,637"/>
          <TextEquiv>
            <Unicode>د</Unicode>
          </TextEquiv>
        </Word>
        <Word id="w43">
          <Coords points="878,595 890,595 890,633 878,633"/>
          <TextEquiv>
            <Unicode>ا</Unicode>
          </TextEquiv>
        </Word>
        <Word id="w44">
          <Coords points="833,597 873,597 873,642 833,642"/>
          <TextEquiv>
            <Unicode>لنا</Unicode>
          </TextEquiv>
        </Word>
        <Word id="w45">
          <Coords points="796,612 820,612 820,644 796,644"/>
          <TextEquiv>
            <Unicode>ر</Unicode>
          </TextEquiv>
        </Word>
        <Word id="w46">
          <Coords points="722,577 776,577 776,656 722,656"/>
          <TextEquiv>
            <Unicode>كد</Unicode>
          </TextEquiv>
        </Word>
        <Word id="w47">
          <Coords points="710,596 721,596 721,644 710,644"/>
          <TextEquiv>
            <Unicode>ا</Unicode>
          </TextEquiv>
        </Word>
        <Word id="w48">
          <Coords points="666,628 704,628 704,660 666,660"/>
          <TextEquiv>
            <Unicode>ب</Unicode>
          </TextEquiv>
        </Word>
        <Word id="w49">
          <Coords points="651,591 664,591 664,637 651,637"/>
          <TextEquiv>
            <Unicode>ا</Unicode>
          </TextEquiv>
        </Word>
        <Word id="w50">
          <Coords points="617,597 649,597 649,658 617,658"/>
          <TextEquiv>
            <Unicode>ل</Unicode>
          </TextEquiv>
        </Word>
        <Word id="w51">
          <Coords points="588,599 630,599 630,659 588,659"/>
          <TextEquiv>
            <Unicode>فر</Unicode>
          </TextEquiv>
        </Word>
        <Word id="w52">
          <Coords points="548,622 594,622 594,661 548,661"/>
          <TextEquiv>
            <Unicode>عو</Unicode>
          </TextEquiv>
        </Word>
        <Word id="w53">
          <Coords points="525,617 552,617 552,648 525,648"/>
          <TextEquiv>
            <Unicode>ن</Unicode>
          </TextEquiv>
        </Word>
        <Word id="w54">
          <Coords points="493,629 512,629 512,653 493,653"/>
          <TextEquiv>
            <Unicode>و</Unicode>
          </TextEquiv>
        </Word>
        <Word id="w55">
          <Coords points="485,601 495,601 495,642 485,642"/>
          <TextEquiv>
            <Unicode>ا</Unicode>
          </TextEquiv>
        </Word>
        <Word id="w56">
          <Coords points="450,605 480,605 480,650 450,650"/>
          <TextEquiv>
            <Unicode>لذ</Unicode>
          </TextEquiv>
        </Word>
        <Word id="w57">
          <Coords points="405,624 460,624 460,680 405,680"/>
          <TextEquiv>
            <Unicode>ين</Unicode>
          </TextEquiv>
        </Word>
        <Word id="w58">
          <Coords points="363,619 409,619 409,670 363,670"/>
          <TextEquiv>
            <Unicode>من</Unicode>
          </TextEquiv>
        </Word>
        <Word id="w59">
          <Coords points="261,565 318,565 318,634 261,634"/>
          <TextEquiv>
            <Unicode>كذ</Unicode>
          </TextEquiv>
        </Word>
        <Word id="w60">
          <Coords points="257,595 371,595 371,665 257,665"/>
          <TextEquiv>
            <Unicode>قبلهم</Unicode>
          </TextEquiv>
        </Word>
        <Word id="w61">
          <Coords points="229,611 258,611 258,639 229,639"/>
          <TextEquiv>
            <Unicode>بو</Unicode>
          </TextEquiv>
        </Word>
        <Word id="w62">
          <Coords points="220,572 235,572 235,619 220,619"/>
          <TextEquiv>
            <Unicode>ا</Unicode>
          </TextEquiv>
        </Word>
        <TextEquiv>
          <Unicode> و قو د ا لنا ر كد ا ب ا ل فر عو ن و ا لذ ين من كذ قبلهم بو ا</Unicode>
        </TextEquiv>
      </TextLine>
      <TextLine id="l3">
        <Coords points="232,710 977,710 977,809 232,809"/>
        <Word id="w63">
          <Coords points="957,716 976,716 976,766 957,766"/>
          <TextEquiv>
            <Unicode>با</Unicode>
          </TextEquiv>
        </Word>
        <Word id="w64">
          <Coords points="933,712 952,712 952,775 933,775"/>
          <TextEquiv>
            <Unicode>يا</Unicode>
          </TextEquiv>
        </Word>
        <Word id="w65">
          <Coords points="893,718 924,718 924,759 893,759"/>
          <TextEquiv>
            <Unicode>تنا</Unicode>
          </TextEquiv>
        </Word>
        <Word id="w66">
          <Coords points="856,714 881,714 881,761 856,761"/>
          <TextEquiv>
            <Unicode>فا</Unicode>
          </TextEquiv>
        </Word>
        <Word id="w67">
          <Coords points="804,712 859,712 859,763 804,763"/>
          <TextEquiv>
            <Unicode>خذ</Unicode>
          </TextEquiv>
        </Word>
        <Word id="w68">
          <Coords points="772,736 806,736 806,808 772,808"/>
          <TextEquiv>
            <Unicode>هم</Unicode>
          </TextEquiv>
        </Word>
        <Word id="w69">
          <Coords points="764,710 773,710 773,753 764,753"/>
          <TextEquiv>
            <Unicode>ا</Unicode>
          </TextEquiv>
        </Word>
        <Word id="w70">
          <Coords points="724,740 760,740 760,764 724,764"/>
          <TextEquiv>
            <Unicode>لله</Unicode>
          </TextEquiv>
        </Word>
        <Word id="w71">
          <Coords points="677,715 722,715 722,782 677,782"/>
          <TextEquiv>
            <Unicode>بذ</Unicode>
          </TextEquiv>
        </Word>
        <Word id="w72">
          <Coords points="640,727 672,727 672,779 640,779"/>
          <TextEquiv>
            <Unicode>نو</Unicode>
          </TextEquiv>
        </Word>
        <Word id="w73">
          <Coords points="596,748 642,748 642,807 596,807"/>
          <TextEquiv>
            <Unicode>بهم</Unicode>
          </TextEquiv>
        </Word>
        <Word id="w74">
          <Coords points="563,747 589,747 589,775 563,775"/>
          <TextEquiv>
            <Unicode>و</Unicode>
          </TextEquiv>
        </Word>
        <Word id="w75">
          <Coords points="558,715 571,715 571,760 558,760"/>
          <TextEquiv>
            <Unicode>ا</Unicode>
          </TextEquiv>
        </Word>
        <Word id="w76">
          <Coords points="525,748 556,748 556,771 525,771"/>
          <TextEquiv>
            <Unicode>لله</Unicode>
          </TextEquiv>
        </Word>
        <Word id="w77">
          <Coords points="454,724 517,724 517,774 454,774"/>
          <TextEquiv>
            <Unicode>شد</Unicode>
          </TextEquiv>
        </Word>
        <Word id="w78">
          <Coords points="415,739 449,739 449,794 415,794"/>
          <TextEquiv>
            <Unicode>يد</Unicode>
          </TextEquiv>
        </Word>
        <Word id="w79">
          <Coords points="406,716 416,716 416,757 406,757"/>
          <TextEquiv>
            <Unicode>ا</Unicode>
          </TextEquiv>
        </Word>
        <Word id="w80">
          <Coords points="333,718 398,718 398,773 333,773"/>
          <TextEquiv>
            <Unicode>لعقا</Unicode>
          </TextEquiv>
        </Word>
        <Word id="w81">
          <Coords points="290,753 328,753 328,792 290,792"/>
          <TextEquiv>
            <Unicode>ب</Unicode>
          </TextEquiv>
        </Word>
        <Word id="w82">
          <Coords points="232,712 274,712 274,784 232,784"/>
          <TextEquiv>
            <Unicode>قل</Unicode>
          </TextEquiv>
        </Word>
        <TextEquiv>
          <Unicode> با يا تنا فا خذ هم ا لله بذ نو بهم و ا لله شد يد ا لعقا ب قل</Unicode>
        </TextEquiv>
      </TextLine>
      <TextLine id="l4">
        <Coords points="250,1168 994,1168 994,1281 250,1281"/>
        <Word id="w83">
          <Coords points="953,1177 966,1177 966,1217 953,1217"/>
          <TextEquiv>
            <Unicode>ا</Unicode>
          </TextEquiv>
        </Word>
        <Word id="w84">
          <Coords points="928,1176 993,1176 993,1229 928,1229"/>
          <TextEquiv>
            <Unicode>لى</Unicode>
          </TextEquiv>
        </Word>
        <Word id="w85">
          <Coords points="832,1202 929,1202 929,1274 832,1274"/>
          <TextEquiv>
            <Unicode>جهنم</Unicode>
          </TextEquiv>
        </Word>
        <Word id="w86">
          <Coords points="804,1210 827,1210 827,1238 804,1238"/>
          <TextEquiv>
            <Unicode>و</Unicode>
          </TextEquiv>
        </Word>
        <Word id="w87">
          <Coords points="739,1190 750,1190 750,1231 739,1231"/>
          <TextEquiv>
            <Unicode>ا</Unicode>
          </TextEquiv>
        </Word>
        <Word id="w88">
          <Coords points="679,1188 738,1188 738,1253 679,1253"/>
          <TextEquiv>
            <Unicode>لمها</Unicode>
          </TextEquiv>
        </Word>
        <Word id="w89">
          <Coords points="655,1186 805,1186 805,1267 655,1267"/>
          <TextEquiv>
            <Unicode>بئس</Unicode>
          </TextEquiv>
        </Word>
        <Word id="w90">
          <Coords points="652,1215 670,1215 670,1237 652,1237"/>
          <TextEquiv>
            <Unicode>د</Unicode>
          </TextEquiv>
        </Word>
        <Word id="w91">
          <Coords points="572,1200 611,1200 611,1250 572,1250"/>
          <TextEquiv>
            <Unicode>قد</Unicode>
          </TextEquiv>
        </Word>
        <Word id="w92">
          <Coords points="546,1169 593,1169 593,1242 546,1242"/>
          <TextEquiv>
            <Unicode>كا</Unicode>
          </TextEquiv>
        </Word>
        <Word id="w93">
          <Coords points="459,1168 518,1168 518,1260 459,1260"/>
          <TextEquiv>
            <Unicode>لكم</Unicode>
          </TextEquiv>
        </Word>
        <Word id="w94">
          <Coords points="447,1192 461,1192 461,1238 447,1238"/>
          <TextEquiv>
            <Unicode>ا</Unicode>
          </TextEquiv>
        </Word>
        <Word id="w95">
          <Coords points="425,1207 539,1207 539,1280 425,1280"/>
          <TextEquiv>
            <Unicode>ن</Unicode>
          </TextEquiv>
        </Word>
        <Word id="w96">
          <Coords points="416,1200 455,1200 455,1252 416,1252"/>
          <TextEquiv>
            <Unicode>ية</Unicode>
          </TextEquiv>
        </Word>
        <Word id="w97">
          <Coords points="380,1194 410,1194 410,1277 380,1277"/>
          <TextEquiv>
            <Unicode>في</Unicode>
          </TextEquiv>
        </Word>
        <Word id="w98">
          <Coords points="250,1191 380,1191 380,1259 250,1259"/>
          <TextEquiv>
            <Unicode>فئتين</Unicode>
          </TextEquiv>
        </Word>
        <TextEquiv>
          <Unicode> ا لى جهنم و ا لمها بئس د قد كا لكم ا ن ية في فئتين</Unicode>
        </TextEquiv>
      </TextLine>
      <TextLine id="l5">
        <Coords points="254,1296 996,1296 996,1399 254,1399"/>
        <Word id="w99">
          <Coords points="980,1296 995,1296 995,1348 980,1348"/>
          <TextEquiv>
            <Unicode>ا</Unicode>
          </TextEquiv>
        </Word>
        <Word id="w100">
          <Coords points="902,1301 972,1301 972,1352 902,1352"/>
          <TextEquiv>
            <Unicode>لتقتا</Unicode>
          </TextEquiv>
        </Word>
        <Word id="w101">
          <Coords points="833,1299 889,1299 889,1354 833,1354"/>
          <TextEquiv>
            <Unicode>فئة</Unicode>
          </TextEquiv>
        </Word>
        <Word id="w102">
          <Coords points="778,1308 821,1308 821,1354 778,1354"/>
          <TextEquiv>
            <Unicode>تقا</Unicode>
          </TextEquiv>
        </Word>
        <Word id="w103">
          <Coords points="725,1305 767,1305 767,1385 725,1385"/>
          <TextEquiv>
            <Unicode>تل</Unicode>
          </TextEquiv>
        </Word>
        <Word id="w104">
          <Coords points="683,1296 741,1296 741,1375 683,1375"/>
          <TextEquiv>
            <Unicode>في</Unicode>
          </TextEquiv>
        </Word>
        <Word id="w105">
          <Coords points="583,1321 672,1321 672,1382 583,1382"/>
          <TextEquiv>
            <Unicode>سبيل</Unicode>
          </TextEquiv>
        </Word>
        <Word id="w106">
          <Coords points="574,1315 586,1315 586,1360 574,1360"/>
          <TextEquiv>
            <Unicode>ا</Unicode>
          </TextEquiv>
        </Word>
        <Word id="w107">
          <Coords points="540,1342 568,1342 568,1365 540,1365"/>
          <TextEquiv>
            <Unicode>لله</Unicode>
          </TextEquiv>
        </Word>
        <Word id="w108">
          <Coords points="498,1349 524,1349 524,1377 498,1377"/>
          <TextEquiv>
            <Unicode>و</Unicode>
          </TextEquiv>
        </Word>
        <Word id="w109">
          <Coords points="491,1318 502,1318 502,1364 491,1364"/>
          <TextEquiv>
            <Unicode>ا</Unicode>
          </TextEquiv>
        </Word>
        <Word id="w110">
          <Coords points="449,1328 492,1328 492,1383 449,1383"/>
          <TextEquiv>
            <Unicode>خر</Unicode>
          </TextEquiv>
        </Word>
        <Word id="w111">
          <Coords points="385,1302 430,1302 430,1372 385,1372"/>
          <TextEquiv>
            <Unicode>كا</Unicode>
          </TextEquiv>
        </Word>
        <Word id="w112">
          <Coords points="331,1321 376,1321 376,1376 331,1376"/>
          <TextEquiv>
            <Unicode>فر</Unicode>
          </TextEquiv>
        </Word>
        <Word id="w113">
          <Coords points="330,1314 347,1314 347,1353 330,1353"/>
          <TextEquiv>
            <Unicode>ة</Unicode>
          </TextEquiv>
        </Word>
        <Word id="w114">
          <Coords points="315,1335 445,1335 445,1398 315,1398"/>
          <TextEquiv>
            <Unicode>ى</Unicode>
          </TextEquiv>
        </Word>
        <Word id="w115">
          <Coords points="288,1340 321,1340 321,1385 288,1385"/>
          <TextEquiv>
            <Unicode>ير</Unicode>
          </TextEquiv>
        </Word>
        <Word id="w116">
          <Coords points="267,1340 291,1340 291,1372 267,1372"/>
          <TextEquiv>
            <Unicode>و</Unicode>
          </TextEquiv>
        </Word>
        <Word id="w117">
          <Coords points="254,1300 295,1300 295,1373 254,1373"/>
          <TextEquiv>
            <Unicode>نهم</Unicode>
          </TextEquiv>
        </Word>
        <TextEquiv>
          <Unicode> ا لتقتا فئة تقا تل في سبيل ا لله و ا خر كا فر ة ى ير و نهم</Unicode>
        </TextEquiv>
      </TextLine>
      <TextLine id="l6">
        <Coords points="251,1387 990,1387 990,1534 251,1534"/>
        <Word id="w118">
          <Coords points="882,1430 989,1430 989,1533 882,1533"/>
          <TextEquiv>
            <Unicode>مثليهم</Unicode>
          </TextEquiv>
        </Word>
        <Word id="w119">
          <Coords points="857,1450 882,1450 882,1481 857,1481"/>
          <TextEquiv>
            <Unicode>ر</Unicode>
          </TextEquiv>
        </Word>
        <Word id="w120">
          <Coords points="846,1415 864,1415 864,1463 846,1463"/>
          <TextEquiv>
            <Unicode>ا</Unicode>
          </TextEquiv>
        </Word>
        <Word id="w121">
          <Coords points="814,1454 861,1454 861,1509 814,1509"/>
          <TextEquiv>
            <Unicode>ي</Unicode>
          </TextEquiv>
        </Word>
        <Word id="w122">
          <Coords points="807,1424 823,1424 823,1468 807,1468"/>
          <TextEquiv>
            <Unicode>ا</Unicode>
          </TextEquiv>
        </Word>
        <Word id="w123">
          <Coords points="697,1459 724,1459 724,1484 697,1484"/>
          <TextEquiv>
            <Unicode>و</Unicode>
          </TextEquiv>
        </Word>
        <Word id="w124">
          <Coords points="688,1430 704,1430 704,1477 688,1477"/>
          <TextEquiv>
            <Unicode>ا</Unicode>
          </TextEquiv>
        </Word>
        <Word id="w125">
          <Coords points="656,1466 686,1466 686,1489 656,1489"/>
          <TextEquiv>
            <Unicode>لله</Unicode>
          </TextEquiv>
        </Word>
        <Word id="w126">
          <Coords points="627,1428 798,1428 798,1512 627,1512"/>
          <TextEquiv>
            <Unicode>لعين</Unicode>
          </TextEquiv>
        </Word>
        <Word id="w127">
          <Coords points="603,1441 646,1441 646,1516 603,1516"/>
          <TextEquiv>
            <Unicode>يؤ</Unicode>
          </TextEquiv>
        </Word>
        <Word id="w128">
          <Coords points="564,1457 605,1457 605,1505 564,1505"/>
          <TextEquiv>
            <Unicode>يد</Unicode>
          </TextEquiv>
        </Word>
        <Word id="w129">
          <Coords points="464,1449 556,1449 556,1508 464,1508"/>
          <TextEquiv>
            <Unicode>بنصر</Unicode>
          </TextEquiv>
        </Word>
        <Word id="w130">
          <Coords points="463,1455 491,1455 491,1483 463,1483"/>
          <TextEquiv>
            <Unicode>ه</Unicode>
          </TextEquiv>
        </Word>
        <Word id="w131">
          <Coords points="405,1459 452,1459 452,1509 405,1509"/>
          <TextEquiv>
            <Unicode>من</Unicode>
          </TextEquiv>
        </Word>
        <Word id="w132">
          <Coords points="355,1433 408,1433 408,1517 355,1517"/>
          <TextEquiv>
            <Unicode>يشا</Unicode>
          </TextEquiv>
        </Word>
        <Word id="w133">
          <Coords points="340,1474 352,1474 352,1499 340,1499"/>
          <TextEquiv>
            <Unicode>ء</Unicode>
          </TextEquiv>
        </Word>
        <Word id="w134">
          <Coords points="314,1433 323,1433 323,1489 314,1489"/>
          <TextEquiv>
            <Unicode>ا</Unicode>
          </TextEquiv>
        </Word>
        <Word id="w135">
          <Coords points="271,1464 302,1464 302,1496 271,1496"/>
          <TextEquiv>
            <Unicode>ن</Unicode>
          </TextEquiv>
        </Word>
        <Word id="w136">
          <Coords points="251,1387 309,1387 309,1458 251,1458"/>
          <TextEquiv>
            <Unicode>فى</Unicode>
          </TextEquiv>
        </Word>
        <TextEquiv>
          <Unicode> مثليهم ر ا ي ا و ا لله لعين يؤ يد بنصر ه من يشا ء ا ن فى</Unicode>
        </TextEquiv>
      </TextLine>
      <TextLine id="l7">
        <Coords points="147,1539 999,1539 999,1637 147,1637"/>
        <Word id="w137">
          <Coords points="976,1544 998,1544 998,1600 976,1600"/>
          <TextEquiv>
            <Unicode>ذ</Unicode>
          </TextEquiv>
        </Word>
        <Word id="w138">
          <Coords points="916,1552 968,1552 968,1598 916,1598"/>
          <TextEquiv>
            <Unicode>لك</Unicode>
          </TextEquiv>
        </Word>
        <Word id="w139">
          <Coords points="833,1550 906,1550 906,1618 833,1618"/>
          <TextEquiv>
            <Unicode>لعبر</Unicode>
          </TextEquiv>
        </Word>
        <Word id="w140">
          <Coords points="830,1551 855,1551 855,1599 830,1599"/>
          <TextEquiv>
            <Unicode>ة</Unicode>
          </TextEquiv>
        </Word>
        <Word id="w141">
          <Coords points="792,1539 827,1539 827,1595 792,1595"/>
          <TextEquiv>
            <Unicode>لا</Unicode>
          </TextEquiv>
        </Word>
        <Word id="w142">
          <Coords points="779,1581 800,1581 800,1609 779,1609"/>
          <TextEquiv>
            <Unicode>و</Unicode>
          </TextEquiv>
        </Word>
        <Word id="w143">
          <Coords points="741,1541 776,1541 776,1617 741,1617"/>
          <TextEquiv>
            <Unicode>لى</Unicode>
          </TextEquiv>
        </Word>
        <Word id="w144">
          <Coords points="737,1548 749,1548 749,1591 737,1591"/>
          <TextEquiv>
            <Unicode>ا</Unicode>
          </TextEquiv>
        </Word>
        <Word id="w145">
          <Coords points="695,1556 737,1556 737,1592 695,1592"/>
          <TextEquiv>
            <Unicode>لا</Unicode>
          </TextEquiv>
        </Word>
        <Word id="w146">
          <Coords points="640,1550 710,1550 710,1610 640,1610"/>
          <TextEquiv>
            <Unicode>بصا</Unicode>
          </TextEquiv>
        </Word>
        <Word id="w147">
          <Coords points="613,1581 634,1581 634,1612 613,1612"/>
          <TextEquiv>
            <Unicode>ر</Unicode>
          </TextEquiv>
        </Word>
        <Word id="w148">
          <Coords points="552,1555 576,1555 576,1609 552,1609"/>
          <TextEquiv>
            <Unicode>ز</Unicode>
          </TextEquiv>
        </Word>
        <Word id="w149">
          <Coords points="509,1575 559,1575 559,1632 509,1632"/>
          <TextEquiv>
            <Unicode>ين</Unicode>
          </TextEquiv>
        </Word>
        <Word id="w150">
          <Coords points="463,1553 516,1553 516,1604 463,1604"/>
          <TextEquiv>
            <Unicode>للنا</Unicode>
          </TextEquiv>
        </Word>
        <Word id="w151">
          <Coords points="336,1543 348,1543 348,1588 336,1588"/>
          <TextEquiv>
            <Unicode>ا</Unicode>
          </TextEquiv>
        </Word>
        <Word id="w152">
          <Coords points="323,1582 459,1582 459,1636 323,1636"/>
          <TextEquiv>
            <Unicode>س</Unicode>
          </TextEquiv>
        </Word>
        <Word id="w153">
          <Coords points="262,1548 327,1548 327,1616 262,1616"/>
          <TextEquiv>
            <Unicode>لشهو</Unicode>
          </TextEquiv>
        </Word>
        <Word id="w154">
          <Coords points="260,1540 270,1540 270,1586 260,1586"/>
          <TextEquiv>
            <Unicode>ا</Unicode>
          </TextEquiv>
        </Word>
        <Word id="w155">
          <Coords points="147,1539 198,1539 198,1586 147,1586"/>
          <TextEquiv>
            <Unicode>ت</Unicode>
          </TextEquiv>
        </Word>
        <TextEquiv>
          <Unicode> ذ لك لعبر ة لا و لى ا لا بصا ر ز ين للنا ا س لشهو ا ت</Unicode>
        </TextEquiv>
      </TextLine>
    </TextRegion>
  </Page>
</PcGts>
