<?xml version='1.0' encoding='utf-8'?>
<PcGts xmlns:xsi="http://www.w3.org/2001/XMLSchema-instance" xmlns="http://schema.primaresearch.org/PAGE/gts/pagecontent/2019-07-15" xsi:schemaLocation="http://schema.primaresearch.org/PAGE/gts/pagecontent/2019-07-15 http://schema.primaresearch.org/PAGE/gts/pagecontent/2019-07-15/pagecontent.xsd" pcGtsId="pc-aletheiaexamplepage">
  <Metadata>
    <Creator>PRImA Research Lab</Creator>
    <Created>2015-07-17T15:27:13</Created>
    <LastChange>2017-07-14T10:03:33</LastChange>
    <Comments>Example Page</Comments>
  </Metadata>
  <Page imageFilename="3157556/0046-1.png" imageWidth="1201" imageHeight="2073">
    <TextRegion id="r0" type="paragraph">
      <Coords points="1,1 1199,1 1199,2071 1,2071"/>
      <TextLine id="l0">
        <Coords points="213,385 951,385 951,494 213,494"/>
        <Word id="w0">
          <Coords points="944,419 950,419 950,459 944,459"/>
          <TextEquiv>
            <Unicode>ا</Unicode>
          </TextEquiv>
        </Word>
        <Word id="w1">
          <Coords points="855,419 939,419 939,477 855,477"/>
          <TextEquiv>
            <Unicode>لمتقين</Unicode>
          </TextEquiv>
        </Word>
        <Word id="w2">
          <Coords points="815,408 825,408 825,453 815,453"/>
          <TextEquiv>
            <Unicode>ا</Unicode>
          </TextEquiv>
        </Word>
        <Word id="w3">
          <Coords points="784,438 810,438 810,462 784,462"/>
          <TextEquiv>
            <Unicode>ت</Unicode>
          </TextEquiv>
        </Word>
        <Word id="w4">
          <Coords points="775,405 780,405 780,446 775,446"/>
          <TextEquiv>
            <Unicode>ا</Unicode>
          </TextEquiv>
        </Word>
        <Word id="w5">
          <Coords points="739,396 766,396 766,451 739,451"/>
          <TextEquiv>
            <Unicode>لذ</Unicode>
          </TextEquiv>
        </Word>
        <Word id="w6">
          <Coords points="695,430 743,430 743,475 695,475"/>
          <TextEquiv>
            <Unicode>ين</Unicode>
          </TextEquiv>
        </Word>
        <Word id="w7">
          <Coords points="606,430 627,430 627,455 606,455"/>
          <TextEquiv>
            <Unicode>و</Unicode>
          </TextEquiv>
        </Word>
        <Word id="w8">
          <Coords points="576,409 604,409 604,449 576,449"/>
          <TextEquiv>
            <Unicode>ن</Unicode>
          </TextEquiv>
        </Word>
        <Word id="w9">
          <Coords points="471,388 567,388 567,452 471,452"/>
          <TextEquiv>
            <Unicode>بعهد</Unicode>
          </TextEquiv>
        </Word>
        <Word id="w10">
          <Coords points="460,385 468,385 468,428 460,428"/>
          <TextEquiv>
            <Unicode>ا</Unicode>
          </TextEquiv>
        </Word>
        <Word id="w11">
          <Coords points="422,419 454,419 454,442 422,442"/>
          <TextEquiv>
            <Unicode>لله</Unicode>
          </TextEquiv>
        </Word>
        <Word id="w12">
          <Coords points="382,423 405,423 405,449 382,449"/>
          <TextEquiv>
            <Unicode>و</Unicode>
          </TextEquiv>
        </Word>
        <Word id="w13">
          <Coords points="375,390 385,390 385,437 375,437"/>
          <TextEquiv>
            <Unicode>ا</Unicode>
          </TextEquiv>
        </Word>
        <Word id="w14">
          <Coords points="336,394 371,394 371,457 336,457"/>
          <TextEquiv>
            <Unicode>يما</Unicode>
          </TextEquiv>
        </Word>
        <Word id="w15">
          <Coords points="277,388 328,388 328,493 277,493"/>
          <TextEquiv>
            <Unicode>نهم</Unicode>
          </TextEquiv>
        </Word>
        <Word id="w16">
          <Coords points="213,385 272,385 272,440 213,440"/>
          <TextEquiv>
            <Unicode>ثمنا</Unicode>
          </TextEquiv>
        </Word>
        <TextEquiv>
          <Unicode> ا لمتقين ا ت ا لذ ين و ن بعهد ا لله و ا يما نهم ثمنا</Unicode>
        </TextEquiv>
      </TextLine>
      <TextLine id="l1">
        <Coords points="208,496 948,496 948,618 208,618"/>
        <Word id="w17">
          <Coords points="866,535 947,535 947,605 866,605"/>
          <TextEquiv>
            <Unicode>قليلا</Unicode>
          </TextEquiv>
        </Word>
        <Word id="w18">
          <Coords points="857,535 868,535 868,576 857,576"/>
          <TextEquiv>
            <Unicode>ا</Unicode>
          </TextEquiv>
        </Word>
        <Word id="w19">
          <Coords points="827,562 850,562 850,585 827,585"/>
          <TextEquiv>
            <Unicode>و</Unicode>
          </TextEquiv>
        </Word>
        <Word id="w20">
          <Coords points="745,539 824,539 824,579 745,579"/>
          <TextEquiv>
            <Unicode>لئك</Unicode>
          </TextEquiv>
        </Word>
        <Word id="w21">
          <Coords points="701,536 742,536 742,574 701,574"/>
          <TextEquiv>
            <Unicode>لا</Unicode>
          </TextEquiv>
        </Word>
        <Word id="w22">
          <Coords points="646,537 711,537 711,580 646,580"/>
          <TextEquiv>
            <Unicode>خلا</Unicode>
          </TextEquiv>
        </Word>
        <Word id="w23">
          <Coords points="615,533 646,533 646,584 615,584"/>
          <TextEquiv>
            <Unicode>ق</Unicode>
          </TextEquiv>
        </Word>
        <Word id="w24">
          <Coords points="558,522 624,522 624,604 558,604"/>
          <TextEquiv>
            <Unicode>له</Unicode>
          </TextEquiv>
        </Word>
        <Word id="w25">
          <Coords points="514,501 547,501 547,605 514,605"/>
          <TextEquiv>
            <Unicode>في</Unicode>
          </TextEquiv>
        </Word>
        <Word id="w26">
          <Coords points="505,518 511,518 511,557 505,557"/>
          <TextEquiv>
            <Unicode>ا</Unicode>
          </TextEquiv>
        </Word>
        <Word id="w27">
          <Coords points="465,520 514,520 514,564 465,564"/>
          <TextEquiv>
            <Unicode>لا</Unicode>
          </TextEquiv>
        </Word>
        <Word id="w28">
          <Coords points="415,517 427,517 427,562 415,562"/>
          <TextEquiv>
            <Unicode>ة</Unicode>
          </TextEquiv>
        </Word>
        <Word id="w29">
          <Coords points="414,532 473,532 473,587 414,587"/>
          <TextEquiv>
            <Unicode>خر</Unicode>
          </TextEquiv>
        </Word>
        <Word id="w30">
          <Coords points="375,551 399,551 399,576 375,576"/>
          <TextEquiv>
            <Unicode>و</Unicode>
          </TextEquiv>
        </Word>
        <Word id="w31">
          <Coords points="343,515 391,515 391,558 343,558"/>
          <TextEquiv>
            <Unicode>لا</Unicode>
          </TextEquiv>
        </Word>
        <Word id="w32">
          <Coords points="236,496 345,496 345,617 236,617"/>
          <TextEquiv>
            <Unicode>يكلمهم</Unicode>
          </TextEquiv>
        </Word>
        <Word id="w33">
          <Coords points="235,501 248,501 248,548 235,548"/>
          <TextEquiv>
            <Unicode>ا</Unicode>
          </TextEquiv>
        </Word>
        <Word id="w34">
          <Coords points="208,530 236,530 236,550 208,550"/>
          <TextEquiv>
            <Unicode>لله</Unicode>
          </TextEquiv>
        </Word>
        <TextEquiv>
          <Unicode> قليلا ا و لئك لا خلا ق له في ا لا ة خر و لا يكلمهم ا لله</Unicode>
        </TextEquiv>
      </TextLine>
      <TextLine id="l2">
        <Coords points="205,620 953,620 953,746 205,746"/>
        <Word id="w35">
          <Coords points="929,681 952,681 952,706 929,706"/>
          <TextEquiv>
            <Unicode>و</Unicode>
          </TextEquiv>
        </Word>
        <Word id="w36">
          <Coords points="900,653 939,653 939,690 900,690"/>
          <TextEquiv>
            <Unicode>لا</Unicode>
          </TextEquiv>
        </Word>
        <Word id="w37">
          <Coords points="832,641 842,641 842,683 832,683"/>
          <TextEquiv>
            <Unicode>ا</Unicode>
          </TextEquiv>
        </Word>
        <Word id="w38">
          <Coords points="828,649 899,649 899,707 828,707"/>
          <TextEquiv>
            <Unicode>ينظر</Unicode>
          </TextEquiv>
        </Word>
        <Word id="w39">
          <Coords points="766,645 821,645 821,745 766,745"/>
          <TextEquiv>
            <Unicode>ليهم</Unicode>
          </TextEquiv>
        </Word>
        <Word id="w40">
          <Coords points="726,669 755,669 755,718 726,718"/>
          <TextEquiv>
            <Unicode>يو</Unicode>
          </TextEquiv>
        </Word>
        <Word id="w41">
          <Coords points="698,676 723,676 723,700 698,700"/>
          <TextEquiv>
            <Unicode>م</Unicode>
          </TextEquiv>
        </Word>
        <Word id="w42">
          <Coords points="690,642 701,642 701,683 690,683"/>
          <TextEquiv>
            <Unicode>ا</Unicode>
          </TextEquiv>
        </Word>
        <Word id="w43">
          <Coords points="577,645 684,645 684,716 577,716"/>
          <TextEquiv>
            <Unicode>لقيمة</Unicode>
          </TextEquiv>
        </Word>
        <Word id="w44">
          <Coords points="556,677 576,677 576,702 556,702"/>
          <TextEquiv>
            <Unicode>و</Unicode>
          </TextEquiv>
        </Word>
        <Word id="w45">
          <Coords points="522,647 564,647 564,690 522,690"/>
          <TextEquiv>
            <Unicode>لا</Unicode>
          </TextEquiv>
        </Word>
        <Word id="w46">
          <Coords points="485,663 526,663 526,713 485,713"/>
          <TextEquiv>
            <Unicode>يز</Unicode>
          </TextEquiv>
        </Word>
        <Word id="w47">
          <Coords points="422,620 499,620 499,734 422,734"/>
          <TextEquiv>
            <Unicode>كيهم</Unicode>
          </TextEquiv>
        </Word>
        <Word id="w48">
          <Coords points="392,672 413,672 413,698 392,698"/>
          <TextEquiv>
            <Unicode>و</Unicode>
          </TextEquiv>
        </Word>
        <Word id="w49">
          <Coords points="333,644 394,644 394,728 333,728"/>
          <TextEquiv>
            <Unicode>لهم</Unicode>
          </TextEquiv>
        </Word>
        <Word id="w50">
          <Coords points="277,625 322,625 322,688 277,688"/>
          <TextEquiv>
            <Unicode>عذ</Unicode>
          </TextEquiv>
        </Word>
        <Word id="w51">
          <Coords points="264,623 279,623 279,684 264,684"/>
          <TextEquiv>
            <Unicode>ا</Unicode>
          </TextEquiv>
        </Word>
        <Word id="w52">
          <Coords points="205,659 252,659 252,693 205,693"/>
          <TextEquiv>
            <Unicode>ب</Unicode>
          </TextEquiv>
        </Word>
        <TextEquiv>
          <Unicode> و لا ا ينظر ليهم يو م ا لقيمة و لا يز كيهم و لهم عذ ا ب</Unicode>
        </TextEquiv>
      </TextLine>
      <TextLine id="l3">
        <Coords points="192,729 954,729 954,859 192,859"/>
        <Word id="w53">
          <Coords points="943,775 953,775 953,819 943,819"/>
          <TextEquiv>
            <Unicode>ا</Unicode>
          </TextEquiv>
        </Word>
        <Word id="w54">
          <Coords points="905,774 935,774 935,858 905,858"/>
          <TextEquiv>
            <Unicode>ليم</Unicode>
          </TextEquiv>
        </Word>
        <Word id="w55">
          <Coords points="850,798 874,798 874,826 850,826"/>
          <TextEquiv>
            <Unicode>و</Unicode>
          </TextEquiv>
        </Word>
        <Word id="w56">
          <Coords points="844,765 855,765 855,812 844,812"/>
          <TextEquiv>
            <Unicode>ا</Unicode>
          </TextEquiv>
        </Word>
        <Word id="w57">
          <Coords points="807,792 834,792 834,821 807,821"/>
          <TextEquiv>
            <Unicode>ن</Unicode>
          </TextEquiv>
        </Word>
        <Word id="w58">
          <Coords points="730,777 800,777 800,852 730,852"/>
          <TextEquiv>
            <Unicode>منهم</Unicode>
          </TextEquiv>
        </Word>
        <Word id="w59">
          <Coords points="686,762 728,762 728,822 686,822"/>
          <TextEquiv>
            <Unicode>لفر</Unicode>
          </TextEquiv>
        </Word>
        <Word id="w60">
          <Coords points="642,769 685,769 685,836 642,836"/>
          <TextEquiv>
            <Unicode>يقا</Unicode>
          </TextEquiv>
        </Word>
        <Word id="w61">
          <Coords points="590,760 635,760 635,831 590,831"/>
          <TextEquiv>
            <Unicode>يلو</Unicode>
          </TextEquiv>
        </Word>
        <Word id="w62">
          <Coords points="560,791 588,791 588,822 560,822"/>
          <TextEquiv>
            <Unicode>و</Unicode>
          </TextEquiv>
        </Word>
        <Word id="w63">
          <Coords points="539,774 562,774 562,809 539,809"/>
          <TextEquiv>
            <Unicode>ن</Unicode>
          </TextEquiv>
        </Word>
        <Word id="w64">
          <Coords points="518,765 532,765 532,805 518,805"/>
          <TextEquiv>
            <Unicode>ا</Unicode>
          </TextEquiv>
        </Word>
        <Word id="w65">
          <Coords points="396,766 513,766 513,857 396,857"/>
          <TextEquiv>
            <Unicode>لسنتهم</Unicode>
          </TextEquiv>
        </Word>
        <Word id="w66">
          <Coords points="370,766 388,766 388,821 370,821"/>
          <TextEquiv>
            <Unicode>با</Unicode>
          </TextEquiv>
        </Word>
        <Word id="w67">
          <Coords points="307,741 357,741 357,811 307,811"/>
          <TextEquiv>
            <Unicode>لكتا</Unicode>
          </TextEquiv>
        </Word>
        <Word id="w68">
          <Coords points="241,785 292,785 292,824 241,824"/>
          <TextEquiv>
            <Unicode>ب</Unicode>
          </TextEquiv>
        </Word>
        <Word id="w69">
          <Coords points="194,745 220,745 220,769 194,769"/>
          <TextEquiv>
            <Unicode>ه</Unicode>
          </TextEquiv>
        </Word>
        <Word id="w70">
          <Coords points="192,729 282,729 282,796 192,796"/>
          <TextEquiv>
            <Unicode>لتحسبو</Unicode>
          </TextEquiv>
        </Word>
        <TextEquiv>
          <Unicode> ا ليم و ا ن منهم لفر يقا يلو و ن ا لسنتهم با لكتا ب ه لتحسبو</Unicode>
        </TextEquiv>
      </TextLine>
      <TextLine id="l4">
        <Coords points="111,1211 938,1211 938,1307 111,1307"/>
        <Word id="w71">
          <Coords points="914,1274 937,1274 937,1297 914,1297"/>
          <TextEquiv>
            <Unicode>و</Unicode>
          </TextEquiv>
        </Word>
        <Word id="w72">
          <Coords points="869,1244 916,1244 916,1304 869,1304"/>
          <TextEquiv>
            <Unicode>يقو</Unicode>
          </TextEquiv>
        </Word>
        <Word id="w73">
          <Coords points="835,1234 866,1234 866,1293 835,1293"/>
          <TextEquiv>
            <Unicode>ل</Unicode>
          </TextEquiv>
        </Word>
        <Word id="w74">
          <Coords points="814,1251 836,1251 836,1281 814,1281"/>
          <TextEquiv>
            <Unicode>ن</Unicode>
          </TextEquiv>
        </Word>
        <Word id="w75">
          <Coords points="753,1262 799,1262 799,1299 753,1299"/>
          <TextEquiv>
            <Unicode>هو</Unicode>
          </TextEquiv>
        </Word>
        <Word id="w76">
          <Coords points="707,1245 758,1245 758,1296 707,1296"/>
          <TextEquiv>
            <Unicode>من</Unicode>
          </TextEquiv>
        </Word>
        <Word id="w77">
          <Coords points="635,1238 713,1238 713,1289 635,1289"/>
          <TextEquiv>
            <Unicode>عند</Unicode>
          </TextEquiv>
        </Word>
        <Word id="w78">
          <Coords points="626,1226 637,1226 637,1277 626,1277"/>
          <TextEquiv>
            <Unicode>ا</Unicode>
          </TextEquiv>
        </Word>
        <Word id="w79">
          <Coords points="596,1259 622,1259 622,1281 596,1281"/>
          <TextEquiv>
            <Unicode>لله</Unicode>
          </TextEquiv>
        </Word>
        <Word id="w80">
          <Coords points="555,1264 578,1264 578,1290 555,1290"/>
          <TextEquiv>
            <Unicode>و</Unicode>
          </TextEquiv>
        </Word>
        <Word id="w81">
          <Coords points="528,1228 556,1228 556,1281 528,1281"/>
          <TextEquiv>
            <Unicode>ما</Unicode>
          </TextEquiv>
        </Word>
        <Word id="w82">
          <Coords points="467,1257 517,1257 517,1294 467,1294"/>
          <TextEquiv>
            <Unicode>هو</Unicode>
          </TextEquiv>
        </Word>
        <Word id="w83">
          <Coords points="349,1225 434,1225 434,1279 349,1279"/>
          <TextEquiv>
            <Unicode>عند</Unicode>
          </TextEquiv>
        </Word>
        <Word id="w84">
          <Coords points="347,1219 358,1219 358,1270 347,1270"/>
          <TextEquiv>
            <Unicode>ا</Unicode>
          </TextEquiv>
        </Word>
        <Word id="w85">
          <Coords points="340,1239 471,1239 471,1306 340,1306"/>
          <TextEquiv>
            <Unicode>من</Unicode>
          </TextEquiv>
        </Word>
        <Word id="w86">
          <Coords points="309,1254 341,1254 341,1277 309,1277"/>
          <TextEquiv>
            <Unicode>لله</Unicode>
          </TextEquiv>
        </Word>
        <Word id="w87">
          <Coords points="272,1250 296,1250 296,1285 272,1285"/>
          <TextEquiv>
            <Unicode>و</Unicode>
          </TextEquiv>
        </Word>
        <Word id="w88">
          <Coords points="221,1236 273,1236 273,1289 221,1289"/>
          <TextEquiv>
            <Unicode>يقو</Unicode>
          </TextEquiv>
        </Word>
        <Word id="w89">
          <Coords points="203,1211 232,1211 232,1272 203,1272"/>
          <TextEquiv>
            <Unicode>لو</Unicode>
          </TextEquiv>
        </Word>
        <Word id="w90">
          <Coords points="111,1234 140,1234 140,1263 111,1263"/>
          <TextEquiv>
            <Unicode>ن</Unicode>
          </TextEquiv>
        </Word>
        <TextEquiv>
          <Unicode> و يقو ل ن هو من عند ا لله و ما هو عند ا من لله و يقو لو ن</Unicode>
        </TextEquiv>
      </TextLine>
      <TextLine id="l5">
        <Coords points="197,1338 937,1338 937,1453 197,1453"/>
        <Word id="w91">
          <Coords points="881,1368 936,1368 936,1435 881,1435"/>
          <TextEquiv>
            <Unicode>على</Unicode>
          </TextEquiv>
        </Word>
        <Word id="w92">
          <Coords points="880,1366 890,1366 890,1416 880,1416"/>
          <TextEquiv>
            <Unicode>ا</Unicode>
          </TextEquiv>
        </Word>
        <Word id="w93">
          <Coords points="847,1391 873,1391 873,1410 847,1410"/>
          <TextEquiv>
            <Unicode>لله</Unicode>
          </TextEquiv>
        </Word>
        <Word id="w94">
          <Coords points="835,1362 845,1362 845,1402 835,1402"/>
          <TextEquiv>
            <Unicode>ا</Unicode>
          </TextEquiv>
        </Word>
        <Word id="w95">
          <Coords points="767,1338 826,1338 826,1421 767,1421"/>
          <TextEquiv>
            <Unicode>لكذ</Unicode>
          </TextEquiv>
        </Word>
        <Word id="w96">
          <Coords points="713,1388 768,1388 768,1433 713,1433"/>
          <TextEquiv>
            <Unicode>ب</Unicode>
          </TextEquiv>
        </Word>
        <Word id="w97">
          <Coords points="675,1391 699,1391 699,1419 675,1419"/>
          <TextEquiv>
            <Unicode>و</Unicode>
          </TextEquiv>
        </Word>
        <Word id="w98">
          <Coords points="651,1381 680,1381 680,1451 651,1451"/>
          <TextEquiv>
            <Unicode>هم</Unicode>
          </TextEquiv>
        </Word>
        <Word id="w99">
          <Coords points="580,1363 646,1363 646,1427 580,1427"/>
          <TextEquiv>
            <Unicode>يعلمو</Unicode>
          </TextEquiv>
        </Word>
        <Word id="w100">
          <Coords points="557,1377 581,1377 581,1408 557,1408"/>
          <TextEquiv>
            <Unicode>ن</Unicode>
          </TextEquiv>
        </Word>
        <Word id="w101">
          <Coords points="483,1360 513,1360 513,1404 483,1404"/>
          <TextEquiv>
            <Unicode>ما</Unicode>
          </TextEquiv>
        </Word>
        <Word id="w102">
          <Coords points="448,1342 491,1342 491,1406 448,1406"/>
          <TextEquiv>
            <Unicode>كا</Unicode>
          </TextEquiv>
        </Word>
        <Word id="w103">
          <Coords points="406,1388 435,1388 435,1418 406,1418"/>
          <TextEquiv>
            <Unicode>ن</Unicode>
          </TextEquiv>
        </Word>
        <Word id="w104">
          <Coords points="337,1344 406,1344 406,1416 337,1416"/>
          <TextEquiv>
            <Unicode>لبشر</Unicode>
          </TextEquiv>
        </Word>
        <Word id="w105">
          <Coords points="326,1354 337,1354 337,1401 326,1401"/>
          <TextEquiv>
            <Unicode>ا</Unicode>
          </TextEquiv>
        </Word>
        <Word id="w106">
          <Coords points="289,1362 320,1362 320,1415 289,1415"/>
          <TextEquiv>
            <Unicode>ن</Unicode>
          </TextEquiv>
        </Word>
        <Word id="w107">
          <Coords points="258,1355 291,1355 291,1426 258,1426"/>
          <TextEquiv>
            <Unicode>يؤ</Unicode>
          </TextEquiv>
        </Word>
        <Word id="w108">
          <Coords points="208,1344 260,1344 260,1407 208,1407"/>
          <TextEquiv>
            <Unicode>تيه</Unicode>
          </TextEquiv>
        </Word>
        <Word id="w109">
          <Coords points="197,1402 206,1402 206,1452 197,1452"/>
          <TextEquiv>
            <Unicode>ا</Unicode>
          </TextEquiv>
        </Word>
        <TextEquiv>
          <Unicode> على ا لله ا لكذ ب و هم يعلمو ن ما كا ن لبشر ا ن يؤ تيه ا</Unicode>
        </TextEquiv>
      </TextLine>
      <TextLine id="l6">
        <Coords points="209,1438 233,1438 233,1465 209,1465"/>
        <Word id="w110">
          <Coords points="209,1438 232,1438 232,1464 209,1464"/>
          <TextEquiv>
            <Unicode>د</Unicode>
          </TextEquiv>
        </Word>
        <TextEquiv>
          <Unicode> د</Unicode>
        </TextEquiv>
      </TextLine>
      <TextLine id="l7">
        <Coords points="208,1447 941,1447 941,1567 208,1567"/>
        <Word id="w111">
          <Coords points="934,1486 940,1486 940,1533 934,1533"/>
          <TextEquiv>
            <Unicode>ا</Unicode>
          </TextEquiv>
        </Word>
        <Word id="w112">
          <Coords points="896,1514 925,1514 925,1536 896,1536"/>
          <TextEquiv>
            <Unicode>لله</Unicode>
          </TextEquiv>
        </Word>
        <Word id="w113">
          <Coords points="880,1484 891,1484 891,1531 880,1531"/>
          <TextEquiv>
            <Unicode>ا</Unicode>
          </TextEquiv>
        </Word>
        <Word id="w114">
          <Coords points="822,1461 870,1461 870,1533 822,1533"/>
          <TextEquiv>
            <Unicode>لكتا</Unicode>
          </TextEquiv>
        </Word>
        <Word id="w115">
          <Coords points="765,1514 808,1514 808,1548 765,1548"/>
          <TextEquiv>
            <Unicode>ب</Unicode>
          </TextEquiv>
        </Word>
        <Word id="w116">
          <Coords points="730,1510 756,1510 756,1541 730,1541"/>
          <TextEquiv>
            <Unicode>و</Unicode>
          </TextEquiv>
        </Word>
        <Word id="w117">
          <Coords points="727,1479 743,1479 743,1521 727,1521"/>
          <TextEquiv>
            <Unicode>ا</Unicode>
          </TextEquiv>
        </Word>
        <Word id="w118">
          <Coords points="678,1447 733,1447 733,1566 678,1566"/>
          <TextEquiv>
            <Unicode>لحكم</Unicode>
          </TextEquiv>
        </Word>
        <Word id="w119">
          <Coords points="643,1509 667,1509 667,1535 643,1535"/>
          <TextEquiv>
            <Unicode>و</Unicode>
          </TextEquiv>
        </Word>
        <Word id="w120">
          <Coords points="640,1475 649,1475 649,1519 640,1519"/>
          <TextEquiv>
            <Unicode>ا</Unicode>
          </TextEquiv>
        </Word>
        <Word id="w121">
          <Coords points="556,1480 633,1480 633,1548 556,1548"/>
          <TextEquiv>
            <Unicode>لنبو</Unicode>
          </TextEquiv>
        </Word>
        <Word id="w122">
          <Coords points="556,1483 578,1483 578,1526 556,1526"/>
          <TextEquiv>
            <Unicode>ة</Unicode>
          </TextEquiv>
        </Word>
        <Word id="w123">
          <Coords points="515,1479 546,1479 546,1564 515,1564"/>
          <TextEquiv>
            <Unicode>ثم</Unicode>
          </TextEquiv>
        </Word>
        <Word id="w124">
          <Coords points="455,1490 508,1490 508,1548 455,1548"/>
          <TextEquiv>
            <Unicode>يقو</Unicode>
          </TextEquiv>
        </Word>
        <Word id="w125">
          <Coords points="426,1467 453,1467 453,1534 426,1534"/>
          <TextEquiv>
            <Unicode>ل</Unicode>
          </TextEquiv>
        </Word>
        <Word id="w126">
          <Coords points="377,1449 437,1449 437,1528 377,1528"/>
          <TextEquiv>
            <Unicode>للنا</Unicode>
          </TextEquiv>
        </Word>
        <Word id="w127">
          <Coords points="325,1499 373,1499 373,1537 325,1537"/>
          <TextEquiv>
            <Unicode>س</Unicode>
          </TextEquiv>
        </Word>
        <Word id="w128">
          <Coords points="298,1450 348,1450 348,1536 298,1536"/>
          <TextEquiv>
            <Unicode>كو</Unicode>
          </TextEquiv>
        </Word>
        <Word id="w129">
          <Coords points="266,1472 295,1472 295,1530 266,1530"/>
          <TextEquiv>
            <Unicode>نو</Unicode>
          </TextEquiv>
        </Word>
        <Word id="w130">
          <Coords points="256,1467 264,1467 264,1518 256,1518"/>
          <TextEquiv>
            <Unicode>ا</Unicode>
          </TextEquiv>
        </Word>
        <Word id="w131">
          <Coords points="208,1463 251,1463 251,1540 208,1540"/>
          <TextEquiv>
            <Unicode>عبا</Unicode>
          </TextEquiv>
        </Word>
        <TextEquiv>
          <Unicode> ا لله ا لكتا ب و ا لحكم و ا لنبو ة ثم يقو ل للنا س كو نو ا عبا</Unicode>
        </TextEquiv>
      </TextLine>
      <TextLine id="l8">
        <Coords points="202,1563 936,1563 936,1686 202,1686"/>
        <Word id="w132">
          <Coords points="892,1602 935,1602 935,1668 892,1668"/>
          <TextEquiv>
            <Unicode>لى</Unicode>
          </TextEquiv>
        </Word>
        <Word id="w133">
          <Coords points="851,1615 902,1615 902,1668 851,1668"/>
          <TextEquiv>
            <Unicode>من</Unicode>
          </TextEquiv>
        </Word>
        <Word id="w134">
          <Coords points="835,1617 856,1617 856,1652 835,1652"/>
          <TextEquiv>
            <Unicode>د</Unicode>
          </TextEquiv>
        </Word>
        <Word id="w135">
          <Coords points="805,1630 829,1630 829,1656 805,1656"/>
          <TextEquiv>
            <Unicode>و</Unicode>
          </TextEquiv>
        </Word>
        <Word id="w136">
          <Coords points="773,1622 802,1622 802,1651 773,1651"/>
          <TextEquiv>
            <Unicode>ن</Unicode>
          </TextEquiv>
        </Word>
        <Word id="w137">
          <Coords points="756,1602 766,1602 766,1649 756,1649"/>
          <TextEquiv>
            <Unicode>ا</Unicode>
          </TextEquiv>
        </Word>
        <Word id="w138">
          <Coords points="719,1630 751,1630 751,1652 719,1652"/>
          <TextEquiv>
            <Unicode>لله</Unicode>
          </TextEquiv>
        </Word>
        <Word id="w139">
          <Coords points="631,1581 692,1581 692,1670 631,1670"/>
          <TextEquiv>
            <Unicode>لكن</Unicode>
          </TextEquiv>
        </Word>
        <Word id="w140">
          <Coords points="604,1583 655,1583 655,1664 604,1664"/>
          <TextEquiv>
            <Unicode>كو</Unicode>
          </TextEquiv>
        </Word>
        <Word id="w141">
          <Coords points="570,1607 605,1607 605,1660 570,1660"/>
          <TextEquiv>
            <Unicode>نو</Unicode>
          </TextEquiv>
        </Word>
        <Word id="w142">
          <Coords points="560,1602 570,1602 570,1637 560,1637"/>
          <TextEquiv>
            <Unicode>ا</Unicode>
          </TextEquiv>
        </Word>
        <Word id="w143">
          <Coords points="531,1633 550,1633 550,1656 531,1656"/>
          <TextEquiv>
            <Unicode>ر</Unicode>
          </TextEquiv>
        </Word>
        <Word id="w144">
          <Coords points="508,1606 525,1606 525,1668 508,1668"/>
          <TextEquiv>
            <Unicode>با</Unicode>
          </TextEquiv>
        </Word>
        <Word id="w145">
          <Coords points="433,1596 500,1596 500,1675 433,1675"/>
          <TextEquiv>
            <Unicode>نين</Unicode>
          </TextEquiv>
        </Word>
        <Word id="w146">
          <Coords points="385,1605 428,1605 428,1658 385,1658"/>
          <TextEquiv>
            <Unicode>بما</Unicode>
          </TextEquiv>
        </Word>
        <Word id="w147">
          <Coords points="293,1563 398,1563 398,1685 293,1685"/>
          <TextEquiv>
            <Unicode>كنتم</Unicode>
          </TextEquiv>
        </Word>
        <Word id="w148">
          <Coords points="230,1592 293,1592 293,1659 230,1659"/>
          <TextEquiv>
            <Unicode>تعلمو</Unicode>
          </TextEquiv>
        </Word>
        <Word id="w149">
          <Coords points="202,1595 230,1595 230,1633 202,1633"/>
          <TextEquiv>
            <Unicode>ن</Unicode>
          </TextEquiv>
        </Word>
        <TextEquiv>
          <Unicode> لى من د و ن ا لله لكن كو نو ا ر با نين بما كنتم تعلمو ن</Unicode>
        </TextEquiv>
      </TextLine>
    </TextRegion>
  </Page>
</PcGts>
