<?xml version='1.0' encoding='utf-8'?>
<PcGts xmlns:xsi="http://www.w3.org/2001/XMLSchema-instance" xmlns="http://schema.primaresearch.org/PAGE/gts/pagecontent/2019-07-15" xsi:schemaLocation="http://schema.primaresearch.org/PAGE/gts/pagecontent/2019-07-15 http://schema.primaresearch.org/PAGE/gts/pagecontent/2019-07-15/pagecontent.xsd" pcGtsId="pc-aletheiaexamplepage">
  <Metadata>
    <Creator>PRImA Research Lab</Creator>
    <Created>2015-07-17T15:27:13</Created>
    <LastChange>2017-07-14T10:03:33</LastChange>
    <Comments>Example Page</Comments>
  </Metadata>
  <Page imageFilename="3157556/0054-2.png" imageWidth="1249" imageHeight="1981">
    <TextRegion id="r0" type="paragraph">
      <Coords points="1,1 1247,1 1247,1979 1,1979"/>
      <TextLine id="l0">
        <Coords points="253,371 974,371 974,461 253,461"/>
        <Word id="w0">
          <Coords points="926,384 973,384 973,435 926,435"/>
          <TextEquiv>
            <Unicode>يقو</Unicode>
          </TextEquiv>
        </Word>
        <Word id="w1">
          <Coords points="899,381 927,381 927,436 899,436"/>
          <TextEquiv>
            <Unicode>لو</Unicode>
          </TextEquiv>
        </Word>
        <Word id="w2">
          <Coords points="875,395 900,395 900,424 875,424"/>
          <TextEquiv>
            <Unicode>ن</Unicode>
          </TextEquiv>
        </Word>
        <Word id="w3">
          <Coords points="807,380 864,380 864,445 807,445"/>
          <TextEquiv>
            <Unicode>هل</Unicode>
          </TextEquiv>
        </Word>
        <Word id="w4">
          <Coords points="776,383 815,383 815,446 776,446"/>
          <TextEquiv>
            <Unicode>لنا</Unicode>
          </TextEquiv>
        </Word>
        <Word id="w5">
          <Coords points="721,371 734,371 734,417 721,417"/>
          <TextEquiv>
            <Unicode>ا</Unicode>
          </TextEquiv>
        </Word>
        <Word id="w6">
          <Coords points="717,406 763,406 763,443 717,443"/>
          <TextEquiv>
            <Unicode>من</Unicode>
          </TextEquiv>
        </Word>
        <Word id="w7">
          <Coords points="679,377 724,377 724,429 679,429"/>
          <TextEquiv>
            <Unicode>لا</Unicode>
          </TextEquiv>
        </Word>
        <Word id="w8">
          <Coords points="638,410 677,410 677,443 638,443"/>
          <TextEquiv>
            <Unicode>مر</Unicode>
          </TextEquiv>
        </Word>
        <Word id="w9">
          <Coords points="596,398 643,398 643,445 596,445"/>
          <TextEquiv>
            <Unicode>من</Unicode>
          </TextEquiv>
        </Word>
        <Word id="w10">
          <Coords points="547,389 595,389 595,458 547,458"/>
          <TextEquiv>
            <Unicode>شيء</Unicode>
          </TextEquiv>
        </Word>
        <Word id="w11">
          <Coords points="490,396 535,396 535,460 490,460"/>
          <TextEquiv>
            <Unicode>قل</Unicode>
          </TextEquiv>
        </Word>
        <Word id="w12">
          <Coords points="480,390 490,390 490,437 480,437"/>
          <TextEquiv>
            <Unicode>ا</Unicode>
          </TextEquiv>
        </Word>
        <Word id="w13">
          <Coords points="442,408 469,408 469,450 442,450"/>
          <TextEquiv>
            <Unicode>ن</Unicode>
          </TextEquiv>
        </Word>
        <Word id="w14">
          <Coords points="431,386 439,386 439,432 431,432"/>
          <TextEquiv>
            <Unicode>ا</Unicode>
          </TextEquiv>
        </Word>
        <Word id="w15">
          <Coords points="395,393 437,393 437,435 395,435"/>
          <TextEquiv>
            <Unicode>لا</Unicode>
          </TextEquiv>
        </Word>
        <Word id="w16">
          <Coords points="355,417 391,417 391,452 355,452"/>
          <TextEquiv>
            <Unicode>مر</Unicode>
          </TextEquiv>
        </Word>
        <Word id="w17">
          <Coords points="304,378 368,378 368,448 304,448"/>
          <TextEquiv>
            <Unicode>كله</Unicode>
          </TextEquiv>
        </Word>
        <Word id="w18">
          <Coords points="253,409 285,409 285,435 253,435"/>
          <TextEquiv>
            <Unicode>لله</Unicode>
          </TextEquiv>
        </Word>
        <TextEquiv>
          <Unicode> يقو لو ن هل لنا ا من لا مر من شيء قل ا ن ا لا مر كله لله</Unicode>
        </TextEquiv>
      </TextLine>
      <TextLine id="l1">
        <Coords points="229,482 976,482 976,599 229,599"/>
        <Word id="w19">
          <Coords points="886,488 975,488 975,554 886,554"/>
          <TextEquiv>
            <Unicode>يخفو</Unicode>
          </TextEquiv>
        </Word>
        <Word id="w20">
          <Coords points="867,499 891,499 891,538 867,538"/>
          <TextEquiv>
            <Unicode>ن</Unicode>
          </TextEquiv>
        </Word>
        <Word id="w21">
          <Coords points="815,482 862,482 862,549 815,549"/>
          <TextEquiv>
            <Unicode>في</Unicode>
          </TextEquiv>
        </Word>
        <Word id="w22">
          <Coords points="790,487 806,487 806,532 790,532"/>
          <TextEquiv>
            <Unicode>ا</Unicode>
          </TextEquiv>
        </Word>
        <Word id="w23">
          <Coords points="704,495 796,495 796,598 704,598"/>
          <TextEquiv>
            <Unicode>نفسهم</Unicode>
          </TextEquiv>
        </Word>
        <Word id="w24">
          <Coords points="666,505 691,505 691,551 666,551"/>
          <TextEquiv>
            <Unicode>ما</Unicode>
          </TextEquiv>
        </Word>
        <Word id="w25">
          <Coords points="628,504 666,504 666,547 628,547"/>
          <TextEquiv>
            <Unicode>لا</Unicode>
          </TextEquiv>
        </Word>
        <Word id="w26">
          <Coords points="582,525 627,525 627,561 582,561"/>
          <TextEquiv>
            <Unicode>يبد</Unicode>
          </TextEquiv>
        </Word>
        <Word id="w27">
          <Coords points="553,524 577,524 577,559 553,559"/>
          <TextEquiv>
            <Unicode>و</Unicode>
          </TextEquiv>
        </Word>
        <Word id="w28">
          <Coords points="528,509 556,509 556,552 528,552"/>
          <TextEquiv>
            <Unicode>ن</Unicode>
          </TextEquiv>
        </Word>
        <Word id="w29">
          <Coords points="453,509 512,509 512,553 453,553"/>
          <TextEquiv>
            <Unicode>لك</Unicode>
          </TextEquiv>
        </Word>
        <Word id="w30">
          <Coords points="386,514 447,514 447,576 386,576"/>
          <TextEquiv>
            <Unicode>يقو</Unicode>
          </TextEquiv>
        </Word>
        <Word id="w31">
          <Coords points="359,507 387,507 387,565 359,565"/>
          <TextEquiv>
            <Unicode>لو</Unicode>
          </TextEquiv>
        </Word>
        <Word id="w32">
          <Coords points="331,523 361,523 361,557 331,557"/>
          <TextEquiv>
            <Unicode>ن</Unicode>
          </TextEquiv>
        </Word>
        <Word id="w33">
          <Coords points="285,508 317,508 317,568 285,568"/>
          <TextEquiv>
            <Unicode>لو</Unicode>
          </TextEquiv>
        </Word>
        <Word id="w34">
          <Coords points="262,485 305,485 305,564 262,564"/>
          <TextEquiv>
            <Unicode>كا</Unicode>
          </TextEquiv>
        </Word>
        <Word id="w35">
          <Coords points="229,517 256,517 256,552 229,552"/>
          <TextEquiv>
            <Unicode>ن</Unicode>
          </TextEquiv>
        </Word>
        <TextEquiv>
          <Unicode> يخفو ن في ا نفسهم ما لا يبد و ن لك يقو لو ن لو كا ن</Unicode>
        </TextEquiv>
      </TextLine>
      <TextLine id="l2">
        <Coords points="227,592 982,592 982,720 227,720"/>
        <Word id="w36">
          <Coords points="944,615 981,615 981,656 944,656"/>
          <TextEquiv>
            <Unicode>لنا</Unicode>
          </TextEquiv>
        </Word>
        <Word id="w37">
          <Coords points="893,602 903,602 903,644 893,644"/>
          <TextEquiv>
            <Unicode>ا</Unicode>
          </TextEquiv>
        </Word>
        <Word id="w38">
          <Coords points="885,617 932,617 932,672 885,672"/>
          <TextEquiv>
            <Unicode>من</Unicode>
          </TextEquiv>
        </Word>
        <Word id="w39">
          <Coords points="848,600 894,600 894,654 848,654"/>
          <TextEquiv>
            <Unicode>لا</Unicode>
          </TextEquiv>
        </Word>
        <Word id="w40">
          <Coords points="815,639 850,639 850,674 815,674"/>
          <TextEquiv>
            <Unicode>مر</Unicode>
          </TextEquiv>
        </Word>
        <Word id="w41">
          <Coords points="774,618 821,618 821,692 774,692"/>
          <TextEquiv>
            <Unicode>شيء</Unicode>
          </TextEquiv>
        </Word>
        <Word id="w42">
          <Coords points="740,619 765,619 765,664 740,664"/>
          <TextEquiv>
            <Unicode>ما</Unicode>
          </TextEquiv>
        </Word>
        <Word id="w43">
          <Coords points="657,627 725,627 725,672 657,672"/>
          <TextEquiv>
            <Unicode>قتلنا</Unicode>
          </TextEquiv>
        </Word>
        <Word id="w44">
          <Coords points="609,629 641,629 641,675 609,675"/>
          <TextEquiv>
            <Unicode>ها</Unicode>
          </TextEquiv>
        </Word>
        <Word id="w45">
          <Coords points="547,628 598,628 598,677 547,677"/>
          <TextEquiv>
            <Unicode>هنا</Unicode>
          </TextEquiv>
        </Word>
        <Word id="w46">
          <Coords points="487,633 535,633 535,697 487,697"/>
          <TextEquiv>
            <Unicode>قل</Unicode>
          </TextEquiv>
        </Word>
        <Word id="w47">
          <Coords points="463,631 493,631 493,692 463,692"/>
          <TextEquiv>
            <Unicode>لو</Unicode>
          </TextEquiv>
        </Word>
        <Word id="w48">
          <Coords points="391,595 480,595 480,719 391,719"/>
          <TextEquiv>
            <Unicode>كنتم</Unicode>
          </TextEquiv>
        </Word>
        <Word id="w49">
          <Coords points="335,605 395,605 395,688 335,688"/>
          <TextEquiv>
            <Unicode>في</Unicode>
          </TextEquiv>
        </Word>
        <Word id="w50">
          <Coords points="272,656 329,656 329,701 272,701"/>
          <TextEquiv>
            <Unicode>بيو</Unicode>
          </TextEquiv>
        </Word>
        <Word id="w51">
          <Coords points="227,592 286,592 286,678 227,678"/>
          <TextEquiv>
            <Unicode>تكم</Unicode>
          </TextEquiv>
        </Word>
        <TextEquiv>
          <Unicode> لنا ا من لا مر شيء ما قتلنا ها هنا قل لو كنتم في بيو تكم</Unicode>
        </TextEquiv>
      </TextLine>
      <TextLine id="l3">
        <Coords points="244,715 986,715 986,854 244,854"/>
        <Word id="w52">
          <Coords points="946,734 985,734 985,789 946,789"/>
          <TextEquiv>
            <Unicode>لبر</Unicode>
          </TextEquiv>
        </Word>
        <Word id="w53">
          <Coords points="926,742 945,742 945,785 926,785"/>
          <TextEquiv>
            <Unicode>ز</Unicode>
          </TextEquiv>
        </Word>
        <Word id="w54">
          <Coords points="916,724 927,724 927,772 916,772"/>
          <TextEquiv>
            <Unicode>ا</Unicode>
          </TextEquiv>
        </Word>
        <Word id="w55">
          <Coords points="881,732 911,732 911,780 881,780"/>
          <TextEquiv>
            <Unicode>لذ</Unicode>
          </TextEquiv>
        </Word>
        <Word id="w56">
          <Coords points="838,754 885,754 885,808 838,808"/>
          <TextEquiv>
            <Unicode>ين</Unicode>
          </TextEquiv>
        </Word>
        <Word id="w57">
          <Coords points="759,715 847,715 847,801 759,801"/>
          <TextEquiv>
            <Unicode>كتب</Unicode>
          </TextEquiv>
        </Word>
        <Word id="w58">
          <Coords points="693,728 766,728 766,830 693,830"/>
          <TextEquiv>
            <Unicode>عليهم</Unicode>
          </TextEquiv>
        </Word>
        <Word id="w59">
          <Coords points="678,733 693,733 693,775 678,775"/>
          <TextEquiv>
            <Unicode>ا</Unicode>
          </TextEquiv>
        </Word>
        <Word id="w60">
          <Coords points="599,728 675,728 675,811 599,811"/>
          <TextEquiv>
            <Unicode>لقتل</Unicode>
          </TextEquiv>
        </Word>
        <Word id="w61">
          <Coords points="575,739 592,739 592,784 575,784"/>
          <TextEquiv>
            <Unicode>ا</Unicode>
          </TextEquiv>
        </Word>
        <Word id="w62">
          <Coords points="550,741 616,741 616,809 550,809"/>
          <TextEquiv>
            <Unicode>لى</Unicode>
          </TextEquiv>
        </Word>
        <Word id="w63">
          <Coords points="469,748 536,748 536,799 469,799"/>
          <TextEquiv>
            <Unicode>مضا</Unicode>
          </TextEquiv>
        </Word>
        <Word id="w64">
          <Coords points="340,779 464,779 464,853 340,853"/>
          <TextEquiv>
            <Unicode>جعهم</Unicode>
          </TextEquiv>
        </Word>
        <Word id="w65">
          <Coords points="312,778 333,778 333,805 312,805"/>
          <TextEquiv>
            <Unicode>و</Unicode>
          </TextEquiv>
        </Word>
        <Word id="w66">
          <Coords points="244,731 319,731 319,830 244,830"/>
          <TextEquiv>
            <Unicode>ليبتي</Unicode>
          </TextEquiv>
        </Word>
        <TextEquiv>
          <Unicode> لبر ز ا لذ ين كتب عليهم ا لقتل ا لى مضا جعهم و ليبتي</Unicode>
        </TextEquiv>
      </TextLine>
      <TextLine id="l4">
        <Coords points="255,1174 1000,1174 1000,1313 255,1313"/>
        <Word id="w67">
          <Coords points="948,1188 999,1188 999,1262 948,1262"/>
          <TextEquiv>
            <Unicode>في</Unicode>
          </TextEquiv>
        </Word>
        <Word id="w68">
          <Coords points="887,1203 936,1203 936,1263 887,1263"/>
          <TextEquiv>
            <Unicode>قلو</Unicode>
          </TextEquiv>
        </Word>
        <Word id="w69">
          <Coords points="860,1174 904,1174 904,1286 860,1286"/>
          <TextEquiv>
            <Unicode>بكم</Unicode>
          </TextEquiv>
        </Word>
        <Word id="w70">
          <Coords points="826,1231 848,1231 848,1261 826,1261"/>
          <TextEquiv>
            <Unicode>و</Unicode>
          </TextEquiv>
        </Word>
        <Word id="w71">
          <Coords points="817,1203 831,1203 831,1247 817,1247"/>
          <TextEquiv>
            <Unicode>ا</Unicode>
          </TextEquiv>
        </Word>
        <Word id="w72">
          <Coords points="792,1233 821,1233 821,1256 792,1256"/>
          <TextEquiv>
            <Unicode>لله</Unicode>
          </TextEquiv>
        </Word>
        <Word id="w73">
          <Coords points="725,1207 780,1207 780,1312 725,1312"/>
          <TextEquiv>
            <Unicode>عليم</Unicode>
          </TextEquiv>
        </Word>
        <Word id="w74">
          <Coords points="685,1209 717,1209 717,1276 685,1276"/>
          <TextEquiv>
            <Unicode>بذ</Unicode>
          </TextEquiv>
        </Word>
        <Word id="w75">
          <Coords points="676,1208 685,1208 685,1255 676,1255"/>
          <TextEquiv>
            <Unicode>ا</Unicode>
          </TextEquiv>
        </Word>
        <Word id="w76">
          <Coords points="626,1213 668,1213 668,1264 626,1264"/>
          <TextEquiv>
            <Unicode>ت</Unicode>
          </TextEquiv>
        </Word>
        <Word id="w77">
          <Coords points="618,1205 628,1205 628,1244 618,1244"/>
          <TextEquiv>
            <Unicode>ا</Unicode>
          </TextEquiv>
        </Word>
        <Word id="w78">
          <Coords points="548,1213 614,1213 614,1277 548,1277"/>
          <TextEquiv>
            <Unicode>لصد</Unicode>
          </TextEquiv>
        </Word>
        <Word id="w79">
          <Coords points="520,1242 542,1242 542,1275 520,1275"/>
          <TextEquiv>
            <Unicode>و</Unicode>
          </TextEquiv>
        </Word>
        <Word id="w80">
          <Coords points="493,1245 514,1245 514,1268 493,1268"/>
          <TextEquiv>
            <Unicode>ر</Unicode>
          </TextEquiv>
        </Word>
        <Word id="w81">
          <Coords points="447,1219 461,1219 461,1273 447,1273"/>
          <TextEquiv>
            <Unicode>ا</Unicode>
          </TextEquiv>
        </Word>
        <Word id="w82">
          <Coords points="411,1245 440,1245 440,1284 411,1284"/>
          <TextEquiv>
            <Unicode>ن</Unicode>
          </TextEquiv>
        </Word>
        <Word id="w83">
          <Coords points="400,1216 410,1216 410,1259 400,1259"/>
          <TextEquiv>
            <Unicode>ا</Unicode>
          </TextEquiv>
        </Word>
        <Word id="w84">
          <Coords points="359,1225 392,1225 392,1274 359,1274"/>
          <TextEquiv>
            <Unicode>لذ</Unicode>
          </TextEquiv>
        </Word>
        <Word id="w85">
          <Coords points="320,1242 373,1242 373,1293 320,1293"/>
          <TextEquiv>
            <Unicode>ين</Unicode>
          </TextEquiv>
        </Word>
        <Word id="w86">
          <Coords points="291,1226 324,1226 324,1279 291,1279"/>
          <TextEquiv>
            <Unicode>تو</Unicode>
          </TextEquiv>
        </Word>
        <Word id="w87">
          <Coords points="266,1207 299,1207 299,1271 266,1271"/>
          <TextEquiv>
            <Unicode>لو</Unicode>
          </TextEquiv>
        </Word>
        <Word id="w88">
          <Coords points="255,1200 271,1200 271,1255 255,1255"/>
          <TextEquiv>
            <Unicode>ا</Unicode>
          </TextEquiv>
        </Word>
        <TextEquiv>
          <Unicode> في قلو بكم و ا لله عليم بذ ا ت ا لصد و ر ا ن ا لذ ين تو لو ا</Unicode>
        </TextEquiv>
      </TextLine>
      <TextLine id="l5">
        <Coords points="167,1294 1001,1294 1001,1434 167,1434"/>
        <Word id="w89">
          <Coords points="940,1294 1000,1294 1000,1415 940,1415"/>
          <TextEquiv>
            <Unicode>منك</Unicode>
          </TextEquiv>
        </Word>
        <Word id="w90">
          <Coords points="895,1349 932,1349 932,1390 895,1390"/>
          <TextEquiv>
            <Unicode>يو</Unicode>
          </TextEquiv>
        </Word>
        <Word id="w91">
          <Coords points="859,1357 893,1357 893,1393 859,1393"/>
          <TextEquiv>
            <Unicode>م</Unicode>
          </TextEquiv>
        </Word>
        <Word id="w92">
          <Coords points="858,1321 872,1321 872,1373 858,1373"/>
          <TextEquiv>
            <Unicode>ا</Unicode>
          </TextEquiv>
        </Word>
        <Word id="w93">
          <Coords points="790,1327 850,1327 850,1401 790,1401"/>
          <TextEquiv>
            <Unicode>لتقى</Unicode>
          </TextEquiv>
        </Word>
        <Word id="w94">
          <Coords points="785,1324 793,1324 793,1370 785,1370"/>
          <TextEquiv>
            <Unicode>ا</Unicode>
          </TextEquiv>
        </Word>
        <Word id="w95">
          <Coords points="709,1330 781,1330 781,1391 709,1391"/>
          <TextEquiv>
            <Unicode>لجمعا</Unicode>
          </TextEquiv>
        </Word>
        <Word id="w96">
          <Coords points="672,1330 699,1330 699,1388 672,1388"/>
          <TextEquiv>
            <Unicode>ن</Unicode>
          </TextEquiv>
        </Word>
        <Word id="w97">
          <Coords points="649,1337 658,1337 658,1377 649,1377"/>
          <TextEquiv>
            <Unicode>ا</Unicode>
          </TextEquiv>
        </Word>
        <Word id="w98">
          <Coords points="602,1336 638,1336 638,1387 602,1387"/>
          <TextEquiv>
            <Unicode>نما</Unicode>
          </TextEquiv>
        </Word>
        <Word id="w99">
          <Coords points="583,1341 593,1341 593,1384 583,1384"/>
          <TextEquiv>
            <Unicode>ا</Unicode>
          </TextEquiv>
        </Word>
        <Word id="w100">
          <Coords points="505,1341 577,1341 577,1400 505,1400"/>
          <TextEquiv>
            <Unicode>ستز</Unicode>
          </TextEquiv>
        </Word>
        <Word id="w101">
          <Coords points="435,1337 511,1337 511,1433 435,1433"/>
          <TextEquiv>
            <Unicode>لهم</Unicode>
          </TextEquiv>
        </Word>
        <Word id="w102">
          <Coords points="429,1332 442,1332 442,1375 429,1375"/>
          <TextEquiv>
            <Unicode>ا</Unicode>
          </TextEquiv>
        </Word>
        <Word id="w103">
          <Coords points="329,1340 425,1340 425,1401 329,1401"/>
          <TextEquiv>
            <Unicode>لشيطا</Unicode>
          </TextEquiv>
        </Word>
        <Word id="w104">
          <Coords points="304,1364 329,1364 329,1400 304,1400"/>
          <TextEquiv>
            <Unicode>ن</Unicode>
          </TextEquiv>
        </Word>
        <Word id="w105">
          <Coords points="167,1350 313,1350 313,1403 167,1403"/>
          <TextEquiv>
            <Unicode>ببعض</Unicode>
          </TextEquiv>
        </Word>
        <TextEquiv>
          <Unicode> منك يو م ا لتقى ا لجمعا ن ا نما ا ستز لهم ا لشيطا ن ببعض</Unicode>
        </TextEquiv>
      </TextLine>
      <TextLine id="l6">
        <Coords points="289,1429 1003,1429 1003,1557 289,1557"/>
        <Word id="w106">
          <Coords points="977,1450 1002,1450 1002,1490 977,1490"/>
          <TextEquiv>
            <Unicode>ما</Unicode>
          </TextEquiv>
        </Word>
        <Word id="w107">
          <Coords points="889,1429 979,1429 979,1507 889,1507"/>
          <TextEquiv>
            <Unicode>كسبو</Unicode>
          </TextEquiv>
        </Word>
        <Word id="w108">
          <Coords points="881,1449 893,1449 893,1493 881,1493"/>
          <TextEquiv>
            <Unicode>ا</Unicode>
          </TextEquiv>
        </Word>
        <Word id="w109">
          <Coords points="852,1482 871,1482 871,1507 852,1507"/>
          <TextEquiv>
            <Unicode>و</Unicode>
          </TextEquiv>
        </Word>
        <Word id="w110">
          <Coords points="792,1451 851,1451 851,1501 792,1501"/>
          <TextEquiv>
            <Unicode>لقد</Unicode>
          </TextEquiv>
        </Word>
        <Word id="w111">
          <Coords points="710,1455 794,1455 794,1503 710,1503"/>
          <TextEquiv>
            <Unicode>عفا</Unicode>
          </TextEquiv>
        </Word>
        <Word id="w112">
          <Coords points="689,1453 702,1453 702,1509 689,1509"/>
          <TextEquiv>
            <Unicode>ا</Unicode>
          </TextEquiv>
        </Word>
        <Word id="w113">
          <Coords points="655,1484 686,1484 686,1506 655,1506"/>
          <TextEquiv>
            <Unicode>لله</Unicode>
          </TextEquiv>
        </Word>
        <Word id="w114">
          <Coords points="575,1469 642,1469 642,1556 575,1556"/>
          <TextEquiv>
            <Unicode>عنهم</Unicode>
          </TextEquiv>
        </Word>
        <Word id="w115">
          <Coords points="553,1446 566,1446 566,1504 553,1504"/>
          <TextEquiv>
            <Unicode>ا</Unicode>
          </TextEquiv>
        </Word>
        <Word id="w116">
          <Coords points="516,1477 547,1477 547,1516 516,1516"/>
          <TextEquiv>
            <Unicode>ن</Unicode>
          </TextEquiv>
        </Word>
        <Word id="w117">
          <Coords points="503,1440 516,1440 516,1488 503,1488"/>
          <TextEquiv>
            <Unicode>ا</Unicode>
          </TextEquiv>
        </Word>
        <Word id="w118">
          <Coords points="474,1480 504,1480 504,1503 474,1503"/>
          <TextEquiv>
            <Unicode>لله</Unicode>
          </TextEquiv>
        </Word>
        <Word id="w119">
          <Coords points="363,1454 460,1454 460,1532 363,1532"/>
          <TextEquiv>
            <Unicode>غفو</Unicode>
          </TextEquiv>
        </Word>
        <Word id="w120">
          <Coords points="349,1489 370,1489 370,1514 349,1514"/>
          <TextEquiv>
            <Unicode>ر</Unicode>
          </TextEquiv>
        </Word>
        <Word id="w121">
          <Coords points="289,1450 353,1450 353,1554 289,1554"/>
          <TextEquiv>
            <Unicode>حليم</Unicode>
          </TextEquiv>
        </Word>
        <TextEquiv>
          <Unicode> ما كسبو ا و لقد عفا ا لله عنهم ا ن ا لله غفو ر حليم</Unicode>
        </TextEquiv>
      </TextLine>
      <TextLine id="l7">
        <Coords points="263,1551 1009,1551 1009,1654 263,1654"/>
        <Word id="w122">
          <Coords points="993,1575 1008,1575 1008,1637 993,1637"/>
          <TextEquiv>
            <Unicode>يا</Unicode>
          </TextEquiv>
        </Word>
        <Word id="w123">
          <Coords points="973,1571 986,1571 986,1618 973,1618"/>
          <TextEquiv>
            <Unicode>ا</Unicode>
          </TextEquiv>
        </Word>
        <Word id="w124">
          <Coords points="932,1572 980,1572 980,1640 932,1640"/>
          <TextEquiv>
            <Unicode>يها</Unicode>
          </TextEquiv>
        </Word>
        <Word id="w125">
          <Coords points="911,1569 927,1569 927,1621 911,1621"/>
          <TextEquiv>
            <Unicode>ا</Unicode>
          </TextEquiv>
        </Word>
        <Word id="w126">
          <Coords points="873,1570 904,1570 904,1620 873,1620"/>
          <TextEquiv>
            <Unicode>لذ</Unicode>
          </TextEquiv>
        </Word>
        <Word id="w127">
          <Coords points="832,1583 881,1583 881,1653 832,1653"/>
          <TextEquiv>
            <Unicode>ين</Unicode>
          </TextEquiv>
        </Word>
        <Word id="w128">
          <Coords points="831,1559 840,1559 840,1604 831,1604"/>
          <TextEquiv>
            <Unicode>ا</Unicode>
          </TextEquiv>
        </Word>
        <Word id="w129">
          <Coords points="769,1579 828,1579 828,1638 769,1638"/>
          <TextEquiv>
            <Unicode>منو</Unicode>
          </TextEquiv>
        </Word>
        <Word id="w130">
          <Coords points="761,1565 773,1565 773,1613 761,1613"/>
          <TextEquiv>
            <Unicode>ا</Unicode>
          </TextEquiv>
        </Word>
        <Word id="w131">
          <Coords points="712,1566 759,1566 759,1615 712,1615"/>
          <TextEquiv>
            <Unicode>لا</Unicode>
          </TextEquiv>
        </Word>
        <Word id="w132">
          <Coords points="662,1551 712,1551 712,1638 662,1638"/>
          <TextEquiv>
            <Unicode>تكو</Unicode>
          </TextEquiv>
        </Word>
        <Word id="w133">
          <Coords points="626,1582 657,1582 657,1637 626,1637"/>
          <TextEquiv>
            <Unicode>نو</Unicode>
          </TextEquiv>
        </Word>
        <Word id="w134">
          <Coords points="617,1572 631,1572 631,1618 617,1618"/>
          <TextEquiv>
            <Unicode>ا</Unicode>
          </TextEquiv>
        </Word>
        <Word id="w135">
          <Coords points="584,1556 633,1556 633,1628 584,1628"/>
          <TextEquiv>
            <Unicode>كا</Unicode>
          </TextEquiv>
        </Word>
        <Word id="w136">
          <Coords points="535,1568 570,1568 570,1632 535,1632"/>
          <TextEquiv>
            <Unicode>لذ</Unicode>
          </TextEquiv>
        </Word>
        <Word id="w137">
          <Coords points="409,1583 533,1583 533,1653 409,1653"/>
          <TextEquiv>
            <Unicode>ين</Unicode>
          </TextEquiv>
        </Word>
        <Word id="w138">
          <Coords points="381,1581 508,1581 508,1638 381,1638"/>
          <TextEquiv>
            <Unicode>كفر</Unicode>
          </TextEquiv>
        </Word>
        <Word id="w139">
          <Coords points="356,1605 380,1605 380,1636 356,1636"/>
          <TextEquiv>
            <Unicode>و</Unicode>
          </TextEquiv>
        </Word>
        <Word id="w140">
          <Coords points="349,1567 360,1567 360,1623 349,1623"/>
          <TextEquiv>
            <Unicode>ا</Unicode>
          </TextEquiv>
        </Word>
        <Word id="w141">
          <Coords points="303,1571 322,1571 322,1618 303,1618"/>
          <TextEquiv>
            <Unicode>قا</Unicode>
          </TextEquiv>
        </Word>
        <Word id="w142">
          <Coords points="267,1575 298,1575 298,1636 267,1636"/>
          <TextEquiv>
            <Unicode>لو</Unicode>
          </TextEquiv>
        </Word>
        <Word id="w143">
          <Coords points="263,1560 279,1560 279,1617 263,1617"/>
          <TextEquiv>
            <Unicode>ا</Unicode>
          </TextEquiv>
        </Word>
        <TextEquiv>
          <Unicode> يا ا يها ا لذ ين ا منو ا لا تكو نو ا كا لذ ين كفر و ا قا لو ا</Unicode>
        </TextEquiv>
      </TextLine>
    </TextRegion>
  </Page>
</PcGts>
