<?xml version='1.0' encoding='utf-8'?>
<PcGts xmlns:xsi="http://www.w3.org/2001/XMLSchema-instance" xmlns="http://schema.primaresearch.org/PAGE/gts/pagecontent/2019-07-15" xsi:schemaLocation="http://schema.primaresearch.org/PAGE/gts/pagecontent/2019-07-15 http://schema.primaresearch.org/PAGE/gts/pagecontent/2019-07-15/pagecontent.xsd" pcGtsId="pc-aletheiaexamplepage">
  <Metadata>
    <Creator>PRImA Research Lab</Creator>
    <Created>2015-07-17T15:27:13</Created>
    <LastChange>2017-07-14T10:03:33</LastChange>
    <Comments>Example Page</Comments>
  </Metadata>
  <Page imageFilename="3157556/0058-2.png" imageWidth="1258" imageHeight="2017">
    <TextRegion id="r0" type="paragraph">
      <Coords points="1,1 1256,1 1256,2015 1,2015"/>
      <TextLine id="l0">
        <Coords points="251,377 998,377 998,472 251,472"/>
        <Word id="w0">
          <Coords points="926,383 942,383 942,431 926,431"/>
          <TextEquiv>
            <Unicode>ا</Unicode>
          </TextEquiv>
        </Word>
        <Word id="w1">
          <Coords points="873,392 997,392 997,463 873,463"/>
          <TextEquiv>
            <Unicode>خلق</Unicode>
          </TextEquiv>
        </Word>
        <Word id="w2">
          <Coords points="865,382 919,382 919,443 865,443"/>
          <TextEquiv>
            <Unicode>لسمو</Unicode>
          </TextEquiv>
        </Word>
        <Word id="w3">
          <Coords points="859,377 870,377 870,432 859,432"/>
          <TextEquiv>
            <Unicode>ا</Unicode>
          </TextEquiv>
        </Word>
        <Word id="w4">
          <Coords points="815,400 856,400 856,445 815,445"/>
          <TextEquiv>
            <Unicode>ت</Unicode>
          </TextEquiv>
        </Word>
        <Word id="w5">
          <Coords points="784,427 804,427 804,452 784,452"/>
          <TextEquiv>
            <Unicode>و</Unicode>
          </TextEquiv>
        </Word>
        <Word id="w6">
          <Coords points="780,394 791,394 791,431 780,431"/>
          <TextEquiv>
            <Unicode>ا</Unicode>
          </TextEquiv>
        </Word>
        <Word id="w7">
          <Coords points="742,392 774,392 774,436 742,436"/>
          <TextEquiv>
            <Unicode>لا</Unicode>
          </TextEquiv>
        </Word>
        <Word id="w8">
          <Coords points="727,427 746,427 746,448 727,448"/>
          <TextEquiv>
            <Unicode>ر</Unicode>
          </TextEquiv>
        </Word>
        <Word id="w9">
          <Coords points="670,421 691,421 691,446 670,446"/>
          <TextEquiv>
            <Unicode>و</Unicode>
          </TextEquiv>
        </Word>
        <Word id="w10">
          <Coords points="663,393 678,393 678,432 663,432"/>
          <TextEquiv>
            <Unicode>ا</Unicode>
          </TextEquiv>
        </Word>
        <Word id="w11">
          <Coords points="606,397 727,397 727,471 606,471"/>
          <TextEquiv>
            <Unicode>ض</Unicode>
          </TextEquiv>
        </Word>
        <Word id="w12">
          <Coords points="584,394 661,394 661,449 584,449"/>
          <TextEquiv>
            <Unicode>ختلا</Unicode>
          </TextEquiv>
        </Word>
        <Word id="w13">
          <Coords points="524,412 589,412 589,459 524,459"/>
          <TextEquiv>
            <Unicode>ف</Unicode>
          </TextEquiv>
        </Word>
        <Word id="w14">
          <Coords points="521,393 538,393 538,437 521,437"/>
          <TextEquiv>
            <Unicode>ا</Unicode>
          </TextEquiv>
        </Word>
        <Word id="w15">
          <Coords points="453,397 518,397 518,460 453,460"/>
          <TextEquiv>
            <Unicode>لليل</Unicode>
          </TextEquiv>
        </Word>
        <Word id="w16">
          <Coords points="439,418 459,418 459,449 439,449"/>
          <TextEquiv>
            <Unicode>و</Unicode>
          </TextEquiv>
        </Word>
        <Word id="w17">
          <Coords points="430,404 436,404 436,435 430,435"/>
          <TextEquiv>
            <Unicode>ا</Unicode>
          </TextEquiv>
        </Word>
        <Word id="w18">
          <Coords points="374,401 423,401 423,463 374,463"/>
          <TextEquiv>
            <Unicode>لنها</Unicode>
          </TextEquiv>
        </Word>
        <Word id="w19">
          <Coords points="345,427 364,427 364,450 345,450"/>
          <TextEquiv>
            <Unicode>ر</Unicode>
          </TextEquiv>
        </Word>
        <Word id="w20">
          <Coords points="302,407 334,407 334,448 302,448"/>
          <TextEquiv>
            <Unicode>لا</Unicode>
          </TextEquiv>
        </Word>
        <Word id="w21">
          <Coords points="288,405 316,405 316,466 288,466"/>
          <TextEquiv>
            <Unicode>يا</Unicode>
          </TextEquiv>
        </Word>
        <Word id="w22">
          <Coords points="251,413 284,413 284,446 251,446"/>
          <TextEquiv>
            <Unicode>ت</Unicode>
          </TextEquiv>
        </Word>
        <TextEquiv>
          <Unicode> ا خلق لسمو ا ت و ا لا ر و ا ض ختلا ف ا لليل و ا لنها ر لا يا ت</Unicode>
        </TextEquiv>
      </TextLine>
      <TextLine id="l1">
        <Coords points="252,489 999,489 999,588 252,588"/>
        <Word id="w23">
          <Coords points="958,511 998,511 998,552 958,552"/>
          <TextEquiv>
            <Unicode>لا</Unicode>
          </TextEquiv>
        </Word>
        <Word id="w24">
          <Coords points="938,539 958,539 958,561 938,561"/>
          <TextEquiv>
            <Unicode>و</Unicode>
          </TextEquiv>
        </Word>
        <Word id="w25">
          <Coords points="908,506 939,506 939,563 908,563"/>
          <TextEquiv>
            <Unicode>لى</Unicode>
          </TextEquiv>
        </Word>
        <Word id="w26">
          <Coords points="900,500 913,500 913,545 900,545"/>
          <TextEquiv>
            <Unicode>ا</Unicode>
          </TextEquiv>
        </Word>
        <Word id="w27">
          <Coords points="857,505 898,505 898,547 857,547"/>
          <TextEquiv>
            <Unicode>لا</Unicode>
          </TextEquiv>
        </Word>
        <Word id="w28">
          <Coords points="820,510 856,510 856,562 820,562"/>
          <TextEquiv>
            <Unicode>لبا</Unicode>
          </TextEquiv>
        </Word>
        <Word id="w29">
          <Coords points="770,533 811,533 811,570 770,570"/>
          <TextEquiv>
            <Unicode>ب</Unicode>
          </TextEquiv>
        </Word>
        <Word id="w30">
          <Coords points="724,515 742,515 742,551 724,551"/>
          <TextEquiv>
            <Unicode>ا</Unicode>
          </TextEquiv>
        </Word>
        <Word id="w31">
          <Coords points="700,517 728,517 728,559 700,559"/>
          <TextEquiv>
            <Unicode>لذ</Unicode>
          </TextEquiv>
        </Word>
        <Word id="w32">
          <Coords points="660,536 707,536 707,587 660,587"/>
          <TextEquiv>
            <Unicode>ين</Unicode>
          </TextEquiv>
        </Word>
        <Word id="w33">
          <Coords points="630,517 667,517 667,569 630,569"/>
          <TextEquiv>
            <Unicode>يذ</Unicode>
          </TextEquiv>
        </Word>
        <Word id="w34">
          <Coords points="590,499 632,499 632,580 590,580"/>
          <TextEquiv>
            <Unicode>كر</Unicode>
          </TextEquiv>
        </Word>
        <Word id="w35">
          <Coords points="569,544 589,544 589,573 569,573"/>
          <TextEquiv>
            <Unicode>و</Unicode>
          </TextEquiv>
        </Word>
        <Word id="w36">
          <Coords points="537,517 548,517 548,552 537,552"/>
          <TextEquiv>
            <Unicode>ا</Unicode>
          </TextEquiv>
        </Word>
        <Word id="w37">
          <Coords points="510,542 533,542 533,561 510,561"/>
          <TextEquiv>
            <Unicode>لله</Unicode>
          </TextEquiv>
        </Word>
        <Word id="w38">
          <Coords points="463,525 568,525 568,587 463,587"/>
          <TextEquiv>
            <Unicode>ن</Unicode>
          </TextEquiv>
        </Word>
        <Word id="w39">
          <Coords points="443,509 501,509 501,586 443,586"/>
          <TextEquiv>
            <Unicode>قيا</Unicode>
          </TextEquiv>
        </Word>
        <Word id="w40">
          <Coords points="420,510 452,510 452,569 420,569"/>
          <TextEquiv>
            <Unicode>ما</Unicode>
          </TextEquiv>
        </Word>
        <Word id="w41">
          <Coords points="385,552 410,552 410,576 385,576"/>
          <TextEquiv>
            <Unicode>و</Unicode>
          </TextEquiv>
        </Word>
        <Word id="w42">
          <Coords points="344,526 392,526 392,579 344,579"/>
          <TextEquiv>
            <Unicode>قعو</Unicode>
          </TextEquiv>
        </Word>
        <Word id="w43">
          <Coords points="328,546 345,546 345,565 328,565"/>
          <TextEquiv>
            <Unicode>د</Unicode>
          </TextEquiv>
        </Word>
        <Word id="w44">
          <Coords points="318,508 327,508 327,557 318,557"/>
          <TextEquiv>
            <Unicode>ا</Unicode>
          </TextEquiv>
        </Word>
        <Word id="w45">
          <Coords points="290,547 312,547 312,572 290,572"/>
          <TextEquiv>
            <Unicode>و</Unicode>
          </TextEquiv>
        </Word>
        <Word id="w46">
          <Coords points="252,489 303,489 303,560 252,560"/>
          <TextEquiv>
            <Unicode>على</Unicode>
          </TextEquiv>
        </Word>
        <TextEquiv>
          <Unicode> لا و لى ا لا لبا ب ا لذ ين يذ كر و ا لله ن قيا ما و قعو د ا و على</Unicode>
        </TextEquiv>
      </TextLine>
      <TextLine id="l2">
        <Coords points="268,610 1005,610 1005,720 268,720"/>
        <Word id="w47">
          <Coords points="954,650 1004,650 1004,696 954,696"/>
          <TextEquiv>
            <Unicode>جنو</Unicode>
          </TextEquiv>
        </Word>
        <Word id="w48">
          <Coords points="898,652 949,652 949,719 898,719"/>
          <TextEquiv>
            <Unicode>بهم</Unicode>
          </TextEquiv>
        </Word>
        <Word id="w49">
          <Coords points="876,661 897,661 897,689 876,689"/>
          <TextEquiv>
            <Unicode>و</Unicode>
          </TextEquiv>
        </Word>
        <Word id="w50">
          <Coords points="807,610 884,610 884,706 807,706"/>
          <TextEquiv>
            <Unicode>يتفر</Unicode>
          </TextEquiv>
        </Word>
        <Word id="w51">
          <Coords points="780,669 799,669 799,698 780,698"/>
          <TextEquiv>
            <Unicode>و</Unicode>
          </TextEquiv>
        </Word>
        <Word id="w52">
          <Coords points="750,642 778,642 778,686 750,686"/>
          <TextEquiv>
            <Unicode>ن</Unicode>
          </TextEquiv>
        </Word>
        <Word id="w53">
          <Coords points="686,630 742,630 742,695 686,695"/>
          <TextEquiv>
            <Unicode>في</Unicode>
          </TextEquiv>
        </Word>
        <Word id="w54">
          <Coords points="624,634 683,634 683,703 624,703"/>
          <TextEquiv>
            <Unicode>خلق</Unicode>
          </TextEquiv>
        </Word>
        <Word id="w55">
          <Coords points="613,628 632,628 632,671 613,671"/>
          <TextEquiv>
            <Unicode>ا</Unicode>
          </TextEquiv>
        </Word>
        <Word id="w56">
          <Coords points="551,638 611,638 611,703 551,703"/>
          <TextEquiv>
            <Unicode>لسمو</Unicode>
          </TextEquiv>
        </Word>
        <Word id="w57">
          <Coords points="548,630 564,630 564,681 548,681"/>
          <TextEquiv>
            <Unicode>ا</Unicode>
          </TextEquiv>
        </Word>
        <Word id="w58">
          <Coords points="505,646 556,646 556,689 505,689"/>
          <TextEquiv>
            <Unicode>ت</Unicode>
          </TextEquiv>
        </Word>
        <Word id="w59">
          <Coords points="479,667 497,667 497,689 479,689"/>
          <TextEquiv>
            <Unicode>و</Unicode>
          </TextEquiv>
        </Word>
        <Word id="w60">
          <Coords points="470,640 483,640 483,682 470,682"/>
          <TextEquiv>
            <Unicode>ا</Unicode>
          </TextEquiv>
        </Word>
        <Word id="w61">
          <Coords points="431,638 469,638 469,687 431,687"/>
          <TextEquiv>
            <Unicode>لا</Unicode>
          </TextEquiv>
        </Word>
        <Word id="w62">
          <Coords points="415,665 431,665 431,687 415,687"/>
          <TextEquiv>
            <Unicode>ر</Unicode>
          </TextEquiv>
        </Word>
        <Word id="w63">
          <Coords points="360,665 378,665 378,683 360,683"/>
          <TextEquiv>
            <Unicode>ر</Unicode>
          </TextEquiv>
        </Word>
        <Word id="w64">
          <Coords points="316,630 353,630 353,691 316,691"/>
          <TextEquiv>
            <Unicode>بنا</Unicode>
          </TextEquiv>
        </Word>
        <Word id="w65">
          <Coords points="290,653 419,653 419,709 290,709"/>
          <TextEquiv>
            <Unicode>ص</Unicode>
          </TextEquiv>
        </Word>
        <Word id="w66">
          <Coords points="268,626 308,626 308,681 268,681"/>
          <TextEquiv>
            <Unicode>ما</Unicode>
          </TextEquiv>
        </Word>
        <TextEquiv>
          <Unicode> جنو بهم و يتفر و ن في خلق ا لسمو ا ت و ا لا ر ر بنا ص ما</Unicode>
        </TextEquiv>
      </TextLine>
      <TextLine id="l3">
        <Coords points="261,745 1011,745 1011,814 261,814"/>
        <Word id="w67">
          <Coords points="908,758 1010,758 1010,810 908,810"/>
          <TextEquiv>
            <Unicode>خلقت</Unicode>
          </TextEquiv>
        </Word>
        <Word id="w68">
          <Coords points="866,753 916,753 916,806 866,806"/>
          <TextEquiv>
            <Unicode>هذ</Unicode>
          </TextEquiv>
        </Word>
        <Word id="w69">
          <Coords points="853,745 867,745 867,793 853,793"/>
          <TextEquiv>
            <Unicode>ا</Unicode>
          </TextEquiv>
        </Word>
        <Word id="w70">
          <Coords points="832,754 851,754 851,810 832,810"/>
          <TextEquiv>
            <Unicode>با</Unicode>
          </TextEquiv>
        </Word>
        <Word id="w71">
          <Coords points="765,757 832,757 832,808 765,808"/>
          <TextEquiv>
            <Unicode>طلا</Unicode>
          </TextEquiv>
        </Word>
        <Word id="w72">
          <Coords points="700,758 765,758 765,808 700,808"/>
          <TextEquiv>
            <Unicode>سبحا</Unicode>
          </TextEquiv>
        </Word>
        <Word id="w73">
          <Coords points="648,758 695,758 695,806 648,806"/>
          <TextEquiv>
            <Unicode>نك</Unicode>
          </TextEquiv>
        </Word>
        <Word id="w74">
          <Coords points="583,755 638,755 638,803 583,803"/>
          <TextEquiv>
            <Unicode>فقنا</Unicode>
          </TextEquiv>
        </Word>
        <Word id="w75">
          <Coords points="543,755 576,755 576,813 543,813"/>
          <TextEquiv>
            <Unicode>عذ</Unicode>
          </TextEquiv>
        </Word>
        <Word id="w76">
          <Coords points="531,753 547,753 547,804 531,804"/>
          <TextEquiv>
            <Unicode>ا</Unicode>
          </TextEquiv>
        </Word>
        <Word id="w77">
          <Coords points="479,751 494,751 494,792 479,792"/>
          <TextEquiv>
            <Unicode>ا</Unicode>
          </TextEquiv>
        </Word>
        <Word id="w78">
          <Coords points="442,760 476,760 476,805 442,805"/>
          <TextEquiv>
            <Unicode>لنا</Unicode>
          </TextEquiv>
        </Word>
        <Word id="w79">
          <Coords points="419,778 434,778 434,802 419,802"/>
          <TextEquiv>
            <Unicode>ر</Unicode>
          </TextEquiv>
        </Word>
        <Word id="w80">
          <Coords points="335,758 366,758 366,813 335,813"/>
          <TextEquiv>
            <Unicode>بنا</Unicode>
          </TextEquiv>
        </Word>
        <Word id="w81">
          <Coords points="317,761 325,761 325,794 317,794"/>
          <TextEquiv>
            <Unicode>ا</Unicode>
          </TextEquiv>
        </Word>
        <Word id="w82">
          <Coords points="261,755 308,755 308,797 261,797"/>
          <TextEquiv>
            <Unicode>نك</Unicode>
          </TextEquiv>
        </Word>
        <TextEquiv>
          <Unicode> خلقت هذ ا با طلا سبحا نك فقنا عذ ا ا لنا ر بنا ا نك</Unicode>
        </TextEquiv>
      </TextLine>
      <TextLine id="l4">
        <Coords points="371,785 524,785 524,816 371,816"/>
        <Word id="w83">
          <Coords points="491,787 523,787 523,815 491,815"/>
          <TextEquiv>
            <Unicode>ب</Unicode>
          </TextEquiv>
        </Word>
        <Word id="w84">
          <Coords points="371,785 389,785 389,807 371,807"/>
          <TextEquiv>
            <Unicode>ر</Unicode>
          </TextEquiv>
        </Word>
        <TextEquiv>
          <Unicode> ب ر</Unicode>
        </TextEquiv>
      </TextLine>
      <TextLine id="l5">
        <Coords points="276,1218 1014,1218 1014,1299 276,1299"/>
        <Word id="w85">
          <Coords points="991,1253 1013,1253 1013,1277 991,1277"/>
          <TextEquiv>
            <Unicode>و</Unicode>
          </TextEquiv>
        </Word>
        <Word id="w86">
          <Coords points="968,1225 993,1225 993,1267 968,1267"/>
          <TextEquiv>
            <Unicode>ما</Unicode>
          </TextEquiv>
        </Word>
        <Word id="w87">
          <Coords points="907,1230 958,1230 958,1269 907,1269"/>
          <TextEquiv>
            <Unicode>للظا</Unicode>
          </TextEquiv>
        </Word>
        <Word id="w88">
          <Coords points="846,1230 900,1230 900,1298 846,1298"/>
          <TextEquiv>
            <Unicode>لمين</Unicode>
          </TextEquiv>
        </Word>
        <Word id="w89">
          <Coords points="810,1221 820,1221 820,1262 810,1262"/>
          <TextEquiv>
            <Unicode>ا</Unicode>
          </TextEquiv>
        </Word>
        <Word id="w90">
          <Coords points="801,1236 854,1236 854,1286 801,1286"/>
          <TextEquiv>
            <Unicode>من</Unicode>
          </TextEquiv>
        </Word>
        <Word id="w91">
          <Coords points="755,1218 807,1218 807,1266 755,1266"/>
          <TextEquiv>
            <Unicode>نصا</Unicode>
          </TextEquiv>
        </Word>
        <Word id="w92">
          <Coords points="729,1250 750,1250 750,1273 729,1273"/>
          <TextEquiv>
            <Unicode>ر</Unicode>
          </TextEquiv>
        </Word>
        <Word id="w93">
          <Coords points="673,1253 694,1253 694,1276 673,1276"/>
          <TextEquiv>
            <Unicode>ر</Unicode>
          </TextEquiv>
        </Word>
        <Word id="w94">
          <Coords points="629,1227 670,1227 670,1289 629,1289"/>
          <TextEquiv>
            <Unicode>بنا</Unicode>
          </TextEquiv>
        </Word>
        <Word id="w95">
          <Coords points="610,1227 622,1227 622,1274 610,1274"/>
          <TextEquiv>
            <Unicode>ا</Unicode>
          </TextEquiv>
        </Word>
        <Word id="w96">
          <Coords points="573,1230 611,1230 611,1278 573,1278"/>
          <TextEquiv>
            <Unicode>ننا</Unicode>
          </TextEquiv>
        </Word>
        <Word id="w97">
          <Coords points="489,1238 566,1238 566,1285 489,1285"/>
          <TextEquiv>
            <Unicode>سمعنا</Unicode>
          </TextEquiv>
        </Word>
        <Word id="w98">
          <Coords points="432,1232 481,1232 481,1286 432,1286"/>
          <TextEquiv>
            <Unicode>منا</Unicode>
          </TextEquiv>
        </Word>
        <Word id="w99">
          <Coords points="408,1258 428,1258 428,1288 408,1288"/>
          <TextEquiv>
            <Unicode>د</Unicode>
          </TextEquiv>
        </Word>
        <Word id="w100">
          <Coords points="381,1232 406,1232 406,1297 381,1297"/>
          <TextEquiv>
            <Unicode>يا</Unicode>
          </TextEquiv>
        </Word>
        <Word id="w101">
          <Coords points="341,1234 376,1234 376,1296 341,1296"/>
          <TextEquiv>
            <Unicode>ينا</Unicode>
          </TextEquiv>
        </Word>
        <Word id="w102">
          <Coords points="318,1265 332,1265 332,1284 318,1284"/>
          <TextEquiv>
            <Unicode>د</Unicode>
          </TextEquiv>
        </Word>
        <Word id="w103">
          <Coords points="276,1249 314,1249 314,1296 276,1296"/>
          <TextEquiv>
            <Unicode>ي</Unicode>
          </TextEquiv>
        </Word>
        <TextEquiv>
          <Unicode> و ما للظا لمين ا من نصا ر ر بنا ا ننا سمعنا منا د يا ينا د ي</Unicode>
        </TextEquiv>
      </TextLine>
      <TextLine id="l6">
        <Coords points="281,1323 1022,1323 1022,1429 281,1429"/>
        <Word id="w104">
          <Coords points="977,1351 1021,1351 1021,1394 977,1394"/>
          <TextEquiv>
            <Unicode>للا</Unicode>
          </TextEquiv>
        </Word>
        <Word id="w105">
          <Coords points="943,1347 979,1347 979,1410 943,1410"/>
          <TextEquiv>
            <Unicode>يما</Unicode>
          </TextEquiv>
        </Word>
        <Word id="w106">
          <Coords points="907,1350 938,1350 938,1399 907,1399"/>
          <TextEquiv>
            <Unicode>ن</Unicode>
          </TextEquiv>
        </Word>
        <Word id="w107">
          <Coords points="895,1341 910,1341 910,1390 895,1390"/>
          <TextEquiv>
            <Unicode>ا</Unicode>
          </TextEquiv>
        </Word>
        <Word id="w108">
          <Coords points="866,1361 894,1361 894,1408 866,1408"/>
          <TextEquiv>
            <Unicode>ن</Unicode>
          </TextEquiv>
        </Word>
        <Word id="w109">
          <Coords points="855,1343 869,1343 869,1391 855,1391"/>
          <TextEquiv>
            <Unicode>ا</Unicode>
          </TextEquiv>
        </Word>
        <Word id="w110">
          <Coords points="807,1354 854,1354 854,1404 807,1404"/>
          <TextEquiv>
            <Unicode>منو</Unicode>
          </TextEquiv>
        </Word>
        <Word id="w111">
          <Coords points="797,1342 811,1342 811,1394 797,1394"/>
          <TextEquiv>
            <Unicode>ا</Unicode>
          </TextEquiv>
        </Word>
        <Word id="w112">
          <Coords points="769,1370 800,1370 800,1406 769,1406"/>
          <TextEquiv>
            <Unicode>بر</Unicode>
          </TextEquiv>
        </Word>
        <Word id="w113">
          <Coords points="732,1323 771,1323 771,1427 732,1427"/>
          <TextEquiv>
            <Unicode>بكم</Unicode>
          </TextEquiv>
        </Word>
        <Word id="w114">
          <Coords points="698,1345 724,1345 724,1395 698,1395"/>
          <TextEquiv>
            <Unicode>فا</Unicode>
          </TextEquiv>
        </Word>
        <Word id="w115">
          <Coords points="650,1350 692,1350 692,1400 650,1400"/>
          <TextEquiv>
            <Unicode>منا</Unicode>
          </TextEquiv>
        </Word>
        <Word id="w116">
          <Coords points="621,1379 643,1379 643,1403 621,1403"/>
          <TextEquiv>
            <Unicode>ر</Unicode>
          </TextEquiv>
        </Word>
        <Word id="w117">
          <Coords points="578,1349 618,1349 618,1410 578,1410"/>
          <TextEquiv>
            <Unicode>بنا</Unicode>
          </TextEquiv>
        </Word>
        <Word id="w118">
          <Coords points="548,1350 569,1350 569,1402 548,1402"/>
          <TextEquiv>
            <Unicode>فا</Unicode>
          </TextEquiv>
        </Word>
        <Word id="w119">
          <Coords points="449,1358 542,1358 542,1428 449,1428"/>
          <TextEquiv>
            <Unicode>غفر</Unicode>
          </TextEquiv>
        </Word>
        <Word id="w120">
          <Coords points="413,1345 468,1345 468,1398 413,1398"/>
          <TextEquiv>
            <Unicode>لنا</Unicode>
          </TextEquiv>
        </Word>
        <Word id="w121">
          <Coords points="382,1362 410,1362 410,1406 382,1406"/>
          <TextEquiv>
            <Unicode>ذ</Unicode>
          </TextEquiv>
        </Word>
        <Word id="w122">
          <Coords points="354,1362 381,1362 381,1410 354,1410"/>
          <TextEquiv>
            <Unicode>نو</Unicode>
          </TextEquiv>
        </Word>
        <Word id="w123">
          <Coords points="309,1349 353,1349 353,1413 309,1413"/>
          <TextEquiv>
            <Unicode>بنا</Unicode>
          </TextEquiv>
        </Word>
        <Word id="w124">
          <Coords points="281,1377 302,1377 302,1400 281,1400"/>
          <TextEquiv>
            <Unicode>و</Unicode>
          </TextEquiv>
        </Word>
        <TextEquiv>
          <Unicode> للا يما ن ا ن ا منو ا بر بكم فا منا ر بنا فا غفر لنا ذ نو بنا و</Unicode>
        </TextEquiv>
      </TextLine>
      <TextLine id="l7">
        <Coords points="280,1450 1028,1450 1028,1553 280,1553"/>
        <Word id="w125">
          <Coords points="969,1450 1027,1450 1027,1532 969,1532"/>
          <TextEquiv>
            <Unicode>كفر</Unicode>
          </TextEquiv>
        </Word>
        <Word id="w126">
          <Coords points="929,1460 970,1460 970,1520 929,1520"/>
          <TextEquiv>
            <Unicode>عنا</Unicode>
          </TextEquiv>
        </Word>
        <Word id="w127">
          <Coords points="859,1474 921,1474 921,1536 859,1536"/>
          <TextEquiv>
            <Unicode>سيا</Unicode>
          </TextEquiv>
        </Word>
        <Word id="w128">
          <Coords points="816,1471 857,1471 857,1527 816,1527"/>
          <TextEquiv>
            <Unicode>تنا</Unicode>
          </TextEquiv>
        </Word>
        <Word id="w129">
          <Coords points="789,1504 810,1504 810,1530 789,1530"/>
          <TextEquiv>
            <Unicode>و</Unicode>
          </TextEquiv>
        </Word>
        <Word id="w130">
          <Coords points="757,1479 789,1479 789,1530 757,1530"/>
          <TextEquiv>
            <Unicode>تو</Unicode>
          </TextEquiv>
        </Word>
        <Word id="w131">
          <Coords points="707,1467 753,1467 753,1522 707,1522"/>
          <TextEquiv>
            <Unicode>فنا</Unicode>
          </TextEquiv>
        </Word>
        <Word id="w132">
          <Coords points="658,1488 709,1488 709,1552 658,1552"/>
          <TextEquiv>
            <Unicode>مع</Unicode>
          </TextEquiv>
        </Word>
        <Word id="w133">
          <Coords points="645,1472 657,1472 657,1517 645,1517"/>
          <TextEquiv>
            <Unicode>ا</Unicode>
          </TextEquiv>
        </Word>
        <Word id="w134">
          <Coords points="604,1471 644,1471 644,1520 604,1520"/>
          <TextEquiv>
            <Unicode>لا</Unicode>
          </TextEquiv>
        </Word>
        <Word id="w135">
          <Coords points="575,1461 590,1461 590,1513 575,1513"/>
          <TextEquiv>
            <Unicode>ا</Unicode>
          </TextEquiv>
        </Word>
        <Word id="w136">
          <Coords points="570,1505 615,1505 615,1540 570,1540"/>
          <TextEquiv>
            <Unicode>بر</Unicode>
          </TextEquiv>
        </Word>
        <Word id="w137">
          <Coords points="550,1487 571,1487 571,1517 550,1517"/>
          <TextEquiv>
            <Unicode>ر</Unicode>
          </TextEquiv>
        </Word>
        <Word id="w138">
          <Coords points="485,1504 505,1504 505,1529 485,1529"/>
          <TextEquiv>
            <Unicode>ر</Unicode>
          </TextEquiv>
        </Word>
        <Word id="w139">
          <Coords points="448,1471 483,1471 483,1531 448,1531"/>
          <TextEquiv>
            <Unicode>بنا</Unicode>
          </TextEquiv>
        </Word>
        <Word id="w140">
          <Coords points="415,1507 438,1507 438,1532 415,1532"/>
          <TextEquiv>
            <Unicode>و</Unicode>
          </TextEquiv>
        </Word>
        <Word id="w141">
          <Coords points="409,1473 421,1473 421,1517 409,1517"/>
          <TextEquiv>
            <Unicode>ا</Unicode>
          </TextEquiv>
        </Word>
        <Word id="w142">
          <Coords points="324,1470 405,1470 405,1529 324,1529"/>
          <TextEquiv>
            <Unicode>تنا</Unicode>
          </TextEquiv>
        </Word>
        <Word id="w143">
          <Coords points="280,1455 317,1455 317,1516 280,1516"/>
          <TextEquiv>
            <Unicode>ما</Unicode>
          </TextEquiv>
        </Word>
        <TextEquiv>
          <Unicode> كفر عنا سيا تنا و تو فنا مع ا لا ا بر ر ر بنا و ا تنا ما</Unicode>
        </TextEquiv>
      </TextLine>
      <TextLine id="l8">
        <Coords points="280,1577 1026,1577 1026,1672 280,1672"/>
        <Word id="w144">
          <Coords points="994,1612 1025,1612 1025,1644 994,1644"/>
          <TextEquiv>
            <Unicode>و</Unicode>
          </TextEquiv>
        </Word>
        <Word id="w145">
          <Coords points="949,1600 999,1600 999,1639 949,1639"/>
          <TextEquiv>
            <Unicode>عد</Unicode>
          </TextEquiv>
        </Word>
        <Word id="w146">
          <Coords points="910,1586 951,1586 951,1639 910,1639"/>
          <TextEquiv>
            <Unicode>تنا</Unicode>
          </TextEquiv>
        </Word>
        <Word id="w147">
          <Coords points="857,1599 908,1599 908,1663 857,1663"/>
          <TextEquiv>
            <Unicode>على</Unicode>
          </TextEquiv>
        </Word>
        <Word id="w148">
          <Coords points="850,1613 871,1613 871,1640 850,1640"/>
          <TextEquiv>
            <Unicode>ر</Unicode>
          </TextEquiv>
        </Word>
        <Word id="w149">
          <Coords points="751,1592 846,1592 846,1657 751,1657"/>
          <TextEquiv>
            <Unicode>سلك</Unicode>
          </TextEquiv>
        </Word>
        <Word id="w150">
          <Coords points="724,1623 747,1623 747,1649 724,1649"/>
          <TextEquiv>
            <Unicode>و</Unicode>
          </TextEquiv>
        </Word>
        <Word id="w151">
          <Coords points="693,1577 738,1577 738,1633 693,1633"/>
          <TextEquiv>
            <Unicode>لا</Unicode>
          </TextEquiv>
        </Word>
        <Word id="w152">
          <Coords points="653,1592 700,1592 700,1669 653,1669"/>
          <TextEquiv>
            <Unicode>تخز</Unicode>
          </TextEquiv>
        </Word>
        <Word id="w153">
          <Coords points="640,1594 661,1594 661,1644 640,1644"/>
          <TextEquiv>
            <Unicode>نا</Unicode>
          </TextEquiv>
        </Word>
        <Word id="w154">
          <Coords points="597,1615 633,1615 633,1666 597,1666"/>
          <TextEquiv>
            <Unicode>يو</Unicode>
          </TextEquiv>
        </Word>
        <Word id="w155">
          <Coords points="565,1590 576,1590 576,1636 565,1636"/>
          <TextEquiv>
            <Unicode>ا</Unicode>
          </TextEquiv>
        </Word>
        <Word id="w156">
          <Coords points="454,1595 559,1595 559,1671 454,1671"/>
          <TextEquiv>
            <Unicode>لقيمة</Unicode>
          </TextEquiv>
        </Word>
        <Word id="w157">
          <Coords points="445,1586 458,1586 458,1639 445,1639"/>
          <TextEquiv>
            <Unicode>ا</Unicode>
          </TextEquiv>
        </Word>
        <Word id="w158">
          <Coords points="380,1581 446,1581 446,1649 380,1649"/>
          <TextEquiv>
            <Unicode>نك</Unicode>
          </TextEquiv>
        </Word>
        <Word id="w159">
          <Coords points="351,1579 392,1579 392,1630 351,1630"/>
          <TextEquiv>
            <Unicode>لا</Unicode>
          </TextEquiv>
        </Word>
        <Word id="w160">
          <Coords points="280,1584 362,1584 362,1653 280,1653"/>
          <TextEquiv>
            <Unicode>تخلف</Unicode>
          </TextEquiv>
        </Word>
        <TextEquiv>
          <Unicode> و عد تنا على ر سلك و لا تخز نا يو ا لقيمة ا نك لا تخلف</Unicode>
        </TextEquiv>
      </TextLine>
    </TextRegion>
  </Page>
</PcGts>
