<?xml version='1.0' encoding='utf-8'?>
<PcGts xmlns:xsi="http://www.w3.org/2001/XMLSchema-instance" xmlns="http://schema.primaresearch.org/PAGE/gts/pagecontent/2019-07-15" xsi:schemaLocation="http://schema.primaresearch.org/PAGE/gts/pagecontent/2019-07-15 http://schema.primaresearch.org/PAGE/gts/pagecontent/2019-07-15/pagecontent.xsd" pcGtsId="pc-aletheiaexamplepage">
  <Metadata>
    <Creator>PRImA Research Lab</Creator>
    <Created>2015-07-17T15:27:13</Created>
    <LastChange>2017-07-14T10:03:33</LastChange>
    <Comments>Example Page</Comments>
  </Metadata>
  <Page imageFilename="3157556/0062-1.png" imageWidth="1238" imageHeight="2074">
    <TextRegion id="r0" type="paragraph">
      <Coords points="1,1 1236,1 1236,2072 1,2072"/>
      <TextLine id="l0">
        <Coords points="272,398 1015,398 1015,528 272,528"/>
        <Word id="w0">
          <Coords points="998,465 1014,465 1014,485 998,485"/>
          <TextEquiv>
            <Unicode>د</Unicode>
          </TextEquiv>
        </Word>
        <Word id="w1">
          <Coords points="934,437 999,437 999,527 934,527"/>
          <TextEquiv>
            <Unicode>خلتم</Unicode>
          </TextEquiv>
        </Word>
        <Word id="w2">
          <Coords points="870,460 930,460 930,499 870,499"/>
          <TextEquiv>
            <Unicode>بهن</Unicode>
          </TextEquiv>
        </Word>
        <Word id="w3">
          <Coords points="851,424 874,424 874,478 851,478"/>
          <TextEquiv>
            <Unicode>فا</Unicode>
          </TextEquiv>
        </Word>
        <Word id="w4">
          <Coords points="811,441 841,441 841,486 811,486"/>
          <TextEquiv>
            <Unicode>ن</Unicode>
          </TextEquiv>
        </Word>
        <Word id="w5">
          <Coords points="790,415 820,415 820,478 790,478"/>
          <TextEquiv>
            <Unicode>لم</Unicode>
          </TextEquiv>
        </Word>
        <Word id="w6">
          <Coords points="737,409 784,409 784,486 737,486"/>
          <TextEquiv>
            <Unicode>تكو</Unicode>
          </TextEquiv>
        </Word>
        <Word id="w7">
          <Coords points="702,431 735,431 735,482 702,482"/>
          <TextEquiv>
            <Unicode>نو</Unicode>
          </TextEquiv>
        </Word>
        <Word id="w8">
          <Coords points="698,425 703,425 703,465 698,465"/>
          <TextEquiv>
            <Unicode>ا</Unicode>
          </TextEquiv>
        </Word>
        <Word id="w9">
          <Coords points="664,456 684,456 684,477 664,477"/>
          <TextEquiv>
            <Unicode>د</Unicode>
          </TextEquiv>
        </Word>
        <Word id="w10">
          <Coords points="586,427 661,427 661,519 586,519"/>
          <TextEquiv>
            <Unicode>خلتم</Unicode>
          </TextEquiv>
        </Word>
        <Word id="w11">
          <Coords points="513,447 580,447 580,489 513,489"/>
          <TextEquiv>
            <Unicode>بهن</Unicode>
          </TextEquiv>
        </Word>
        <Word id="w12">
          <Coords points="453,435 505,435 505,479 453,479"/>
          <TextEquiv>
            <Unicode>فلا</Unicode>
          </TextEquiv>
        </Word>
        <Word id="w13">
          <Coords points="405,426 457,426 457,485 405,485"/>
          <TextEquiv>
            <Unicode>جنا</Unicode>
          </TextEquiv>
        </Word>
        <Word id="w14">
          <Coords points="365,455 411,455 411,506 365,506"/>
          <TextEquiv>
            <Unicode>ح</Unicode>
          </TextEquiv>
        </Word>
        <Word id="w15">
          <Coords points="272,398 358,398 358,481 272,481"/>
          <TextEquiv>
            <Unicode>عليكم</Unicode>
          </TextEquiv>
        </Word>
        <TextEquiv>
          <Unicode> د خلتم بهن فا ن لم تكو نو ا د خلتم بهن فلا جنا ح عليكم</Unicode>
        </TextEquiv>
      </TextLine>
      <TextLine id="l1">
        <Coords points="270,524 1017,524 1017,634 270,634"/>
        <Word id="w16">
          <Coords points="992,580 1016,580 1016,609 992,609"/>
          <TextEquiv>
            <Unicode>و</Unicode>
          </TextEquiv>
        </Word>
        <Word id="w17">
          <Coords points="929,557 998,557 998,603 929,603"/>
          <TextEquiv>
            <Unicode>حلا</Unicode>
          </TextEquiv>
        </Word>
        <Word id="w18">
          <Coords points="887,542 930,542 930,613 887,613"/>
          <TextEquiv>
            <Unicode>ئل</Unicode>
          </TextEquiv>
        </Word>
        <Word id="w19">
          <Coords points="879,550 892,550 892,591 879,591"/>
          <TextEquiv>
            <Unicode>ا</Unicode>
          </TextEquiv>
        </Word>
        <Word id="w20">
          <Coords points="834,538 882,538 882,610 834,610"/>
          <TextEquiv>
            <Unicode>بنا</Unicode>
          </TextEquiv>
        </Word>
        <Word id="w21">
          <Coords points="791,524 829,524 829,633 791,633"/>
          <TextEquiv>
            <Unicode>ئكم</Unicode>
          </TextEquiv>
        </Word>
        <Word id="w22">
          <Coords points="769,552 775,552 775,591 769,591"/>
          <TextEquiv>
            <Unicode>ا</Unicode>
          </TextEquiv>
        </Word>
        <Word id="w23">
          <Coords points="726,539 757,539 757,595 726,595"/>
          <TextEquiv>
            <Unicode>لذ</Unicode>
          </TextEquiv>
        </Word>
        <Word id="w24">
          <Coords points="679,570 730,570 730,622 679,622"/>
          <TextEquiv>
            <Unicode>ين</Unicode>
          </TextEquiv>
        </Word>
        <Word id="w25">
          <Coords points="631,554 677,554 677,611 631,611"/>
          <TextEquiv>
            <Unicode>من</Unicode>
          </TextEquiv>
        </Word>
        <Word id="w26">
          <Coords points="626,536 639,536 639,578 626,578"/>
          <TextEquiv>
            <Unicode>ا</Unicode>
          </TextEquiv>
        </Word>
        <Word id="w27">
          <Coords points="536,543 622,543 622,589 536,589"/>
          <TextEquiv>
            <Unicode>صلا</Unicode>
          </TextEquiv>
        </Word>
        <Word id="w28">
          <Coords points="507,525 549,525 549,621 507,621"/>
          <TextEquiv>
            <Unicode>بكم</Unicode>
          </TextEquiv>
        </Word>
        <Word id="w29">
          <Coords points="474,568 495,568 495,591 474,591"/>
          <TextEquiv>
            <Unicode>و</Unicode>
          </TextEquiv>
        </Word>
        <Word id="w30">
          <Coords points="465,538 472,538 472,581 465,581"/>
          <TextEquiv>
            <Unicode>ا</Unicode>
          </TextEquiv>
        </Word>
        <Word id="w31">
          <Coords points="428,553 456,553 456,589 428,589"/>
          <TextEquiv>
            <Unicode>ن</Unicode>
          </TextEquiv>
        </Word>
        <Word id="w32">
          <Coords points="341,528 425,528 425,599 341,599"/>
          <TextEquiv>
            <Unicode>تجمعو</Unicode>
          </TextEquiv>
        </Word>
        <Word id="w33">
          <Coords points="335,529 349,529 349,578 335,578"/>
          <TextEquiv>
            <Unicode>ا</Unicode>
          </TextEquiv>
        </Word>
        <Word id="w34">
          <Coords points="270,537 330,537 330,592 270,592"/>
          <TextEquiv>
            <Unicode>بين</Unicode>
          </TextEquiv>
        </Word>
        <TextEquiv>
          <Unicode> و حلا ئل ا بنا ئكم ا لذ ين من ا صلا بكم و ا ن تجمعو ا بين</Unicode>
        </TextEquiv>
      </TextLine>
      <TextLine id="l2">
        <Coords points="272,631 1016,631 1016,733 272,733"/>
        <Word id="w35">
          <Coords points="1005,670 1015,670 1015,718 1005,718"/>
          <TextEquiv>
            <Unicode>ا</Unicode>
          </TextEquiv>
        </Word>
        <Word id="w36">
          <Coords points="965,666 1005,666 1005,717 965,717"/>
          <TextEquiv>
            <Unicode>لا</Unicode>
          </TextEquiv>
        </Word>
        <Word id="w37">
          <Coords points="885,675 973,675 973,731 885,731"/>
          <TextEquiv>
            <Unicode>ختين</Unicode>
          </TextEquiv>
        </Word>
        <Word id="w38">
          <Coords points="877,661 888,661 888,708 877,708"/>
          <TextEquiv>
            <Unicode>ا</Unicode>
          </TextEquiv>
        </Word>
        <Word id="w39">
          <Coords points="827,664 871,664 871,712 827,712"/>
          <TextEquiv>
            <Unicode>لا</Unicode>
          </TextEquiv>
        </Word>
        <Word id="w40">
          <Coords points="796,664 830,664 830,715 796,715"/>
          <TextEquiv>
            <Unicode>ما</Unicode>
          </TextEquiv>
        </Word>
        <Word id="w41">
          <Coords points="754,670 790,670 790,715 754,715"/>
          <TextEquiv>
            <Unicode>قد</Unicode>
          </TextEquiv>
        </Word>
        <Word id="w42">
          <Coords points="645,661 748,661 748,718 645,718"/>
          <TextEquiv>
            <Unicode>سلف</Unicode>
          </TextEquiv>
        </Word>
        <Word id="w43">
          <Coords points="637,658 645,658 645,699 637,699"/>
          <TextEquiv>
            <Unicode>ا</Unicode>
          </TextEquiv>
        </Word>
        <Word id="w44">
          <Coords points="593,651 607,651 607,703 593,703"/>
          <TextEquiv>
            <Unicode>ا</Unicode>
          </TextEquiv>
        </Word>
        <Word id="w45">
          <Coords points="560,683 590,683 590,707 560,707"/>
          <TextEquiv>
            <Unicode>لله</Unicode>
          </TextEquiv>
        </Word>
        <Word id="w46">
          <Coords points="520,642 560,642 560,704 520,704"/>
          <TextEquiv>
            <Unicode>كا</Unicode>
          </TextEquiv>
        </Word>
        <Word id="w47">
          <Coords points="514,677 630,677 630,732 514,732"/>
          <TextEquiv>
            <Unicode>ن</Unicode>
          </TextEquiv>
        </Word>
        <Word id="w48">
          <Coords points="401,668 504,668 504,727 401,727"/>
          <TextEquiv>
            <Unicode>ن</Unicode>
          </TextEquiv>
        </Word>
        <Word id="w49">
          <Coords points="371,660 475,660 475,709 371,709"/>
          <TextEquiv>
            <Unicode>غفو</Unicode>
          </TextEquiv>
        </Word>
        <Word id="w50">
          <Coords points="350,675 375,675 375,700 350,700"/>
          <TextEquiv>
            <Unicode>ر</Unicode>
          </TextEquiv>
        </Word>
        <Word id="w51">
          <Coords points="342,637 357,637 357,688 342,688"/>
          <TextEquiv>
            <Unicode>ا</Unicode>
          </TextEquiv>
        </Word>
        <Word id="w52">
          <Coords points="312,676 334,676 334,701 312,701"/>
          <TextEquiv>
            <Unicode>ر</Unicode>
          </TextEquiv>
        </Word>
        <Word id="w53">
          <Coords points="272,631 336,631 336,705 272,705"/>
          <TextEquiv>
            <Unicode>حيما</Unicode>
          </TextEquiv>
        </Word>
        <TextEquiv>
          <Unicode> ا لا ختين ا لا ما قد سلف ا ا لله كا ن ن غفو ر ا ر حيما</Unicode>
        </TextEquiv>
      </TextLine>
      <TextLine id="l3">
        <Coords points="260,744 1011,744 1011,861 260,861"/>
        <Word id="w54">
          <Coords points="987,790 992,790 992,824 987,824"/>
          <TextEquiv>
            <Unicode>ا</Unicode>
          </TextEquiv>
        </Word>
        <Word id="w55">
          <Coords points="987,817 1010,817 1010,845 987,845"/>
          <TextEquiv>
            <Unicode>و</Unicode>
          </TextEquiv>
        </Word>
        <Word id="w56">
          <Coords points="891,788 987,788 987,842 891,842"/>
          <TextEquiv>
            <Unicode>لحصنا</Unicode>
          </TextEquiv>
        </Word>
        <Word id="w57">
          <Coords points="837,795 876,795 876,836 837,836"/>
          <TextEquiv>
            <Unicode>ت</Unicode>
          </TextEquiv>
        </Word>
        <Word id="w58">
          <Coords points="795,779 803,779 803,820 795,820"/>
          <TextEquiv>
            <Unicode>ا</Unicode>
          </TextEquiv>
        </Word>
        <Word id="w59">
          <Coords points="783,795 830,795 830,846 783,846"/>
          <TextEquiv>
            <Unicode>من</Unicode>
          </TextEquiv>
        </Word>
        <Word id="w60">
          <Coords points="718,782 788,782 788,829 718,829"/>
          <TextEquiv>
            <Unicode>لنسا</Unicode>
          </TextEquiv>
        </Word>
        <Word id="w61">
          <Coords points="700,811 711,811 711,828 700,828"/>
          <TextEquiv>
            <Unicode>ء</Unicode>
          </TextEquiv>
        </Word>
        <Word id="w62">
          <Coords points="674,784 690,784 690,830 674,830"/>
          <TextEquiv>
            <Unicode>ا</Unicode>
          </TextEquiv>
        </Word>
        <Word id="w63">
          <Coords points="626,785 672,785 672,832 626,832"/>
          <TextEquiv>
            <Unicode>لا</Unicode>
          </TextEquiv>
        </Word>
        <Word id="w64">
          <Coords points="587,775 624,775 624,835 587,835"/>
          <TextEquiv>
            <Unicode>ما</Unicode>
          </TextEquiv>
        </Word>
        <Word id="w65">
          <Coords points="461,759 580,759 580,834 461,834"/>
          <TextEquiv>
            <Unicode>ملكت</Unicode>
          </TextEquiv>
        </Word>
        <Word id="w66">
          <Coords points="447,775 451,775 451,820 447,820"/>
          <TextEquiv>
            <Unicode>ا</Unicode>
          </TextEquiv>
        </Word>
        <Word id="w67">
          <Coords points="397,775 445,775 445,842 397,842"/>
          <TextEquiv>
            <Unicode>يما</Unicode>
          </TextEquiv>
        </Word>
        <Word id="w68">
          <Coords points="354,744 390,744 390,860 354,860"/>
          <TextEquiv>
            <Unicode>نكم</Unicode>
          </TextEquiv>
        </Word>
        <Word id="w69">
          <Coords points="314,750 354,750 354,820 314,820"/>
          <TextEquiv>
            <Unicode>كتا</Unicode>
          </TextEquiv>
        </Word>
        <Word id="w70">
          <Coords points="260,780 308,780 308,817 260,817"/>
          <TextEquiv>
            <Unicode>ب</Unicode>
          </TextEquiv>
        </Word>
        <TextEquiv>
          <Unicode> ا و لحصنا ت ا من لنسا ء ا لا ما ملكت ا يما نكم كتا ب</Unicode>
        </TextEquiv>
      </TextLine>
      <TextLine id="l4">
        <Coords points="264,1227 1009,1227 1009,1350 264,1350"/>
        <Word id="w71">
          <Coords points="982,1274 1008,1274 1008,1314 982,1314"/>
          <TextEquiv>
            <Unicode>ذ</Unicode>
          </TextEquiv>
        </Word>
        <Word id="w72">
          <Coords points="942,1237 993,1237 993,1349 942,1349"/>
          <TextEquiv>
            <Unicode>لكم</Unicode>
          </TextEquiv>
        </Word>
        <Word id="w73">
          <Coords points="927,1254 937,1254 937,1307 927,1307"/>
          <TextEquiv>
            <Unicode>ا</Unicode>
          </TextEquiv>
        </Word>
        <Word id="w74">
          <Coords points="889,1270 920,1270 920,1319 889,1319"/>
          <TextEquiv>
            <Unicode>ن</Unicode>
          </TextEquiv>
        </Word>
        <Word id="w75">
          <Coords points="808,1254 889,1254 889,1323 808,1323"/>
          <TextEquiv>
            <Unicode>تبتغو</Unicode>
          </TextEquiv>
        </Word>
        <Word id="w76">
          <Coords points="800,1248 816,1248 816,1300 800,1300"/>
          <TextEquiv>
            <Unicode>ا</Unicode>
          </TextEquiv>
        </Word>
        <Word id="w77">
          <Coords points="777,1249 799,1249 799,1318 777,1318"/>
          <TextEquiv>
            <Unicode>با</Unicode>
          </TextEquiv>
        </Word>
        <Word id="w78">
          <Coords points="722,1275 770,1275 770,1319 722,1319"/>
          <TextEquiv>
            <Unicode>مو</Unicode>
          </TextEquiv>
        </Word>
        <Word id="w79">
          <Coords points="718,1249 731,1249 731,1299 718,1299"/>
          <TextEquiv>
            <Unicode>ا</Unicode>
          </TextEquiv>
        </Word>
        <Word id="w80">
          <Coords points="669,1227 721,1227 721,1346 669,1346"/>
          <TextEquiv>
            <Unicode>لكم</Unicode>
          </TextEquiv>
        </Word>
        <Word id="w81">
          <Coords points="510,1265 655,1265 655,1330 510,1330"/>
          <TextEquiv>
            <Unicode>محصنين</Unicode>
          </TextEquiv>
        </Word>
        <Word id="w82">
          <Coords points="449,1255 517,1255 517,1331 449,1331"/>
          <TextEquiv>
            <Unicode>غير</Unicode>
          </TextEquiv>
        </Word>
        <Word id="w83">
          <Coords points="394,1240 456,1240 456,1300 394,1300"/>
          <TextEquiv>
            <Unicode>مسا</Unicode>
          </TextEquiv>
        </Word>
        <Word id="w84">
          <Coords points="310,1245 391,1245 391,1335 310,1335"/>
          <TextEquiv>
            <Unicode>فحين</Unicode>
          </TextEquiv>
        </Word>
        <Word id="w85">
          <Coords points="264,1234 326,1234 326,1300 264,1300"/>
          <TextEquiv>
            <Unicode>فما</Unicode>
          </TextEquiv>
        </Word>
        <TextEquiv>
          <Unicode> ذ لكم ا ن تبتغو ا با مو ا لكم محصنين غير مسا فحين فما</Unicode>
        </TextEquiv>
      </TextLine>
      <TextLine id="l5">
        <Coords points="251,1353 1006,1353 1006,1481 251,1481"/>
        <Word id="w86">
          <Coords points="999,1388 1005,1388 1005,1431 999,1431"/>
          <TextEquiv>
            <Unicode>ا</Unicode>
          </TextEquiv>
        </Word>
        <Word id="w87">
          <Coords points="821,1380 989,1380 989,1480 821,1480"/>
          <TextEquiv>
            <Unicode>ستمتعتم</Unicode>
          </TextEquiv>
        </Word>
        <Word id="w88">
          <Coords points="785,1393 817,1393 817,1427 785,1427"/>
          <TextEquiv>
            <Unicode>به</Unicode>
          </TextEquiv>
        </Word>
        <Word id="w89">
          <Coords points="681,1384 783,1384 783,1450 681,1450"/>
          <TextEquiv>
            <Unicode>منهن</Unicode>
          </TextEquiv>
        </Word>
        <Word id="w90">
          <Coords points="648,1365 670,1365 670,1427 648,1427"/>
          <TextEquiv>
            <Unicode>فا</Unicode>
          </TextEquiv>
        </Word>
        <Word id="w91">
          <Coords points="591,1381 640,1381 640,1444 591,1444"/>
          <TextEquiv>
            <Unicode>تو</Unicode>
          </TextEquiv>
        </Word>
        <Word id="w92">
          <Coords points="544,1386 605,1386 605,1447 544,1447"/>
          <TextEquiv>
            <Unicode>هن</Unicode>
          </TextEquiv>
        </Word>
        <Word id="w93">
          <Coords points="539,1370 549,1370 549,1418 539,1418"/>
          <TextEquiv>
            <Unicode>ا</Unicode>
          </TextEquiv>
        </Word>
        <Word id="w94">
          <Coords points="484,1404 538,1404 538,1438 484,1438"/>
          <TextEquiv>
            <Unicode>جو</Unicode>
          </TextEquiv>
        </Word>
        <Word id="w95">
          <Coords points="460,1393 485,1393 485,1426 460,1426"/>
          <TextEquiv>
            <Unicode>ر</Unicode>
          </TextEquiv>
        </Word>
        <Word id="w96">
          <Coords points="410,1380 469,1380 469,1429 410,1429"/>
          <TextEquiv>
            <Unicode>هن</Unicode>
          </TextEquiv>
        </Word>
        <Word id="w97">
          <Coords points="370,1353 416,1353 416,1421 370,1421"/>
          <TextEquiv>
            <Unicode>فر</Unicode>
          </TextEquiv>
        </Word>
        <Word id="w98">
          <Coords points="286,1372 381,1372 381,1430 286,1430"/>
          <TextEquiv>
            <Unicode>يضه</Unicode>
          </TextEquiv>
        </Word>
        <Word id="w99">
          <Coords points="251,1376 280,1376 280,1417 251,1417"/>
          <TextEquiv>
            <Unicode>و</Unicode>
          </TextEquiv>
        </Word>
        <TextEquiv>
          <Unicode> ا ستمتعتم به منهن فا تو هن ا جو ر هن فر يضه و</Unicode>
        </TextEquiv>
      </TextLine>
      <TextLine id="l6">
        <Coords points="246,1467 1013,1467 1013,1697 246,1697"/>
        <Word id="w100">
          <Coords points="989,1631 1000,1631 1000,1678 989,1678"/>
          <TextEquiv>
            <Unicode>ا</Unicode>
          </TextEquiv>
        </Word>
        <Word id="w101">
          <Coords points="965,1518 1012,1518 1012,1559 965,1559"/>
          <TextEquiv>
            <Unicode>لا</Unicode>
          </TextEquiv>
        </Word>
        <Word id="w102">
          <Coords points="951,1653 982,1653 982,1691 951,1691"/>
          <TextEquiv>
            <Unicode>ن</Unicode>
          </TextEquiv>
        </Word>
        <Word id="w103">
          <Coords points="943,1620 958,1620 958,1663 943,1663"/>
          <TextEquiv>
            <Unicode>ا</Unicode>
          </TextEquiv>
        </Word>
        <Word id="w104">
          <Coords points="916,1508 967,1508 967,1572 916,1572"/>
          <TextEquiv>
            <Unicode>جنا</Unicode>
          </TextEquiv>
        </Word>
        <Word id="w105">
          <Coords points="880,1542 930,1542 930,1591 880,1591"/>
          <TextEquiv>
            <Unicode>ح</Unicode>
          </TextEquiv>
        </Word>
        <Word id="w106">
          <Coords points="870,1623 908,1623 908,1680 870,1680"/>
          <TextEquiv>
            <Unicode>كا</Unicode>
          </TextEquiv>
        </Word>
        <Word id="w107">
          <Coords points="830,1649 858,1649 858,1682 830,1682"/>
          <TextEquiv>
            <Unicode>ن</Unicode>
          </TextEquiv>
        </Word>
        <Word id="w108">
          <Coords points="794,1490 868,1490 868,1599 794,1599"/>
          <TextEquiv>
            <Unicode>عليكم</Unicode>
          </TextEquiv>
        </Word>
        <Word id="w109">
          <Coords points="733,1504 784,1504 784,1581 733,1581"/>
          <TextEquiv>
            <Unicode>فيما</Unicode>
          </TextEquiv>
        </Word>
        <Word id="w110">
          <Coords points="731,1625 821,1625 821,1693 731,1693"/>
          <TextEquiv>
            <Unicode>عليما</Unicode>
          </TextEquiv>
        </Word>
        <Word id="w111">
          <Coords points="690,1513 727,1513 727,1568 690,1568"/>
          <TextEquiv>
            <Unicode>تر</Unicode>
          </TextEquiv>
        </Word>
        <Word id="w112">
          <Coords points="685,1501 696,1501 696,1557 685,1557"/>
          <TextEquiv>
            <Unicode>ا</Unicode>
          </TextEquiv>
        </Word>
        <Word id="w113">
          <Coords points="603,1605 727,1605 727,1696 603,1696"/>
          <TextEquiv>
            <Unicode>حكيما</Unicode>
          </TextEquiv>
        </Word>
        <Word id="w114">
          <Coords points="590,1512 677,1512 677,1598 590,1598"/>
          <TextEquiv>
            <Unicode>ضيتم</Unicode>
          </TextEquiv>
        </Word>
        <Word id="w115">
          <Coords points="556,1521 584,1521 584,1553 556,1553"/>
          <TextEquiv>
            <Unicode>به</Unicode>
          </TextEquiv>
        </Word>
        <Word id="w116">
          <Coords points="528,1647 555,1647 555,1676 528,1676"/>
          <TextEquiv>
            <Unicode>و</Unicode>
          </TextEquiv>
        </Word>
        <Word id="w117">
          <Coords points="485,1636 535,1636 535,1687 485,1687"/>
          <TextEquiv>
            <Unicode>من</Unicode>
          </TextEquiv>
        </Word>
        <Word id="w118">
          <Coords points="456,1608 489,1608 489,1676 456,1676"/>
          <TextEquiv>
            <Unicode>لم</Unicode>
          </TextEquiv>
        </Word>
        <Word id="w119">
          <Coords points="406,1495 516,1495 516,1550 406,1550"/>
          <TextEquiv>
            <Unicode>بعد</Unicode>
          </TextEquiv>
        </Word>
        <Word id="w120">
          <Coords points="395,1509 549,1509 549,1568 395,1568"/>
          <TextEquiv>
            <Unicode>من</Unicode>
          </TextEquiv>
        </Word>
        <Word id="w121">
          <Coords points="393,1483 412,1483 412,1528 393,1528"/>
          <TextEquiv>
            <Unicode>ا</Unicode>
          </TextEquiv>
        </Word>
        <Word id="w122">
          <Coords points="342,1486 389,1486 389,1549 342,1549"/>
          <TextEquiv>
            <Unicode>لفر</Unicode>
          </TextEquiv>
        </Word>
        <Word id="w123">
          <Coords points="341,1602 452,1602 452,1693 341,1693"/>
          <TextEquiv>
            <Unicode>يستطيع</Unicode>
          </TextEquiv>
        </Word>
        <Word id="w124">
          <Coords points="255,1467 347,1467 347,1556 255,1556"/>
          <TextEquiv>
            <Unicode>يضة</Unicode>
          </TextEquiv>
        </Word>
        <Word id="w125">
          <Coords points="246,1566 334,1566 334,1654 246,1654"/>
          <TextEquiv>
            <Unicode>منكم</Unicode>
          </TextEquiv>
        </Word>
        <TextEquiv>
          <Unicode> ا لا ن ا جنا ح كا ن عليكم فيما عليما تر ا حكيما ضيتم به و من لم بعد من ا لفر يستطيع يضة منكم</Unicode>
        </TextEquiv>
      </TextLine>
    </TextRegion>
  </Page>
</PcGts>
