<?xml version='1.0' encoding='utf-8'?>
<PcGts xmlns:xsi="http://www.w3.org/2001/XMLSchema-instance" xmlns="http://schema.primaresearch.org/PAGE/gts/pagecontent/2019-07-15" xsi:schemaLocation="http://schema.primaresearch.org/PAGE/gts/pagecontent/2019-07-15 http://schema.primaresearch.org/PAGE/gts/pagecontent/2019-07-15/pagecontent.xsd" pcGtsId="pc-aletheiaexamplepage">
  <Metadata>
    <Creator>PRImA Research Lab</Creator>
    <Created>2015-07-17T15:27:13</Created>
    <LastChange>2017-07-14T10:03:33</LastChange>
    <Comments>Example Page</Comments>
  </Metadata>
  <Page imageFilename="3157556/0063-1.png" imageWidth="1256" imageHeight="2067">
    <TextRegion id="r0" type="paragraph">
      <Coords points="1,1 1254,1 1254,2065 1,2065"/>
      <TextLine id="l0">
        <Coords points="260,372 1017,372 1017,509 260,509"/>
        <Word id="w0">
          <Coords points="1014,412 1016,412 1016,448 1014,448"/>
          <TextEquiv>
            <Unicode>ا</Unicode>
          </TextEquiv>
        </Word>
        <Word id="w1">
          <Coords points="947,417 1000,417 1000,465 947,465"/>
          <TextEquiv>
            <Unicode>منو</Unicode>
          </TextEquiv>
        </Word>
        <Word id="w2">
          <Coords points="940,401 950,401 950,449 940,449"/>
          <TextEquiv>
            <Unicode>ا</Unicode>
          </TextEquiv>
        </Word>
        <Word id="w3">
          <Coords points="898,405 936,405 936,451 898,451"/>
          <TextEquiv>
            <Unicode>لا</Unicode>
          </TextEquiv>
        </Word>
        <Word id="w4">
          <Coords points="881,406 894,406 894,450 881,450"/>
          <TextEquiv>
            <Unicode>تا</Unicode>
          </TextEquiv>
        </Word>
        <Word id="w5">
          <Coords points="812,389 880,389 880,463 812,463"/>
          <TextEquiv>
            <Unicode>كلو</Unicode>
          </TextEquiv>
        </Word>
        <Word id="w6">
          <Coords points="806,402 811,402 811,448 806,448"/>
          <TextEquiv>
            <Unicode>ا</Unicode>
          </TextEquiv>
        </Word>
        <Word id="w7">
          <Coords points="790,407 795,407 795,450 790,450"/>
          <TextEquiv>
            <Unicode>ا</Unicode>
          </TextEquiv>
        </Word>
        <Word id="w8">
          <Coords points="733,428 778,428 778,459 733,459"/>
          <TextEquiv>
            <Unicode>مو</Unicode>
          </TextEquiv>
        </Word>
        <Word id="w9">
          <Coords points="732,402 736,402 736,442 732,442"/>
          <TextEquiv>
            <Unicode>ا</Unicode>
          </TextEquiv>
        </Word>
        <Word id="w10">
          <Coords points="680,372 720,372 720,488 680,488"/>
          <TextEquiv>
            <Unicode>لكم</Unicode>
          </TextEquiv>
        </Word>
        <Word id="w11">
          <Coords points="582,375 667,375 667,508 582,508"/>
          <TextEquiv>
            <Unicode>بينكم</Unicode>
          </TextEquiv>
        </Word>
        <Word id="w12">
          <Coords points="563,402 586,402 586,466 563,466"/>
          <TextEquiv>
            <Unicode>با</Unicode>
          </TextEquiv>
        </Word>
        <Word id="w13">
          <Coords points="510,401 551,401 551,467 510,467"/>
          <TextEquiv>
            <Unicode>لبا</Unicode>
          </TextEquiv>
        </Word>
        <Word id="w14">
          <Coords points="443,403 504,403 504,480 443,480"/>
          <TextEquiv>
            <Unicode>طل</Unicode>
          </TextEquiv>
        </Word>
        <Word id="w15">
          <Coords points="436,400 447,400 447,455 436,455"/>
          <TextEquiv>
            <Unicode>ا</Unicode>
          </TextEquiv>
        </Word>
        <Word id="w16">
          <Coords points="383,403 436,403 436,457 383,457"/>
          <TextEquiv>
            <Unicode>لا</Unicode>
          </TextEquiv>
        </Word>
        <Word id="w17">
          <Coords points="375,410 380,410 380,458 375,458"/>
          <TextEquiv>
            <Unicode>ا</Unicode>
          </TextEquiv>
        </Word>
        <Word id="w18">
          <Coords points="335,430 362,430 362,466 335,466"/>
          <TextEquiv>
            <Unicode>ن</Unicode>
          </TextEquiv>
        </Word>
        <Word id="w19">
          <Coords points="283,385 332,385 332,466 283,466"/>
          <TextEquiv>
            <Unicode>تكو</Unicode>
          </TextEquiv>
        </Word>
        <Word id="w20">
          <Coords points="260,404 289,404 289,442 260,442"/>
          <TextEquiv>
            <Unicode>ن</Unicode>
          </TextEquiv>
        </Word>
        <TextEquiv>
          <Unicode> ا منو ا لا تا كلو ا ا مو ا لكم بينكم با لبا طل ا لا ا ن تكو ن</Unicode>
        </TextEquiv>
      </TextLine>
      <TextLine id="l1">
        <Coords points="294,499 1017,499 1017,607 294,607"/>
        <Word id="w21">
          <Coords points="975,514 1016,514 1016,599 975,599"/>
          <TextEquiv>
            <Unicode>تجا</Unicode>
          </TextEquiv>
        </Word>
        <Word id="w22">
          <Coords points="942,518 956,518 956,562 942,562"/>
          <TextEquiv>
            <Unicode>ة</Unicode>
          </TextEquiv>
        </Word>
        <Word id="w23">
          <Coords points="935,558 968,558 968,596 935,596"/>
          <TextEquiv>
            <Unicode>ر</Unicode>
          </TextEquiv>
        </Word>
        <Word id="w24">
          <Coords points="869,538 917,538 917,591 869,591"/>
          <TextEquiv>
            <Unicode>عن</Unicode>
          </TextEquiv>
        </Word>
        <Word id="w25">
          <Coords points="828,518 836,518 836,559 828,559"/>
          <TextEquiv>
            <Unicode>ا</Unicode>
          </TextEquiv>
        </Word>
        <Word id="w26">
          <Coords points="826,529 872,529 872,590 826,590"/>
          <TextEquiv>
            <Unicode>تر</Unicode>
          </TextEquiv>
        </Word>
        <Word id="w27">
          <Coords points="773,549 823,549 823,586 773,586"/>
          <TextEquiv>
            <Unicode>ص</Unicode>
          </TextEquiv>
        </Word>
        <Word id="w28">
          <Coords points="712,499 778,499 778,595 712,595"/>
          <TextEquiv>
            <Unicode>منكم</Unicode>
          </TextEquiv>
        </Word>
        <Word id="w29">
          <Coords points="670,546 697,546 697,576 670,576"/>
          <TextEquiv>
            <Unicode>و</Unicode>
          </TextEquiv>
        </Word>
        <Word id="w30">
          <Coords points="637,522 683,522 683,566 637,566"/>
          <TextEquiv>
            <Unicode>لا</Unicode>
          </TextEquiv>
        </Word>
        <Word id="w31">
          <Coords points="523,523 638,523 638,586 523,586"/>
          <TextEquiv>
            <Unicode>تقتلو</Unicode>
          </TextEquiv>
        </Word>
        <Word id="w32">
          <Coords points="522,526 529,526 529,568 522,568"/>
          <TextEquiv>
            <Unicode>ا</Unicode>
          </TextEquiv>
        </Word>
        <Word id="w33">
          <Coords points="502,528 509,528 509,572 502,572"/>
          <TextEquiv>
            <Unicode>ا</Unicode>
          </TextEquiv>
        </Word>
        <Word id="w34">
          <Coords points="405,504 493,504 493,606 405,606"/>
          <TextEquiv>
            <Unicode>نفسكم</Unicode>
          </TextEquiv>
        </Word>
        <Word id="w35">
          <Coords points="386,527 392,527 392,576 386,576"/>
          <TextEquiv>
            <Unicode>ا</Unicode>
          </TextEquiv>
        </Word>
        <Word id="w36">
          <Coords points="342,550 371,550 371,584 342,584"/>
          <TextEquiv>
            <Unicode>ن</Unicode>
          </TextEquiv>
        </Word>
        <Word id="w37">
          <Coords points="336,515 342,515 342,554 336,554"/>
          <TextEquiv>
            <Unicode>ا</Unicode>
          </TextEquiv>
        </Word>
        <Word id="w38">
          <Coords points="294,543 323,543 323,564 294,564"/>
          <TextEquiv>
            <Unicode>لله</Unicode>
          </TextEquiv>
        </Word>
        <TextEquiv>
          <Unicode> تجا ة ر عن ا تر ص منكم و لا تقتلو ا ا نفسكم ا ن ا لله</Unicode>
        </TextEquiv>
      </TextLine>
      <TextLine id="l2">
        <Coords points="269,583 321,583 321,628 269,628"/>
        <Word id="w39">
          <Coords points="269,583 320,583 320,627 269,627"/>
          <TextEquiv>
            <Unicode>ف</Unicode>
          </TextEquiv>
        </Word>
        <TextEquiv>
          <Unicode> ف</Unicode>
        </TextEquiv>
      </TextLine>
      <TextLine id="l3">
        <Coords points="256,620 1032,620 1032,736 256,736"/>
        <Word id="w40">
          <Coords points="993,637 1031,637 1031,700 993,700"/>
          <TextEquiv>
            <Unicode>كا</Unicode>
          </TextEquiv>
        </Word>
        <Word id="w41">
          <Coords points="953,666 979,666 979,707 953,707"/>
          <TextEquiv>
            <Unicode>ن</Unicode>
          </TextEquiv>
        </Word>
        <Word id="w42">
          <Coords points="915,620 956,620 956,735 915,735"/>
          <TextEquiv>
            <Unicode>بكم</Unicode>
          </TextEquiv>
        </Word>
        <Word id="w43">
          <Coords points="880,673 906,673 906,698 880,698"/>
          <TextEquiv>
            <Unicode>ر</Unicode>
          </TextEquiv>
        </Word>
        <Word id="w44">
          <Coords points="811,650 889,650 889,718 811,718"/>
          <TextEquiv>
            <Unicode>حيما</Unicode>
          </TextEquiv>
        </Word>
        <Word id="w45">
          <Coords points="753,676 778,676 778,704 753,704"/>
          <TextEquiv>
            <Unicode>و</Unicode>
          </TextEquiv>
        </Word>
        <Word id="w46">
          <Coords points="701,662 759,662 759,708 701,708"/>
          <TextEquiv>
            <Unicode>من</Unicode>
          </TextEquiv>
        </Word>
        <Word id="w47">
          <Coords points="618,641 719,641 719,719 618,719"/>
          <TextEquiv>
            <Unicode>يفعل</Unicode>
          </TextEquiv>
        </Word>
        <Word id="w48">
          <Coords points="600,639 626,639 626,682 600,682"/>
          <TextEquiv>
            <Unicode>ذ</Unicode>
          </TextEquiv>
        </Word>
        <Word id="w49">
          <Coords points="537,648 590,648 590,697 537,697"/>
          <TextEquiv>
            <Unicode>لك</Unicode>
          </TextEquiv>
        </Word>
        <Word id="w50">
          <Coords points="491,633 544,633 544,699 491,699"/>
          <TextEquiv>
            <Unicode>عذ</Unicode>
          </TextEquiv>
        </Word>
        <Word id="w51">
          <Coords points="461,658 486,658 486,695 461,695"/>
          <TextEquiv>
            <Unicode>و</Unicode>
          </TextEquiv>
        </Word>
        <Word id="w52">
          <Coords points="452,639 459,639 459,684 452,684"/>
          <TextEquiv>
            <Unicode>ا</Unicode>
          </TextEquiv>
        </Word>
        <Word id="w53">
          <Coords points="426,642 440,642 440,689 426,689"/>
          <TextEquiv>
            <Unicode>نا</Unicode>
          </TextEquiv>
        </Word>
        <Word id="w54">
          <Coords points="378,670 406,670 406,698 378,698"/>
          <TextEquiv>
            <Unicode>و</Unicode>
          </TextEquiv>
        </Word>
        <Word id="w55">
          <Coords points="315,640 386,640 386,698 315,698"/>
          <TextEquiv>
            <Unicode>ظلما</Unicode>
          </TextEquiv>
        </Word>
        <Word id="w56">
          <Coords points="256,644 313,644 313,699 256,699"/>
          <TextEquiv>
            <Unicode>فسو</Unicode>
          </TextEquiv>
        </Word>
        <TextEquiv>
          <Unicode> كا ن بكم ر حيما و من يفعل ذ لك عذ و ا نا و ظلما فسو</Unicode>
        </TextEquiv>
      </TextLine>
      <TextLine id="l4">
        <Coords points="266,728 1029,728 1029,841 266,841"/>
        <Word id="w57">
          <Coords points="912,760 1028,760 1028,840 912,840"/>
          <TextEquiv>
            <Unicode>نصليه</Unicode>
          </TextEquiv>
        </Word>
        <Word id="w58">
          <Coords points="888,765 906,765 906,813 888,813"/>
          <TextEquiv>
            <Unicode>نا</Unicode>
          </TextEquiv>
        </Word>
        <Word id="w59">
          <Coords points="854,798 879,798 879,821 854,821"/>
          <TextEquiv>
            <Unicode>ر</Unicode>
          </TextEquiv>
        </Word>
        <Word id="w60">
          <Coords points="849,763 855,763 855,806 849,806"/>
          <TextEquiv>
            <Unicode>ا</Unicode>
          </TextEquiv>
        </Word>
        <Word id="w61">
          <Coords points="806,795 831,795 831,822 806,822"/>
          <TextEquiv>
            <Unicode>و</Unicode>
          </TextEquiv>
        </Word>
        <Word id="w62">
          <Coords points="783,742 828,742 828,813 783,813"/>
          <TextEquiv>
            <Unicode>كا</Unicode>
          </TextEquiv>
        </Word>
        <Word id="w63">
          <Coords points="740,775 768,775 768,812 740,812"/>
          <TextEquiv>
            <Unicode>ن</Unicode>
          </TextEquiv>
        </Word>
        <Word id="w64">
          <Coords points="702,769 734,769 734,810 702,810"/>
          <TextEquiv>
            <Unicode>ذ</Unicode>
          </TextEquiv>
        </Word>
        <Word id="w65">
          <Coords points="645,761 700,761 700,812 645,812"/>
          <TextEquiv>
            <Unicode>لك</Unicode>
          </TextEquiv>
        </Word>
        <Word id="w66">
          <Coords points="586,750 646,750 646,829 586,829"/>
          <TextEquiv>
            <Unicode>على</Unicode>
          </TextEquiv>
        </Word>
        <Word id="w67">
          <Coords points="580,752 593,752 593,801 580,801"/>
          <TextEquiv>
            <Unicode>ا</Unicode>
          </TextEquiv>
        </Word>
        <Word id="w68">
          <Coords points="540,788 571,788 571,812 540,812"/>
          <TextEquiv>
            <Unicode>لله</Unicode>
          </TextEquiv>
        </Word>
        <Word id="w69">
          <Coords points="439,749 451,749 451,790 439,790"/>
          <TextEquiv>
            <Unicode>ا</Unicode>
          </TextEquiv>
        </Word>
        <Word id="w70">
          <Coords points="435,776 540,776 540,834 435,834"/>
          <TextEquiv>
            <Unicode>يسير</Unicode>
          </TextEquiv>
        </Word>
        <Word id="w71">
          <Coords points="393,756 399,756 399,801 393,801"/>
          <TextEquiv>
            <Unicode>ا</Unicode>
          </TextEquiv>
        </Word>
        <Word id="w72">
          <Coords points="350,781 382,781 382,815 350,815"/>
          <TextEquiv>
            <Unicode>ن</Unicode>
          </TextEquiv>
        </Word>
        <Word id="w73">
          <Coords points="270,728 285,728 285,777 270,777"/>
          <TextEquiv>
            <Unicode>ا</Unicode>
          </TextEquiv>
        </Word>
        <Word id="w74">
          <Coords points="266,739 367,739 367,814 266,814"/>
          <TextEquiv>
            <Unicode>تجتنبو</Unicode>
          </TextEquiv>
        </Word>
        <TextEquiv>
          <Unicode> نصليه نا ر ا و كا ن ذ لك على ا لله ا يسير ا ن ا تجتنبو</Unicode>
        </TextEquiv>
      </TextLine>
      <TextLine id="l5">
        <Coords points="286,1210 1015,1210 1015,1331 286,1331"/>
        <Word id="w75">
          <Coords points="959,1243 1014,1243 1014,1311 959,1311"/>
          <TextEquiv>
            <Unicode>سيا</Unicode>
          </TextEquiv>
        </Word>
        <Word id="w76">
          <Coords points="899,1212 962,1212 962,1330 899,1330"/>
          <TextEquiv>
            <Unicode>تكم</Unicode>
          </TextEquiv>
        </Word>
        <Word id="w77">
          <Coords points="866,1267 892,1267 892,1294 866,1294"/>
          <TextEquiv>
            <Unicode>و</Unicode>
          </TextEquiv>
        </Word>
        <Word id="w78">
          <Coords points="825,1260 856,1260 856,1288 825,1288"/>
          <TextEquiv>
            <Unicode>ند</Unicode>
          </TextEquiv>
        </Word>
        <Word id="w79">
          <Coords points="725,1210 826,1210 826,1303 725,1303"/>
          <TextEquiv>
            <Unicode>خلكم</Unicode>
          </TextEquiv>
        </Word>
        <Word id="w80">
          <Coords points="669,1245 728,1245 728,1285 669,1285"/>
          <TextEquiv>
            <Unicode>مد</Unicode>
          </TextEquiv>
        </Word>
        <Word id="w81">
          <Coords points="599,1238 673,1238 673,1283 599,1283"/>
          <TextEquiv>
            <Unicode>خلا</Unicode>
          </TextEquiv>
        </Word>
        <Word id="w82">
          <Coords points="559,1213 604,1213 604,1296 559,1296"/>
          <TextEquiv>
            <Unicode>كر</Unicode>
          </TextEquiv>
        </Word>
        <Word id="w83">
          <Coords points="521,1235 552,1235 552,1299 521,1299"/>
          <TextEquiv>
            <Unicode>يما</Unicode>
          </TextEquiv>
        </Word>
        <Word id="w84">
          <Coords points="454,1261 481,1261 481,1289 454,1289"/>
          <TextEquiv>
            <Unicode>و</Unicode>
          </TextEquiv>
        </Word>
        <Word id="w85">
          <Coords points="426,1221 477,1221 477,1270 426,1270"/>
          <TextEquiv>
            <Unicode>لا</Unicode>
          </TextEquiv>
        </Word>
        <Word id="w86">
          <Coords points="350,1231 426,1231 426,1295 350,1295"/>
          <TextEquiv>
            <Unicode>تتمنو</Unicode>
          </TextEquiv>
        </Word>
        <Word id="w87">
          <Coords points="345,1221 358,1221 358,1280 345,1280"/>
          <TextEquiv>
            <Unicode>ا</Unicode>
          </TextEquiv>
        </Word>
        <Word id="w88">
          <Coords points="286,1226 333,1226 333,1279 286,1279"/>
          <TextEquiv>
            <Unicode>ما</Unicode>
          </TextEquiv>
        </Word>
        <TextEquiv>
          <Unicode> سيا تكم و ند خلكم مد خلا كر يما و لا تتمنو ا ما</Unicode>
        </TextEquiv>
      </TextLine>
      <TextLine id="l6">
        <Coords points="280,1340 1016,1340 1016,1448 280,1448"/>
        <Word id="w89">
          <Coords points="924,1360 1015,1360 1015,1433 924,1433"/>
          <TextEquiv>
            <Unicode>فضل</Unicode>
          </TextEquiv>
        </Word>
        <Word id="w90">
          <Coords points="917,1361 928,1361 928,1408 917,1408"/>
          <TextEquiv>
            <Unicode>ا</Unicode>
          </TextEquiv>
        </Word>
        <Word id="w91">
          <Coords points="880,1392 908,1392 908,1413 880,1413"/>
          <TextEquiv>
            <Unicode>لله</Unicode>
          </TextEquiv>
        </Word>
        <Word id="w92">
          <Coords points="835,1395 870,1395 870,1416 835,1416"/>
          <TextEquiv>
            <Unicode>به</Unicode>
          </TextEquiv>
        </Word>
        <Word id="w93">
          <Coords points="735,1344 835,1344 835,1447 735,1447"/>
          <TextEquiv>
            <Unicode>بعضكم</Unicode>
          </TextEquiv>
        </Word>
        <Word id="w94">
          <Coords points="670,1350 721,1350 721,1431 670,1431"/>
          <TextEquiv>
            <Unicode>على</Unicode>
          </TextEquiv>
        </Word>
        <Word id="w95">
          <Coords points="589,1375 677,1375 677,1426 589,1426"/>
          <TextEquiv>
            <Unicode>بعص</Unicode>
          </TextEquiv>
        </Word>
        <Word id="w96">
          <Coords points="547,1361 598,1361 598,1428 547,1428"/>
          <TextEquiv>
            <Unicode>للر</Unicode>
          </TextEquiv>
        </Word>
        <Word id="w97">
          <Coords points="521,1358 560,1358 560,1416 521,1416"/>
          <TextEquiv>
            <Unicode>جا</Unicode>
          </TextEquiv>
        </Word>
        <Word id="w98">
          <Coords points="480,1352 515,1352 515,1423 480,1423"/>
          <TextEquiv>
            <Unicode>ل</Unicode>
          </TextEquiv>
        </Word>
        <Word id="w99">
          <Coords points="372,1350 486,1350 486,1421 372,1421"/>
          <TextEquiv>
            <Unicode>نصيب</Unicode>
          </TextEquiv>
        </Word>
        <Word id="w100">
          <Coords points="280,1340 368,1340 368,1398 280,1398"/>
          <TextEquiv>
            <Unicode>مما</Unicode>
          </TextEquiv>
        </Word>
        <TextEquiv>
          <Unicode> فضل ا لله به بعضكم على بعص للر جا ل نصيب مما</Unicode>
        </TextEquiv>
      </TextLine>
      <TextLine id="l7">
        <Coords points="265,1455 1014,1455 1014,1562 265,1562"/>
        <Word id="w101">
          <Coords points="1009,1494 1013,1494 1013,1535 1009,1535"/>
          <TextEquiv>
            <Unicode>ا</Unicode>
          </TextEquiv>
        </Word>
        <Word id="w102">
          <Coords points="887,1455 1005,1455 1005,1555 887,1555"/>
          <TextEquiv>
            <Unicode>كتسبو</Unicode>
          </TextEquiv>
        </Word>
        <Word id="w103">
          <Coords points="879,1488 897,1488 897,1539 879,1539"/>
          <TextEquiv>
            <Unicode>ا</Unicode>
          </TextEquiv>
        </Word>
        <Word id="w104">
          <Coords points="841,1519 869,1519 869,1549 841,1549"/>
          <TextEquiv>
            <Unicode>و</Unicode>
          </TextEquiv>
        </Word>
        <Word id="w105">
          <Coords points="770,1486 847,1486 847,1536 770,1536"/>
          <TextEquiv>
            <Unicode>للنسا</Unicode>
          </TextEquiv>
        </Word>
        <Word id="w106">
          <Coords points="745,1510 762,1510 762,1535 745,1535"/>
          <TextEquiv>
            <Unicode>ء</Unicode>
          </TextEquiv>
        </Word>
        <Word id="w107">
          <Coords points="616,1490 739,1490 739,1548 616,1548"/>
          <TextEquiv>
            <Unicode>نصيب</Unicode>
          </TextEquiv>
        </Word>
        <Word id="w108">
          <Coords points="563,1471 620,1471 620,1538 563,1538"/>
          <TextEquiv>
            <Unicode>مما</Unicode>
          </TextEquiv>
        </Word>
        <Word id="w109">
          <Coords points="549,1484 554,1484 554,1530 549,1530"/>
          <TextEquiv>
            <Unicode>ا</Unicode>
          </TextEquiv>
        </Word>
        <Word id="w110">
          <Coords points="404,1503 434,1503 434,1537 404,1537"/>
          <TextEquiv>
            <Unicode>و</Unicode>
          </TextEquiv>
        </Word>
        <Word id="w111">
          <Coords points="398,1472 414,1472 414,1518 398,1518"/>
          <TextEquiv>
            <Unicode>ا</Unicode>
          </TextEquiv>
        </Word>
        <Word id="w112">
          <Coords points="334,1459 547,1459 547,1561 334,1561"/>
          <TextEquiv>
            <Unicode>كتسبن</Unicode>
          </TextEquiv>
        </Word>
        <Word id="w113">
          <Coords points="310,1465 322,1465 322,1518 310,1518"/>
          <TextEquiv>
            <Unicode>ا</Unicode>
          </TextEquiv>
        </Word>
        <Word id="w114">
          <Coords points="310,1475 397,1475 397,1538 310,1538"/>
          <TextEquiv>
            <Unicode>سئلو</Unicode>
          </TextEquiv>
        </Word>
        <Word id="w115">
          <Coords points="299,1474 306,1474 306,1521 299,1521"/>
          <TextEquiv>
            <Unicode>ا</Unicode>
          </TextEquiv>
        </Word>
        <Word id="w116">
          <Coords points="265,1486 296,1486 296,1526 265,1526"/>
          <TextEquiv>
            <Unicode>لله</Unicode>
          </TextEquiv>
        </Word>
        <TextEquiv>
          <Unicode> ا كتسبو ا و للنسا ء نصيب مما ا و ا كتسبن ا سئلو ا لله</Unicode>
        </TextEquiv>
      </TextLine>
      <TextLine id="l8">
        <Coords points="252,1578 1013,1578 1013,1673 252,1673"/>
        <Word id="w117">
          <Coords points="954,1615 1012,1615 1012,1672 954,1672"/>
          <TextEquiv>
            <Unicode>من</Unicode>
          </TextEquiv>
        </Word>
        <Word id="w118">
          <Coords points="889,1593 967,1593 967,1646 889,1646"/>
          <TextEquiv>
            <Unicode>فضله</Unicode>
          </TextEquiv>
        </Word>
        <Word id="w119">
          <Coords points="871,1598 875,1598 875,1639 871,1639"/>
          <TextEquiv>
            <Unicode>ا</Unicode>
          </TextEquiv>
        </Word>
        <Word id="w120">
          <Coords points="819,1624 848,1624 848,1653 819,1653"/>
          <TextEquiv>
            <Unicode>ن</Unicode>
          </TextEquiv>
        </Word>
        <Word id="w121">
          <Coords points="804,1593 812,1593 812,1637 804,1637"/>
          <TextEquiv>
            <Unicode>ا</Unicode>
          </TextEquiv>
        </Word>
        <Word id="w122">
          <Coords points="764,1625 797,1625 797,1649 764,1649"/>
          <TextEquiv>
            <Unicode>لله</Unicode>
          </TextEquiv>
        </Word>
        <Word id="w123">
          <Coords points="726,1584 767,1584 767,1653 726,1653"/>
          <TextEquiv>
            <Unicode>كا</Unicode>
          </TextEquiv>
        </Word>
        <Word id="w124">
          <Coords points="681,1622 708,1622 708,1659 681,1659"/>
          <TextEquiv>
            <Unicode>ن</Unicode>
          </TextEquiv>
        </Word>
        <Word id="w125">
          <Coords points="603,1578 678,1578 678,1667 603,1667"/>
          <TextEquiv>
            <Unicode>بكل</Unicode>
          </TextEquiv>
        </Word>
        <Word id="w126">
          <Coords points="545,1620 604,1620 604,1668 545,1668"/>
          <TextEquiv>
            <Unicode>سى</Unicode>
          </TextEquiv>
        </Word>
        <Word id="w127">
          <Coords points="443,1593 557,1593 557,1665 443,1665"/>
          <TextEquiv>
            <Unicode>عليما</Unicode>
          </TextEquiv>
        </Word>
        <Word id="w128">
          <Coords points="317,1580 383,1580 383,1670 317,1670"/>
          <TextEquiv>
            <Unicode>لكل</Unicode>
          </TextEquiv>
        </Word>
        <Word id="w129">
          <Coords points="252,1593 333,1593 333,1654 252,1654"/>
          <TextEquiv>
            <Unicode>جعنا</Unicode>
          </TextEquiv>
        </Word>
        <TextEquiv>
          <Unicode> من فضله ا ن ا لله كا ن بكل سى عليما لكل جعنا</Unicode>
        </TextEquiv>
      </TextLine>
    </TextRegion>
  </Page>
</PcGts>
