<?xml version='1.0' encoding='utf-8'?>
<PcGts xmlns:xsi="http://www.w3.org/2001/XMLSchema-instance" xmlns="http://schema.primaresearch.org/PAGE/gts/pagecontent/2019-07-15" xsi:schemaLocation="http://schema.primaresearch.org/PAGE/gts/pagecontent/2019-07-15 http://schema.primaresearch.org/PAGE/gts/pagecontent/2019-07-15/pagecontent.xsd" pcGtsId="pc-aletheiaexamplepage">
  <Metadata>
    <Creator>PRImA Research Lab</Creator>
    <Created>2015-07-17T15:27:13</Created>
    <LastChange>2017-07-14T10:03:33</LastChange>
    <Comments>Example Page</Comments>
  </Metadata>
  <Page imageFilename="3157556/0074-2.png" imageWidth="1300" imageHeight="2041">
    <TextRegion id="r0" type="paragraph">
      <Coords points="1,1 1298,1 1298,2039 1,2039"/>
      <TextLine id="l0">
        <Coords points="264,383 1012,383 1012,473 264,473"/>
        <Word id="w0">
          <Coords points="996,389 1011,389 1011,441 996,441"/>
          <TextEquiv>
            <Unicode>ا</Unicode>
          </TextEquiv>
        </Word>
        <Word id="w1">
          <Coords points="939,392 1000,392 1000,451 939,451"/>
          <TextEquiv>
            <Unicode>بتغا</Unicode>
          </TextEquiv>
        </Word>
        <Word id="w2">
          <Coords points="917,424 930,424 930,440 917,440"/>
          <TextEquiv>
            <Unicode>ء</Unicode>
          </TextEquiv>
        </Word>
        <Word id="w3">
          <Coords points="856,422 900,422 900,458 856,458"/>
          <TextEquiv>
            <Unicode>مر</Unicode>
          </TextEquiv>
        </Word>
        <Word id="w4">
          <Coords points="815,392 864,392 864,451 815,451"/>
          <TextEquiv>
            <Unicode>ضا</Unicode>
          </TextEquiv>
        </Word>
        <Word id="w5">
          <Coords points="762,404 807,404 807,448 762,448"/>
          <TextEquiv>
            <Unicode>ت</Unicode>
          </TextEquiv>
        </Word>
        <Word id="w6">
          <Coords points="759,383 772,383 772,428 759,428"/>
          <TextEquiv>
            <Unicode>ا</Unicode>
          </TextEquiv>
        </Word>
        <Word id="w7">
          <Coords points="731,419 756,419 756,440 731,440"/>
          <TextEquiv>
            <Unicode>لله</Unicode>
          </TextEquiv>
        </Word>
        <Word id="w8">
          <Coords points="664,407 723,407 723,464 664,464"/>
          <TextEquiv>
            <Unicode>فسو</Unicode>
          </TextEquiv>
        </Word>
        <Word id="w9">
          <Coords points="615,417 665,417 665,452 615,452"/>
          <TextEquiv>
            <Unicode>ف</Unicode>
          </TextEquiv>
        </Word>
        <Word id="w10">
          <Coords points="574,410 608,410 608,457 574,457"/>
          <TextEquiv>
            <Unicode>نؤ</Unicode>
          </TextEquiv>
        </Word>
        <Word id="w11">
          <Coords points="517,405 577,405 577,471 517,471"/>
          <TextEquiv>
            <Unicode>تيه</Unicode>
          </TextEquiv>
        </Word>
        <Word id="w12">
          <Coords points="500,400 509,400 509,438 500,438"/>
          <TextEquiv>
            <Unicode>ا</Unicode>
          </TextEquiv>
        </Word>
        <Word id="w13">
          <Coords points="452,432 505,432 505,469 452,469"/>
          <TextEquiv>
            <Unicode>جر</Unicode>
          </TextEquiv>
        </Word>
        <Word id="w14">
          <Coords points="443,407 451,407 451,453 443,453"/>
          <TextEquiv>
            <Unicode>ا</Unicode>
          </TextEquiv>
        </Word>
        <Word id="w15">
          <Coords points="336,406 428,406 428,472 336,472"/>
          <TextEquiv>
            <Unicode>عظيما</Unicode>
          </TextEquiv>
        </Word>
        <Word id="w16">
          <Coords points="264,425 286,425 286,453 264,453"/>
          <TextEquiv>
            <Unicode>و</Unicode>
          </TextEquiv>
        </Word>
        <TextEquiv>
          <Unicode> ا بتغا ء مر ضا ت ا لله فسو ف نؤ تيه ا جر ا عظيما و</Unicode>
        </TextEquiv>
      </TextLine>
      <TextLine id="l1">
        <Coords points="261,500 1006,500 1006,598 261,598"/>
        <Word id="w17">
          <Coords points="959,528 1005,528 1005,577 959,577"/>
          <TextEquiv>
            <Unicode>من</Unicode>
          </TextEquiv>
        </Word>
        <Word id="w18">
          <Coords points="900,501 956,501 956,569 900,569"/>
          <TextEquiv>
            <Unicode>يشا</Unicode>
          </TextEquiv>
        </Word>
        <Word id="w19">
          <Coords points="850,512 863,512 863,564 850,564"/>
          <TextEquiv>
            <Unicode>ا</Unicode>
          </TextEquiv>
        </Word>
        <Word id="w20">
          <Coords points="821,516 844,516 844,568 821,568"/>
          <TextEquiv>
            <Unicode>لر</Unicode>
          </TextEquiv>
        </Word>
        <Word id="w21">
          <Coords points="795,500 892,500 892,589 795,589"/>
          <TextEquiv>
            <Unicode>قق</Unicode>
          </TextEquiv>
        </Word>
        <Word id="w22">
          <Coords points="779,531 827,531 827,573 779,573"/>
          <TextEquiv>
            <Unicode>سو</Unicode>
          </TextEquiv>
        </Word>
        <Word id="w23">
          <Coords points="752,507 777,507 777,564 752,564"/>
          <TextEquiv>
            <Unicode>ل</Unicode>
          </TextEquiv>
        </Word>
        <Word id="w24">
          <Coords points="631,525 717,525 717,572 631,572"/>
          <TextEquiv>
            <Unicode>بعد</Unicode>
          </TextEquiv>
        </Word>
        <Word id="w25">
          <Coords points="613,532 757,532 757,588 613,588"/>
          <TextEquiv>
            <Unicode>من</Unicode>
          </TextEquiv>
        </Word>
        <Word id="w26">
          <Coords points="581,519 616,519 616,568 581,568"/>
          <TextEquiv>
            <Unicode>ما</Unicode>
          </TextEquiv>
        </Word>
        <Word id="w27">
          <Coords points="475,512 504,512 504,571 475,571"/>
          <TextEquiv>
            <Unicode>له</Unicode>
          </TextEquiv>
        </Word>
        <Word id="w28">
          <Coords points="462,518 466,518 466,564 462,564"/>
          <TextEquiv>
            <Unicode>ا</Unicode>
          </TextEquiv>
        </Word>
        <Word id="w29">
          <Coords points="410,523 573,523 573,597 410,597"/>
          <TextEquiv>
            <Unicode>تبين</Unicode>
          </TextEquiv>
        </Word>
        <Word id="w30">
          <Coords points="381,516 453,516 453,566 381,566"/>
          <TextEquiv>
            <Unicode>لهد</Unicode>
          </TextEquiv>
        </Word>
        <Word id="w31">
          <Coords points="336,540 375,540 375,583 336,583"/>
          <TextEquiv>
            <Unicode>ى</Unicode>
          </TextEquiv>
        </Word>
        <Word id="w32">
          <Coords points="331,528 354,528 354,559 331,559"/>
          <TextEquiv>
            <Unicode>و</Unicode>
          </TextEquiv>
        </Word>
        <Word id="w33">
          <Coords points="261,509 328,509 328,596 261,596"/>
          <TextEquiv>
            <Unicode>يتبع</Unicode>
          </TextEquiv>
        </Word>
        <TextEquiv>
          <Unicode> من يشا ا لر قق سو ل بعد من ما له ا تبين لهد ى و يتبع</Unicode>
        </TextEquiv>
      </TextLine>
      <TextLine id="l2">
        <Coords points="251,627 1011,627 1011,733 251,733"/>
        <Word id="w34">
          <Coords points="947,636 1010,636 1010,703 947,703"/>
          <TextEquiv>
            <Unicode>غير</Unicode>
          </TextEquiv>
        </Word>
        <Word id="w35">
          <Coords points="866,639 966,639 966,699 866,699"/>
          <TextEquiv>
            <Unicode>سبيل</Unicode>
          </TextEquiv>
        </Word>
        <Word id="w36">
          <Coords points="862,638 877,638 877,675 862,675"/>
          <TextEquiv>
            <Unicode>ا</Unicode>
          </TextEquiv>
        </Word>
        <Word id="w37">
          <Coords points="824,642 860,642 860,700 824,700"/>
          <TextEquiv>
            <Unicode>لمؤ</Unicode>
          </TextEquiv>
        </Word>
        <Word id="w38">
          <Coords points="748,642 823,642 823,697 748,697"/>
          <TextEquiv>
            <Unicode>منين</Unicode>
          </TextEquiv>
        </Word>
        <Word id="w39">
          <Coords points="712,658 741,658 741,701 712,701"/>
          <TextEquiv>
            <Unicode>نو</Unicode>
          </TextEquiv>
        </Word>
        <Word id="w40">
          <Coords points="682,638 706,638 706,687 682,687"/>
          <TextEquiv>
            <Unicode>له</Unicode>
          </TextEquiv>
        </Word>
        <Word id="w41">
          <Coords points="636,636 666,636 666,685 636,685"/>
          <TextEquiv>
            <Unicode>ما</Unicode>
          </TextEquiv>
        </Word>
        <Word id="w42">
          <Coords points="596,646 627,646 627,695 596,695"/>
          <TextEquiv>
            <Unicode>تو</Unicode>
          </TextEquiv>
        </Word>
        <Word id="w43">
          <Coords points="547,631 588,631 588,702 547,702"/>
          <TextEquiv>
            <Unicode>لى</Unicode>
          </TextEquiv>
        </Word>
        <Word id="w44">
          <Coords points="530,661 556,661 556,688 530,688"/>
          <TextEquiv>
            <Unicode>و</Unicode>
          </TextEquiv>
        </Word>
        <Word id="w45">
          <Coords points="445,636 527,636 527,690 445,690"/>
          <TextEquiv>
            <Unicode>نصله</Unicode>
          </TextEquiv>
        </Word>
        <Word id="w46">
          <Coords points="347,655 444,655 444,732 347,732"/>
          <TextEquiv>
            <Unicode>جهنم</Unicode>
          </TextEquiv>
        </Word>
        <Word id="w47">
          <Coords points="322,664 346,664 346,691 322,691"/>
          <TextEquiv>
            <Unicode>و</Unicode>
          </TextEquiv>
        </Word>
        <Word id="w48">
          <Coords points="286,631 325,631 325,680 286,680"/>
          <TextEquiv>
            <Unicode>سا</Unicode>
          </TextEquiv>
        </Word>
        <Word id="w49">
          <Coords points="270,662 282,662 282,679 270,679"/>
          <TextEquiv>
            <Unicode>ء</Unicode>
          </TextEquiv>
        </Word>
        <Word id="w50">
          <Coords points="251,627 280,627 280,655 251,655"/>
          <TextEquiv>
            <Unicode>ت</Unicode>
          </TextEquiv>
        </Word>
        <TextEquiv>
          <Unicode> غير سبيل ا لمؤ منين نو له ما تو لى و نصله جهنم و سا ء ت</Unicode>
        </TextEquiv>
      </TextLine>
      <TextLine id="l3">
        <Coords points="270,744 1012,744 1012,831 270,831"/>
        <Word id="w51">
          <Coords points="907,750 916,750 916,792 907,792"/>
          <TextEquiv>
            <Unicode>ا</Unicode>
          </TextEquiv>
        </Word>
        <Word id="w52">
          <Coords points="903,773 1011,773 1011,824 903,824"/>
          <TextEquiv>
            <Unicode>مصير</Unicode>
          </TextEquiv>
        </Word>
        <Word id="w53">
          <Coords points="852,760 867,760 867,803 852,803"/>
          <TextEquiv>
            <Unicode>ا</Unicode>
          </TextEquiv>
        </Word>
        <Word id="w54">
          <Coords points="820,783 849,783 849,821 820,821"/>
          <TextEquiv>
            <Unicode>ن</Unicode>
          </TextEquiv>
        </Word>
        <Word id="w55">
          <Coords points="812,744 828,744 828,796 812,796"/>
          <TextEquiv>
            <Unicode>ا</Unicode>
          </TextEquiv>
        </Word>
        <Word id="w56">
          <Coords points="773,786 807,786 807,808 773,808"/>
          <TextEquiv>
            <Unicode>لله</Unicode>
          </TextEquiv>
        </Word>
        <Word id="w57">
          <Coords points="723,764 761,764 761,809 723,809"/>
          <TextEquiv>
            <Unicode>لا</Unicode>
          </TextEquiv>
        </Word>
        <Word id="w58">
          <Coords points="623,762 725,762 725,828 623,828"/>
          <TextEquiv>
            <Unicode>يغفر</Unicode>
          </TextEquiv>
        </Word>
        <Word id="w59">
          <Coords points="616,756 629,756 629,805 616,805"/>
          <TextEquiv>
            <Unicode>ا</Unicode>
          </TextEquiv>
        </Word>
        <Word id="w60">
          <Coords points="584,783 613,783 613,820 584,820"/>
          <TextEquiv>
            <Unicode>ن</Unicode>
          </TextEquiv>
        </Word>
        <Word id="w61">
          <Coords points="521,777 577,777 577,830 521,830"/>
          <TextEquiv>
            <Unicode>يشر</Unicode>
          </TextEquiv>
        </Word>
        <Word id="w62">
          <Coords points="503,758 532,758 532,807 503,807"/>
          <TextEquiv>
            <Unicode>ك</Unicode>
          </TextEquiv>
        </Word>
        <Word id="w63">
          <Coords points="455,785 499,785 499,823 455,823"/>
          <TextEquiv>
            <Unicode>به</Unicode>
          </TextEquiv>
        </Word>
        <Word id="w64">
          <Coords points="415,790 444,790 444,820 415,820"/>
          <TextEquiv>
            <Unicode>و</Unicode>
          </TextEquiv>
        </Word>
        <Word id="w65">
          <Coords points="306,768 420,768 420,829 306,829"/>
          <TextEquiv>
            <Unicode>يغفر</Unicode>
          </TextEquiv>
        </Word>
        <Word id="w66">
          <Coords points="270,748 307,748 307,805 270,805"/>
          <TextEquiv>
            <Unicode>ما</Unicode>
          </TextEquiv>
        </Word>
        <TextEquiv>
          <Unicode> ا مصير ا ن ا لله لا يغفر ا ن يشر ك به و يغفر ما</Unicode>
        </TextEquiv>
      </TextLine>
      <TextLine id="l4">
        <Coords points="304,1218 1035,1218 1035,1305 304,1305"/>
        <Word id="w67">
          <Coords points="1010,1223 1034,1223 1034,1280 1010,1280"/>
          <TextEquiv>
            <Unicode>با</Unicode>
          </TextEquiv>
        </Word>
        <Word id="w68">
          <Coords points="976,1247 1003,1247 1003,1268 976,1268"/>
          <TextEquiv>
            <Unicode>لله</Unicode>
          </TextEquiv>
        </Word>
        <Word id="w69">
          <Coords points="897,1218 968,1218 968,1281 897,1281"/>
          <TextEquiv>
            <Unicode>فقد</Unicode>
          </TextEquiv>
        </Word>
        <Word id="w70">
          <Coords points="817,1221 897,1221 897,1304 817,1304"/>
          <TextEquiv>
            <Unicode>ضل</Unicode>
          </TextEquiv>
        </Word>
        <Word id="w71">
          <Coords points="752,1227 835,1227 835,1282 752,1282"/>
          <TextEquiv>
            <Unicode>ضلا</Unicode>
          </TextEquiv>
        </Word>
        <Word id="w72">
          <Coords points="706,1223 753,1223 753,1280 706,1280"/>
          <TextEquiv>
            <Unicode>لا</Unicode>
          </TextEquiv>
        </Word>
        <Word id="w73">
          <Coords points="668,1256 729,1256 729,1303 668,1303"/>
          <TextEquiv>
            <Unicode>بعيد</Unicode>
          </TextEquiv>
        </Word>
        <Word id="w74">
          <Coords points="654,1229 668,1229 668,1283 654,1283"/>
          <TextEquiv>
            <Unicode>ا</Unicode>
          </TextEquiv>
        </Word>
        <Word id="w75">
          <Coords points="618,1252 649,1252 649,1297 618,1297"/>
          <TextEquiv>
            <Unicode>ن</Unicode>
          </TextEquiv>
        </Word>
        <Word id="w76">
          <Coords points="580,1244 613,1244 613,1293 580,1293"/>
          <TextEquiv>
            <Unicode>يد</Unicode>
          </TextEquiv>
        </Word>
        <Word id="w77">
          <Coords points="533,1253 581,1253 581,1297 533,1297"/>
          <TextEquiv>
            <Unicode>عو</Unicode>
          </TextEquiv>
        </Word>
        <Word id="w78">
          <Coords points="505,1242 540,1242 540,1285 505,1285"/>
          <TextEquiv>
            <Unicode>ن</Unicode>
          </TextEquiv>
        </Word>
        <Word id="w79">
          <Coords points="453,1252 511,1252 511,1300 453,1300"/>
          <TextEquiv>
            <Unicode>من</Unicode>
          </TextEquiv>
        </Word>
        <Word id="w80">
          <Coords points="442,1247 466,1247 466,1278 442,1278"/>
          <TextEquiv>
            <Unicode>د</Unicode>
          </TextEquiv>
        </Word>
        <Word id="w81">
          <Coords points="408,1261 435,1261 435,1288 408,1288"/>
          <TextEquiv>
            <Unicode>و</Unicode>
          </TextEquiv>
        </Word>
        <Word id="w82">
          <Coords points="376,1236 407,1236 407,1285 376,1285"/>
          <TextEquiv>
            <Unicode>نه</Unicode>
          </TextEquiv>
        </Word>
        <Word id="w83">
          <Coords points="363,1236 370,1236 370,1280 363,1280"/>
          <TextEquiv>
            <Unicode>ا</Unicode>
          </TextEquiv>
        </Word>
        <Word id="w84">
          <Coords points="304,1238 353,1238 353,1291 304,1291"/>
          <TextEquiv>
            <Unicode>لا</Unicode>
          </TextEquiv>
        </Word>
        <TextEquiv>
          <Unicode> با لله فقد ضل ضلا لا بعيد ا ن يد عو ن من د و نه ا لا</Unicode>
        </TextEquiv>
      </TextLine>
      <TextLine id="l5">
        <Coords points="287,1332 1033,1332 1033,1418 287,1418"/>
        <Word id="w85">
          <Coords points="1018,1336 1032,1336 1032,1388 1018,1388"/>
          <TextEquiv>
            <Unicode>ا</Unicode>
          </TextEquiv>
        </Word>
        <Word id="w86">
          <Coords points="995,1346 1010,1346 1010,1389 995,1389"/>
          <TextEquiv>
            <Unicode>نا</Unicode>
          </TextEquiv>
        </Word>
        <Word id="w87">
          <Coords points="967,1346 984,1346 984,1391 967,1391"/>
          <TextEquiv>
            <Unicode>ثا</Unicode>
          </TextEquiv>
        </Word>
        <Word id="w88">
          <Coords points="928,1377 954,1377 954,1403 928,1403"/>
          <TextEquiv>
            <Unicode>و</Unicode>
          </TextEquiv>
        </Word>
        <Word id="w89">
          <Coords points="926,1344 933,1344 933,1388 926,1388"/>
          <TextEquiv>
            <Unicode>ا</Unicode>
          </TextEquiv>
        </Word>
        <Word id="w90">
          <Coords points="889,1356 920,1356 920,1404 889,1404"/>
          <TextEquiv>
            <Unicode>ن</Unicode>
          </TextEquiv>
        </Word>
        <Word id="w91">
          <Coords points="848,1356 885,1356 885,1412 848,1412"/>
          <TextEquiv>
            <Unicode>يد</Unicode>
          </TextEquiv>
        </Word>
        <Word id="w92">
          <Coords points="800,1367 849,1367 849,1413 800,1413"/>
          <TextEquiv>
            <Unicode>عو</Unicode>
          </TextEquiv>
        </Word>
        <Word id="w93">
          <Coords points="773,1363 805,1363 805,1395 773,1395"/>
          <TextEquiv>
            <Unicode>ن</Unicode>
          </TextEquiv>
        </Word>
        <Word id="w94">
          <Coords points="754,1332 768,1332 768,1384 754,1384"/>
          <TextEquiv>
            <Unicode>ا</Unicode>
          </TextEquiv>
        </Word>
        <Word id="w95">
          <Coords points="714,1338 752,1338 752,1393 714,1393"/>
          <TextEquiv>
            <Unicode>لا</Unicode>
          </TextEquiv>
        </Word>
        <Word id="w96">
          <Coords points="617,1335 716,1335 716,1408 617,1408"/>
          <TextEquiv>
            <Unicode>شيطا</Unicode>
          </TextEquiv>
        </Word>
        <Word id="w97">
          <Coords points="588,1346 612,1346 612,1399 588,1399"/>
          <TextEquiv>
            <Unicode>نا</Unicode>
          </TextEquiv>
        </Word>
        <Word id="w98">
          <Coords points="533,1375 579,1375 579,1413 533,1413"/>
          <TextEquiv>
            <Unicode>مر</Unicode>
          </TextEquiv>
        </Word>
        <Word id="w99">
          <Coords points="502,1368 545,1368 545,1417 502,1417"/>
          <TextEquiv>
            <Unicode>يد</Unicode>
          </TextEquiv>
        </Word>
        <Word id="w100">
          <Coords points="490,1343 505,1343 505,1401 490,1401"/>
          <TextEquiv>
            <Unicode>ا</Unicode>
          </TextEquiv>
        </Word>
        <Word id="w101">
          <Coords points="366,1349 458,1349 458,1408 366,1408"/>
          <TextEquiv>
            <Unicode>لعنه</Unicode>
          </TextEquiv>
        </Word>
        <Word id="w102">
          <Coords points="350,1342 359,1342 359,1388 350,1388"/>
          <TextEquiv>
            <Unicode>ا</Unicode>
          </TextEquiv>
        </Word>
        <Word id="w103">
          <Coords points="316,1376 344,1376 344,1398 316,1398"/>
          <TextEquiv>
            <Unicode>لله</Unicode>
          </TextEquiv>
        </Word>
        <Word id="w104">
          <Coords points="287,1360 314,1360 314,1388 287,1388"/>
          <TextEquiv>
            <Unicode>و</Unicode>
          </TextEquiv>
        </Word>
        <TextEquiv>
          <Unicode> ا نا ثا و ا ن يد عو ن ا لا شيطا نا مر يد ا لعنه ا لله و</Unicode>
        </TextEquiv>
      </TextLine>
      <TextLine id="l6">
        <Coords points="282,1448 1041,1448 1041,1562 282,1562"/>
        <Word id="w105">
          <Coords points="1009,1448 1040,1448 1040,1517 1009,1517"/>
          <TextEquiv>
            <Unicode>قا</Unicode>
          </TextEquiv>
        </Word>
        <Word id="w106">
          <Coords points="974,1462 1002,1462 1002,1522 974,1522"/>
          <TextEquiv>
            <Unicode>ل</Unicode>
          </TextEquiv>
        </Word>
        <Word id="w107">
          <Coords points="943,1455 980,1455 980,1498 943,1498"/>
          <TextEquiv>
            <Unicode>لا</Unicode>
          </TextEquiv>
        </Word>
        <Word id="w108">
          <Coords points="884,1464 943,1464 943,1520 884,1520"/>
          <TextEquiv>
            <Unicode>تخذ</Unicode>
          </TextEquiv>
        </Word>
        <Word id="w109">
          <Coords points="850,1490 880,1490 880,1522 850,1522"/>
          <TextEquiv>
            <Unicode>ن</Unicode>
          </TextEquiv>
        </Word>
        <Word id="w110">
          <Coords points="802,1472 852,1472 852,1529 802,1529"/>
          <TextEquiv>
            <Unicode>من</Unicode>
          </TextEquiv>
        </Word>
        <Word id="w111">
          <Coords points="750,1460 807,1460 807,1536 750,1536"/>
          <TextEquiv>
            <Unicode>عبا</Unicode>
          </TextEquiv>
        </Word>
        <Word id="w112">
          <Coords points="728,1497 748,1497 748,1519 728,1519"/>
          <TextEquiv>
            <Unicode>د</Unicode>
          </TextEquiv>
        </Word>
        <Word id="w113">
          <Coords points="691,1465 724,1465 724,1514 691,1514"/>
          <TextEquiv>
            <Unicode>ك</Unicode>
          </TextEquiv>
        </Word>
        <Word id="w114">
          <Coords points="584,1461 679,1461 679,1537 584,1537"/>
          <TextEquiv>
            <Unicode>نصيبا</Unicode>
          </TextEquiv>
        </Word>
        <Word id="w115">
          <Coords points="521,1476 576,1476 576,1540 521,1540"/>
          <TextEquiv>
            <Unicode>مفر</Unicode>
          </TextEquiv>
        </Word>
        <Word id="w116">
          <Coords points="496,1507 522,1507 522,1536 496,1536"/>
          <TextEquiv>
            <Unicode>و</Unicode>
          </TextEquiv>
        </Word>
        <Word id="w117">
          <Coords points="456,1473 509,1473 509,1528 456,1528"/>
          <TextEquiv>
            <Unicode>ضا</Unicode>
          </TextEquiv>
        </Word>
        <Word id="w118">
          <Coords points="410,1508 440,1508 440,1537 410,1537"/>
          <TextEquiv>
            <Unicode>و</Unicode>
          </TextEquiv>
        </Word>
        <Word id="w119">
          <Coords points="379,1474 415,1474 415,1524 379,1524"/>
          <TextEquiv>
            <Unicode>لا</Unicode>
          </TextEquiv>
        </Word>
        <Word id="w120">
          <Coords points="293,1478 388,1478 388,1561 293,1561"/>
          <TextEquiv>
            <Unicode>ضلنهم</Unicode>
          </TextEquiv>
        </Word>
        <Word id="w121">
          <Coords points="282,1494 303,1494 303,1522 282,1522"/>
          <TextEquiv>
            <Unicode>و</Unicode>
          </TextEquiv>
        </Word>
        <TextEquiv>
          <Unicode> قا ل لا تخذ ن من عبا د ك نصيبا مفر و ضا و لا ضلنهم و</Unicode>
        </TextEquiv>
      </TextLine>
      <TextLine id="l7">
        <Coords points="294,1574 1034,1574 1034,1693 294,1693"/>
        <Word id="w122">
          <Coords points="996,1589 1033,1589 1033,1636 996,1636"/>
          <TextEquiv>
            <Unicode>لا</Unicode>
          </TextEquiv>
        </Word>
        <Word id="w123">
          <Coords points="901,1602 1000,1602 1000,1665 901,1665"/>
          <TextEquiv>
            <Unicode>منينهم</Unicode>
          </TextEquiv>
        </Word>
        <Word id="w124">
          <Coords points="872,1618 894,1618 894,1644 872,1644"/>
          <TextEquiv>
            <Unicode>و</Unicode>
          </TextEquiv>
        </Word>
        <Word id="w125">
          <Coords points="831,1597 869,1597 869,1639 831,1639"/>
          <TextEquiv>
            <Unicode>لا</Unicode>
          </TextEquiv>
        </Word>
        <Word id="w126">
          <Coords points="796,1621 833,1621 833,1654 796,1654"/>
          <TextEquiv>
            <Unicode>مر</Unicode>
          </TextEquiv>
        </Word>
        <Word id="w127">
          <Coords points="739,1616 795,1616 795,1692 739,1692"/>
          <TextEquiv>
            <Unicode>نهم</Unicode>
          </TextEquiv>
        </Word>
        <Word id="w128">
          <Coords points="607,1574 733,1574 733,1667 607,1667"/>
          <TextEquiv>
            <Unicode>فليبتكن</Unicode>
          </TextEquiv>
        </Word>
        <Word id="w129">
          <Coords points="559,1602 566,1602 566,1641 559,1641"/>
          <TextEquiv>
            <Unicode>ا</Unicode>
          </TextEquiv>
        </Word>
        <Word id="w130">
          <Coords points="516,1590 528,1590 528,1644 516,1644"/>
          <TextEquiv>
            <Unicode>ا</Unicode>
          </TextEquiv>
        </Word>
        <Word id="w131">
          <Coords points="471,1590 516,1590 516,1645 471,1645"/>
          <TextEquiv>
            <Unicode>لا</Unicode>
          </TextEquiv>
        </Word>
        <Word id="w132">
          <Coords points="429,1585 477,1585 477,1644 429,1644"/>
          <TextEquiv>
            <Unicode>نعا</Unicode>
          </TextEquiv>
        </Word>
        <Word id="w133">
          <Coords points="424,1610 551,1610 551,1675 424,1675"/>
          <TextEquiv>
            <Unicode>ن</Unicode>
          </TextEquiv>
        </Word>
        <Word id="w134">
          <Coords points="404,1629 421,1629 421,1681 404,1681"/>
          <TextEquiv>
            <Unicode>م</Unicode>
          </TextEquiv>
        </Word>
        <Word id="w135">
          <Coords points="373,1630 393,1630 393,1654 373,1654"/>
          <TextEquiv>
            <Unicode>و</Unicode>
          </TextEquiv>
        </Word>
        <Word id="w136">
          <Coords points="345,1586 392,1586 392,1635 345,1635"/>
          <TextEquiv>
            <Unicode>لا</Unicode>
          </TextEquiv>
        </Word>
        <Word id="w137">
          <Coords points="313,1624 351,1624 351,1655 313,1655"/>
          <TextEquiv>
            <Unicode>مر</Unicode>
          </TextEquiv>
        </Word>
        <Word id="w138">
          <Coords points="294,1587 336,1587 336,1640 294,1640"/>
          <TextEquiv>
            <Unicode>نهم</Unicode>
          </TextEquiv>
        </Word>
        <TextEquiv>
          <Unicode> لا منينهم و لا مر نهم فليبتكن ا ا لا نعا ن م و لا مر نهم</Unicode>
        </TextEquiv>
      </TextLine>
    </TextRegion>
  </Page>
</PcGts>
