<?xml version='1.0' encoding='utf-8'?>
<PcGts xmlns:xsi="http://www.w3.org/2001/XMLSchema-instance" xmlns="http://schema.primaresearch.org/PAGE/gts/pagecontent/2019-07-15" xsi:schemaLocation="http://schema.primaresearch.org/PAGE/gts/pagecontent/2019-07-15 http://schema.primaresearch.org/PAGE/gts/pagecontent/2019-07-15/pagecontent.xsd" pcGtsId="pc-aletheiaexamplepage">
  <Metadata>
    <Creator>PRImA Research Lab</Creator>
    <Created>2015-07-17T15:27:13</Created>
    <LastChange>2017-07-14T10:03:33</LastChange>
    <Comments>Example Page</Comments>
  </Metadata>
  <Page imageFilename="3157556/0076-2.png" imageWidth="1308" imageHeight="2039">
    <TextRegion id="r0" type="paragraph">
      <Coords points="1,1 1306,1 1306,2037 1,2037"/>
      <TextLine id="l0">
        <Coords points="241,393 1000,393 1000,481 241,481"/>
        <Word id="w0">
          <Coords points="960,414 999,414 999,461 960,461"/>
          <TextEquiv>
            <Unicode>قد</Unicode>
          </TextEquiv>
        </Word>
        <Word id="w1">
          <Coords points="924,432 963,432 963,477 924,477"/>
          <TextEquiv>
            <Unicode>ير</Unicode>
          </TextEquiv>
        </Word>
        <Word id="w2">
          <Coords points="916,400 932,400 932,448 916,448"/>
          <TextEquiv>
            <Unicode>ا</Unicode>
          </TextEquiv>
        </Word>
        <Word id="w3">
          <Coords points="827,433 873,433 873,474 827,474"/>
          <TextEquiv>
            <Unicode>من</Unicode>
          </TextEquiv>
        </Word>
        <Word id="w4">
          <Coords points="798,393 839,393 839,460 798,460"/>
          <TextEquiv>
            <Unicode>كا</Unicode>
          </TextEquiv>
        </Word>
        <Word id="w5">
          <Coords points="759,436 788,436 788,467 759,467"/>
          <TextEquiv>
            <Unicode>ن</Unicode>
          </TextEquiv>
        </Word>
        <Word id="w6">
          <Coords points="728,430 760,430 760,480 728,480"/>
          <TextEquiv>
            <Unicode>ير</Unicode>
          </TextEquiv>
        </Word>
        <Word id="w7">
          <Coords points="684,427 720,427 720,479 684,479"/>
          <TextEquiv>
            <Unicode>يد</Unicode>
          </TextEquiv>
        </Word>
        <Word id="w8">
          <Coords points="648,417 676,417 676,472 648,472"/>
          <TextEquiv>
            <Unicode>ثو</Unicode>
          </TextEquiv>
        </Word>
        <Word id="w9">
          <Coords points="637,415 646,415 646,457 637,457"/>
          <TextEquiv>
            <Unicode>ا</Unicode>
          </TextEquiv>
        </Word>
        <Word id="w10">
          <Coords points="591,444 629,444 629,474 591,474"/>
          <TextEquiv>
            <Unicode>ب</Unicode>
          </TextEquiv>
        </Word>
        <Word id="w11">
          <Coords points="581,408 591,408 591,449 581,449"/>
          <TextEquiv>
            <Unicode>ا</Unicode>
          </TextEquiv>
        </Word>
        <Word id="w12">
          <Coords points="547,415 576,415 576,460 547,460"/>
          <TextEquiv>
            <Unicode>لد</Unicode>
          </TextEquiv>
        </Word>
        <Word id="w13">
          <Coords points="505,412 540,412 540,476 505,476"/>
          <TextEquiv>
            <Unicode>نيا</Unicode>
          </TextEquiv>
        </Word>
        <Word id="w14">
          <Coords points="422,420 494,420 494,469 422,469"/>
          <TextEquiv>
            <Unicode>فعند</Unicode>
          </TextEquiv>
        </Word>
        <Word id="w15">
          <Coords points="415,412 422,412 422,457 415,457"/>
          <TextEquiv>
            <Unicode>ا</Unicode>
          </TextEquiv>
        </Word>
        <Word id="w16">
          <Coords points="378,441 406,441 406,461 378,461"/>
          <TextEquiv>
            <Unicode>لله</Unicode>
          </TextEquiv>
        </Word>
        <Word id="w17">
          <Coords points="336,413 369,413 369,473 336,473"/>
          <TextEquiv>
            <Unicode>ثو</Unicode>
          </TextEquiv>
        </Word>
        <Word id="w18">
          <Coords points="328,413 344,413 344,456 328,456"/>
          <TextEquiv>
            <Unicode>ا</Unicode>
          </TextEquiv>
        </Word>
        <Word id="w19">
          <Coords points="299,407 305,407 305,444 299,444"/>
          <TextEquiv>
            <Unicode>ا</Unicode>
          </TextEquiv>
        </Word>
        <Word id="w20">
          <Coords points="282,444 329,444 329,480 282,480"/>
          <TextEquiv>
            <Unicode>ب</Unicode>
          </TextEquiv>
        </Word>
        <Word id="w21">
          <Coords points="267,409 294,409 294,453 267,453"/>
          <TextEquiv>
            <Unicode>لد</Unicode>
          </TextEquiv>
        </Word>
        <Word id="w22">
          <Coords points="241,396 272,396 272,475 241,475"/>
          <TextEquiv>
            <Unicode>نيا</Unicode>
          </TextEquiv>
        </Word>
        <TextEquiv>
          <Unicode> قد ير ا من كا ن ير يد ثو ا ب ا لد نيا فعند ا لله ثو ا ا ب لد نيا</Unicode>
        </TextEquiv>
      </TextLine>
      <TextLine id="l1">
        <Coords points="250,508 992,508 992,612 250,612"/>
        <Word id="w23">
          <Coords points="970,554 991,554 991,580 970,580"/>
          <TextEquiv>
            <Unicode>و</Unicode>
          </TextEquiv>
        </Word>
        <Word id="w24">
          <Coords points="966,527 979,527 979,567 966,567"/>
          <TextEquiv>
            <Unicode>ا</Unicode>
          </TextEquiv>
        </Word>
        <Word id="w25">
          <Coords points="930,529 962,529 962,576 930,576"/>
          <TextEquiv>
            <Unicode>لا</Unicode>
          </TextEquiv>
        </Word>
        <Word id="w26">
          <Coords points="893,531 936,531 936,596 893,596"/>
          <TextEquiv>
            <Unicode>خر</Unicode>
          </TextEquiv>
        </Word>
        <Word id="w27">
          <Coords points="880,528 901,528 901,568 880,568"/>
          <TextEquiv>
            <Unicode>ة</Unicode>
          </TextEquiv>
        </Word>
        <Word id="w28">
          <Coords points="842,559 865,559 865,585 842,585"/>
          <TextEquiv>
            <Unicode>و</Unicode>
          </TextEquiv>
        </Word>
        <Word id="w29">
          <Coords points="818,517 857,517 857,581 818,581"/>
          <TextEquiv>
            <Unicode>كا</Unicode>
          </TextEquiv>
        </Word>
        <Word id="w30">
          <Coords points="779,564 808,564 808,592 779,592"/>
          <TextEquiv>
            <Unicode>ن</Unicode>
          </TextEquiv>
        </Word>
        <Word id="w31">
          <Coords points="773,523 784,523 784,560 773,560"/>
          <TextEquiv>
            <Unicode>ا</Unicode>
          </TextEquiv>
        </Word>
        <Word id="w32">
          <Coords points="744,557 771,557 771,578 744,578"/>
          <TextEquiv>
            <Unicode>لله</Unicode>
          </TextEquiv>
        </Word>
        <Word id="w33">
          <Coords points="625,534 737,534 737,593 625,593"/>
          <TextEquiv>
            <Unicode>سميعا</Unicode>
          </TextEquiv>
        </Word>
        <Word id="w34">
          <Coords points="529,556 621,556 621,597 529,597"/>
          <TextEquiv>
            <Unicode>بصير</Unicode>
          </TextEquiv>
        </Word>
        <Word id="w35">
          <Coords points="528,521 536,521 536,565 528,565"/>
          <TextEquiv>
            <Unicode>ا</Unicode>
          </TextEquiv>
        </Word>
        <Word id="w36">
          <Coords points="472,532 500,532 500,596 472,596"/>
          <TextEquiv>
            <Unicode>يا</Unicode>
          </TextEquiv>
        </Word>
        <Word id="w37">
          <Coords points="461,534 469,534 469,575 461,575"/>
          <TextEquiv>
            <Unicode>ا</Unicode>
          </TextEquiv>
        </Word>
        <Word id="w38">
          <Coords points="404,527 464,527 464,606 404,606"/>
          <TextEquiv>
            <Unicode>يها</Unicode>
          </TextEquiv>
        </Word>
        <Word id="w39">
          <Coords points="379,528 395,528 395,580 379,580"/>
          <TextEquiv>
            <Unicode>ا</Unicode>
          </TextEquiv>
        </Word>
        <Word id="w40">
          <Coords points="344,534 375,534 375,585 344,585"/>
          <TextEquiv>
            <Unicode>لذ</Unicode>
          </TextEquiv>
        </Word>
        <Word id="w41">
          <Coords points="305,517 315,517 315,563 305,563"/>
          <TextEquiv>
            <Unicode>ا</Unicode>
          </TextEquiv>
        </Word>
        <Word id="w42">
          <Coords points="297,546 348,546 348,611 297,611"/>
          <TextEquiv>
            <Unicode>ين</Unicode>
          </TextEquiv>
        </Word>
        <Word id="w43">
          <Coords points="253,536 301,536 301,579 253,579"/>
          <TextEquiv>
            <Unicode>منو</Unicode>
          </TextEquiv>
        </Word>
        <Word id="w44">
          <Coords points="250,508 257,508 257,553 250,553"/>
          <TextEquiv>
            <Unicode>ا</Unicode>
          </TextEquiv>
        </Word>
        <TextEquiv>
          <Unicode> و ا لا خر ة و كا ن ا لله سميعا بصير ا يا ا يها ا لذ ا ين منو ا</Unicode>
        </TextEquiv>
      </TextLine>
      <TextLine id="l2">
        <Coords points="251,628 1005,628 1005,742 251,742"/>
        <Word id="w45">
          <Coords points="961,628 1004,628 1004,711 961,711"/>
          <TextEquiv>
            <Unicode>كو</Unicode>
          </TextEquiv>
        </Word>
        <Word id="w46">
          <Coords points="927,660 961,660 961,708 927,708"/>
          <TextEquiv>
            <Unicode>نو</Unicode>
          </TextEquiv>
        </Word>
        <Word id="w47">
          <Coords points="920,648 933,648 933,697 920,697"/>
          <TextEquiv>
            <Unicode>ا</Unicode>
          </TextEquiv>
        </Word>
        <Word id="w48">
          <Coords points="878,656 912,656 912,716 878,716"/>
          <TextEquiv>
            <Unicode>قو</Unicode>
          </TextEquiv>
        </Word>
        <Word id="w49">
          <Coords points="869,649 881,649 881,700 869,700"/>
          <TextEquiv>
            <Unicode>ا</Unicode>
          </TextEquiv>
        </Word>
        <Word id="w50">
          <Coords points="800,668 864,668 864,715 800,715"/>
          <TextEquiv>
            <Unicode>مين</Unicode>
          </TextEquiv>
        </Word>
        <Word id="w51">
          <Coords points="792,648 816,648 816,691 792,691"/>
          <TextEquiv>
            <Unicode>با</Unicode>
          </TextEquiv>
        </Word>
        <Word id="w52">
          <Coords points="706,655 789,655 789,706 706,706"/>
          <TextEquiv>
            <Unicode>لقسط</Unicode>
          </TextEquiv>
        </Word>
        <Word id="w53">
          <Coords points="619,660 708,660 708,715 619,715"/>
          <TextEquiv>
            <Unicode>شهد</Unicode>
          </TextEquiv>
        </Word>
        <Word id="w54">
          <Coords points="607,650 626,650 626,697 607,697"/>
          <TextEquiv>
            <Unicode>ا</Unicode>
          </TextEquiv>
        </Word>
        <Word id="w55">
          <Coords points="586,692 603,692 603,714 586,714"/>
          <TextEquiv>
            <Unicode>ء</Unicode>
          </TextEquiv>
        </Word>
        <Word id="w56">
          <Coords points="542,679 571,679 571,704 542,704"/>
          <TextEquiv>
            <Unicode>لله</Unicode>
          </TextEquiv>
        </Word>
        <Word id="w57">
          <Coords points="507,686 529,686 529,713 507,713"/>
          <TextEquiv>
            <Unicode>و</Unicode>
          </TextEquiv>
        </Word>
        <Word id="w58">
          <Coords points="473,659 505,659 505,713 473,713"/>
          <TextEquiv>
            <Unicode>لو</Unicode>
          </TextEquiv>
        </Word>
        <Word id="w59">
          <Coords points="419,643 476,643 476,726 419,726"/>
          <TextEquiv>
            <Unicode>على</Unicode>
          </TextEquiv>
        </Word>
        <Word id="w60">
          <Coords points="412,651 431,651 431,693 412,693"/>
          <TextEquiv>
            <Unicode>ا</Unicode>
          </TextEquiv>
        </Word>
        <Word id="w61">
          <Coords points="308,629 406,629 406,741 308,741"/>
          <TextEquiv>
            <Unicode>نفسكم</Unicode>
          </TextEquiv>
        </Word>
        <Word id="w62">
          <Coords points="290,651 296,651 296,702 290,702"/>
          <TextEquiv>
            <Unicode>ا</Unicode>
          </TextEquiv>
        </Word>
        <Word id="w63">
          <Coords points="251,673 279,673 279,703 251,703"/>
          <TextEquiv>
            <Unicode>و</Unicode>
          </TextEquiv>
        </Word>
        <TextEquiv>
          <Unicode> كو نو ا قو ا مين با لقسط شهد ا ء لله و لو على ا نفسكم ا و</Unicode>
        </TextEquiv>
      </TextLine>
      <TextLine id="l3">
        <Coords points="249,740 997,740 997,851 249,851"/>
        <Word id="w64">
          <Coords points="989,771 996,771 996,810 989,810"/>
          <TextEquiv>
            <Unicode>ا</Unicode>
          </TextEquiv>
        </Word>
        <Word id="w65">
          <Coords points="952,771 981,771 981,833 952,833"/>
          <TextEquiv>
            <Unicode>لو</Unicode>
          </TextEquiv>
        </Word>
        <Word id="w66">
          <Coords points="944,772 961,772 961,817 944,817"/>
          <TextEquiv>
            <Unicode>ا</Unicode>
          </TextEquiv>
        </Word>
        <Word id="w67">
          <Coords points="910,776 939,776 939,824 910,824"/>
          <TextEquiv>
            <Unicode>لد</Unicode>
          </TextEquiv>
        </Word>
        <Word id="w68">
          <Coords points="868,780 916,780 916,845 868,845"/>
          <TextEquiv>
            <Unicode>ين</Unicode>
          </TextEquiv>
        </Word>
        <Word id="w69">
          <Coords points="852,795 876,795 876,824 852,824"/>
          <TextEquiv>
            <Unicode>و</Unicode>
          </TextEquiv>
        </Word>
        <Word id="w70">
          <Coords points="846,768 856,768 856,812 846,812"/>
          <TextEquiv>
            <Unicode>ا</Unicode>
          </TextEquiv>
        </Word>
        <Word id="w71">
          <Coords points="800,774 844,774 844,824 800,824"/>
          <TextEquiv>
            <Unicode>لا</Unicode>
          </TextEquiv>
        </Word>
        <Word id="w72">
          <Coords points="774,782 801,782 801,845 774,845"/>
          <TextEquiv>
            <Unicode>قر</Unicode>
          </TextEquiv>
        </Word>
        <Word id="w73">
          <Coords points="720,784 779,784 779,848 720,848"/>
          <TextEquiv>
            <Unicode>بين</Unicode>
          </TextEquiv>
        </Word>
        <Word id="w74">
          <Coords points="708,770 714,770 714,814 708,814"/>
          <TextEquiv>
            <Unicode>ا</Unicode>
          </TextEquiv>
        </Word>
        <Word id="w75">
          <Coords points="670,801 699,801 699,834 670,834"/>
          <TextEquiv>
            <Unicode>ن</Unicode>
          </TextEquiv>
        </Word>
        <Word id="w76">
          <Coords points="611,754 664,754 664,839 611,839"/>
          <TextEquiv>
            <Unicode>يكن</Unicode>
          </TextEquiv>
        </Word>
        <Word id="w77">
          <Coords points="545,773 620,773 620,849 545,849"/>
          <TextEquiv>
            <Unicode>غنيا</Unicode>
          </TextEquiv>
        </Word>
        <Word id="w78">
          <Coords points="523,781 532,781 532,823 523,823"/>
          <TextEquiv>
            <Unicode>ا</Unicode>
          </TextEquiv>
        </Word>
        <Word id="w79">
          <Coords points="489,807 514,807 514,836 489,836"/>
          <TextEquiv>
            <Unicode>و</Unicode>
          </TextEquiv>
        </Word>
        <Word id="w80">
          <Coords points="375,776 490,776 490,850 375,850"/>
          <TextEquiv>
            <Unicode>فقير</Unicode>
          </TextEquiv>
        </Word>
        <Word id="w81">
          <Coords points="368,772 385,772 385,823 368,823"/>
          <TextEquiv>
            <Unicode>ا</Unicode>
          </TextEquiv>
        </Word>
        <Word id="w82">
          <Coords points="332,771 361,771 361,825 332,825"/>
          <TextEquiv>
            <Unicode>فا</Unicode>
          </TextEquiv>
        </Word>
        <Word id="w83">
          <Coords points="296,759 303,759 303,800 296,800"/>
          <TextEquiv>
            <Unicode>ا</Unicode>
          </TextEquiv>
        </Word>
        <Word id="w84">
          <Coords points="296,804 327,804 327,827 296,827"/>
          <TextEquiv>
            <Unicode>لله</Unicode>
          </TextEquiv>
        </Word>
        <Word id="w85">
          <Coords points="270,797 291,797 291,823 270,823"/>
          <TextEquiv>
            <Unicode>و</Unicode>
          </TextEquiv>
        </Word>
        <Word id="w86">
          <Coords points="249,740 286,740 286,800 249,800"/>
          <TextEquiv>
            <Unicode>لى</Unicode>
          </TextEquiv>
        </Word>
        <TextEquiv>
          <Unicode> ا لو ا لد ين و ا لا قر بين ا ن يكن غنيا ا و فقير ا فا ا لله و لى</Unicode>
        </TextEquiv>
      </TextLine>
      <TextLine id="l4">
        <Coords points="266,1226 1010,1226 1010,1318 266,1318"/>
        <Word id="w87">
          <Coords points="980,1265 1009,1265 1009,1296 980,1296"/>
          <TextEquiv>
            <Unicode>و</Unicode>
          </TextEquiv>
        </Word>
        <Word id="w88">
          <Coords points="975,1229 993,1229 993,1276 975,1276"/>
          <TextEquiv>
            <Unicode>ا</Unicode>
          </TextEquiv>
        </Word>
        <Word id="w89">
          <Coords points="945,1254 972,1254 972,1288 945,1288"/>
          <TextEquiv>
            <Unicode>ن</Unicode>
          </TextEquiv>
        </Word>
        <Word id="w90">
          <Coords points="893,1239 940,1239 940,1295 893,1295"/>
          <TextEquiv>
            <Unicode>تلو</Unicode>
          </TextEquiv>
        </Word>
        <Word id="w91">
          <Coords points="868,1264 889,1264 889,1291 868,1291"/>
          <TextEquiv>
            <Unicode>و</Unicode>
          </TextEquiv>
        </Word>
        <Word id="w92">
          <Coords points="856,1232 869,1232 869,1277 856,1277"/>
          <TextEquiv>
            <Unicode>ا</Unicode>
          </TextEquiv>
        </Word>
        <Word id="w93">
          <Coords points="842,1240 853,1240 853,1284 842,1284"/>
          <TextEquiv>
            <Unicode>ا</Unicode>
          </TextEquiv>
        </Word>
        <Word id="w94">
          <Coords points="811,1269 836,1269 836,1297 811,1297"/>
          <TextEquiv>
            <Unicode>و</Unicode>
          </TextEquiv>
        </Word>
        <Word id="w95">
          <Coords points="748,1251 813,1251 813,1313 748,1313"/>
          <TextEquiv>
            <Unicode>تعر</Unicode>
          </TextEquiv>
        </Word>
        <Word id="w96">
          <Coords points="709,1264 772,1264 772,1312 709,1312"/>
          <TextEquiv>
            <Unicode>صو</Unicode>
          </TextEquiv>
        </Word>
        <Word id="w97">
          <Coords points="704,1240 719,1240 719,1291 704,1291"/>
          <TextEquiv>
            <Unicode>ا</Unicode>
          </TextEquiv>
        </Word>
        <Word id="w98">
          <Coords points="664,1247 691,1247 691,1295 664,1295"/>
          <TextEquiv>
            <Unicode>فا</Unicode>
          </TextEquiv>
        </Word>
        <Word id="w99">
          <Coords points="631,1275 660,1275 660,1301 631,1301"/>
          <TextEquiv>
            <Unicode>ن</Unicode>
          </TextEquiv>
        </Word>
        <Word id="w100">
          <Coords points="623,1245 631,1245 631,1278 623,1278"/>
          <TextEquiv>
            <Unicode>ا</Unicode>
          </TextEquiv>
        </Word>
        <Word id="w101">
          <Coords points="594,1271 620,1271 620,1294 594,1294"/>
          <TextEquiv>
            <Unicode>لله</Unicode>
          </TextEquiv>
        </Word>
        <Word id="w102">
          <Coords points="557,1226 597,1226 597,1290 557,1290"/>
          <TextEquiv>
            <Unicode>كا</Unicode>
          </TextEquiv>
        </Word>
        <Word id="w103">
          <Coords points="523,1268 552,1268 552,1300 523,1300"/>
          <TextEquiv>
            <Unicode>ن</Unicode>
          </TextEquiv>
        </Word>
        <Word id="w104">
          <Coords points="473,1241 519,1241 519,1305 473,1305"/>
          <TextEquiv>
            <Unicode>بما</Unicode>
          </TextEquiv>
        </Word>
        <Word id="w105">
          <Coords points="410,1248 465,1248 465,1310 410,1310"/>
          <TextEquiv>
            <Unicode>تعملو</Unicode>
          </TextEquiv>
        </Word>
        <Word id="w106">
          <Coords points="382,1262 410,1262 410,1301 382,1301"/>
          <TextEquiv>
            <Unicode>ن</Unicode>
          </TextEquiv>
        </Word>
        <Word id="w107">
          <Coords points="277,1256 412,1256 412,1317 277,1317"/>
          <TextEquiv>
            <Unicode>خبير</Unicode>
          </TextEquiv>
        </Word>
        <Word id="w108">
          <Coords points="266,1237 281,1237 281,1292 266,1292"/>
          <TextEquiv>
            <Unicode>ا</Unicode>
          </TextEquiv>
        </Word>
        <TextEquiv>
          <Unicode> و ا ن تلو و ا ا و تعر صو ا فا ن ا لله كا ن بما تعملو ن خبير ا</Unicode>
        </TextEquiv>
      </TextLine>
      <TextLine id="l5">
        <Coords points="275,1342 1013,1342 1013,1441 275,1441"/>
        <Word id="w109">
          <Coords points="991,1362 1012,1362 1012,1430 991,1430"/>
          <TextEquiv>
            <Unicode>يا</Unicode>
          </TextEquiv>
        </Word>
        <Word id="w110">
          <Coords points="976,1370 985,1370 985,1409 976,1409"/>
          <TextEquiv>
            <Unicode>ا</Unicode>
          </TextEquiv>
        </Word>
        <Word id="w111">
          <Coords points="933,1368 978,1368 978,1429 933,1429"/>
          <TextEquiv>
            <Unicode>يها</Unicode>
          </TextEquiv>
        </Word>
        <Word id="w112">
          <Coords points="917,1371 926,1371 926,1409 917,1409"/>
          <TextEquiv>
            <Unicode>ا</Unicode>
          </TextEquiv>
        </Word>
        <Word id="w113">
          <Coords points="883,1362 909,1362 909,1417 883,1417"/>
          <TextEquiv>
            <Unicode>لذ</Unicode>
          </TextEquiv>
        </Word>
        <Word id="w114">
          <Coords points="846,1385 881,1385 881,1440 846,1440"/>
          <TextEquiv>
            <Unicode>ين</Unicode>
          </TextEquiv>
        </Word>
        <Word id="w115">
          <Coords points="836,1353 847,1353 847,1400 836,1400"/>
          <TextEquiv>
            <Unicode>ا</Unicode>
          </TextEquiv>
        </Word>
        <Word id="w116">
          <Coords points="771,1379 830,1379 830,1428 771,1428"/>
          <TextEquiv>
            <Unicode>منو</Unicode>
          </TextEquiv>
        </Word>
        <Word id="w117">
          <Coords points="761,1358 779,1358 779,1409 761,1409"/>
          <TextEquiv>
            <Unicode>ا</Unicode>
          </TextEquiv>
        </Word>
        <Word id="w118">
          <Coords points="744,1360 763,1360 763,1411 744,1411"/>
          <TextEquiv>
            <Unicode>ا</Unicode>
          </TextEquiv>
        </Word>
        <Word id="w119">
          <Coords points="687,1374 740,1374 740,1432 687,1432"/>
          <TextEquiv>
            <Unicode>منو</Unicode>
          </TextEquiv>
        </Word>
        <Word id="w120">
          <Coords points="678,1359 693,1359 693,1414 678,1414"/>
          <TextEquiv>
            <Unicode>ا</Unicode>
          </TextEquiv>
        </Word>
        <Word id="w121">
          <Coords points="656,1363 674,1363 674,1425 656,1425"/>
          <TextEquiv>
            <Unicode>با</Unicode>
          </TextEquiv>
        </Word>
        <Word id="w122">
          <Coords points="624,1390 649,1390 649,1409 624,1409"/>
          <TextEquiv>
            <Unicode>لله</Unicode>
          </TextEquiv>
        </Word>
        <Word id="w123">
          <Coords points="587,1395 612,1395 612,1421 587,1421"/>
          <TextEquiv>
            <Unicode>و</Unicode>
          </TextEquiv>
        </Word>
        <Word id="w124">
          <Coords points="568,1390 589,1390 589,1416 568,1416"/>
          <TextEquiv>
            <Unicode>ر</Unicode>
          </TextEquiv>
        </Word>
        <Word id="w125">
          <Coords points="524,1391 572,1391 572,1422 524,1422"/>
          <TextEquiv>
            <Unicode>سو</Unicode>
          </TextEquiv>
        </Word>
        <Word id="w126">
          <Coords points="501,1364 524,1364 524,1407 501,1407"/>
          <TextEquiv>
            <Unicode>له</Unicode>
          </TextEquiv>
        </Word>
        <Word id="w127">
          <Coords points="463,1390 485,1390 485,1419 463,1419"/>
          <TextEquiv>
            <Unicode>و</Unicode>
          </TextEquiv>
        </Word>
        <Word id="w128">
          <Coords points="452,1360 468,1360 468,1407 452,1407"/>
          <TextEquiv>
            <Unicode>ا</Unicode>
          </TextEquiv>
        </Word>
        <Word id="w129">
          <Coords points="401,1342 450,1342 450,1415 401,1415"/>
          <TextEquiv>
            <Unicode>لكتا</Unicode>
          </TextEquiv>
        </Word>
        <Word id="w130">
          <Coords points="354,1393 389,1393 389,1426 354,1426"/>
          <TextEquiv>
            <Unicode>ب</Unicode>
          </TextEquiv>
        </Word>
        <Word id="w131">
          <Coords points="344,1352 361,1352 361,1399 344,1399"/>
          <TextEquiv>
            <Unicode>ا</Unicode>
          </TextEquiv>
        </Word>
        <Word id="w132">
          <Coords points="308,1354 343,1354 343,1408 308,1408"/>
          <TextEquiv>
            <Unicode>لذ</Unicode>
          </TextEquiv>
        </Word>
        <Word id="w133">
          <Coords points="275,1370 308,1370 308,1429 275,1429"/>
          <TextEquiv>
            <Unicode>ي</Unicode>
          </TextEquiv>
        </Word>
        <TextEquiv>
          <Unicode> يا ا يها ا لذ ين ا منو ا ا منو ا با لله و ر سو له و ا لكتا ب ا لذ ي</Unicode>
        </TextEquiv>
      </TextLine>
      <TextLine id="l6">
        <Coords points="283,1459 1021,1459 1021,1560 283,1560"/>
        <Word id="w134">
          <Coords points="984,1493 1020,1493 1020,1544 984,1544"/>
          <TextEquiv>
            <Unicode>نز</Unicode>
          </TextEquiv>
        </Word>
        <Word id="w135">
          <Coords points="950,1478 978,1478 978,1537 950,1537"/>
          <TextEquiv>
            <Unicode>ل</Unicode>
          </TextEquiv>
        </Word>
        <Word id="w136">
          <Coords points="911,1482 956,1482 956,1554 911,1554"/>
          <TextEquiv>
            <Unicode>على</Unicode>
          </TextEquiv>
        </Word>
        <Word id="w137">
          <Coords points="888,1507 919,1507 919,1537 888,1537"/>
          <TextEquiv>
            <Unicode>ر</Unicode>
          </TextEquiv>
        </Word>
        <Word id="w138">
          <Coords points="846,1510 896,1510 896,1543 846,1543"/>
          <TextEquiv>
            <Unicode>سو</Unicode>
          </TextEquiv>
        </Word>
        <Word id="w139">
          <Coords points="825,1467 849,1467 849,1523 825,1523"/>
          <TextEquiv>
            <Unicode>له</Unicode>
          </TextEquiv>
        </Word>
        <Word id="w140">
          <Coords points="780,1481 786,1481 786,1519 780,1519"/>
          <TextEquiv>
            <Unicode>ا</Unicode>
          </TextEquiv>
        </Word>
        <Word id="w141">
          <Coords points="780,1506 811,1506 811,1540 780,1540"/>
          <TextEquiv>
            <Unicode>و</Unicode>
          </TextEquiv>
        </Word>
        <Word id="w142">
          <Coords points="721,1459 772,1459 772,1531 721,1531"/>
          <TextEquiv>
            <Unicode>لكتا</Unicode>
          </TextEquiv>
        </Word>
        <Word id="w143">
          <Coords points="663,1468 675,1468 675,1509 663,1509"/>
          <TextEquiv>
            <Unicode>ا</Unicode>
          </TextEquiv>
        </Word>
        <Word id="w144">
          <Coords points="662,1514 716,1514 716,1553 662,1553"/>
          <TextEquiv>
            <Unicode>ب</Unicode>
          </TextEquiv>
        </Word>
        <Word id="w145">
          <Coords points="627,1479 666,1479 666,1526 627,1526"/>
          <TextEquiv>
            <Unicode>لذ</Unicode>
          </TextEquiv>
        </Word>
        <Word id="w146">
          <Coords points="585,1506 636,1506 636,1557 585,1557"/>
          <TextEquiv>
            <Unicode>ي</Unicode>
          </TextEquiv>
        </Word>
        <Word id="w147">
          <Coords points="573,1480 588,1480 588,1524 573,1524"/>
          <TextEquiv>
            <Unicode>ا</Unicode>
          </TextEquiv>
        </Word>
        <Word id="w148">
          <Coords points="535,1497 572,1497 572,1547 535,1547"/>
          <TextEquiv>
            <Unicode>نز</Unicode>
          </TextEquiv>
        </Word>
        <Word id="w149">
          <Coords points="505,1486 536,1486 536,1540 505,1540"/>
          <TextEquiv>
            <Unicode>ل</Unicode>
          </TextEquiv>
        </Word>
        <Word id="w150">
          <Coords points="456,1504 507,1504 507,1548 456,1548"/>
          <TextEquiv>
            <Unicode>من</Unicode>
          </TextEquiv>
        </Word>
        <Word id="w151">
          <Coords points="341,1475 457,1475 457,1559 341,1559"/>
          <TextEquiv>
            <Unicode>قبل</Unicode>
          </TextEquiv>
        </Word>
        <Word id="w152">
          <Coords points="319,1508 348,1508 348,1540 319,1540"/>
          <TextEquiv>
            <Unicode>و</Unicode>
          </TextEquiv>
        </Word>
        <Word id="w153">
          <Coords points="283,1490 329,1490 329,1531 283,1531"/>
          <TextEquiv>
            <Unicode>من</Unicode>
          </TextEquiv>
        </Word>
        <TextEquiv>
          <Unicode> نز ل على ر سو له ا و لكتا ا ب لذ ي ا نز ل من قبل و من</Unicode>
        </TextEquiv>
      </TextLine>
      <TextLine id="l7">
        <Coords points="279,1576 1012,1576 1012,1681 279,1681"/>
        <Word id="w154">
          <Coords points="934,1586 1011,1586 1011,1671 934,1671"/>
          <TextEquiv>
            <Unicode>يكفر</Unicode>
          </TextEquiv>
        </Word>
        <Word id="w155">
          <Coords points="919,1597 940,1597 940,1659 919,1659"/>
          <TextEquiv>
            <Unicode>يا</Unicode>
          </TextEquiv>
        </Word>
        <Word id="w156">
          <Coords points="892,1627 917,1627 917,1647 892,1647"/>
          <TextEquiv>
            <Unicode>لله</Unicode>
          </TextEquiv>
        </Word>
        <Word id="w157">
          <Coords points="854,1630 879,1630 879,1658 854,1658"/>
          <TextEquiv>
            <Unicode>و</Unicode>
          </TextEquiv>
        </Word>
        <Word id="w158">
          <Coords points="792,1611 854,1611 854,1655 792,1655"/>
          <TextEquiv>
            <Unicode>ملا</Unicode>
          </TextEquiv>
        </Word>
        <Word id="w159">
          <Coords points="712,1576 796,1576 796,1657 712,1657"/>
          <TextEquiv>
            <Unicode>ئكته</Unicode>
          </TextEquiv>
        </Word>
        <Word id="w160">
          <Coords points="677,1634 700,1634 700,1660 677,1660"/>
          <TextEquiv>
            <Unicode>و</Unicode>
          </TextEquiv>
        </Word>
        <Word id="w161">
          <Coords points="598,1581 701,1581 701,1669 598,1669"/>
          <TextEquiv>
            <Unicode>كتبه</Unicode>
          </TextEquiv>
        </Word>
        <Word id="w162">
          <Coords points="560,1632 584,1632 584,1664 560,1664"/>
          <TextEquiv>
            <Unicode>و</Unicode>
          </TextEquiv>
        </Word>
        <Word id="w163">
          <Coords points="538,1630 561,1630 561,1658 538,1658"/>
          <TextEquiv>
            <Unicode>ر</Unicode>
          </TextEquiv>
        </Word>
        <Word id="w164">
          <Coords points="477,1601 538,1601 538,1656 477,1656"/>
          <TextEquiv>
            <Unicode>سله</Unicode>
          </TextEquiv>
        </Word>
        <Word id="w165">
          <Coords points="438,1633 464,1633 464,1664 438,1664"/>
          <TextEquiv>
            <Unicode>و</Unicode>
          </TextEquiv>
        </Word>
        <Word id="w166">
          <Coords points="428,1599 447,1599 447,1647 428,1647"/>
          <TextEquiv>
            <Unicode>ا</Unicode>
          </TextEquiv>
        </Word>
        <Word id="w167">
          <Coords points="379,1605 426,1605 426,1680 379,1680"/>
          <TextEquiv>
            <Unicode>لو</Unicode>
          </TextEquiv>
        </Word>
        <Word id="w168">
          <Coords points="357,1589 368,1589 368,1637 357,1637"/>
          <TextEquiv>
            <Unicode>ا</Unicode>
          </TextEquiv>
        </Word>
        <Word id="w169">
          <Coords points="308,1590 352,1590 352,1645 308,1645"/>
          <TextEquiv>
            <Unicode>لا</Unicode>
          </TextEquiv>
        </Word>
        <Word id="w170">
          <Coords points="279,1632 323,1632 323,1665 279,1665"/>
          <TextEquiv>
            <Unicode>حر</Unicode>
          </TextEquiv>
        </Word>
        <TextEquiv>
          <Unicode> يكفر يا لله و ملا ئكته و كتبه و ر سله و ا لو ا لا حر</Unicode>
        </TextEquiv>
      </TextLine>
    </TextRegion>
  </Page>
</PcGts>
