<?xml version='1.0' encoding='utf-8'?>
<PcGts xmlns:xsi="http://www.w3.org/2001/XMLSchema-instance" xmlns="http://schema.primaresearch.org/PAGE/gts/pagecontent/2019-07-15" xsi:schemaLocation="http://schema.primaresearch.org/PAGE/gts/pagecontent/2019-07-15 http://schema.primaresearch.org/PAGE/gts/pagecontent/2019-07-15/pagecontent.xsd" pcGtsId="pc-aletheiaexamplepage">
  <Metadata>
    <Creator>PRImA Research Lab</Creator>
    <Created>2015-07-17T15:27:13</Created>
    <LastChange>2017-07-14T10:03:33</LastChange>
    <Comments>Example Page</Comments>
  </Metadata>
  <Page imageFilename="3157556/0079-2.png" imageWidth="1242" imageHeight="2087">
    <TextRegion id="r0" type="paragraph">
      <Coords points="1,1 1240,1 1240,2085 1,2085"/>
      <TextLine id="l0">
        <Coords points="259,413 1011,413 1011,519 259,519"/>
        <Word id="w0">
          <Coords points="988,472 1010,472 1010,499 988,499"/>
          <TextEquiv>
            <Unicode>و</Unicode>
          </TextEquiv>
        </Word>
        <Word id="w1">
          <Coords points="985,446 991,446 991,486 985,486"/>
          <TextEquiv>
            <Unicode>ا</Unicode>
          </TextEquiv>
        </Word>
        <Word id="w2">
          <Coords points="890,422 992,422 992,518 890,518"/>
          <TextEquiv>
            <Unicode>كلهم</Unicode>
          </TextEquiv>
        </Word>
        <Word id="w3">
          <Coords points="881,434 897,434 897,476 881,476"/>
          <TextEquiv>
            <Unicode>ا</Unicode>
          </TextEquiv>
        </Word>
        <Word id="w4">
          <Coords points="841,469 879,469 879,500 841,500"/>
          <TextEquiv>
            <Unicode>مو</Unicode>
          </TextEquiv>
        </Word>
        <Word id="w5">
          <Coords points="833,440 848,440 848,483 833,483"/>
          <TextEquiv>
            <Unicode>ا</Unicode>
          </TextEquiv>
        </Word>
        <Word id="w6">
          <Coords points="796,443 827,443 827,501 796,501"/>
          <TextEquiv>
            <Unicode>ل</Unicode>
          </TextEquiv>
        </Word>
        <Word id="w7">
          <Coords points="788,441 803,441 803,483 788,483"/>
          <TextEquiv>
            <Unicode>ا</Unicode>
          </TextEquiv>
        </Word>
        <Word id="w8">
          <Coords points="737,439 788,439 788,489 737,489"/>
          <TextEquiv>
            <Unicode>لنا</Unicode>
          </TextEquiv>
        </Word>
        <Word id="w9">
          <Coords points="690,469 734,469 734,496 690,496"/>
          <TextEquiv>
            <Unicode>س</Unicode>
          </TextEquiv>
        </Word>
        <Word id="w10">
          <Coords points="679,434 696,434 696,489 679,489"/>
          <TextEquiv>
            <Unicode>با</Unicode>
          </TextEquiv>
        </Word>
        <Word id="w11">
          <Coords points="634,437 669,437 669,492 634,492"/>
          <TextEquiv>
            <Unicode>لبا</Unicode>
          </TextEquiv>
        </Word>
        <Word id="w12">
          <Coords points="572,432 628,432 628,509 572,509"/>
          <TextEquiv>
            <Unicode>طل</Unicode>
          </TextEquiv>
        </Word>
        <Word id="w13">
          <Coords points="555,458 580,458 580,489 555,489"/>
          <TextEquiv>
            <Unicode>و</Unicode>
          </TextEquiv>
        </Word>
        <Word id="w14">
          <Coords points="547,436 560,436 560,481 547,481"/>
          <TextEquiv>
            <Unicode>ا</Unicode>
          </TextEquiv>
        </Word>
        <Word id="w15">
          <Coords points="482,446 540,446 540,492 482,492"/>
          <TextEquiv>
            <Unicode>عتد</Unicode>
          </TextEquiv>
        </Word>
        <Word id="w16">
          <Coords points="460,440 477,440 477,485 460,485"/>
          <TextEquiv>
            <Unicode>نا</Unicode>
          </TextEquiv>
        </Word>
        <Word id="w17">
          <Coords points="393,413 445,413 445,482 393,482"/>
          <TextEquiv>
            <Unicode>للكا</Unicode>
          </TextEquiv>
        </Word>
        <Word id="w18">
          <Coords points="357,429 388,429 388,493 357,493"/>
          <TextEquiv>
            <Unicode>فر</Unicode>
          </TextEquiv>
        </Word>
        <Word id="w19">
          <Coords points="314,451 356,451 356,505 314,505"/>
          <TextEquiv>
            <Unicode>ين</Unicode>
          </TextEquiv>
        </Word>
        <Word id="w20">
          <Coords points="259,441 319,441 319,516 259,516"/>
          <TextEquiv>
            <Unicode>منهم</Unicode>
          </TextEquiv>
        </Word>
        <TextEquiv>
          <Unicode> و ا كلهم ا مو ا ل ا لنا س با لبا طل و ا عتد نا للكا فر ين منهم</Unicode>
        </TextEquiv>
      </TextLine>
      <TextLine id="l1">
        <Coords points="263,534 1012,534 1012,647 263,647"/>
        <Word id="w21">
          <Coords points="968,561 1011,561 1011,613 968,613"/>
          <TextEquiv>
            <Unicode>عذ</Unicode>
          </TextEquiv>
        </Word>
        <Word id="w22">
          <Coords points="954,552 973,552 973,600 954,600"/>
          <TextEquiv>
            <Unicode>ا</Unicode>
          </TextEquiv>
        </Word>
        <Word id="w23">
          <Coords points="933,556 961,556 961,627 933,627"/>
          <TextEquiv>
            <Unicode>با</Unicode>
          </TextEquiv>
        </Word>
        <Word id="w24">
          <Coords points="914,564 927,564 927,604 914,604"/>
          <TextEquiv>
            <Unicode>ا</Unicode>
          </TextEquiv>
        </Word>
        <Word id="w25">
          <Coords points="864,559 920,559 920,632 864,632"/>
          <TextEquiv>
            <Unicode>ليما</Unicode>
          </TextEquiv>
        </Word>
        <Word id="w26">
          <Coords points="771,534 828,534 828,626 771,626"/>
          <TextEquiv>
            <Unicode>لكن</Unicode>
          </TextEquiv>
        </Word>
        <Word id="w27">
          <Coords points="765,556 777,556 777,592 765,592"/>
          <TextEquiv>
            <Unicode>ا</Unicode>
          </TextEquiv>
        </Word>
        <Word id="w28">
          <Coords points="737,559 760,559 760,620 737,620"/>
          <TextEquiv>
            <Unicode>لر</Unicode>
          </TextEquiv>
        </Word>
        <Word id="w29">
          <Coords points="725,562 735,562 735,600 725,600"/>
          <TextEquiv>
            <Unicode>ا</Unicode>
          </TextEquiv>
        </Word>
        <Word id="w30">
          <Coords points="659,571 718,571 718,627 659,627"/>
          <TextEquiv>
            <Unicode>سخو</Unicode>
          </TextEquiv>
        </Word>
        <Word id="w31">
          <Coords points="633,581 662,581 662,611 633,611"/>
          <TextEquiv>
            <Unicode>ن</Unicode>
          </TextEquiv>
        </Word>
        <Word id="w32">
          <Coords points="577,546 629,546 629,619 577,619"/>
          <TextEquiv>
            <Unicode>في</Unicode>
          </TextEquiv>
        </Word>
        <Word id="w33">
          <Coords points="559,554 571,554 571,596 559,596"/>
          <TextEquiv>
            <Unicode>ا</Unicode>
          </TextEquiv>
        </Word>
        <Word id="w34">
          <Coords points="477,555 552,555 552,646 477,646"/>
          <TextEquiv>
            <Unicode>لعلم</Unicode>
          </TextEquiv>
        </Word>
        <Word id="w35">
          <Coords points="405,560 477,560 477,644 405,644"/>
          <TextEquiv>
            <Unicode>منهم</Unicode>
          </TextEquiv>
        </Word>
        <Word id="w36">
          <Coords points="375,582 398,582 398,608 375,608"/>
          <TextEquiv>
            <Unicode>و</Unicode>
          </TextEquiv>
        </Word>
        <Word id="w37">
          <Coords points="371,552 383,552 383,600 371,600"/>
          <TextEquiv>
            <Unicode>ا</Unicode>
          </TextEquiv>
        </Word>
        <Word id="w38">
          <Coords points="320,558 362,558 362,614 320,614"/>
          <TextEquiv>
            <Unicode>لمؤ</Unicode>
          </TextEquiv>
        </Word>
        <Word id="w39">
          <Coords points="270,570 327,570 327,611 270,611"/>
          <TextEquiv>
            <Unicode>منو</Unicode>
          </TextEquiv>
        </Word>
        <Word id="w40">
          <Coords points="263,544 291,544 291,573 263,573"/>
          <TextEquiv>
            <Unicode>ن</Unicode>
          </TextEquiv>
        </Word>
        <TextEquiv>
          <Unicode> عذ ا با ا ليما لكن ا لر ا سخو ن في ا لعلم منهم و ا لمؤ منو ن</Unicode>
        </TextEquiv>
      </TextLine>
      <TextLine id="l2">
        <Coords points="258,653 1017,653 1017,746 258,746"/>
        <Word id="w41">
          <Coords points="975,688 988,688 988,704 975,704"/>
          <TextEquiv>
            <Unicode>ء</Unicode>
          </TextEquiv>
        </Word>
        <Word id="w42">
          <Coords points="972,703 1016,703 1016,745 972,745"/>
          <TextEquiv>
            <Unicode>يو</Unicode>
          </TextEquiv>
        </Word>
        <Word id="w43">
          <Coords points="912,690 971,690 971,740 912,740"/>
          <TextEquiv>
            <Unicode>منو</Unicode>
          </TextEquiv>
        </Word>
        <Word id="w44">
          <Coords points="890,689 919,689 919,725 890,725"/>
          <TextEquiv>
            <Unicode>ن</Unicode>
          </TextEquiv>
        </Word>
        <Word id="w45">
          <Coords points="844,678 887,678 887,740 844,740"/>
          <TextEquiv>
            <Unicode>بما</Unicode>
          </TextEquiv>
        </Word>
        <Word id="w46">
          <Coords points="830,680 838,680 838,724 830,724"/>
          <TextEquiv>
            <Unicode>ا</Unicode>
          </TextEquiv>
        </Word>
        <Word id="w47">
          <Coords points="793,691 824,691 824,737 793,737"/>
          <TextEquiv>
            <Unicode>نز</Unicode>
          </TextEquiv>
        </Word>
        <Word id="w48">
          <Coords points="766,672 797,672 797,724 766,724"/>
          <TextEquiv>
            <Unicode>ل</Unicode>
          </TextEquiv>
        </Word>
        <Word id="w49">
          <Coords points="756,663 772,663 772,704 756,704"/>
          <TextEquiv>
            <Unicode>ا</Unicode>
          </TextEquiv>
        </Word>
        <Word id="w50">
          <Coords points="675,667 753,667 753,731 675,731"/>
          <TextEquiv>
            <Unicode>ليك</Unicode>
          </TextEquiv>
        </Word>
        <Word id="w51">
          <Coords points="641,701 664,701 664,727 641,727"/>
          <TextEquiv>
            <Unicode>و</Unicode>
          </TextEquiv>
        </Word>
        <Word id="w52">
          <Coords points="613,673 642,673 642,720 613,720"/>
          <TextEquiv>
            <Unicode>ما</Unicode>
          </TextEquiv>
        </Word>
        <Word id="w53">
          <Coords points="595,674 600,674 600,717 595,717"/>
          <TextEquiv>
            <Unicode>ا</Unicode>
          </TextEquiv>
        </Word>
        <Word id="w54">
          <Coords points="560,684 592,684 592,731 560,731"/>
          <TextEquiv>
            <Unicode>نز</Unicode>
          </TextEquiv>
        </Word>
        <Word id="w55">
          <Coords points="525,671 553,671 553,731 525,731"/>
          <TextEquiv>
            <Unicode>ل</Unicode>
          </TextEquiv>
        </Word>
        <Word id="w56">
          <Coords points="480,680 531,680 531,735 480,735"/>
          <TextEquiv>
            <Unicode>من</Unicode>
          </TextEquiv>
        </Word>
        <Word id="w57">
          <Coords points="377,668 480,668 480,744 377,744"/>
          <TextEquiv>
            <Unicode>قبلك</Unicode>
          </TextEquiv>
        </Word>
        <Word id="w58">
          <Coords points="345,658 352,658 352,695 345,695"/>
          <TextEquiv>
            <Unicode>ا</Unicode>
          </TextEquiv>
        </Word>
        <Word id="w59">
          <Coords points="341,699 364,699 364,724 341,724"/>
          <TextEquiv>
            <Unicode>و</Unicode>
          </TextEquiv>
        </Word>
        <Word id="w60">
          <Coords points="258,653 344,653 344,724 258,724"/>
          <TextEquiv>
            <Unicode>لمقيمين</Unicode>
          </TextEquiv>
        </Word>
        <TextEquiv>
          <Unicode> ء يو منو ن بما ا نز ل ا ليك و ما ا نز ل من قبلك ا و لمقيمين</Unicode>
        </TextEquiv>
      </TextLine>
      <TextLine id="l3">
        <Coords points="265,756 1017,756 1017,868 265,868"/>
        <Word id="w61">
          <Coords points="1000,798 1016,798 1016,843 1000,843"/>
          <TextEquiv>
            <Unicode>ا</Unicode>
          </TextEquiv>
        </Word>
        <Word id="w62">
          <Coords points="917,796 996,796 996,867 917,867"/>
          <TextEquiv>
            <Unicode>لصلو</Unicode>
          </TextEquiv>
        </Word>
        <Word id="w63">
          <Coords points="908,812 927,812 927,843 908,843"/>
          <TextEquiv>
            <Unicode>ة</Unicode>
          </TextEquiv>
        </Word>
        <Word id="w64">
          <Coords points="868,797 874,797 874,834 868,834"/>
          <TextEquiv>
            <Unicode>ا</Unicode>
          </TextEquiv>
        </Word>
        <Word id="w65">
          <Coords points="868,829 890,829 890,855 868,855"/>
          <TextEquiv>
            <Unicode>و</Unicode>
          </TextEquiv>
        </Word>
        <Word id="w66">
          <Coords points="829,808 840,808 840,823 829,823"/>
          <TextEquiv>
            <Unicode>ء</Unicode>
          </TextEquiv>
        </Word>
        <Word id="w67">
          <Coords points="825,797 863,797 863,857 825,857"/>
          <TextEquiv>
            <Unicode>لمؤ</Unicode>
          </TextEquiv>
        </Word>
        <Word id="w68">
          <Coords points="788,811 820,811 820,859 788,859"/>
          <TextEquiv>
            <Unicode>تو</Unicode>
          </TextEquiv>
        </Word>
        <Word id="w69">
          <Coords points="761,809 789,809 789,848 761,848"/>
          <TextEquiv>
            <Unicode>ن</Unicode>
          </TextEquiv>
        </Word>
        <Word id="w70">
          <Coords points="749,775 767,775 767,822 749,822"/>
          <TextEquiv>
            <Unicode>ا</Unicode>
          </TextEquiv>
        </Word>
        <Word id="w71">
          <Coords points="726,786 747,786 747,843 726,843"/>
          <TextEquiv>
            <Unicode>لز</Unicode>
          </TextEquiv>
        </Word>
        <Word id="w72">
          <Coords points="682,756 733,756 733,863 682,863"/>
          <TextEquiv>
            <Unicode>كو</Unicode>
          </TextEquiv>
        </Word>
        <Word id="w73">
          <Coords points="676,796 692,796 692,832 676,832"/>
          <TextEquiv>
            <Unicode>ة</Unicode>
          </TextEquiv>
        </Word>
        <Word id="w74">
          <Coords points="637,819 659,819 659,847 637,847"/>
          <TextEquiv>
            <Unicode>و</Unicode>
          </TextEquiv>
        </Word>
        <Word id="w75">
          <Coords points="629,794 641,794 641,836 629,836"/>
          <TextEquiv>
            <Unicode>ا</Unicode>
          </TextEquiv>
        </Word>
        <Word id="w76">
          <Coords points="589,798 602,798 602,814 589,814"/>
          <TextEquiv>
            <Unicode>ء</Unicode>
          </TextEquiv>
        </Word>
        <Word id="w77">
          <Coords points="581,795 623,795 623,851 581,851"/>
          <TextEquiv>
            <Unicode>لمؤ</Unicode>
          </TextEquiv>
        </Word>
        <Word id="w78">
          <Coords points="528,803 583,803 583,852 528,852"/>
          <TextEquiv>
            <Unicode>منو</Unicode>
          </TextEquiv>
        </Word>
        <Word id="w79">
          <Coords points="504,801 532,801 532,836 504,836"/>
          <TextEquiv>
            <Unicode>ن</Unicode>
          </TextEquiv>
        </Word>
        <Word id="w80">
          <Coords points="474,789 497,789 497,840 474,840"/>
          <TextEquiv>
            <Unicode>با</Unicode>
          </TextEquiv>
        </Word>
        <Word id="w81">
          <Coords points="444,815 469,815 469,832 444,832"/>
          <TextEquiv>
            <Unicode>لله</Unicode>
          </TextEquiv>
        </Word>
        <Word id="w82">
          <Coords points="404,817 426,817 426,842 404,842"/>
          <TextEquiv>
            <Unicode>و</Unicode>
          </TextEquiv>
        </Word>
        <Word id="w83">
          <Coords points="400,785 413,785 413,827 400,827"/>
          <TextEquiv>
            <Unicode>ا</Unicode>
          </TextEquiv>
        </Word>
        <Word id="w84">
          <Coords points="353,791 396,791 396,858 353,858"/>
          <TextEquiv>
            <Unicode>ليو</Unicode>
          </TextEquiv>
        </Word>
        <Word id="w85">
          <Coords points="332,771 345,771 345,808 332,808"/>
          <TextEquiv>
            <Unicode>ا</Unicode>
          </TextEquiv>
        </Word>
        <Word id="w86">
          <Coords points="318,817 349,817 349,846 318,846"/>
          <TextEquiv>
            <Unicode>م</Unicode>
          </TextEquiv>
        </Word>
        <Word id="w87">
          <Coords points="294,774 330,774 330,814 294,814"/>
          <TextEquiv>
            <Unicode>لا</Unicode>
          </TextEquiv>
        </Word>
        <Word id="w88">
          <Coords points="265,803 305,803 305,833 265,833"/>
          <TextEquiv>
            <Unicode>حر</Unicode>
          </TextEquiv>
        </Word>
        <TextEquiv>
          <Unicode> ا لصلو ة ا و ء لمؤ تو ن ا لز كو ة و ا ء لمؤ منو ن با لله و ا ليو ا م لا حر</Unicode>
        </TextEquiv>
      </TextLine>
      <TextLine id="l4">
        <Coords points="264,1232 1006,1232 1006,1360 264,1360"/>
        <Word id="w89">
          <Coords points="995,1272 1005,1272 1005,1316 995,1316"/>
          <TextEquiv>
            <Unicode>ا</Unicode>
          </TextEquiv>
        </Word>
        <Word id="w90">
          <Coords points="975,1272 991,1272 991,1323 975,1323"/>
          <TextEquiv>
            <Unicode>نا</Unicode>
          </TextEquiv>
        </Word>
        <Word id="w91">
          <Coords points="956,1275 971,1275 971,1324 956,1324"/>
          <TextEquiv>
            <Unicode>ا</Unicode>
          </TextEquiv>
        </Word>
        <Word id="w92">
          <Coords points="926,1303 947,1303 947,1330 926,1330"/>
          <TextEquiv>
            <Unicode>و</Unicode>
          </TextEquiv>
        </Word>
        <Word id="w93">
          <Coords points="858,1268 926,1268 926,1343 858,1343"/>
          <TextEquiv>
            <Unicode>حينا</Unicode>
          </TextEquiv>
        </Word>
        <Word id="w94">
          <Coords points="839,1270 853,1270 853,1318 839,1318"/>
          <TextEquiv>
            <Unicode>ا</Unicode>
          </TextEquiv>
        </Word>
        <Word id="w95">
          <Coords points="756,1268 833,1268 833,1344 756,1344"/>
          <TextEquiv>
            <Unicode>ليك</Unicode>
          </TextEquiv>
        </Word>
        <Word id="w96">
          <Coords points="721,1232 777,1232 777,1321 721,1321"/>
          <TextEquiv>
            <Unicode>كما</Unicode>
          </TextEquiv>
        </Word>
        <Word id="w97">
          <Coords points="696,1264 716,1264 716,1320 696,1320"/>
          <TextEquiv>
            <Unicode>ا</Unicode>
          </TextEquiv>
        </Word>
        <Word id="w98">
          <Coords points="670,1302 695,1302 695,1329 670,1329"/>
          <TextEquiv>
            <Unicode>و</Unicode>
          </TextEquiv>
        </Word>
        <Word id="w99">
          <Coords points="606,1268 675,1268 675,1333 606,1333"/>
          <TextEquiv>
            <Unicode>حينا</Unicode>
          </TextEquiv>
        </Word>
        <Word id="w100">
          <Coords points="584,1266 599,1266 599,1322 584,1322"/>
          <TextEquiv>
            <Unicode>ا</Unicode>
          </TextEquiv>
        </Word>
        <Word id="w101">
          <Coords points="548,1270 583,1270 583,1334 548,1334"/>
          <TextEquiv>
            <Unicode>لى</Unicode>
          </TextEquiv>
        </Word>
        <Word id="w102">
          <Coords points="520,1276 549,1276 549,1329 520,1329"/>
          <TextEquiv>
            <Unicode>نو</Unicode>
          </TextEquiv>
        </Word>
        <Word id="w103">
          <Coords points="485,1302 540,1302 540,1359 485,1359"/>
          <TextEquiv>
            <Unicode>ح</Unicode>
          </TextEquiv>
        </Word>
        <Word id="w104">
          <Coords points="454,1303 477,1303 477,1329 454,1329"/>
          <TextEquiv>
            <Unicode>و</Unicode>
          </TextEquiv>
        </Word>
        <Word id="w105">
          <Coords points="450,1276 458,1276 458,1314 450,1314"/>
          <TextEquiv>
            <Unicode>ا</Unicode>
          </TextEquiv>
        </Word>
        <Word id="w106">
          <Coords points="325,1269 440,1269 440,1348 325,1348"/>
          <TextEquiv>
            <Unicode>لنبيين</Unicode>
          </TextEquiv>
        </Word>
        <Word id="w107">
          <Coords points="264,1274 323,1274 323,1326 264,1326"/>
          <TextEquiv>
            <Unicode>من</Unicode>
          </TextEquiv>
        </Word>
        <TextEquiv>
          <Unicode> ا نا ا و حينا ا ليك كما ا و حينا ا لى نو ح و ا لنبيين من</Unicode>
        </TextEquiv>
      </TextLine>
      <TextLine id="l5">
        <Coords points="256,1372 1012,1372 1012,1488 256,1488"/>
        <Word id="w108">
          <Coords points="932,1408 1011,1408 1011,1460 932,1460"/>
          <TextEquiv>
            <Unicode>بعد</Unicode>
          </TextEquiv>
        </Word>
        <Word id="w109">
          <Coords points="926,1395 948,1395 948,1435 926,1435"/>
          <TextEquiv>
            <Unicode>ه</Unicode>
          </TextEquiv>
        </Word>
        <Word id="w110">
          <Coords points="876,1417 901,1417 901,1445 876,1445"/>
          <TextEquiv>
            <Unicode>و</Unicode>
          </TextEquiv>
        </Word>
        <Word id="w111">
          <Coords points="873,1387 880,1387 880,1428 873,1428"/>
          <TextEquiv>
            <Unicode>ا</Unicode>
          </TextEquiv>
        </Word>
        <Word id="w112">
          <Coords points="843,1419 867,1419 867,1448 843,1448"/>
          <TextEquiv>
            <Unicode>و</Unicode>
          </TextEquiv>
        </Word>
        <Word id="w113">
          <Coords points="772,1385 843,1385 843,1451 772,1451"/>
          <TextEquiv>
            <Unicode>حينا</Unicode>
          </TextEquiv>
        </Word>
        <Word id="w114">
          <Coords points="756,1398 764,1398 764,1431 756,1431"/>
          <TextEquiv>
            <Unicode>ا</Unicode>
          </TextEquiv>
        </Word>
        <Word id="w115">
          <Coords points="722,1389 751,1389 751,1452 722,1452"/>
          <TextEquiv>
            <Unicode>لى</Unicode>
          </TextEquiv>
        </Word>
        <Word id="w116">
          <Coords points="708,1387 728,1387 728,1440 708,1440"/>
          <TextEquiv>
            <Unicode>ا</Unicode>
          </TextEquiv>
        </Word>
        <Word id="w117">
          <Coords points="675,1417 712,1417 712,1445 675,1445"/>
          <TextEquiv>
            <Unicode>بر</Unicode>
          </TextEquiv>
        </Word>
        <Word id="w118">
          <Coords points="625,1408 680,1408 680,1487 625,1487"/>
          <TextEquiv>
            <Unicode>هيم</Unicode>
          </TextEquiv>
        </Word>
        <Word id="w119">
          <Coords points="594,1414 617,1414 617,1441 594,1441"/>
          <TextEquiv>
            <Unicode>و</Unicode>
          </TextEquiv>
        </Word>
        <Word id="w120">
          <Coords points="580,1383 600,1383 600,1429 580,1429"/>
          <TextEquiv>
            <Unicode>ا</Unicode>
          </TextEquiv>
        </Word>
        <Word id="w121">
          <Coords points="461,1393 577,1393 577,1465 461,1465"/>
          <TextEquiv>
            <Unicode>سمعيل</Unicode>
          </TextEquiv>
        </Word>
        <Word id="w122">
          <Coords points="440,1415 472,1415 472,1445 440,1445"/>
          <TextEquiv>
            <Unicode>و</Unicode>
          </TextEquiv>
        </Word>
        <Word id="w123">
          <Coords points="437,1373 451,1373 451,1420 437,1420"/>
          <TextEquiv>
            <Unicode>ا</Unicode>
          </TextEquiv>
        </Word>
        <Word id="w124">
          <Coords points="349,1409 376,1409 376,1439 349,1439"/>
          <TextEquiv>
            <Unicode>و</Unicode>
          </TextEquiv>
        </Word>
        <Word id="w125">
          <Coords points="284,1396 431,1396 431,1463 284,1463"/>
          <TextEquiv>
            <Unicode>سحق</Unicode>
          </TextEquiv>
        </Word>
        <Word id="w126">
          <Coords points="277,1384 356,1384 356,1440 277,1440"/>
          <TextEquiv>
            <Unicode>يعقو</Unicode>
          </TextEquiv>
        </Word>
        <Word id="w127">
          <Coords points="256,1372 293,1372 293,1416 256,1416"/>
          <TextEquiv>
            <Unicode>ب</Unicode>
          </TextEquiv>
        </Word>
        <TextEquiv>
          <Unicode> بعد ه و ا و حينا ا لى ا بر هيم و ا سمعيل و ا و سحق يعقو ب</Unicode>
        </TextEquiv>
      </TextLine>
      <TextLine id="l6">
        <Coords points="260,1488 999,1488 999,1586 260,1586"/>
        <Word id="w128">
          <Coords points="974,1540 998,1540 998,1565 974,1565"/>
          <TextEquiv>
            <Unicode>و</Unicode>
          </TextEquiv>
        </Word>
        <Word id="w129">
          <Coords points="972,1507 985,1507 985,1549 972,1549"/>
          <TextEquiv>
            <Unicode>ا</Unicode>
          </TextEquiv>
        </Word>
        <Word id="w130">
          <Coords points="929,1507 972,1507 972,1558 929,1558"/>
          <TextEquiv>
            <Unicode>لا</Unicode>
          </TextEquiv>
        </Word>
        <Word id="w131">
          <Coords points="879,1507 933,1507 933,1570 879,1570"/>
          <TextEquiv>
            <Unicode>سا</Unicode>
          </TextEquiv>
        </Word>
        <Word id="w132">
          <Coords points="836,1509 875,1509 875,1561 836,1561"/>
          <TextEquiv>
            <Unicode>ط</Unicode>
          </TextEquiv>
        </Word>
        <Word id="w133">
          <Coords points="805,1537 828,1537 828,1562 805,1562"/>
          <TextEquiv>
            <Unicode>و</Unicode>
          </TextEquiv>
        </Word>
        <Word id="w134">
          <Coords points="723,1524 805,1524 805,1585 723,1585"/>
          <TextEquiv>
            <Unicode>عيسى</Unicode>
          </TextEquiv>
        </Word>
        <Word id="w135">
          <Coords points="704,1537 732,1537 732,1569 704,1569"/>
          <TextEquiv>
            <Unicode>و</Unicode>
          </TextEquiv>
        </Word>
        <Word id="w136">
          <Coords points="692,1514 700,1514 700,1555 692,1555"/>
          <TextEquiv>
            <Unicode>ا</Unicode>
          </TextEquiv>
        </Word>
        <Word id="w137">
          <Coords points="644,1533 692,1533 692,1584 644,1584"/>
          <TextEquiv>
            <Unicode>يو</Unicode>
          </TextEquiv>
        </Word>
        <Word id="w138">
          <Coords points="597,1536 649,1536 649,1581 597,1581"/>
          <TextEquiv>
            <Unicode>ب</Unicode>
          </TextEquiv>
        </Word>
        <Word id="w139">
          <Coords points="565,1544 588,1544 588,1569 565,1569"/>
          <TextEquiv>
            <Unicode>و</Unicode>
          </TextEquiv>
        </Word>
        <Word id="w140">
          <Coords points="532,1533 571,1533 571,1584 532,1584"/>
          <TextEquiv>
            <Unicode>يو</Unicode>
          </TextEquiv>
        </Word>
        <Word id="w141">
          <Coords points="484,1520 536,1520 536,1577 484,1577"/>
          <TextEquiv>
            <Unicode>نس</Unicode>
          </TextEquiv>
        </Word>
        <Word id="w142">
          <Coords points="466,1531 495,1531 495,1561 466,1561"/>
          <TextEquiv>
            <Unicode>و</Unicode>
          </TextEquiv>
        </Word>
        <Word id="w143">
          <Coords points="416,1530 464,1530 464,1570 416,1570"/>
          <TextEquiv>
            <Unicode>هر</Unicode>
          </TextEquiv>
        </Word>
        <Word id="w144">
          <Coords points="392,1537 418,1537 418,1564 392,1564"/>
          <TextEquiv>
            <Unicode>و</Unicode>
          </TextEquiv>
        </Word>
        <Word id="w145">
          <Coords points="363,1521 392,1521 392,1558 363,1558"/>
          <TextEquiv>
            <Unicode>ن</Unicode>
          </TextEquiv>
        </Word>
        <Word id="w146">
          <Coords points="320,1532 352,1532 352,1564 320,1564"/>
          <TextEquiv>
            <Unicode>و</Unicode>
          </TextEquiv>
        </Word>
        <Word id="w147">
          <Coords points="260,1488 368,1488 368,1560 260,1560"/>
          <TextEquiv>
            <Unicode>سليمن</Unicode>
          </TextEquiv>
        </Word>
        <TextEquiv>
          <Unicode> و ا لا سا ط و عيسى و ا يو ب و يو نس و هر و ن و سليمن</Unicode>
        </TextEquiv>
      </TextLine>
      <TextLine id="l7">
        <Coords points="259,1606 977,1606 977,1713 259,1713"/>
        <Word id="w148">
          <Coords points="965,1631 976,1631 976,1676 965,1676"/>
          <TextEquiv>
            <Unicode>ا</Unicode>
          </TextEquiv>
        </Word>
        <Word id="w149">
          <Coords points="913,1629 960,1629 960,1696 913,1696"/>
          <TextEquiv>
            <Unicode>تينا</Unicode>
          </TextEquiv>
        </Word>
        <Word id="w150">
          <Coords points="885,1660 902,1660 902,1680 885,1680"/>
          <TextEquiv>
            <Unicode>د</Unicode>
          </TextEquiv>
        </Word>
        <Word id="w151">
          <Coords points="874,1632 881,1632 881,1669 874,1669"/>
          <TextEquiv>
            <Unicode>ا</Unicode>
          </TextEquiv>
        </Word>
        <Word id="w152">
          <Coords points="846,1658 870,1658 870,1690 846,1690"/>
          <TextEquiv>
            <Unicode>و</Unicode>
          </TextEquiv>
        </Word>
        <Word id="w153">
          <Coords points="833,1656 850,1656 850,1676 833,1676"/>
          <TextEquiv>
            <Unicode>د</Unicode>
          </TextEquiv>
        </Word>
        <Word id="w154">
          <Coords points="794,1657 818,1657 818,1682 794,1682"/>
          <TextEquiv>
            <Unicode>ر</Unicode>
          </TextEquiv>
        </Word>
        <Word id="w155">
          <Coords points="763,1649 795,1649 795,1698 763,1698"/>
          <TextEquiv>
            <Unicode>لو</Unicode>
          </TextEquiv>
        </Word>
        <Word id="w156">
          <Coords points="738,1657 762,1657 762,1679 738,1679"/>
          <TextEquiv>
            <Unicode>ر</Unicode>
          </TextEquiv>
        </Word>
        <Word id="w157">
          <Coords points="730,1618 746,1618 746,1665 730,1665"/>
          <TextEquiv>
            <Unicode>ا</Unicode>
          </TextEquiv>
        </Word>
        <Word id="w158">
          <Coords points="646,1655 681,1655 681,1687 646,1687"/>
          <TextEquiv>
            <Unicode>و</Unicode>
          </TextEquiv>
        </Word>
        <Word id="w159">
          <Coords points="634,1650 656,1650 656,1674 634,1674"/>
          <TextEquiv>
            <Unicode>ر</Unicode>
          </TextEquiv>
        </Word>
        <Word id="w160">
          <Coords points="563,1635 630,1635 630,1677 563,1677"/>
          <TextEquiv>
            <Unicode>سلا</Unicode>
          </TextEquiv>
        </Word>
        <Word id="w161">
          <Coords points="518,1635 556,1635 556,1678 518,1678"/>
          <TextEquiv>
            <Unicode>قد</Unicode>
          </TextEquiv>
        </Word>
        <Word id="w162">
          <Coords points="396,1623 516,1623 516,1682 396,1682"/>
          <TextEquiv>
            <Unicode>قصصنا</Unicode>
          </TextEquiv>
        </Word>
        <Word id="w163">
          <Coords points="360,1645 392,1645 392,1712 360,1712"/>
          <TextEquiv>
            <Unicode>هم</Unicode>
          </TextEquiv>
        </Word>
        <Word id="w164">
          <Coords points="259,1606 360,1606 360,1698 259,1698"/>
          <TextEquiv>
            <Unicode>عليك</Unicode>
          </TextEquiv>
        </Word>
        <TextEquiv>
          <Unicode> ا تينا د ا و د ر لو ر ا و ر سلا قد قصصنا هم عليك</Unicode>
        </TextEquiv>
      </TextLine>
    </TextRegion>
  </Page>
</PcGts>
