<?xml version='1.0' encoding='utf-8'?>
<PcGts xmlns:xsi="http://www.w3.org/2001/XMLSchema-instance" xmlns="http://schema.primaresearch.org/PAGE/gts/pagecontent/2019-07-15" xsi:schemaLocation="http://schema.primaresearch.org/PAGE/gts/pagecontent/2019-07-15 http://schema.primaresearch.org/PAGE/gts/pagecontent/2019-07-15/pagecontent.xsd" pcGtsId="pc-aletheiaexamplepage">
  <Metadata>
    <Creator>PRImA Research Lab</Creator>
    <Created>2015-07-17T15:27:13</Created>
    <LastChange>2017-07-14T10:03:33</LastChange>
    <Comments>Example Page</Comments>
  </Metadata>
  <Page imageFilename="3157556/0091-1.png" imageWidth="1286" imageHeight="2074">
    <TextRegion id="r0" type="paragraph">
      <Coords points="1,1 1284,1 1284,2072 1,2072"/>
      <TextLine id="l0">
        <Coords points="264,386 1030,386 1030,506 264,506"/>
        <Word id="w0">
          <Coords points="989,412 1029,412 1029,496 989,496"/>
          <TextEquiv>
            <Unicode>ثم</Unicode>
          </TextEquiv>
        </Word>
        <Word id="w1">
          <Coords points="960,403 981,403 981,462 960,462"/>
          <TextEquiv>
            <Unicode>تا</Unicode>
          </TextEquiv>
        </Word>
        <Word id="w2">
          <Coords points="914,440 952,440 952,472 914,472"/>
          <TextEquiv>
            <Unicode>ب</Unicode>
          </TextEquiv>
        </Word>
        <Word id="w3">
          <Coords points="905,400 919,400 919,447 905,447"/>
          <TextEquiv>
            <Unicode>ا</Unicode>
          </TextEquiv>
        </Word>
        <Word id="w4">
          <Coords points="880,441 904,441 904,459 880,459"/>
          <TextEquiv>
            <Unicode>لله</Unicode>
          </TextEquiv>
        </Word>
        <Word id="w5">
          <Coords points="787,408 868,408 868,503 787,503"/>
          <TextEquiv>
            <Unicode>عليهم</Unicode>
          </TextEquiv>
        </Word>
        <Word id="w6">
          <Coords points="745,407 776,407 776,467 745,467"/>
          <TextEquiv>
            <Unicode>ثم</Unicode>
          </TextEquiv>
        </Word>
        <Word id="w7">
          <Coords points="637,422 744,422 744,477 637,477"/>
          <TextEquiv>
            <Unicode>عمو</Unicode>
          </TextEquiv>
        </Word>
        <Word id="w8">
          <Coords points="627,403 641,403 641,458 627,458"/>
          <TextEquiv>
            <Unicode>ا</Unicode>
          </TextEquiv>
        </Word>
        <Word id="w9">
          <Coords points="595,441 620,441 620,467 595,467"/>
          <TextEquiv>
            <Unicode>و</Unicode>
          </TextEquiv>
        </Word>
        <Word id="w10">
          <Coords points="533,420 605,420 605,475 533,475"/>
          <TextEquiv>
            <Unicode>صمو</Unicode>
          </TextEquiv>
        </Word>
        <Word id="w11">
          <Coords points="521,406 535,406 535,451 521,451"/>
          <TextEquiv>
            <Unicode>ا</Unicode>
          </TextEquiv>
        </Word>
        <Word id="w12">
          <Coords points="457,386 535,386 535,481 457,481"/>
          <TextEquiv>
            <Unicode>كثير</Unicode>
          </TextEquiv>
        </Word>
        <Word id="w13">
          <Coords points="398,422 467,422 467,505 398,505"/>
          <TextEquiv>
            <Unicode>منهم</Unicode>
          </TextEquiv>
        </Word>
        <Word id="w14">
          <Coords points="359,441 389,441 389,473 359,473"/>
          <TextEquiv>
            <Unicode>و</Unicode>
          </TextEquiv>
        </Word>
        <Word id="w15">
          <Coords points="356,407 371,407 371,450 356,450"/>
          <TextEquiv>
            <Unicode>ا</Unicode>
          </TextEquiv>
        </Word>
        <Word id="w16">
          <Coords points="331,441 354,441 354,461 331,461"/>
          <TextEquiv>
            <Unicode>لله</Unicode>
          </TextEquiv>
        </Word>
        <Word id="w17">
          <Coords points="264,420 344,420 344,475 264,475"/>
          <TextEquiv>
            <Unicode>بصير</Unicode>
          </TextEquiv>
        </Word>
        <TextEquiv>
          <Unicode> ثم تا ب ا لله عليهم ثم عمو ا و صمو ا كثير منهم و ا لله بصير</Unicode>
        </TextEquiv>
      </TextLine>
      <TextLine id="l1">
        <Coords points="284,514 1025,514 1025,631 284,631"/>
        <Word id="w18">
          <Coords points="984,534 1024,534 1024,593 984,593"/>
          <TextEquiv>
            <Unicode>بما</Unicode>
          </TextEquiv>
        </Word>
        <Word id="w19">
          <Coords points="912,540 978,540 978,603 912,603"/>
          <TextEquiv>
            <Unicode>يعملو</Unicode>
          </TextEquiv>
        </Word>
        <Word id="w20">
          <Coords points="892,535 927,535 927,576 892,576"/>
          <TextEquiv>
            <Unicode>ن</Unicode>
          </TextEquiv>
        </Word>
        <Word id="w21">
          <Coords points="796,536 853,536 853,587 796,587"/>
          <TextEquiv>
            <Unicode>لقد</Unicode>
          </TextEquiv>
        </Word>
        <Word id="w22">
          <Coords points="747,514 796,514 796,599 747,599"/>
          <TextEquiv>
            <Unicode>كفر</Unicode>
          </TextEquiv>
        </Word>
        <Word id="w23">
          <Coords points="740,532 759,532 759,579 740,579"/>
          <TextEquiv>
            <Unicode>ا</Unicode>
          </TextEquiv>
        </Word>
        <Word id="w24">
          <Coords points="699,537 732,537 732,584 699,584"/>
          <TextEquiv>
            <Unicode>لذ</Unicode>
          </TextEquiv>
        </Word>
        <Word id="w25">
          <Coords points="660,554 704,554 704,614 660,614"/>
          <TextEquiv>
            <Unicode>ين</Unicode>
          </TextEquiv>
        </Word>
        <Word id="w26">
          <Coords points="632,534 655,534 655,581 632,581"/>
          <TextEquiv>
            <Unicode>قا</Unicode>
          </TextEquiv>
        </Word>
        <Word id="w27">
          <Coords points="594,538 625,538 625,595 594,595"/>
          <TextEquiv>
            <Unicode>لو</Unicode>
          </TextEquiv>
        </Word>
        <Word id="w28">
          <Coords points="582,529 597,529 597,576 582,576"/>
          <TextEquiv>
            <Unicode>ا</Unicode>
          </TextEquiv>
        </Word>
        <Word id="w29">
          <Coords points="567,532 578,532 578,572 567,572"/>
          <TextEquiv>
            <Unicode>ا</Unicode>
          </TextEquiv>
        </Word>
        <Word id="w30">
          <Coords points="538,559 561,559 561,587 538,587"/>
          <TextEquiv>
            <Unicode>ن</Unicode>
          </TextEquiv>
        </Word>
        <Word id="w31">
          <Coords points="520,527 535,527 535,568 520,568"/>
          <TextEquiv>
            <Unicode>ا</Unicode>
          </TextEquiv>
        </Word>
        <Word id="w32">
          <Coords points="496,562 521,562 521,584 496,584"/>
          <TextEquiv>
            <Unicode>لله</Unicode>
          </TextEquiv>
        </Word>
        <Word id="w33">
          <Coords points="436,556 484,556 484,596 436,596"/>
          <TextEquiv>
            <Unicode>هو</Unicode>
          </TextEquiv>
        </Word>
        <Word id="w34">
          <Coords points="430,525 437,525 437,580 430,580"/>
          <TextEquiv>
            <Unicode>ا</Unicode>
          </TextEquiv>
        </Word>
        <Word id="w35">
          <Coords points="343,533 421,533 421,630 343,630"/>
          <TextEquiv>
            <Unicode>لمسيح</Unicode>
          </TextEquiv>
        </Word>
        <Word id="w36">
          <Coords points="336,515 348,515 348,567 336,567"/>
          <TextEquiv>
            <Unicode>ا</Unicode>
          </TextEquiv>
        </Word>
        <Word id="w37">
          <Coords points="284,535 329,535 329,588 284,588"/>
          <TextEquiv>
            <Unicode>بن</Unicode>
          </TextEquiv>
        </Word>
        <TextEquiv>
          <Unicode> بما يعملو ن لقد كفر ا لذ ين قا لو ا ا ن ا لله هو ا لمسيح ا بن</Unicode>
        </TextEquiv>
      </TextLine>
      <TextLine id="l2">
        <Coords points="275,612 1023,612 1023,753 275,753"/>
        <Word id="w38">
          <Coords points="978,682 1022,682 1022,716 978,716"/>
          <TextEquiv>
            <Unicode>مر</Unicode>
          </TextEquiv>
        </Word>
        <Word id="w39">
          <Coords points="955,666 995,666 995,748 955,748"/>
          <TextEquiv>
            <Unicode>يم</Unicode>
          </TextEquiv>
        </Word>
        <Word id="w40">
          <Coords points="924,684 947,684 947,711 924,711"/>
          <TextEquiv>
            <Unicode>و</Unicode>
          </TextEquiv>
        </Word>
        <Word id="w41">
          <Coords points="901,635 920,635 920,698 901,698"/>
          <TextEquiv>
            <Unicode>قا</Unicode>
          </TextEquiv>
        </Word>
        <Word id="w42">
          <Coords points="874,652 896,652 896,712 874,712"/>
          <TextEquiv>
            <Unicode>ل</Unicode>
          </TextEquiv>
        </Word>
        <Word id="w43">
          <Coords points="860,645 880,645 880,708 860,708"/>
          <TextEquiv>
            <Unicode>ا</Unicode>
          </TextEquiv>
        </Word>
        <Word id="w44">
          <Coords points="775,656 857,656 857,752 775,752"/>
          <TextEquiv>
            <Unicode>لمسيح</Unicode>
          </TextEquiv>
        </Word>
        <Word id="w45">
          <Coords points="748,657 769,657 769,720 748,720"/>
          <TextEquiv>
            <Unicode>يا</Unicode>
          </TextEquiv>
        </Word>
        <Word id="w46">
          <Coords points="691,650 741,650 741,734 691,734"/>
          <TextEquiv>
            <Unicode>بني</Unicode>
          </TextEquiv>
        </Word>
        <Word id="w47">
          <Coords points="688,647 705,647 705,688 688,688"/>
          <TextEquiv>
            <Unicode>ا</Unicode>
          </TextEquiv>
        </Word>
        <Word id="w48">
          <Coords points="637,686 682,686 682,715 637,715"/>
          <TextEquiv>
            <Unicode>سر</Unicode>
          </TextEquiv>
        </Word>
        <Word id="w49">
          <Coords points="626,652 641,652 641,699 626,699"/>
          <TextEquiv>
            <Unicode>ا</Unicode>
          </TextEquiv>
        </Word>
        <Word id="w50">
          <Coords points="590,645 621,645 621,720 590,720"/>
          <TextEquiv>
            <Unicode>ئل</Unicode>
          </TextEquiv>
        </Word>
        <Word id="w51">
          <Coords points="579,649 596,649 596,688 579,688"/>
          <TextEquiv>
            <Unicode>ا</Unicode>
          </TextEquiv>
        </Word>
        <Word id="w52">
          <Coords points="516,670 576,670 576,721 516,721"/>
          <TextEquiv>
            <Unicode>عبد</Unicode>
          </TextEquiv>
        </Word>
        <Word id="w53">
          <Coords points="490,677 514,677 514,719 490,719"/>
          <TextEquiv>
            <Unicode>و</Unicode>
          </TextEquiv>
        </Word>
        <Word id="w54">
          <Coords points="481,653 500,653 500,708 481,708"/>
          <TextEquiv>
            <Unicode>ا</Unicode>
          </TextEquiv>
        </Word>
        <Word id="w55">
          <Coords points="462,656 470,656 470,697 462,697"/>
          <TextEquiv>
            <Unicode>ا</Unicode>
          </TextEquiv>
        </Word>
        <Word id="w56">
          <Coords points="428,684 456,684 456,706 428,706"/>
          <TextEquiv>
            <Unicode>لله</Unicode>
          </TextEquiv>
        </Word>
        <Word id="w57">
          <Coords points="391,678 414,678 414,705 391,705"/>
          <TextEquiv>
            <Unicode>ر</Unicode>
          </TextEquiv>
        </Word>
        <Word id="w58">
          <Coords points="353,663 401,663 401,717 353,717"/>
          <TextEquiv>
            <Unicode>بى</Unicode>
          </TextEquiv>
        </Word>
        <Word id="w59">
          <Coords points="335,668 361,668 361,695 335,695"/>
          <TextEquiv>
            <Unicode>و</Unicode>
          </TextEquiv>
        </Word>
        <Word id="w60">
          <Coords points="312,670 332,670 332,696 312,696"/>
          <TextEquiv>
            <Unicode>ر</Unicode>
          </TextEquiv>
        </Word>
        <Word id="w61">
          <Coords points="275,612 328,612 328,716 275,716"/>
          <TextEquiv>
            <Unicode>بكم</Unicode>
          </TextEquiv>
        </Word>
        <TextEquiv>
          <Unicode> مر يم و قا ل ا لمسيح يا بني ا سر ا ئل ا عبد و ا ا لله ر بى و ر بكم</Unicode>
        </TextEquiv>
      </TextLine>
      <TextLine id="l3">
        <Coords points="261,760 1026,760 1026,853 261,853"/>
        <Word id="w62">
          <Coords points="1011,781 1025,781 1025,820 1011,820"/>
          <TextEquiv>
            <Unicode>ا</Unicode>
          </TextEquiv>
        </Word>
        <Word id="w63">
          <Coords points="975,801 1006,801 1006,832 975,832"/>
          <TextEquiv>
            <Unicode>نه</Unicode>
          </TextEquiv>
        </Word>
        <Word id="w64">
          <Coords points="932,794 975,794 975,839 932,839"/>
          <TextEquiv>
            <Unicode>من</Unicode>
          </TextEquiv>
        </Word>
        <Word id="w65">
          <Coords points="872,787 927,787 927,844 872,844"/>
          <TextEquiv>
            <Unicode>يشر</Unicode>
          </TextEquiv>
        </Word>
        <Word id="w66">
          <Coords points="838,771 873,771 873,820 838,820"/>
          <TextEquiv>
            <Unicode>ك</Unicode>
          </TextEquiv>
        </Word>
        <Word id="w67">
          <Coords points="806,776 836,776 836,836 806,836"/>
          <TextEquiv>
            <Unicode>با</Unicode>
          </TextEquiv>
        </Word>
        <Word id="w68">
          <Coords points="774,807 802,807 802,829 774,829"/>
          <TextEquiv>
            <Unicode>لله</Unicode>
          </TextEquiv>
        </Word>
        <Word id="w69">
          <Coords points="690,784 763,784 763,835 690,835"/>
          <TextEquiv>
            <Unicode>فقد</Unicode>
          </TextEquiv>
        </Word>
        <Word id="w70">
          <Coords points="643,798 691,798 691,841 643,841"/>
          <TextEquiv>
            <Unicode>حر</Unicode>
          </TextEquiv>
        </Word>
        <Word id="w71">
          <Coords points="610,810 647,810 647,842 610,842"/>
          <TextEquiv>
            <Unicode>م</Unicode>
          </TextEquiv>
        </Word>
        <Word id="w72">
          <Coords points="608,772 625,772 625,820 608,820"/>
          <TextEquiv>
            <Unicode>ا</Unicode>
          </TextEquiv>
        </Word>
        <Word id="w73">
          <Coords points="575,806 604,806 604,827 575,827"/>
          <TextEquiv>
            <Unicode>لله</Unicode>
          </TextEquiv>
        </Word>
        <Word id="w74">
          <Coords points="473,778 568,778 568,852 473,852"/>
          <TextEquiv>
            <Unicode>عليه</Unicode>
          </TextEquiv>
        </Word>
        <Word id="w75">
          <Coords points="450,772 464,772 464,820 450,820"/>
          <TextEquiv>
            <Unicode>ا</Unicode>
          </TextEquiv>
        </Word>
        <Word id="w76">
          <Coords points="360,778 456,778 456,841 360,841"/>
          <TextEquiv>
            <Unicode>لجنة</Unicode>
          </TextEquiv>
        </Word>
        <Word id="w77">
          <Coords points="327,807 352,807 352,834 327,834"/>
          <TextEquiv>
            <Unicode>و</Unicode>
          </TextEquiv>
        </Word>
        <Word id="w78">
          <Coords points="309,760 344,760 344,811 309,811"/>
          <TextEquiv>
            <Unicode>ما</Unicode>
          </TextEquiv>
        </Word>
        <Word id="w79">
          <Coords points="284,788 309,788 309,821 284,821"/>
          <TextEquiv>
            <Unicode>و</Unicode>
          </TextEquiv>
        </Word>
        <Word id="w80">
          <Coords points="261,782 288,782 288,803 261,803"/>
          <TextEquiv>
            <Unicode>به</Unicode>
          </TextEquiv>
        </Word>
        <TextEquiv>
          <Unicode> ا نه من يشر ك با لله فقد حر م ا لله عليه ا لجنة و ما و به</Unicode>
        </TextEquiv>
      </TextLine>
      <TextLine id="l4">
        <Coords points="279,1240 1028,1240 1028,1321 279,1321"/>
        <Word id="w81">
          <Coords points="968,1259 1027,1259 1027,1312 968,1312"/>
          <TextEquiv>
            <Unicode>لقد</Unicode>
          </TextEquiv>
        </Word>
        <Word id="w82">
          <Coords points="837,1253 972,1253 972,1320 837,1320"/>
          <TextEquiv>
            <Unicode>كفر</Unicode>
          </TextEquiv>
        </Word>
        <Word id="w83">
          <Coords points="836,1252 849,1252 849,1289 836,1289"/>
          <TextEquiv>
            <Unicode>ا</Unicode>
          </TextEquiv>
        </Word>
        <Word id="w84">
          <Coords points="803,1247 830,1247 830,1293 803,1293"/>
          <TextEquiv>
            <Unicode>لذ</Unicode>
          </TextEquiv>
        </Word>
        <Word id="w85">
          <Coords points="759,1271 803,1271 803,1313 759,1313"/>
          <TextEquiv>
            <Unicode>ين</Unicode>
          </TextEquiv>
        </Word>
        <Word id="w86">
          <Coords points="726,1249 754,1249 754,1299 726,1299"/>
          <TextEquiv>
            <Unicode>قا</Unicode>
          </TextEquiv>
        </Word>
        <Word id="w87">
          <Coords points="691,1256 721,1256 721,1312 691,1312"/>
          <TextEquiv>
            <Unicode>لو</Unicode>
          </TextEquiv>
        </Word>
        <Word id="w88">
          <Coords points="680,1252 695,1252 695,1304 680,1304"/>
          <TextEquiv>
            <Unicode>ا</Unicode>
          </TextEquiv>
        </Word>
        <Word id="w89">
          <Coords points="664,1257 671,1257 671,1296 664,1296"/>
          <TextEquiv>
            <Unicode>ا</Unicode>
          </TextEquiv>
        </Word>
        <Word id="w90">
          <Coords points="621,1276 656,1276 656,1312 621,1312"/>
          <TextEquiv>
            <Unicode>ن</Unicode>
          </TextEquiv>
        </Word>
        <Word id="w91">
          <Coords points="613,1240 635,1240 635,1283 613,1283"/>
          <TextEquiv>
            <Unicode>ا</Unicode>
          </TextEquiv>
        </Word>
        <Word id="w92">
          <Coords points="587,1276 615,1276 615,1299 587,1299"/>
          <TextEquiv>
            <Unicode>لله</Unicode>
          </TextEquiv>
        </Word>
        <Word id="w93">
          <Coords points="553,1252 577,1252 577,1299 553,1299"/>
          <TextEquiv>
            <Unicode>ثا</Unicode>
          </TextEquiv>
        </Word>
        <Word id="w94">
          <Coords points="483,1253 543,1253 543,1304 483,1304"/>
          <TextEquiv>
            <Unicode>لث</Unicode>
          </TextEquiv>
        </Word>
        <Word id="w95">
          <Coords points="406,1240 481,1240 481,1304 406,1304"/>
          <TextEquiv>
            <Unicode>ثة</Unicode>
          </TextEquiv>
        </Word>
        <Word id="w96">
          <Coords points="361,1279 385,1279 385,1307 361,1307"/>
          <TextEquiv>
            <Unicode>و</Unicode>
          </TextEquiv>
        </Word>
        <Word id="w97">
          <Coords points="332,1241 365,1241 365,1296 332,1296"/>
          <TextEquiv>
            <Unicode>ما</Unicode>
          </TextEquiv>
        </Word>
        <Word id="w98">
          <Coords points="279,1261 327,1261 327,1299 279,1299"/>
          <TextEquiv>
            <Unicode>من</Unicode>
          </TextEquiv>
        </Word>
        <TextEquiv>
          <Unicode> لقد كفر ا لذ ين قا لو ا ا ن ا لله ثا لث ثة و ما من</Unicode>
        </TextEquiv>
      </TextLine>
      <TextLine id="l5">
        <Coords points="292,1345 1026,1345 1026,1436 292,1436"/>
        <Word id="w99">
          <Coords points="1012,1371 1025,1371 1025,1419 1012,1419"/>
          <TextEquiv>
            <Unicode>ا</Unicode>
          </TextEquiv>
        </Word>
        <Word id="w100">
          <Coords points="984,1380 1005,1380 1005,1420 984,1420"/>
          <TextEquiv>
            <Unicode>له</Unicode>
          </TextEquiv>
        </Word>
        <Word id="w101">
          <Coords points="968,1368 979,1368 979,1417 968,1417"/>
          <TextEquiv>
            <Unicode>ا</Unicode>
          </TextEquiv>
        </Word>
        <Word id="w102">
          <Coords points="923,1372 964,1372 964,1415 923,1415"/>
          <TextEquiv>
            <Unicode>لا</Unicode>
          </TextEquiv>
        </Word>
        <Word id="w103">
          <Coords points="912,1368 927,1368 927,1416 912,1416"/>
          <TextEquiv>
            <Unicode>ا</Unicode>
          </TextEquiv>
        </Word>
        <Word id="w104">
          <Coords points="871,1372 902,1372 902,1425 871,1425"/>
          <TextEquiv>
            <Unicode>له</Unicode>
          </TextEquiv>
        </Word>
        <Word id="w105">
          <Coords points="841,1393 862,1393 862,1420 841,1420"/>
          <TextEquiv>
            <Unicode>و</Unicode>
          </TextEquiv>
        </Word>
        <Word id="w106">
          <Coords points="828,1364 848,1364 848,1412 828,1412"/>
          <TextEquiv>
            <Unicode>ا</Unicode>
          </TextEquiv>
        </Word>
        <Word id="w107">
          <Coords points="779,1384 833,1384 833,1414 779,1414"/>
          <TextEquiv>
            <Unicode>حد</Unicode>
          </TextEquiv>
        </Word>
        <Word id="w108">
          <Coords points="740,1389 767,1389 767,1420 740,1420"/>
          <TextEquiv>
            <Unicode>و</Unicode>
          </TextEquiv>
        </Word>
        <Word id="w109">
          <Coords points="732,1365 744,1365 744,1411 732,1411"/>
          <TextEquiv>
            <Unicode>ا</Unicode>
          </TextEquiv>
        </Word>
        <Word id="w110">
          <Coords points="703,1376 726,1376 726,1415 703,1415"/>
          <TextEquiv>
            <Unicode>ن</Unicode>
          </TextEquiv>
        </Word>
        <Word id="w111">
          <Coords points="671,1365 696,1365 696,1417 671,1417"/>
          <TextEquiv>
            <Unicode>لم</Unicode>
          </TextEquiv>
        </Word>
        <Word id="w112">
          <Coords points="593,1370 668,1370 668,1431 593,1431"/>
          <TextEquiv>
            <Unicode>ينتهو</Unicode>
          </TextEquiv>
        </Word>
        <Word id="w113">
          <Coords points="585,1360 601,1360 601,1407 585,1407"/>
          <TextEquiv>
            <Unicode>ا</Unicode>
          </TextEquiv>
        </Word>
        <Word id="w114">
          <Coords points="532,1367 576,1367 576,1420 532,1420"/>
          <TextEquiv>
            <Unicode>عما</Unicode>
          </TextEquiv>
        </Word>
        <Word id="w115">
          <Coords points="470,1374 524,1374 524,1435 470,1435"/>
          <TextEquiv>
            <Unicode>يقو</Unicode>
          </TextEquiv>
        </Word>
        <Word id="w116">
          <Coords points="432,1363 468,1363 468,1426 432,1426"/>
          <TextEquiv>
            <Unicode>لو</Unicode>
          </TextEquiv>
        </Word>
        <Word id="w117">
          <Coords points="404,1382 432,1382 432,1411 404,1411"/>
          <TextEquiv>
            <Unicode>ن</Unicode>
          </TextEquiv>
        </Word>
        <Word id="w118">
          <Coords points="292,1345 400,1345 400,1425 292,1425"/>
          <TextEquiv>
            <Unicode>ليمسن</Unicode>
          </TextEquiv>
        </Word>
        <TextEquiv>
          <Unicode> ا له ا لا ا له و ا حد و ا ن لم ينتهو ا عما يقو لو ن ليمسن</Unicode>
        </TextEquiv>
      </TextLine>
      <TextLine id="l6">
        <Coords points="273,1460 1028,1460 1028,1586 273,1586"/>
        <Word id="w119">
          <Coords points="1013,1492 1027,1492 1027,1540 1013,1540"/>
          <TextEquiv>
            <Unicode>ا</Unicode>
          </TextEquiv>
        </Word>
        <Word id="w120">
          <Coords points="972,1493 1007,1493 1007,1544 972,1544"/>
          <TextEquiv>
            <Unicode>لذ</Unicode>
          </TextEquiv>
        </Word>
        <Word id="w121">
          <Coords points="934,1500 982,1500 982,1563 934,1563"/>
          <TextEquiv>
            <Unicode>ين</Unicode>
          </TextEquiv>
        </Word>
        <Word id="w122">
          <Coords points="888,1460 949,1460 949,1552 888,1552"/>
          <TextEquiv>
            <Unicode>كفر</Unicode>
          </TextEquiv>
        </Word>
        <Word id="w123">
          <Coords points="871,1508 900,1508 900,1541 871,1541"/>
          <TextEquiv>
            <Unicode>و</Unicode>
          </TextEquiv>
        </Word>
        <Word id="w124">
          <Coords points="864,1478 880,1478 880,1528 864,1528"/>
          <TextEquiv>
            <Unicode>ا</Unicode>
          </TextEquiv>
        </Word>
        <Word id="w125">
          <Coords points="780,1496 856,1496 856,1585 780,1585"/>
          <TextEquiv>
            <Unicode>منهم</Unicode>
          </TextEquiv>
        </Word>
        <Word id="w126">
          <Coords points="745,1489 788,1489 788,1547 745,1547"/>
          <TextEquiv>
            <Unicode>عذ</Unicode>
          </TextEquiv>
        </Word>
        <Word id="w127">
          <Coords points="735,1482 750,1482 750,1533 735,1533"/>
          <TextEquiv>
            <Unicode>ا</Unicode>
          </TextEquiv>
        </Word>
        <Word id="w128">
          <Coords points="681,1506 736,1506 736,1556 681,1556"/>
          <TextEquiv>
            <Unicode>ب</Unicode>
          </TextEquiv>
        </Word>
        <Word id="w129">
          <Coords points="668,1485 679,1485 679,1533 668,1533"/>
          <TextEquiv>
            <Unicode>ا</Unicode>
          </TextEquiv>
        </Word>
        <Word id="w130">
          <Coords points="626,1488 667,1488 667,1579 626,1579"/>
          <TextEquiv>
            <Unicode>ليم</Unicode>
          </TextEquiv>
        </Word>
        <Word id="w131">
          <Coords points="577,1494 589,1494 589,1545 577,1545"/>
          <TextEquiv>
            <Unicode>ا</Unicode>
          </TextEquiv>
        </Word>
        <Word id="w132">
          <Coords points="516,1493 571,1493 571,1552 516,1552"/>
          <TextEquiv>
            <Unicode>فلا</Unicode>
          </TextEquiv>
        </Word>
        <Word id="w133">
          <Coords points="464,1500 515,1500 515,1560 464,1560"/>
          <TextEquiv>
            <Unicode>يتو</Unicode>
          </TextEquiv>
        </Word>
        <Word id="w134">
          <Coords points="425,1511 465,1511 465,1560 425,1560"/>
          <TextEquiv>
            <Unicode>بو</Unicode>
          </TextEquiv>
        </Word>
        <Word id="w135">
          <Coords points="402,1496 432,1496 432,1532 402,1532"/>
          <TextEquiv>
            <Unicode>ن</Unicode>
          </TextEquiv>
        </Word>
        <Word id="w136">
          <Coords points="382,1473 394,1473 394,1520 382,1520"/>
          <TextEquiv>
            <Unicode>ا</Unicode>
          </TextEquiv>
        </Word>
        <Word id="w137">
          <Coords points="342,1477 380,1477 380,1541 342,1541"/>
          <TextEquiv>
            <Unicode>لى</Unicode>
          </TextEquiv>
        </Word>
        <Word id="w138">
          <Coords points="336,1466 351,1466 351,1518 336,1518"/>
          <TextEquiv>
            <Unicode>ا</Unicode>
          </TextEquiv>
        </Word>
        <Word id="w139">
          <Coords points="305,1501 331,1501 331,1524 305,1524"/>
          <TextEquiv>
            <Unicode>لله</Unicode>
          </TextEquiv>
        </Word>
        <Word id="w140">
          <Coords points="273,1486 300,1486 300,1520 273,1520"/>
          <TextEquiv>
            <Unicode>و</Unicode>
          </TextEquiv>
        </Word>
        <TextEquiv>
          <Unicode> ا لذ ين كفر و ا منهم عذ ا ب ا ليم ا فلا يتو بو ن ا لى ا لله و</Unicode>
        </TextEquiv>
      </TextLine>
      <TextLine id="l7">
        <Coords points="281,1589 1038,1589 1038,1701 281,1701"/>
        <Word id="w141">
          <Coords points="884,1608 1037,1608 1037,1679 884,1679"/>
          <TextEquiv>
            <Unicode>يستغفر</Unicode>
          </TextEquiv>
        </Word>
        <Word id="w142">
          <Coords points="849,1639 883,1639 883,1672 849,1672"/>
          <TextEquiv>
            <Unicode>و</Unicode>
          </TextEquiv>
        </Word>
        <Word id="w143">
          <Coords points="824,1621 860,1621 860,1664 824,1664"/>
          <TextEquiv>
            <Unicode>نه</Unicode>
          </TextEquiv>
        </Word>
        <Word id="w144">
          <Coords points="785,1604 800,1604 800,1647 785,1647"/>
          <TextEquiv>
            <Unicode>ا</Unicode>
          </TextEquiv>
        </Word>
        <Word id="w145">
          <Coords points="759,1639 784,1639 784,1657 759,1657"/>
          <TextEquiv>
            <Unicode>لله</Unicode>
          </TextEquiv>
        </Word>
        <Word id="w146">
          <Coords points="658,1618 754,1618 754,1676 658,1676"/>
          <TextEquiv>
            <Unicode>غفو</Unicode>
          </TextEquiv>
        </Word>
        <Word id="w147">
          <Coords points="638,1635 663,1635 663,1673 638,1673"/>
          <TextEquiv>
            <Unicode>ر</Unicode>
          </TextEquiv>
        </Word>
        <Word id="w148">
          <Coords points="614,1636 636,1636 636,1666 614,1666"/>
          <TextEquiv>
            <Unicode>ر</Unicode>
          </TextEquiv>
        </Word>
        <Word id="w149">
          <Coords points="560,1622 627,1622 627,1700 560,1700"/>
          <TextEquiv>
            <Unicode>حيم</Unicode>
          </TextEquiv>
        </Word>
        <Word id="w150">
          <Coords points="486,1600 521,1600 521,1655 486,1655"/>
          <TextEquiv>
            <Unicode>ما</Unicode>
          </TextEquiv>
        </Word>
        <Word id="w151">
          <Coords points="466,1597 480,1597 480,1649 466,1649"/>
          <TextEquiv>
            <Unicode>ا</Unicode>
          </TextEquiv>
        </Word>
        <Word id="w152">
          <Coords points="370,1598 459,1598 459,1697 370,1697"/>
          <TextEquiv>
            <Unicode>لمسيح</Unicode>
          </TextEquiv>
        </Word>
        <Word id="w153">
          <Coords points="356,1596 367,1596 367,1649 356,1649"/>
          <TextEquiv>
            <Unicode>ا</Unicode>
          </TextEquiv>
        </Word>
        <Word id="w154">
          <Coords points="316,1636 360,1636 360,1671 316,1671"/>
          <TextEquiv>
            <Unicode>بن</Unicode>
          </TextEquiv>
        </Word>
        <Word id="w155">
          <Coords points="311,1600 347,1600 347,1638 311,1638"/>
          <TextEquiv>
            <Unicode>مر</Unicode>
          </TextEquiv>
        </Word>
        <Word id="w156">
          <Coords points="281,1589 317,1589 317,1688 281,1688"/>
          <TextEquiv>
            <Unicode>يم</Unicode>
          </TextEquiv>
        </Word>
        <TextEquiv>
          <Unicode> يستغفر و نه ا لله غفو ر ر حيم ما ا لمسيح ا بن مر يم</Unicode>
        </TextEquiv>
      </TextLine>
    </TextRegion>
  </Page>
</PcGts>
