<?xml version='1.0' encoding='utf-8'?>
<PcGts xmlns:xsi="http://www.w3.org/2001/XMLSchema-instance" xmlns="http://schema.primaresearch.org/PAGE/gts/pagecontent/2019-07-15" xsi:schemaLocation="http://schema.primaresearch.org/PAGE/gts/pagecontent/2019-07-15 http://schema.primaresearch.org/PAGE/gts/pagecontent/2019-07-15/pagecontent.xsd" pcGtsId="pc-aletheiaexamplepage">
  <Metadata>
    <Creator>PRImA Research Lab</Creator>
    <Created>2015-07-17T15:27:13</Created>
    <LastChange>2017-07-14T10:03:33</LastChange>
    <Comments>Example Page</Comments>
  </Metadata>
  <Page imageFilename="3157556/0092-2.png" imageWidth="1295" imageHeight="2078">
    <TextRegion id="r0" type="paragraph">
      <Coords points="1,1 1293,1 1293,2076 1,2076"/>
      <TextLine id="l0">
        <Coords points="266,395 1014,395 1014,513 266,513"/>
        <Word id="w0">
          <Coords points="999,416 1013,416 1013,465 999,465"/>
          <TextEquiv>
            <Unicode>ا</Unicode>
          </TextEquiv>
        </Word>
        <Word id="w1">
          <Coords points="920,418 991,418 991,463 920,463"/>
          <TextEquiv>
            <Unicode>لطعا</Unicode>
          </TextEquiv>
        </Word>
        <Word id="w2">
          <Coords points="898,448 916,448 916,496 898,496"/>
          <TextEquiv>
            <Unicode>م</Unicode>
          </TextEquiv>
        </Word>
        <Word id="w3">
          <Coords points="882,407 894,407 894,457 882,457"/>
          <TextEquiv>
            <Unicode>ا</Unicode>
          </TextEquiv>
        </Word>
        <Word id="w4">
          <Coords points="819,416 881,416 881,481 819,481"/>
          <TextEquiv>
            <Unicode>نظر</Unicode>
          </TextEquiv>
        </Word>
        <Word id="w5">
          <Coords points="755,395 829,395 829,483 755,483"/>
          <TextEquiv>
            <Unicode>كيف</Unicode>
          </TextEquiv>
        </Word>
        <Word id="w6">
          <Coords points="689,426 756,426 756,488 689,488"/>
          <TextEquiv>
            <Unicode>نبين</Unicode>
          </TextEquiv>
        </Word>
        <Word id="w7">
          <Coords points="622,420 686,420 686,505 622,505"/>
          <TextEquiv>
            <Unicode>لهم</Unicode>
          </TextEquiv>
        </Word>
        <Word id="w8">
          <Coords points="620,410 635,410 635,453 620,453"/>
          <TextEquiv>
            <Unicode>ا</Unicode>
          </TextEquiv>
        </Word>
        <Word id="w9">
          <Coords points="580,412 619,412 619,461 580,461"/>
          <TextEquiv>
            <Unicode>لا</Unicode>
          </TextEquiv>
        </Word>
        <Word id="w10">
          <Coords points="563,420 589,420 589,476 563,476"/>
          <TextEquiv>
            <Unicode>يا</Unicode>
          </TextEquiv>
        </Word>
        <Word id="w11">
          <Coords points="520,422 557,422 557,465 520,465"/>
          <TextEquiv>
            <Unicode>ت</Unicode>
          </TextEquiv>
        </Word>
        <Word id="w12">
          <Coords points="487,410 516,410 516,512 487,512"/>
          <TextEquiv>
            <Unicode>ثم</Unicode>
          </TextEquiv>
        </Word>
        <Word id="w13">
          <Coords points="473,414 488,414 488,458 473,458"/>
          <TextEquiv>
            <Unicode>ا</Unicode>
          </TextEquiv>
        </Word>
        <Word id="w14">
          <Coords points="405,411 427,411 427,459 405,459"/>
          <TextEquiv>
            <Unicode>ا</Unicode>
          </TextEquiv>
        </Word>
        <Word id="w15">
          <Coords points="400,422 467,422 467,492 400,492"/>
          <TextEquiv>
            <Unicode>نر</Unicode>
          </TextEquiv>
        </Word>
        <Word id="w16">
          <Coords points="364,424 401,424 401,483 364,483"/>
          <TextEquiv>
            <Unicode>نى</Unicode>
          </TextEquiv>
        </Word>
        <Word id="w17">
          <Coords points="343,440 375,440 375,492 343,492"/>
          <TextEquiv>
            <Unicode>يو</Unicode>
          </TextEquiv>
        </Word>
        <Word id="w18">
          <Coords points="293,398 344,398 344,478 293,478"/>
          <TextEquiv>
            <Unicode>فكو</Unicode>
          </TextEquiv>
        </Word>
        <Word id="w19">
          <Coords points="266,422 293,422 293,449 266,449"/>
          <TextEquiv>
            <Unicode>ن</Unicode>
          </TextEquiv>
        </Word>
        <TextEquiv>
          <Unicode> ا لطعا م ا نظر كيف نبين لهم ا لا يا ت ثم ا ا نر نى يو فكو ن</Unicode>
        </TextEquiv>
      </TextLine>
      <TextLine id="l1">
        <Coords points="272,511 1006,511 1006,630 272,630"/>
        <Word id="w20">
          <Coords points="964,532 1005,532 1005,605 964,605"/>
          <TextEquiv>
            <Unicode>قل</Unicode>
          </TextEquiv>
        </Word>
        <Word id="w21">
          <Coords points="956,540 972,540 972,584 956,584"/>
          <TextEquiv>
            <Unicode>ا</Unicode>
          </TextEquiv>
        </Word>
        <Word id="w22">
          <Coords points="887,538 952,538 952,604 887,604"/>
          <TextEquiv>
            <Unicode>تعبد</Unicode>
          </TextEquiv>
        </Word>
        <Word id="w23">
          <Coords points="861,561 883,561 883,599 861,599"/>
          <TextEquiv>
            <Unicode>و</Unicode>
          </TextEquiv>
        </Word>
        <Word id="w24">
          <Coords points="834,555 862,555 862,585 834,585"/>
          <TextEquiv>
            <Unicode>ن</Unicode>
          </TextEquiv>
        </Word>
        <Word id="w25">
          <Coords points="778,543 829,543 829,597 778,597"/>
          <TextEquiv>
            <Unicode>من</Unicode>
          </TextEquiv>
        </Word>
        <Word id="w26">
          <Coords points="764,544 784,544 784,576 764,576"/>
          <TextEquiv>
            <Unicode>د</Unicode>
          </TextEquiv>
        </Word>
        <Word id="w27">
          <Coords points="735,561 758,561 758,588 735,588"/>
          <TextEquiv>
            <Unicode>و</Unicode>
          </TextEquiv>
        </Word>
        <Word id="w28">
          <Coords points="706,534 735,534 735,579 706,579"/>
          <TextEquiv>
            <Unicode>ن</Unicode>
          </TextEquiv>
        </Word>
        <Word id="w29">
          <Coords points="687,531 702,531 702,577 687,577"/>
          <TextEquiv>
            <Unicode>ا</Unicode>
          </TextEquiv>
        </Word>
        <Word id="w30">
          <Coords points="659,560 687,560 687,581 659,581"/>
          <TextEquiv>
            <Unicode>لله</Unicode>
          </TextEquiv>
        </Word>
        <Word id="w31">
          <Coords points="611,531 648,531 648,584 611,584"/>
          <TextEquiv>
            <Unicode>ما</Unicode>
          </TextEquiv>
        </Word>
        <Word id="w32">
          <Coords points="562,540 604,540 604,588 562,588"/>
          <TextEquiv>
            <Unicode>لا</Unicode>
          </TextEquiv>
        </Word>
        <Word id="w33">
          <Coords points="479,542 575,542 575,601 479,601"/>
          <TextEquiv>
            <Unicode>يملك</Unicode>
          </TextEquiv>
        </Word>
        <Word id="w34">
          <Coords points="433,511 473,511 473,629 433,629"/>
          <TextEquiv>
            <Unicode>لكم</Unicode>
          </TextEquiv>
        </Word>
        <Word id="w35">
          <Coords points="368,572 427,572 427,609 368,609"/>
          <TextEquiv>
            <Unicode>صر</Unicode>
          </TextEquiv>
        </Word>
        <Word id="w36">
          <Coords points="364,544 379,544 379,597 364,597"/>
          <TextEquiv>
            <Unicode>ا</Unicode>
          </TextEquiv>
        </Word>
        <Word id="w37">
          <Coords points="325,574 350,574 350,600 325,600"/>
          <TextEquiv>
            <Unicode>و</Unicode>
          </TextEquiv>
        </Word>
        <Word id="w38">
          <Coords points="272,540 318,540 318,585 272,585"/>
          <TextEquiv>
            <Unicode>لا</Unicode>
          </TextEquiv>
        </Word>
        <TextEquiv>
          <Unicode> قل ا تعبد و ن من د و ن ا لله ما لا يملك لكم صر ا و لا</Unicode>
        </TextEquiv>
      </TextLine>
      <TextLine id="l2">
        <Coords points="270,632 1013,632 1013,754 270,754"/>
        <Word id="w39">
          <Coords points="939,654 1012,654 1012,708 939,708"/>
          <TextEquiv>
            <Unicode>نفعا</Unicode>
          </TextEquiv>
        </Word>
        <Word id="w40">
          <Coords points="908,685 932,685 932,712 908,712"/>
          <TextEquiv>
            <Unicode>و</Unicode>
          </TextEquiv>
        </Word>
        <Word id="w41">
          <Coords points="905,652 920,652 920,695 905,695"/>
          <TextEquiv>
            <Unicode>ا</Unicode>
          </TextEquiv>
        </Word>
        <Word id="w42">
          <Coords points="874,681 905,681 905,706 874,706"/>
          <TextEquiv>
            <Unicode>لله</Unicode>
          </TextEquiv>
        </Word>
        <Word id="w43">
          <Coords points="820,676 869,676 869,717 820,717"/>
          <TextEquiv>
            <Unicode>هو</Unicode>
          </TextEquiv>
        </Word>
        <Word id="w44">
          <Coords points="817,648 831,648 831,691 817,691"/>
          <TextEquiv>
            <Unicode>ا</Unicode>
          </TextEquiv>
        </Word>
        <Word id="w45">
          <Coords points="697,651 808,651 808,736 697,736"/>
          <TextEquiv>
            <Unicode>لسميع</Unicode>
          </TextEquiv>
        </Word>
        <Word id="w46">
          <Coords points="680,648 692,648 692,700 680,700"/>
          <TextEquiv>
            <Unicode>ا</Unicode>
          </TextEquiv>
        </Word>
        <Word id="w47">
          <Coords points="599,651 673,651 673,753 599,753"/>
          <TextEquiv>
            <Unicode>لعليم</Unicode>
          </TextEquiv>
        </Word>
        <Word id="w48">
          <Coords points="516,659 568,659 568,728 516,728"/>
          <TextEquiv>
            <Unicode>قل</Unicode>
          </TextEquiv>
        </Word>
        <Word id="w49">
          <Coords points="503,659 524,659 524,704 503,704"/>
          <TextEquiv>
            <Unicode>يا</Unicode>
          </TextEquiv>
        </Word>
        <Word id="w50">
          <Coords points="490,665 498,665 498,707 490,707"/>
          <TextEquiv>
            <Unicode>ا</Unicode>
          </TextEquiv>
        </Word>
        <Word id="w51">
          <Coords points="423,668 484,668 484,737 423,737"/>
          <TextEquiv>
            <Unicode>هل</Unicode>
          </TextEquiv>
        </Word>
        <Word id="w52">
          <Coords points="420,666 428,666 428,704 420,704"/>
          <TextEquiv>
            <Unicode>ا</Unicode>
          </TextEquiv>
        </Word>
        <Word id="w53">
          <Coords points="355,632 424,632 424,727 355,727"/>
          <TextEquiv>
            <Unicode>لكتا</Unicode>
          </TextEquiv>
        </Word>
        <Word id="w54">
          <Coords points="301,689 348,689 348,721 301,721"/>
          <TextEquiv>
            <Unicode>ب</Unicode>
          </TextEquiv>
        </Word>
        <Word id="w55">
          <Coords points="270,643 314,643 314,688 270,688"/>
          <TextEquiv>
            <Unicode>لا</Unicode>
          </TextEquiv>
        </Word>
        <TextEquiv>
          <Unicode> نفعا و ا لله هو ا لسميع ا لعليم قل يا ا هل ا لكتا ب لا</Unicode>
        </TextEquiv>
      </TextLine>
      <TextLine id="l3">
        <Coords points="268,755 1016,755 1016,864 268,864"/>
        <Word id="w56">
          <Coords points="940,767 1015,767 1015,840 940,840"/>
          <TextEquiv>
            <Unicode>تغلو</Unicode>
          </TextEquiv>
        </Word>
        <Word id="w57">
          <Coords points="932,769 947,769 947,820 932,820"/>
          <TextEquiv>
            <Unicode>ا</Unicode>
          </TextEquiv>
        </Word>
        <Word id="w58">
          <Coords points="880,764 931,764 931,844 880,844"/>
          <TextEquiv>
            <Unicode>في</Unicode>
          </TextEquiv>
        </Word>
        <Word id="w59">
          <Coords points="850,801 869,801 869,823 850,823"/>
          <TextEquiv>
            <Unicode>د</Unicode>
          </TextEquiv>
        </Word>
        <Word id="w60">
          <Coords points="788,755 849,755 849,863 788,863"/>
          <TextEquiv>
            <Unicode>ينكم</Unicode>
          </TextEquiv>
        </Word>
        <Word id="w61">
          <Coords points="713,776 781,776 781,848 713,848"/>
          <TextEquiv>
            <Unicode>غير</Unicode>
          </TextEquiv>
        </Word>
        <Word id="w62">
          <Coords points="709,766 727,766 727,820 709,820"/>
          <TextEquiv>
            <Unicode>ا</Unicode>
          </TextEquiv>
        </Word>
        <Word id="w63">
          <Coords points="644,771 709,771 709,848 644,848"/>
          <TextEquiv>
            <Unicode>لحق</Unicode>
          </TextEquiv>
        </Word>
        <Word id="w64">
          <Coords points="620,798 645,798 645,832 620,832"/>
          <TextEquiv>
            <Unicode>و</Unicode>
          </TextEquiv>
        </Word>
        <Word id="w65">
          <Coords points="585,771 619,771 619,826 585,826"/>
          <TextEquiv>
            <Unicode>لا</Unicode>
          </TextEquiv>
        </Word>
        <Word id="w66">
          <Coords points="500,777 587,777 587,844 500,844"/>
          <TextEquiv>
            <Unicode>تبتغو</Unicode>
          </TextEquiv>
        </Word>
        <Word id="w67">
          <Coords points="496,770 508,770 508,819 496,819"/>
          <TextEquiv>
            <Unicode>ا</Unicode>
          </TextEquiv>
        </Word>
        <Word id="w68">
          <Coords points="476,772 492,772 492,824 476,824"/>
          <TextEquiv>
            <Unicode>ا</Unicode>
          </TextEquiv>
        </Word>
        <Word id="w69">
          <Coords points="424,801 472,801 472,842 424,842"/>
          <TextEquiv>
            <Unicode>هو</Unicode>
          </TextEquiv>
        </Word>
        <Word id="w70">
          <Coords points="416,780 431,780 431,827 416,827"/>
          <TextEquiv>
            <Unicode>ا</Unicode>
          </TextEquiv>
        </Word>
        <Word id="w71">
          <Coords points="396,814 408,814 408,828 396,828"/>
          <TextEquiv>
            <Unicode>ء</Unicode>
          </TextEquiv>
        </Word>
        <Word id="w72">
          <Coords points="348,781 387,781 387,843 348,843"/>
          <TextEquiv>
            <Unicode>قو</Unicode>
          </TextEquiv>
        </Word>
        <Word id="w73">
          <Coords points="310,795 346,795 346,827 310,827"/>
          <TextEquiv>
            <Unicode>م</Unicode>
          </TextEquiv>
        </Word>
        <Word id="w74">
          <Coords points="268,763 319,763 319,815 268,815"/>
          <TextEquiv>
            <Unicode>قد</Unicode>
          </TextEquiv>
        </Word>
        <TextEquiv>
          <Unicode> تغلو ا في د ينكم غير ا لحق و لا تبتغو ا ا هو ا ء قو م قد</Unicode>
        </TextEquiv>
      </TextLine>
      <TextLine id="l4">
        <Coords points="277,1241 1021,1241 1021,1333 277,1333"/>
        <Word id="w75">
          <Coords points="991,1275 1020,1275 1020,1308 991,1308"/>
          <TextEquiv>
            <Unicode>و</Unicode>
          </TextEquiv>
        </Word>
        <Word id="w76">
          <Coords points="927,1245 999,1245 999,1307 927,1307"/>
          <TextEquiv>
            <Unicode>ضلو</Unicode>
          </TextEquiv>
        </Word>
        <Word id="w77">
          <Coords points="922,1245 935,1245 935,1287 922,1287"/>
          <TextEquiv>
            <Unicode>ا</Unicode>
          </TextEquiv>
        </Word>
        <Word id="w78">
          <Coords points="832,1274 878,1274 878,1303 832,1303"/>
          <TextEquiv>
            <Unicode>سو</Unicode>
          </TextEquiv>
        </Word>
        <Word id="w79">
          <Coords points="825,1249 840,1249 840,1285 825,1285"/>
          <TextEquiv>
            <Unicode>ا</Unicode>
          </TextEquiv>
        </Word>
        <Word id="w80">
          <Coords points="806,1269 823,1269 823,1287 806,1287"/>
          <TextEquiv>
            <Unicode>ء</Unicode>
          </TextEquiv>
        </Word>
        <Word id="w81">
          <Coords points="788,1265 916,1265 916,1323 788,1323"/>
          <TextEquiv>
            <Unicode>عن</Unicode>
          </TextEquiv>
        </Word>
        <Word id="w82">
          <Coords points="777,1241 793,1241 793,1300 777,1300"/>
          <TextEquiv>
            <Unicode>ا</Unicode>
          </TextEquiv>
        </Word>
        <Word id="w83">
          <Coords points="660,1248 772,1248 772,1318 660,1318"/>
          <TextEquiv>
            <Unicode>لسبيل</Unicode>
          </TextEquiv>
        </Word>
        <Word id="w84">
          <Coords points="557,1256 624,1256 624,1328 557,1328"/>
          <TextEquiv>
            <Unicode>لعن</Unicode>
          </TextEquiv>
        </Word>
        <Word id="w85">
          <Coords points="548,1247 568,1247 568,1297 548,1297"/>
          <TextEquiv>
            <Unicode>ا</Unicode>
          </TextEquiv>
        </Word>
        <Word id="w86">
          <Coords points="514,1255 544,1255 544,1303 514,1303"/>
          <TextEquiv>
            <Unicode>لذ</Unicode>
          </TextEquiv>
        </Word>
        <Word id="w87">
          <Coords points="468,1268 516,1268 516,1332 468,1332"/>
          <TextEquiv>
            <Unicode>ين</Unicode>
          </TextEquiv>
        </Word>
        <Word id="w88">
          <Coords points="339,1245 476,1245 476,1328 339,1328"/>
          <TextEquiv>
            <Unicode>كفر</Unicode>
          </TextEquiv>
        </Word>
        <Word id="w89">
          <Coords points="321,1264 326,1264 326,1303 321,1303"/>
          <TextEquiv>
            <Unicode>ا</Unicode>
          </TextEquiv>
        </Word>
        <Word id="w90">
          <Coords points="320,1289 345,1289 345,1317 320,1317"/>
          <TextEquiv>
            <Unicode>و</Unicode>
          </TextEquiv>
        </Word>
        <Word id="w91">
          <Coords points="277,1274 315,1274 315,1309 277,1309"/>
          <TextEquiv>
            <Unicode>من</Unicode>
          </TextEquiv>
        </Word>
        <TextEquiv>
          <Unicode> و ضلو ا سو ا ء عن ا لسبيل لعن ا لذ ين كفر ا و من</Unicode>
        </TextEquiv>
      </TextLine>
      <TextLine id="l5">
        <Coords points="276,1351 1032,1351 1032,1475 276,1475"/>
        <Word id="w92">
          <Coords points="970,1367 1031,1367 1031,1444 970,1444"/>
          <TextEquiv>
            <Unicode>بنب</Unicode>
          </TextEquiv>
        </Word>
        <Word id="w93">
          <Coords points="968,1351 980,1351 980,1401 968,1401"/>
          <TextEquiv>
            <Unicode>ا</Unicode>
          </TextEquiv>
        </Word>
        <Word id="w94">
          <Coords points="912,1395 962,1395 962,1428 912,1428"/>
          <TextEquiv>
            <Unicode>سر</Unicode>
          </TextEquiv>
        </Word>
        <Word id="w95">
          <Coords points="902,1360 913,1360 913,1417 902,1417"/>
          <TextEquiv>
            <Unicode>ا</Unicode>
          </TextEquiv>
        </Word>
        <Word id="w96">
          <Coords points="859,1363 902,1363 902,1432 859,1432"/>
          <TextEquiv>
            <Unicode>ئل</Unicode>
          </TextEquiv>
        </Word>
        <Word id="w97">
          <Coords points="814,1363 866,1363 866,1431 814,1431"/>
          <TextEquiv>
            <Unicode>على</Unicode>
          </TextEquiv>
        </Word>
        <Word id="w98">
          <Coords points="767,1367 824,1367 824,1416 767,1416"/>
          <TextEquiv>
            <Unicode>لسا</Unicode>
          </TextEquiv>
        </Word>
        <Word id="w99">
          <Coords points="732,1372 764,1372 764,1428 732,1428"/>
          <TextEquiv>
            <Unicode>ن</Unicode>
          </TextEquiv>
        </Word>
        <Word id="w100">
          <Coords points="706,1395 724,1395 724,1418 706,1418"/>
          <TextEquiv>
            <Unicode>د</Unicode>
          </TextEquiv>
        </Word>
        <Word id="w101">
          <Coords points="695,1368 703,1368 703,1409 695,1409"/>
          <TextEquiv>
            <Unicode>ا</Unicode>
          </TextEquiv>
        </Word>
        <Word id="w102">
          <Coords points="665,1403 689,1403 689,1431 665,1431"/>
          <TextEquiv>
            <Unicode>و</Unicode>
          </TextEquiv>
        </Word>
        <Word id="w103">
          <Coords points="653,1398 673,1398 673,1418 653,1418"/>
          <TextEquiv>
            <Unicode>د</Unicode>
          </TextEquiv>
        </Word>
        <Word id="w104">
          <Coords points="609,1395 635,1395 635,1426 609,1426"/>
          <TextEquiv>
            <Unicode>و</Unicode>
          </TextEquiv>
        </Word>
        <Word id="w105">
          <Coords points="526,1382 618,1382 618,1445 526,1445"/>
          <TextEquiv>
            <Unicode>عيسى</Unicode>
          </TextEquiv>
        </Word>
        <Word id="w106">
          <Coords points="520,1357 536,1357 536,1412 520,1412"/>
          <TextEquiv>
            <Unicode>ا</Unicode>
          </TextEquiv>
        </Word>
        <Word id="w107">
          <Coords points="474,1388 520,1388 520,1441 474,1441"/>
          <TextEquiv>
            <Unicode>بن</Unicode>
          </TextEquiv>
        </Word>
        <Word id="w108">
          <Coords points="431,1394 470,1394 470,1439 431,1439"/>
          <TextEquiv>
            <Unicode>مر</Unicode>
          </TextEquiv>
        </Word>
        <Word id="w109">
          <Coords points="400,1398 431,1398 431,1474 400,1474"/>
          <TextEquiv>
            <Unicode>يم</Unicode>
          </TextEquiv>
        </Word>
        <Word id="w110">
          <Coords points="368,1401 392,1401 392,1433 368,1433"/>
          <TextEquiv>
            <Unicode>د</Unicode>
          </TextEquiv>
        </Word>
        <Word id="w111">
          <Coords points="309,1374 372,1374 372,1434 309,1434"/>
          <TextEquiv>
            <Unicode>لك</Unicode>
          </TextEquiv>
        </Word>
        <Word id="w112">
          <Coords points="276,1361 315,1361 315,1432 276,1432"/>
          <TextEquiv>
            <Unicode>بما</Unicode>
          </TextEquiv>
        </Word>
        <TextEquiv>
          <Unicode> بنب ا سر ا ئل على لسا ن د ا و د و عيسى ا بن مر يم د لك بما</Unicode>
        </TextEquiv>
      </TextLine>
      <TextLine id="l6">
        <Coords points="280,1456 1024,1456 1024,1564 280,1564"/>
        <Word id="w113">
          <Coords points="932,1514 1023,1514 1023,1563 932,1563"/>
          <TextEquiv>
            <Unicode>عصو</Unicode>
          </TextEquiv>
        </Word>
        <Word id="w114">
          <Coords points="924,1486 940,1486 940,1534 924,1534"/>
          <TextEquiv>
            <Unicode>ا</Unicode>
          </TextEquiv>
        </Word>
        <Word id="w115">
          <Coords points="890,1520 919,1520 919,1556 890,1556"/>
          <TextEquiv>
            <Unicode>و</Unicode>
          </TextEquiv>
        </Word>
        <Word id="w116">
          <Coords points="867,1480 906,1480 906,1544 867,1544"/>
          <TextEquiv>
            <Unicode>كا</Unicode>
          </TextEquiv>
        </Word>
        <Word id="w117">
          <Coords points="828,1504 857,1504 857,1561 828,1561"/>
          <TextEquiv>
            <Unicode>نو</Unicode>
          </TextEquiv>
        </Word>
        <Word id="w118">
          <Coords points="820,1488 836,1488 836,1541 820,1541"/>
          <TextEquiv>
            <Unicode>ا</Unicode>
          </TextEquiv>
        </Word>
        <Word id="w119">
          <Coords points="739,1504 813,1504 813,1559 739,1559"/>
          <TextEquiv>
            <Unicode>يعتد</Unicode>
          </TextEquiv>
        </Word>
        <Word id="w120">
          <Coords points="703,1517 737,1517 737,1560 703,1560"/>
          <TextEquiv>
            <Unicode>و</Unicode>
          </TextEquiv>
        </Word>
        <Word id="w121">
          <Coords points="676,1506 713,1506 713,1544 676,1544"/>
          <TextEquiv>
            <Unicode>ن</Unicode>
          </TextEquiv>
        </Word>
        <Word id="w122">
          <Coords points="613,1477 653,1477 653,1552 613,1552"/>
          <TextEquiv>
            <Unicode>كا</Unicode>
          </TextEquiv>
        </Word>
        <Word id="w123">
          <Coords points="573,1499 612,1499 612,1558 573,1558"/>
          <TextEquiv>
            <Unicode>نو</Unicode>
          </TextEquiv>
        </Word>
        <Word id="w124">
          <Coords points="563,1486 579,1486 579,1545 563,1545"/>
          <TextEquiv>
            <Unicode>ا</Unicode>
          </TextEquiv>
        </Word>
        <Word id="w125">
          <Coords points="513,1488 557,1488 557,1549 513,1549"/>
          <TextEquiv>
            <Unicode>لا</Unicode>
          </TextEquiv>
        </Word>
        <Word id="w126">
          <Coords points="456,1493 521,1493 521,1561 456,1561"/>
          <TextEquiv>
            <Unicode>يتنا</Unicode>
          </TextEquiv>
        </Word>
        <Word id="w127">
          <Coords points="399,1523 450,1523 450,1563 399,1563"/>
          <TextEquiv>
            <Unicode>هو</Unicode>
          </TextEquiv>
        </Word>
        <Word id="w128">
          <Coords points="373,1508 405,1508 405,1551 373,1551"/>
          <TextEquiv>
            <Unicode>ن</Unicode>
          </TextEquiv>
        </Word>
        <Word id="w129">
          <Coords points="318,1511 368,1511 368,1559 318,1559"/>
          <TextEquiv>
            <Unicode>عن</Unicode>
          </TextEquiv>
        </Word>
        <Word id="w130">
          <Coords points="280,1456 356,1456 356,1532 280,1532"/>
          <TextEquiv>
            <Unicode>منكر</Unicode>
          </TextEquiv>
        </Word>
        <TextEquiv>
          <Unicode> عصو ا و كا نو ا يعتد و ن كا نو ا لا يتنا هو ن عن منكر</Unicode>
        </TextEquiv>
      </TextLine>
      <TextLine id="l7">
        <Coords points="285,1589 1025,1589 1025,1698 285,1698"/>
        <Word id="w131">
          <Coords points="940,1608 1024,1608 1024,1680 940,1680"/>
          <TextEquiv>
            <Unicode>فعلو</Unicode>
          </TextEquiv>
        </Word>
        <Word id="w132">
          <Coords points="887,1612 897,1612 897,1626 887,1626"/>
          <TextEquiv>
            <Unicode>ء</Unicode>
          </TextEquiv>
        </Word>
        <Word id="w133">
          <Coords points="821,1617 857,1617 857,1662 821,1662"/>
          <TextEquiv>
            <Unicode>ما</Unicode>
          </TextEquiv>
        </Word>
        <Word id="w134">
          <Coords points="783,1589 836,1589 836,1667 783,1667"/>
          <TextEquiv>
            <Unicode>كا</Unicode>
          </TextEquiv>
        </Word>
        <Word id="w135">
          <Coords points="773,1606 932,1606 932,1694 773,1694"/>
          <TextEquiv>
            <Unicode>لبئس</Unicode>
          </TextEquiv>
        </Word>
        <Word id="w136">
          <Coords points="739,1620 774,1620 774,1675 739,1675"/>
          <TextEquiv>
            <Unicode>نو</Unicode>
          </TextEquiv>
        </Word>
        <Word id="w137">
          <Coords points="732,1608 749,1608 749,1656 732,1656"/>
          <TextEquiv>
            <Unicode>ا</Unicode>
          </TextEquiv>
        </Word>
        <Word id="w138">
          <Coords points="628,1616 723,1616 723,1680 628,1680"/>
          <TextEquiv>
            <Unicode>يفعلو</Unicode>
          </TextEquiv>
        </Word>
        <Word id="w139">
          <Coords points="597,1623 629,1623 629,1664 597,1664"/>
          <TextEquiv>
            <Unicode>ن</Unicode>
          </TextEquiv>
        </Word>
        <Word id="w140">
          <Coords points="523,1618 562,1618 562,1669 523,1669"/>
          <TextEquiv>
            <Unicode>تر</Unicode>
          </TextEquiv>
        </Word>
        <Word id="w141">
          <Coords points="434,1626 530,1626 530,1680 434,1680"/>
          <TextEquiv>
            <Unicode>ى</Unicode>
          </TextEquiv>
        </Word>
        <Word id="w142">
          <Coords points="354,1604 508,1604 508,1683 354,1683"/>
          <TextEquiv>
            <Unicode>كثير</Unicode>
          </TextEquiv>
        </Word>
        <Word id="w143">
          <Coords points="348,1603 368,1603 368,1656 348,1656"/>
          <TextEquiv>
            <Unicode>ا</Unicode>
          </TextEquiv>
        </Word>
        <Word id="w144">
          <Coords points="285,1614 348,1614 348,1697 285,1697"/>
          <TextEquiv>
            <Unicode>منهم</Unicode>
          </TextEquiv>
        </Word>
        <TextEquiv>
          <Unicode> فعلو ء ما كا لبئس نو ا يفعلو ن تر ى كثير ا منهم</Unicode>
        </TextEquiv>
      </TextLine>
    </TextRegion>
  </Page>
</PcGts>
