<?xml version='1.0' encoding='utf-8'?>
<PcGts xmlns:xsi="http://www.w3.org/2001/XMLSchema-instance" xmlns="http://schema.primaresearch.org/PAGE/gts/pagecontent/2019-07-15" xsi:schemaLocation="http://schema.primaresearch.org/PAGE/gts/pagecontent/2019-07-15 http://schema.primaresearch.org/PAGE/gts/pagecontent/2019-07-15/pagecontent.xsd" pcGtsId="pc-aletheiaexamplepage">
  <Metadata>
    <Creator>PRImA Research Lab</Creator>
    <Created>2015-07-17T15:27:13</Created>
    <LastChange>2017-07-14T10:03:33</LastChange>
    <Comments>Example Page</Comments>
  </Metadata>
  <Page imageFilename="3157556/0096-1.png" imageWidth="1222" imageHeight="2072">
    <TextRegion id="r0" type="paragraph">
      <Coords points="1,1 1220,1 1220,2070 1,2070"/>
      <TextLine id="l0">
        <Coords points="284,380 1035,380 1035,498 284,498"/>
        <Word id="w0">
          <Coords points="966,396 1034,396 1034,497 966,497"/>
          <TextEquiv>
            <Unicode>فتفخ</Unicode>
          </TextEquiv>
        </Word>
        <Word id="w1">
          <Coords points="903,404 960,404 960,488 903,488"/>
          <TextEquiv>
            <Unicode>فيها</Unicode>
          </TextEquiv>
        </Word>
        <Word id="w2">
          <Coords points="836,399 896,399 896,474 836,474"/>
          <TextEquiv>
            <Unicode>فتكو</Unicode>
          </TextEquiv>
        </Word>
        <Word id="w3">
          <Coords points="815,421 837,421 837,456 815,456"/>
          <TextEquiv>
            <Unicode>ن</Unicode>
          </TextEquiv>
        </Word>
        <Word id="w4">
          <Coords points="737,405 804,405 804,477 737,477"/>
          <TextEquiv>
            <Unicode>طير</Unicode>
          </TextEquiv>
        </Word>
        <Word id="w5">
          <Coords points="727,399 747,399 747,454 727,454"/>
          <TextEquiv>
            <Unicode>ا</Unicode>
          </TextEquiv>
        </Word>
        <Word id="w6">
          <Coords points="699,404 729,404 729,471 699,471"/>
          <TextEquiv>
            <Unicode>با</Unicode>
          </TextEquiv>
        </Word>
        <Word id="w7">
          <Coords points="673,430 690,430 690,452 673,452"/>
          <TextEquiv>
            <Unicode>د</Unicode>
          </TextEquiv>
        </Word>
        <Word id="w8">
          <Coords points="625,400 664,400 664,480 625,480"/>
          <TextEquiv>
            <Unicode>ني</Unicode>
          </TextEquiv>
        </Word>
        <Word id="w9">
          <Coords points="595,431 620,431 620,464 595,464"/>
          <TextEquiv>
            <Unicode>و</Unicode>
          </TextEquiv>
        </Word>
        <Word id="w10">
          <Coords points="538,417 591,417 591,476 538,476"/>
          <TextEquiv>
            <Unicode>تبر</Unicode>
          </TextEquiv>
        </Word>
        <Word id="w11">
          <Coords points="496,398 511,398 511,451 496,451"/>
          <TextEquiv>
            <Unicode>ا</Unicode>
          </TextEquiv>
        </Word>
        <Word id="w12">
          <Coords points="450,399 492,399 492,453 450,453"/>
          <TextEquiv>
            <Unicode>لا</Unicode>
          </TextEquiv>
        </Word>
        <Word id="w13">
          <Coords points="435,407 546,407 546,479 435,479"/>
          <TextEquiv>
            <Unicode>ى</Unicode>
          </TextEquiv>
        </Word>
        <Word id="w14">
          <Coords points="404,380 451,380 451,459 404,459"/>
          <TextEquiv>
            <Unicode>كمه</Unicode>
          </TextEquiv>
        </Word>
        <Word id="w15">
          <Coords points="370,397 381,397 381,448 370,448"/>
          <TextEquiv>
            <Unicode>ا</Unicode>
          </TextEquiv>
        </Word>
        <Word id="w16">
          <Coords points="370,430 396,430 396,459 370,459"/>
          <TextEquiv>
            <Unicode>و</Unicode>
          </TextEquiv>
        </Word>
        <Word id="w17">
          <Coords points="331,397 367,397 367,452 331,452"/>
          <TextEquiv>
            <Unicode>لا</Unicode>
          </TextEquiv>
        </Word>
        <Word id="w18">
          <Coords points="298,436 336,436 336,463 298,463"/>
          <TextEquiv>
            <Unicode>بر</Unicode>
          </TextEquiv>
        </Word>
        <Word id="w19">
          <Coords points="284,389 331,389 331,432 284,432"/>
          <TextEquiv>
            <Unicode>ص</Unicode>
          </TextEquiv>
        </Word>
        <TextEquiv>
          <Unicode> فتفخ فيها فتكو ن طير ا با د ني و تبر ا لا ى كمه ا و لا بر ص</Unicode>
        </TextEquiv>
      </TextLine>
      <TextLine id="l1">
        <Coords points="267,491 328,491 328,551 267,551"/>
        <Word id="w20">
          <Coords points="267,491 327,491 327,550 267,550"/>
          <TextEquiv>
            <Unicode>بنى</Unicode>
          </TextEquiv>
        </Word>
        <TextEquiv>
          <Unicode> بنى</Unicode>
        </TextEquiv>
      </TextLine>
      <TextLine id="l2">
        <Coords points="284,520 1032,520 1032,637 284,637"/>
        <Word id="w21">
          <Coords points="1004,551 1031,551 1031,611 1004,611"/>
          <TextEquiv>
            <Unicode>با</Unicode>
          </TextEquiv>
        </Word>
        <Word id="w22">
          <Coords points="973,572 992,572 992,593 973,593"/>
          <TextEquiv>
            <Unicode>د</Unicode>
          </TextEquiv>
        </Word>
        <Word id="w23">
          <Coords points="912,562 935,562 935,591 912,591"/>
          <TextEquiv>
            <Unicode>و</Unicode>
          </TextEquiv>
        </Word>
        <Word id="w24">
          <Coords points="896,530 916,530 916,580 896,580"/>
          <TextEquiv>
            <Unicode>ا</Unicode>
          </TextEquiv>
        </Word>
        <Word id="w25">
          <Coords points="868,566 888,566 888,587 868,587"/>
          <TextEquiv>
            <Unicode>د</Unicode>
          </TextEquiv>
        </Word>
        <Word id="w26">
          <Coords points="850,524 963,524 963,621 850,621"/>
          <TextEquiv>
            <Unicode>ني</Unicode>
          </TextEquiv>
        </Word>
        <Word id="w27">
          <Coords points="801,530 863,530 863,603 801,603"/>
          <TextEquiv>
            <Unicode>تخر</Unicode>
          </TextEquiv>
        </Word>
        <Word id="w28">
          <Coords points="770,567 830,567 830,636 770,636"/>
          <TextEquiv>
            <Unicode>ج</Unicode>
          </TextEquiv>
        </Word>
        <Word id="w29">
          <Coords points="751,533 764,533 764,584 751,584"/>
          <TextEquiv>
            <Unicode>ا</Unicode>
          </TextEquiv>
        </Word>
        <Word id="w30">
          <Coords points="707,539 746,539 746,601 707,601"/>
          <TextEquiv>
            <Unicode>لمو</Unicode>
          </TextEquiv>
        </Word>
        <Word id="w31">
          <Coords points="644,520 671,520 671,593 644,593"/>
          <TextEquiv>
            <Unicode>با</Unicode>
          </TextEquiv>
        </Word>
        <Word id="w32">
          <Coords points="614,555 634,555 634,579 614,579"/>
          <TextEquiv>
            <Unicode>د</Unicode>
          </TextEquiv>
        </Word>
        <Word id="w33">
          <Coords points="576,532 700,532 700,616 576,616"/>
          <TextEquiv>
            <Unicode>تى</Unicode>
          </TextEquiv>
        </Word>
        <Word id="w34">
          <Coords points="541,529 608,529 608,593 541,593"/>
          <TextEquiv>
            <Unicode>ني</Unicode>
          </TextEquiv>
        </Word>
        <Word id="w35">
          <Coords points="502,560 528,560 528,590 502,590"/>
          <TextEquiv>
            <Unicode>و</Unicode>
          </TextEquiv>
        </Word>
        <Word id="w36">
          <Coords points="501,523 513,523 513,571 501,571"/>
          <TextEquiv>
            <Unicode>ا</Unicode>
          </TextEquiv>
        </Word>
        <Word id="w37">
          <Coords points="474,558 493,558 493,580 474,580"/>
          <TextEquiv>
            <Unicode>د</Unicode>
          </TextEquiv>
        </Word>
        <Word id="w38">
          <Coords points="284,532 471,532 471,589 284,589"/>
          <TextEquiv>
            <Unicode>كففت</Unicode>
          </TextEquiv>
        </Word>
        <TextEquiv>
          <Unicode> با د و ا د ني تخر ج ا لمو با د تى ني و ا د كففت</Unicode>
        </TextEquiv>
      </TextLine>
      <TextLine id="l3">
        <Coords points="270,632 1022,632 1022,763 270,763"/>
        <Word id="w39">
          <Coords points="1010,664 1021,664 1021,717 1010,717"/>
          <TextEquiv>
            <Unicode>ا</Unicode>
          </TextEquiv>
        </Word>
        <Word id="w40">
          <Coords points="938,695 1001,695 1001,740 938,740"/>
          <TextEquiv>
            <Unicode>سر</Unicode>
          </TextEquiv>
        </Word>
        <Word id="w41">
          <Coords points="934,659 949,659 949,720 934,720"/>
          <TextEquiv>
            <Unicode>ا</Unicode>
          </TextEquiv>
        </Word>
        <Word id="w42">
          <Coords points="881,661 936,661 936,737 881,737"/>
          <TextEquiv>
            <Unicode>ئل</Unicode>
          </TextEquiv>
        </Word>
        <Word id="w43">
          <Coords points="798,662 895,662 895,713 798,713"/>
          <TextEquiv>
            <Unicode>عنك</Unicode>
          </TextEquiv>
        </Word>
        <Word id="w44">
          <Coords points="780,665 787,665 787,704 780,704"/>
          <TextEquiv>
            <Unicode>ا</Unicode>
          </TextEquiv>
        </Word>
        <Word id="w45">
          <Coords points="753,689 771,689 771,712 753,712"/>
          <TextEquiv>
            <Unicode>د</Unicode>
          </TextEquiv>
        </Word>
        <Word id="w46">
          <Coords points="652,666 753,666 753,762 652,762"/>
          <TextEquiv>
            <Unicode>جئتكم</Unicode>
          </TextEquiv>
        </Word>
        <Word id="w47">
          <Coords points="627,656 651,656 651,723 627,723"/>
          <TextEquiv>
            <Unicode>با</Unicode>
          </TextEquiv>
        </Word>
        <Word id="w48">
          <Coords points="550,660 620,660 620,723 550,723"/>
          <TextEquiv>
            <Unicode>لبينا</Unicode>
          </TextEquiv>
        </Word>
        <Word id="w49">
          <Coords points="505,662 541,662 541,700 505,700"/>
          <TextEquiv>
            <Unicode>ت</Unicode>
          </TextEquiv>
        </Word>
        <Word id="w50">
          <Coords points="378,647 495,647 495,704 378,704"/>
          <TextEquiv>
            <Unicode>فقا</Unicode>
          </TextEquiv>
        </Word>
        <Word id="w51">
          <Coords points="343,646 369,646 369,698 343,698"/>
          <TextEquiv>
            <Unicode>ل</Unicode>
          </TextEquiv>
        </Word>
        <Word id="w52">
          <Coords points="337,638 351,638 351,688 337,688"/>
          <TextEquiv>
            <Unicode>ا</Unicode>
          </TextEquiv>
        </Word>
        <Word id="w53">
          <Coords points="295,643 326,643 326,691 295,691"/>
          <TextEquiv>
            <Unicode>لذ</Unicode>
          </TextEquiv>
        </Word>
        <Word id="w54">
          <Coords points="270,632 310,632 310,679 270,679"/>
          <TextEquiv>
            <Unicode>ين</Unicode>
          </TextEquiv>
        </Word>
        <TextEquiv>
          <Unicode> ا سر ا ئل عنك ا د جئتكم با لبينا ت فقا ل ا لذ ين</Unicode>
        </TextEquiv>
      </TextLine>
      <TextLine id="l4">
        <Coords points="272,750 1021,750 1021,873 272,873"/>
        <Word id="w55">
          <Coords points="889,784 1020,784 1020,847 889,847"/>
          <TextEquiv>
            <Unicode>كفر</Unicode>
          </TextEquiv>
        </Word>
        <Word id="w56">
          <Coords points="868,812 889,812 889,837 868,837"/>
          <TextEquiv>
            <Unicode>و</Unicode>
          </TextEquiv>
        </Word>
        <Word id="w57">
          <Coords points="860,779 873,779 873,823 860,823"/>
          <TextEquiv>
            <Unicode>ا</Unicode>
          </TextEquiv>
        </Word>
        <Word id="w58">
          <Coords points="780,790 851,790 851,872 780,872"/>
          <TextEquiv>
            <Unicode>منهم</Unicode>
          </TextEquiv>
        </Word>
        <Word id="w59">
          <Coords points="768,769 779,769 779,823 768,823"/>
          <TextEquiv>
            <Unicode>ا</Unicode>
          </TextEquiv>
        </Word>
        <Word id="w60">
          <Coords points="729,800 759,800 759,830 729,830"/>
          <TextEquiv>
            <Unicode>ن</Unicode>
          </TextEquiv>
        </Word>
        <Word id="w61">
          <Coords points="665,772 724,772 724,833 665,833"/>
          <TextEquiv>
            <Unicode>هذ</Unicode>
          </TextEquiv>
        </Word>
        <Word id="w62">
          <Coords points="652,771 671,771 671,823 652,823"/>
          <TextEquiv>
            <Unicode>ا</Unicode>
          </TextEquiv>
        </Word>
        <Word id="w63">
          <Coords points="629,770 645,770 645,828 629,828"/>
          <TextEquiv>
            <Unicode>ا</Unicode>
          </TextEquiv>
        </Word>
        <Word id="w64">
          <Coords points="583,774 628,774 628,829 583,829"/>
          <TextEquiv>
            <Unicode>لا</Unicode>
          </TextEquiv>
        </Word>
        <Word id="w65">
          <Coords points="518,795 581,795 581,846 518,846"/>
          <TextEquiv>
            <Unicode>سحر</Unicode>
          </TextEquiv>
        </Word>
        <Word id="w66">
          <Coords points="440,773 533,773 533,836 440,836"/>
          <TextEquiv>
            <Unicode>مبين</Unicode>
          </TextEquiv>
        </Word>
        <Word id="w67">
          <Coords points="376,790 398,790 398,820 376,820"/>
          <TextEquiv>
            <Unicode>و</Unicode>
          </TextEquiv>
        </Word>
        <Word id="w68">
          <Coords points="375,760 380,760 380,803 375,803"/>
          <TextEquiv>
            <Unicode>ا</Unicode>
          </TextEquiv>
        </Word>
        <Word id="w69">
          <Coords points="347,788 365,788 365,810 347,810"/>
          <TextEquiv>
            <Unicode>د</Unicode>
          </TextEquiv>
        </Word>
        <Word id="w70">
          <Coords points="333,754 345,754 345,807 333,807"/>
          <TextEquiv>
            <Unicode>ا</Unicode>
          </TextEquiv>
        </Word>
        <Word id="w71">
          <Coords points="304,785 326,785 326,810 304,810"/>
          <TextEquiv>
            <Unicode>و</Unicode>
          </TextEquiv>
        </Word>
        <Word id="w72">
          <Coords points="272,750 335,750 335,784 272,784"/>
          <TextEquiv>
            <Unicode>حيت</Unicode>
          </TextEquiv>
        </Word>
        <TextEquiv>
          <Unicode> كفر و ا منهم ا ن هذ ا ا لا سحر مبين و ا د ا و حيت</Unicode>
        </TextEquiv>
      </TextLine>
      <TextLine id="l5">
        <Coords points="154,1215 1000,1215 1000,1324 154,1324"/>
        <Word id="w73">
          <Coords points="972,1255 999,1255 999,1314 972,1314"/>
          <TextEquiv>
            <Unicode>قا</Unicode>
          </TextEquiv>
        </Word>
        <Word id="w74">
          <Coords points="930,1264 965,1264 965,1323 930,1323"/>
          <TextEquiv>
            <Unicode>لو</Unicode>
          </TextEquiv>
        </Word>
        <Word id="w75">
          <Coords points="922,1256 936,1256 936,1308 922,1308"/>
          <TextEquiv>
            <Unicode>ا</Unicode>
          </TextEquiv>
        </Word>
        <Word id="w76">
          <Coords points="910,1264 915,1264 915,1306 910,1306"/>
          <TextEquiv>
            <Unicode>ا</Unicode>
          </TextEquiv>
        </Word>
        <Word id="w77">
          <Coords points="858,1256 900,1256 900,1306 858,1306"/>
          <TextEquiv>
            <Unicode>منا</Unicode>
          </TextEquiv>
        </Word>
        <Word id="w78">
          <Coords points="815,1255 821,1255 821,1295 815,1295"/>
          <TextEquiv>
            <Unicode>ا</Unicode>
          </TextEquiv>
        </Word>
        <Word id="w79">
          <Coords points="815,1286 840,1286 840,1312 815,1312"/>
          <TextEquiv>
            <Unicode>و</Unicode>
          </TextEquiv>
        </Word>
        <Word id="w80">
          <Coords points="724,1255 809,1255 809,1310 724,1310"/>
          <TextEquiv>
            <Unicode>شهد</Unicode>
          </TextEquiv>
        </Word>
        <Word id="w81">
          <Coords points="695,1242 718,1242 718,1304 695,1304"/>
          <TextEquiv>
            <Unicode>با</Unicode>
          </TextEquiv>
        </Word>
        <Word id="w82">
          <Coords points="637,1238 689,1238 689,1297 637,1297"/>
          <TextEquiv>
            <Unicode>ننا</Unicode>
          </TextEquiv>
        </Word>
        <Word id="w83">
          <Coords points="533,1241 627,1241 627,1312 533,1312"/>
          <TextEquiv>
            <Unicode>مسلمو</Unicode>
          </TextEquiv>
        </Word>
        <Word id="w84">
          <Coords points="505,1260 536,1260 536,1293 505,1293"/>
          <TextEquiv>
            <Unicode>ن</Unicode>
          </TextEquiv>
        </Word>
        <Word id="w85">
          <Coords points="452,1232 465,1232 465,1283 452,1283"/>
          <TextEquiv>
            <Unicode>ا</Unicode>
          </TextEquiv>
        </Word>
        <Word id="w86">
          <Coords points="424,1244 444,1244 444,1285 424,1285"/>
          <TextEquiv>
            <Unicode>ذ</Unicode>
          </TextEquiv>
        </Word>
        <Word id="w87">
          <Coords points="395,1221 418,1221 418,1280 395,1280"/>
          <TextEquiv>
            <Unicode>قا</Unicode>
          </TextEquiv>
        </Word>
        <Word id="w88">
          <Coords points="356,1227 386,1227 386,1286 356,1286"/>
          <TextEquiv>
            <Unicode>ل</Unicode>
          </TextEquiv>
        </Word>
        <Word id="w89">
          <Coords points="351,1215 364,1215 364,1264 351,1264"/>
          <TextEquiv>
            <Unicode>ا</Unicode>
          </TextEquiv>
        </Word>
        <Word id="w90">
          <Coords points="297,1215 312,1215 312,1268 297,1268"/>
          <TextEquiv>
            <Unicode>ا</Unicode>
          </TextEquiv>
        </Word>
        <Word id="w91">
          <Coords points="293,1224 351,1224 351,1292 293,1292"/>
          <TextEquiv>
            <Unicode>لحو</Unicode>
          </TextEquiv>
        </Word>
        <Word id="w92">
          <Coords points="270,1251 293,1251 293,1279 270,1279"/>
          <TextEquiv>
            <Unicode>ر</Unicode>
          </TextEquiv>
        </Word>
        <Word id="w93">
          <Coords points="252,1219 289,1219 289,1262 252,1262"/>
          <TextEquiv>
            <Unicode>يو</Unicode>
          </TextEquiv>
        </Word>
        <Word id="w94">
          <Coords points="154,1217 185,1217 185,1252 154,1252"/>
          <TextEquiv>
            <Unicode>ن</Unicode>
          </TextEquiv>
        </Word>
        <TextEquiv>
          <Unicode> قا لو ا ا منا ا و شهد با ننا مسلمو ن ا ذ قا ل ا ا لحو ر يو ن</Unicode>
        </TextEquiv>
      </TextLine>
      <TextLine id="l6">
        <Coords points="265,1328 997,1328 997,1449 265,1449"/>
        <Word id="w95">
          <Coords points="976,1376 996,1376 996,1441 976,1441"/>
          <TextEquiv>
            <Unicode>يا</Unicode>
          </TextEquiv>
        </Word>
        <Word id="w96">
          <Coords points="877,1391 969,1391 969,1444 877,1444"/>
          <TextEquiv>
            <Unicode>عيسى</Unicode>
          </TextEquiv>
        </Word>
        <Word id="w97">
          <Coords points="876,1359 883,1359 883,1421 876,1421"/>
          <TextEquiv>
            <Unicode>ا</Unicode>
          </TextEquiv>
        </Word>
        <Word id="w98">
          <Coords points="796,1383 839,1383 839,1427 796,1427"/>
          <TextEquiv>
            <Unicode>مر</Unicode>
          </TextEquiv>
        </Word>
        <Word id="w99">
          <Coords points="765,1369 800,1369 800,1424 765,1424"/>
          <TextEquiv>
            <Unicode>يم</Unicode>
          </TextEquiv>
        </Word>
        <Word id="w100">
          <Coords points="732,1388 864,1388 864,1445 732,1445"/>
          <TextEquiv>
            <Unicode>بن</Unicode>
          </TextEquiv>
        </Word>
        <Word id="w101">
          <Coords points="698,1366 763,1366 763,1429 698,1429"/>
          <TextEquiv>
            <Unicode>هل</Unicode>
          </TextEquiv>
        </Word>
        <Word id="w102">
          <Coords points="561,1352 704,1352 704,1448 561,1448"/>
          <TextEquiv>
            <Unicode>يستطيع</Unicode>
          </TextEquiv>
        </Word>
        <Word id="w103">
          <Coords points="526,1385 552,1385 552,1409 526,1409"/>
          <TextEquiv>
            <Unicode>ر</Unicode>
          </TextEquiv>
        </Word>
        <Word id="w104">
          <Coords points="462,1357 515,1357 515,1424 462,1424"/>
          <TextEquiv>
            <Unicode>بك</Unicode>
          </TextEquiv>
        </Word>
        <Word id="w105">
          <Coords points="444,1347 460,1347 460,1402 444,1402"/>
          <TextEquiv>
            <Unicode>ا</Unicode>
          </TextEquiv>
        </Word>
        <Word id="w106">
          <Coords points="364,1349 417,1349 417,1409 364,1409"/>
          <TextEquiv>
            <Unicode>ينز</Unicode>
          </TextEquiv>
        </Word>
        <Word id="w107">
          <Coords points="349,1328 373,1328 373,1388 349,1388"/>
          <TextEquiv>
            <Unicode>ل</Unicode>
          </TextEquiv>
        </Word>
        <Word id="w108">
          <Coords points="320,1359 437,1359 437,1425 320,1425"/>
          <TextEquiv>
            <Unicode>ن</Unicode>
          </TextEquiv>
        </Word>
        <Word id="w109">
          <Coords points="265,1338 344,1338 344,1412 265,1412"/>
          <TextEquiv>
            <Unicode>علينا</Unicode>
          </TextEquiv>
        </Word>
        <TextEquiv>
          <Unicode> يا عيسى ا مر يم بن هل يستطيع ر بك ا ينز ل ن علينا</Unicode>
        </TextEquiv>
      </TextLine>
      <TextLine id="l7">
        <Coords points="252,1458 993,1458 993,1582 252,1582"/>
        <Word id="w110">
          <Coords points="952,1496 992,1496 992,1555 952,1555"/>
          <TextEquiv>
            <Unicode>ما</Unicode>
          </TextEquiv>
        </Word>
        <Word id="w111">
          <Coords points="905,1490 948,1490 948,1565 905,1565"/>
          <TextEquiv>
            <Unicode>ئد</Unicode>
          </TextEquiv>
        </Word>
        <Word id="w112">
          <Coords points="901,1487 924,1487 924,1548 901,1548"/>
          <TextEquiv>
            <Unicode>ة</Unicode>
          </TextEquiv>
        </Word>
        <Word id="w113">
          <Coords points="836,1506 881,1506 881,1555 836,1555"/>
          <TextEquiv>
            <Unicode>من</Unicode>
          </TextEquiv>
        </Word>
        <Word id="w114">
          <Coords points="828,1490 835,1490 835,1534 828,1534"/>
          <TextEquiv>
            <Unicode>ا</Unicode>
          </TextEquiv>
        </Word>
        <Word id="w115">
          <Coords points="728,1501 820,1501 820,1545 728,1545"/>
          <TextEquiv>
            <Unicode>لسما</Unicode>
          </TextEquiv>
        </Word>
        <Word id="w116">
          <Coords points="710,1515 724,1515 724,1532 710,1532"/>
          <TextEquiv>
            <Unicode>ء</Unicode>
          </TextEquiv>
        </Word>
        <Word id="w117">
          <Coords points="667,1481 695,1481 695,1540 667,1540"/>
          <TextEquiv>
            <Unicode>قا</Unicode>
          </TextEquiv>
        </Word>
        <Word id="w118">
          <Coords points="631,1489 661,1489 661,1544 631,1544"/>
          <TextEquiv>
            <Unicode>ل</Unicode>
          </TextEquiv>
        </Word>
        <Word id="w119">
          <Coords points="620,1472 639,1472 639,1524 620,1524"/>
          <TextEquiv>
            <Unicode>ا</Unicode>
          </TextEquiv>
        </Word>
        <Word id="w120">
          <Coords points="558,1487 613,1487 613,1544 558,1544"/>
          <TextEquiv>
            <Unicode>تقو</Unicode>
          </TextEquiv>
        </Word>
        <Word id="w121">
          <Coords points="552,1473 568,1473 568,1523 552,1523"/>
          <TextEquiv>
            <Unicode>ا</Unicode>
          </TextEquiv>
        </Word>
        <Word id="w122">
          <Coords points="529,1476 543,1476 543,1531 529,1531"/>
          <TextEquiv>
            <Unicode>ا</Unicode>
          </TextEquiv>
        </Word>
        <Word id="w123">
          <Coords points="494,1508 526,1508 526,1532 494,1532"/>
          <TextEquiv>
            <Unicode>لله</Unicode>
          </TextEquiv>
        </Word>
        <Word id="w124">
          <Coords points="468,1472 483,1472 483,1531 468,1531"/>
          <TextEquiv>
            <Unicode>ا</Unicode>
          </TextEquiv>
        </Word>
        <Word id="w125">
          <Coords points="432,1501 459,1501 459,1533 432,1533"/>
          <TextEquiv>
            <Unicode>ن</Unicode>
          </TextEquiv>
        </Word>
        <Word id="w126">
          <Coords points="352,1458 436,1458 436,1581 352,1581"/>
          <TextEquiv>
            <Unicode>كنتم</Unicode>
          </TextEquiv>
        </Word>
        <Word id="w127">
          <Coords points="313,1500 357,1500 357,1532 313,1532"/>
          <TextEquiv>
            <Unicode>مو</Unicode>
          </TextEquiv>
        </Word>
        <Word id="w128">
          <Coords points="252,1466 335,1466 335,1526 252,1526"/>
          <TextEquiv>
            <Unicode>منين</Unicode>
          </TextEquiv>
        </Word>
        <TextEquiv>
          <Unicode> ما ئد ة من ا لسما ء قا ل ا تقو ا ا لله ا ن كنتم مو منين</Unicode>
        </TextEquiv>
      </TextLine>
      <TextLine id="l8">
        <Coords points="246,1572 992,1572 992,1692 246,1692"/>
        <Word id="w129">
          <Coords points="954,1609 991,1609 991,1676 954,1676"/>
          <TextEquiv>
            <Unicode>قا</Unicode>
          </TextEquiv>
        </Word>
        <Word id="w130">
          <Coords points="912,1620 947,1620 947,1682 912,1682"/>
          <TextEquiv>
            <Unicode>لو</Unicode>
          </TextEquiv>
        </Word>
        <Word id="w131">
          <Coords points="908,1609 924,1609 924,1660 908,1660"/>
          <TextEquiv>
            <Unicode>ا</Unicode>
          </TextEquiv>
        </Word>
        <Word id="w132">
          <Coords points="874,1629 904,1629 904,1676 874,1676"/>
          <TextEquiv>
            <Unicode>نر</Unicode>
          </TextEquiv>
        </Word>
        <Word id="w133">
          <Coords points="835,1632 876,1632 876,1691 835,1691"/>
          <TextEquiv>
            <Unicode>يد</Unicode>
          </TextEquiv>
        </Word>
        <Word id="w134">
          <Coords points="830,1608 841,1608 841,1657 830,1657"/>
          <TextEquiv>
            <Unicode>ا</Unicode>
          </TextEquiv>
        </Word>
        <Word id="w135">
          <Coords points="760,1616 777,1616 777,1663 760,1663"/>
          <TextEquiv>
            <Unicode>نا</Unicode>
          </TextEquiv>
        </Word>
        <Word id="w136">
          <Coords points="697,1591 762,1591 762,1684 697,1684"/>
          <TextEquiv>
            <Unicode>كل</Unicode>
          </TextEquiv>
        </Word>
        <Word id="w137">
          <Coords points="627,1596 704,1596 704,1671 627,1671"/>
          <TextEquiv>
            <Unicode>منها</Unicode>
          </TextEquiv>
        </Word>
        <Word id="w138">
          <Coords points="582,1634 618,1634 618,1666 582,1666"/>
          <TextEquiv>
            <Unicode>و</Unicode>
          </TextEquiv>
        </Word>
        <Word id="w139">
          <Coords points="480,1588 596,1588 596,1660 480,1660"/>
          <TextEquiv>
            <Unicode>تطمئن</Unicode>
          </TextEquiv>
        </Word>
        <Word id="w140">
          <Coords points="416,1586 471,1586 471,1665 416,1665"/>
          <TextEquiv>
            <Unicode>قلو</Unicode>
          </TextEquiv>
        </Word>
        <Word id="w141">
          <Coords points="377,1590 417,1590 417,1655 377,1655"/>
          <TextEquiv>
            <Unicode>بنا</Unicode>
          </TextEquiv>
        </Word>
        <Word id="w142">
          <Coords points="344,1618 368,1618 368,1644 344,1644"/>
          <TextEquiv>
            <Unicode>و</Unicode>
          </TextEquiv>
        </Word>
        <Word id="w143">
          <Coords points="246,1572 349,1572 349,1672 246,1672"/>
          <TextEquiv>
            <Unicode>نعلم</Unicode>
          </TextEquiv>
        </Word>
        <TextEquiv>
          <Unicode> قا لو ا نر يد ا نا كل منها و تطمئن قلو بنا و نعلم</Unicode>
        </TextEquiv>
      </TextLine>
    </TextRegion>
  </Page>
</PcGts>
