<?xml version='1.0' encoding='utf-8'?>
<PcGts xmlns:xsi="http://www.w3.org/2001/XMLSchema-instance" xmlns="http://schema.primaresearch.org/PAGE/gts/pagecontent/2019-07-15" xsi:schemaLocation="http://schema.primaresearch.org/PAGE/gts/pagecontent/2019-07-15 http://schema.primaresearch.org/PAGE/gts/pagecontent/2019-07-15/pagecontent.xsd" pcGtsId="pc-aletheiaexamplepage">
  <Metadata>
    <Creator>PRImA Research Lab</Creator>
    <Created>2015-07-17T15:27:13</Created>
    <LastChange>2017-07-14T10:03:33</LastChange>
    <Comments>Example Page</Comments>
  </Metadata>
  <Page imageFilename="3157556/0100-1.png" imageWidth="1234" imageHeight="2102">
    <TextRegion id="r0" type="paragraph">
      <Coords points="1,1 1232,1 1232,2100 1,2100"/>
      <TextLine id="l0">
        <Coords points="256,401 1017,401 1017,514 256,514"/>
        <Word id="w0">
          <Coords points="984,432 1016,432 1016,501 984,501"/>
          <TextEquiv>
            <Unicode>با</Unicode>
          </TextEquiv>
        </Word>
        <Word id="w1">
          <Coords points="962,442 989,442 989,498 962,498"/>
          <TextEquiv>
            <Unicode>يا</Unicode>
          </TextEquiv>
        </Word>
        <Word id="w2">
          <Coords points="916,440 967,440 967,491 916,491"/>
          <TextEquiv>
            <Unicode>ت</Unicode>
          </TextEquiv>
        </Word>
        <Word id="w3">
          <Coords points="892,466 912,466 912,488 892,488"/>
          <TextEquiv>
            <Unicode>ر</Unicode>
          </TextEquiv>
        </Word>
        <Word id="w4">
          <Coords points="848,430 887,430 887,496 848,496"/>
          <TextEquiv>
            <Unicode>بنا</Unicode>
          </TextEquiv>
        </Word>
        <Word id="w5">
          <Coords points="813,462 840,462 840,495 813,495"/>
          <TextEquiv>
            <Unicode>و</Unicode>
          </TextEquiv>
        </Word>
        <Word id="w6">
          <Coords points="759,412 824,412 824,503 759,503"/>
          <TextEquiv>
            <Unicode>نكو</Unicode>
          </TextEquiv>
        </Word>
        <Word id="w7">
          <Coords points="732,444 767,444 767,488 732,488"/>
          <TextEquiv>
            <Unicode>ن</Unicode>
          </TextEquiv>
        </Word>
        <Word id="w8">
          <Coords points="685,449 736,449 736,493 685,493"/>
          <TextEquiv>
            <Unicode>من</Unicode>
          </TextEquiv>
        </Word>
        <Word id="w9">
          <Coords points="682,421 696,421 696,468 682,468"/>
          <TextEquiv>
            <Unicode>ا</Unicode>
          </TextEquiv>
        </Word>
        <Word id="w10">
          <Coords points="639,439 660,439 660,459 639,459"/>
          <TextEquiv>
            <Unicode>ء</Unicode>
          </TextEquiv>
        </Word>
        <Word id="w11">
          <Coords points="638,433 679,433 679,492 638,492"/>
          <TextEquiv>
            <Unicode>لمؤ</Unicode>
          </TextEquiv>
        </Word>
        <Word id="w12">
          <Coords points="551,434 635,434 635,500 551,500"/>
          <TextEquiv>
            <Unicode>منين</Unicode>
          </TextEquiv>
        </Word>
        <Word id="w13">
          <Coords points="467,438 524,438 524,502 467,502"/>
          <TextEquiv>
            <Unicode>بل</Unicode>
          </TextEquiv>
        </Word>
        <Word id="w14">
          <Coords points="440,449 480,449 480,501 440,501"/>
          <TextEquiv>
            <Unicode>بد</Unicode>
          </TextEquiv>
        </Word>
        <Word id="w15">
          <Coords points="433,421 444,421 444,476 433,476"/>
          <TextEquiv>
            <Unicode>ا</Unicode>
          </TextEquiv>
        </Word>
        <Word id="w16">
          <Coords points="361,430 428,430 428,513 361,513"/>
          <TextEquiv>
            <Unicode>لم</Unicode>
          </TextEquiv>
        </Word>
        <Word id="w17">
          <Coords points="330,423 362,423 362,477 330,477"/>
          <TextEquiv>
            <Unicode>ما</Unicode>
          </TextEquiv>
        </Word>
        <Word id="w18">
          <Coords points="296,401 344,401 344,475 296,475"/>
          <TextEquiv>
            <Unicode>كا</Unicode>
          </TextEquiv>
        </Word>
        <Word id="w19">
          <Coords points="258,436 286,436 286,487 258,487"/>
          <TextEquiv>
            <Unicode>نو</Unicode>
          </TextEquiv>
        </Word>
        <Word id="w20">
          <Coords points="256,411 275,411 275,460 256,460"/>
          <TextEquiv>
            <Unicode>ا</Unicode>
          </TextEquiv>
        </Word>
        <TextEquiv>
          <Unicode> با يا ت ر بنا و نكو ن من ا ء لمؤ منين بل بد ا لم ما كا نو ا</Unicode>
        </TextEquiv>
      </TextLine>
      <TextLine id="l1">
        <Coords points="255,540 1007,540 1007,636 255,636"/>
        <Word id="w21">
          <Coords points="886,576 1006,576 1006,635 886,635"/>
          <TextEquiv>
            <Unicode>يفو</Unicode>
          </TextEquiv>
        </Word>
        <Word id="w22">
          <Coords points="858,566 896,566 896,621 858,621"/>
          <TextEquiv>
            <Unicode>ن</Unicode>
          </TextEquiv>
        </Word>
        <Word id="w23">
          <Coords points="807,560 856,560 856,623 807,623"/>
          <TextEquiv>
            <Unicode>من</Unicode>
          </TextEquiv>
        </Word>
        <Word id="w24">
          <Coords points="752,545 817,545 817,628 752,628"/>
          <TextEquiv>
            <Unicode>قبل</Unicode>
          </TextEquiv>
        </Word>
        <Word id="w25">
          <Coords points="742,572 760,572 760,604 742,604"/>
          <TextEquiv>
            <Unicode>و</Unicode>
          </TextEquiv>
        </Word>
        <Word id="w26">
          <Coords points="702,551 736,551 736,616 702,616"/>
          <TextEquiv>
            <Unicode>لو</Unicode>
          </TextEquiv>
        </Word>
        <Word id="w27">
          <Coords points="678,575 705,575 705,608 678,608"/>
          <TextEquiv>
            <Unicode>ر</Unicode>
          </TextEquiv>
        </Word>
        <Word id="w28">
          <Coords points="662,580 679,580 679,602 662,602"/>
          <TextEquiv>
            <Unicode>د</Unicode>
          </TextEquiv>
        </Word>
        <Word id="w29">
          <Coords points="624,580 653,580 653,613 624,613"/>
          <TextEquiv>
            <Unicode>و</Unicode>
          </TextEquiv>
        </Word>
        <Word id="w30">
          <Coords points="616,551 631,551 631,603 616,603"/>
          <TextEquiv>
            <Unicode>ا</Unicode>
          </TextEquiv>
        </Word>
        <Word id="w31">
          <Coords points="517,551 603,551 603,603 517,603"/>
          <TextEquiv>
            <Unicode>لعا</Unicode>
          </TextEquiv>
        </Word>
        <Word id="w32">
          <Coords points="491,578 507,578 507,598 491,598"/>
          <TextEquiv>
            <Unicode>د</Unicode>
          </TextEquiv>
        </Word>
        <Word id="w33">
          <Coords points="456,579 483,579 483,616 456,616"/>
          <TextEquiv>
            <Unicode>و</Unicode>
          </TextEquiv>
        </Word>
        <Word id="w34">
          <Coords points="452,540 473,540 473,600 452,600"/>
          <TextEquiv>
            <Unicode>ا</Unicode>
          </TextEquiv>
        </Word>
        <Word id="w35">
          <Coords points="409,546 444,546 444,595 409,595"/>
          <TextEquiv>
            <Unicode>لما</Unicode>
          </TextEquiv>
        </Word>
        <Word id="w36">
          <Coords points="352,556 400,556 400,619 352,619"/>
          <TextEquiv>
            <Unicode>نهو</Unicode>
          </TextEquiv>
        </Word>
        <Word id="w37">
          <Coords points="348,544 360,544 360,599 348,599"/>
          <TextEquiv>
            <Unicode>ا</Unicode>
          </TextEquiv>
        </Word>
        <Word id="w38">
          <Coords points="255,553 342,553 342,592 255,592"/>
          <TextEquiv>
            <Unicode>عنه</Unicode>
          </TextEquiv>
        </Word>
        <TextEquiv>
          <Unicode> يفو ن من قبل و لو ر د و ا لعا د و ا لما نهو ا عنه</Unicode>
        </TextEquiv>
      </TextLine>
      <TextLine id="l2">
        <Coords points="264,654 1004,654 1004,773 264,773"/>
        <Word id="w39">
          <Coords points="979,706 1003,706 1003,734 979,734"/>
          <TextEquiv>
            <Unicode>و</Unicode>
          </TextEquiv>
        </Word>
        <Word id="w40">
          <Coords points="978,680 982,680 982,715 978,715"/>
          <TextEquiv>
            <Unicode>ا</Unicode>
          </TextEquiv>
        </Word>
        <Word id="w41">
          <Coords points="908,690 972,690 972,772 908,772"/>
          <TextEquiv>
            <Unicode>نهم</Unicode>
          </TextEquiv>
        </Word>
        <Word id="w42">
          <Coords points="875,654 915,654 915,727 875,727"/>
          <TextEquiv>
            <Unicode>لكا</Unicode>
          </TextEquiv>
        </Word>
        <Word id="w43">
          <Coords points="843,668 862,668 862,725 843,725"/>
          <TextEquiv>
            <Unicode>ذ</Unicode>
          </TextEquiv>
        </Word>
        <Word id="w44">
          <Coords points="795,701 838,701 838,742 795,742"/>
          <TextEquiv>
            <Unicode>بو</Unicode>
          </TextEquiv>
        </Word>
        <Word id="w45">
          <Coords points="773,687 805,687 805,727 773,727"/>
          <TextEquiv>
            <Unicode>ن</Unicode>
          </TextEquiv>
        </Word>
        <Word id="w46">
          <Coords points="703,700 730,700 730,728 703,728"/>
          <TextEquiv>
            <Unicode>و</Unicode>
          </TextEquiv>
        </Word>
        <Word id="w47">
          <Coords points="686,664 707,664 707,716 686,716"/>
          <TextEquiv>
            <Unicode>قا</Unicode>
          </TextEquiv>
        </Word>
        <Word id="w48">
          <Coords points="641,673 673,673 673,732 641,732"/>
          <TextEquiv>
            <Unicode>لو</Unicode>
          </TextEquiv>
        </Word>
        <Word id="w49">
          <Coords points="640,675 645,675 645,709 640,709"/>
          <TextEquiv>
            <Unicode>ا</Unicode>
          </TextEquiv>
        </Word>
        <Word id="w50">
          <Coords points="623,673 629,673 629,712 623,712"/>
          <TextEquiv>
            <Unicode>ا</Unicode>
          </TextEquiv>
        </Word>
        <Word id="w51">
          <Coords points="582,687 611,687 611,721 582,721"/>
          <TextEquiv>
            <Unicode>ن</Unicode>
          </TextEquiv>
        </Word>
        <Word id="w52">
          <Coords points="524,654 532,654 532,704 524,704"/>
          <TextEquiv>
            <Unicode>ا</Unicode>
          </TextEquiv>
        </Word>
        <Word id="w53">
          <Coords points="524,689 569,689 569,748 524,748"/>
          <TextEquiv>
            <Unicode>هي</Unicode>
          </TextEquiv>
        </Word>
        <Word id="w54">
          <Coords points="484,661 523,661 523,710 484,710"/>
          <TextEquiv>
            <Unicode>لا</Unicode>
          </TextEquiv>
        </Word>
        <Word id="w55">
          <Coords points="425,699 492,699 492,746 425,746"/>
          <TextEquiv>
            <Unicode>حيو</Unicode>
          </TextEquiv>
        </Word>
        <Word id="w56">
          <Coords points="378,671 422,671 422,729 378,729"/>
          <TextEquiv>
            <Unicode>تنا</Unicode>
          </TextEquiv>
        </Word>
        <Word id="w57">
          <Coords points="348,673 368,673 368,733 348,733"/>
          <TextEquiv>
            <Unicode>ا</Unicode>
          </TextEquiv>
        </Word>
        <Word id="w58">
          <Coords points="304,680 340,680 340,726 304,726"/>
          <TextEquiv>
            <Unicode>لد</Unicode>
          </TextEquiv>
        </Word>
        <Word id="w59">
          <Coords points="264,657 304,657 304,728 264,728"/>
          <TextEquiv>
            <Unicode>نيا</Unicode>
          </TextEquiv>
        </Word>
        <TextEquiv>
          <Unicode> و ا نهم لكا ذ بو ن و قا لو ا ا ن ا هي لا حيو تنا ا لد نيا</Unicode>
        </TextEquiv>
      </TextLine>
      <TextLine id="l3">
        <Coords points="262,765 1004,765 1004,879 262,879"/>
        <Word id="w60">
          <Coords points="982,830 1003,830 1003,855 982,855"/>
          <TextEquiv>
            <Unicode>و</Unicode>
          </TextEquiv>
        </Word>
        <Word id="w61">
          <Coords points="947,801 975,801 975,848 947,848"/>
          <TextEquiv>
            <Unicode>ما</Unicode>
          </TextEquiv>
        </Word>
        <Word id="w62">
          <Coords points="884,791 941,791 941,864 884,864"/>
          <TextEquiv>
            <Unicode>نحن</Unicode>
          </TextEquiv>
        </Word>
        <Word id="w63">
          <Coords points="804,807 893,807 893,862 804,862"/>
          <TextEquiv>
            <Unicode>بمعو</Unicode>
          </TextEquiv>
        </Word>
        <Word id="w64">
          <Coords points="756,788 820,788 820,863 756,863"/>
          <TextEquiv>
            <Unicode>ثين</Unicode>
          </TextEquiv>
        </Word>
        <Word id="w65">
          <Coords points="699,822 724,822 724,847 699,847"/>
          <TextEquiv>
            <Unicode>و</Unicode>
          </TextEquiv>
        </Word>
        <Word id="w66">
          <Coords points="669,794 702,794 702,849 669,849"/>
          <TextEquiv>
            <Unicode>لو</Unicode>
          </TextEquiv>
        </Word>
        <Word id="w67">
          <Coords points="627,804 673,804 673,856 627,856"/>
          <TextEquiv>
            <Unicode>تر</Unicode>
          </TextEquiv>
        </Word>
        <Word id="w68">
          <Coords points="597,797 639,797 639,848 597,848"/>
          <TextEquiv>
            <Unicode>ى</Unicode>
          </TextEquiv>
        </Word>
        <Word id="w69">
          <Coords points="580,784 597,784 597,837 580,837"/>
          <TextEquiv>
            <Unicode>ا</Unicode>
          </TextEquiv>
        </Word>
        <Word id="w70">
          <Coords points="557,794 576,794 576,839 557,839"/>
          <TextEquiv>
            <Unicode>ذ</Unicode>
          </TextEquiv>
        </Word>
        <Word id="w71">
          <Coords points="525,810 543,810 543,846 525,846"/>
          <TextEquiv>
            <Unicode>و</Unicode>
          </TextEquiv>
        </Word>
        <Word id="w72">
          <Coords points="455,788 528,788 528,851 455,851"/>
          <TextEquiv>
            <Unicode>قفو</Unicode>
          </TextEquiv>
        </Word>
        <Word id="w73">
          <Coords points="451,780 467,780 467,843 451,843"/>
          <TextEquiv>
            <Unicode>ا</Unicode>
          </TextEquiv>
        </Word>
        <Word id="w74">
          <Coords points="384,788 440,788 440,863 384,863"/>
          <TextEquiv>
            <Unicode>على</Unicode>
          </TextEquiv>
        </Word>
        <Word id="w75">
          <Coords points="374,808 399,808 399,836 374,836"/>
          <TextEquiv>
            <Unicode>ر</Unicode>
          </TextEquiv>
        </Word>
        <Word id="w76">
          <Coords points="315,803 372,803 372,878 315,878"/>
          <TextEquiv>
            <Unicode>بهم</Unicode>
          </TextEquiv>
        </Word>
        <Word id="w77">
          <Coords points="294,765 321,765 321,828 294,828"/>
          <TextEquiv>
            <Unicode>قا</Unicode>
          </TextEquiv>
        </Word>
        <Word id="w78">
          <Coords points="262,775 290,775 290,822 262,822"/>
          <TextEquiv>
            <Unicode>ل</Unicode>
          </TextEquiv>
        </Word>
        <TextEquiv>
          <Unicode> و ما نحن بمعو ثين و لو تر ى ا ذ و قفو ا على ر بهم قا ل</Unicode>
        </TextEquiv>
      </TextLine>
      <TextLine id="l4">
        <Coords points="296,1229 1005,1229 1005,1357 296,1357"/>
        <Word id="w79">
          <Coords points="977,1305 1004,1305 1004,1343 977,1343"/>
          <TextEquiv>
            <Unicode>و</Unicode>
          </TextEquiv>
        </Word>
        <Word id="w80">
          <Coords points="953,1303 975,1303 975,1331 953,1331"/>
          <TextEquiv>
            <Unicode>ر</Unicode>
          </TextEquiv>
        </Word>
        <Word id="w81">
          <Coords points="908,1271 951,1271 951,1340 908,1340"/>
          <TextEquiv>
            <Unicode>بنا</Unicode>
          </TextEquiv>
        </Word>
        <Word id="w82">
          <Coords points="872,1265 903,1265 903,1328 872,1328"/>
          <TextEquiv>
            <Unicode>قا</Unicode>
          </TextEquiv>
        </Word>
        <Word id="w83">
          <Coords points="832,1262 864,1262 864,1331 832,1331"/>
          <TextEquiv>
            <Unicode>ل</Unicode>
          </TextEquiv>
        </Word>
        <Word id="w84">
          <Coords points="800,1266 837,1266 837,1324 800,1324"/>
          <TextEquiv>
            <Unicode>فذ</Unicode>
          </TextEquiv>
        </Word>
        <Word id="w85">
          <Coords points="774,1287 796,1287 796,1324 774,1324"/>
          <TextEquiv>
            <Unicode>و</Unicode>
          </TextEquiv>
        </Word>
        <Word id="w86">
          <Coords points="734,1254 749,1254 749,1301 734,1301"/>
          <TextEquiv>
            <Unicode>ا</Unicode>
          </TextEquiv>
        </Word>
        <Word id="w87">
          <Coords points="729,1264 780,1264 780,1328 729,1328"/>
          <TextEquiv>
            <Unicode>قو</Unicode>
          </TextEquiv>
        </Word>
        <Word id="w88">
          <Coords points="716,1254 732,1254 732,1300 716,1300"/>
          <TextEquiv>
            <Unicode>ا</Unicode>
          </TextEquiv>
        </Word>
        <Word id="w89">
          <Coords points="637,1255 716,1255 716,1320 637,1320"/>
          <TextEquiv>
            <Unicode>لعذ</Unicode>
          </TextEquiv>
        </Word>
        <Word id="w90">
          <Coords points="624,1252 640,1252 640,1308 624,1308"/>
          <TextEquiv>
            <Unicode>ا</Unicode>
          </TextEquiv>
        </Word>
        <Word id="w91">
          <Coords points="577,1284 620,1284 620,1331 577,1331"/>
          <TextEquiv>
            <Unicode>ب</Unicode>
          </TextEquiv>
        </Word>
        <Word id="w92">
          <Coords points="528,1264 572,1264 572,1323 528,1323"/>
          <TextEquiv>
            <Unicode>بما</Unicode>
          </TextEquiv>
        </Word>
        <Word id="w93">
          <Coords points="439,1235 542,1235 542,1356 439,1356"/>
          <TextEquiv>
            <Unicode>كنتم</Unicode>
          </TextEquiv>
        </Word>
        <Word id="w94">
          <Coords points="356,1229 444,1229 444,1339 356,1339"/>
          <TextEquiv>
            <Unicode>تكر</Unicode>
          </TextEquiv>
        </Word>
        <Word id="w95">
          <Coords points="335,1286 364,1286 364,1325 335,1325"/>
          <TextEquiv>
            <Unicode>و</Unicode>
          </TextEquiv>
        </Word>
        <Word id="w96">
          <Coords points="296,1270 331,1270 331,1312 296,1312"/>
          <TextEquiv>
            <Unicode>ن</Unicode>
          </TextEquiv>
        </Word>
        <TextEquiv>
          <Unicode> و ر بنا قا ل فذ و ا قو ا لعذ ا ب بما كنتم تكر و ن</Unicode>
        </TextEquiv>
      </TextLine>
      <TextLine id="l5">
        <Coords points="250,1362 1003,1362 1003,1474 250,1474"/>
        <Word id="w97">
          <Coords points="950,1406 1002,1406 1002,1452 950,1452"/>
          <TextEquiv>
            <Unicode>قد</Unicode>
          </TextEquiv>
        </Word>
        <Word id="w98">
          <Coords points="870,1396 964,1396 964,1468 870,1468"/>
          <TextEquiv>
            <Unicode>خسر</Unicode>
          </TextEquiv>
        </Word>
        <Word id="w99">
          <Coords points="867,1389 885,1389 885,1448 867,1448"/>
          <TextEquiv>
            <Unicode>ا</Unicode>
          </TextEquiv>
        </Word>
        <Word id="w100">
          <Coords points="835,1388 870,1388 870,1448 835,1448"/>
          <TextEquiv>
            <Unicode>لذ</Unicode>
          </TextEquiv>
        </Word>
        <Word id="w101">
          <Coords points="692,1402 833,1402 833,1473 692,1473"/>
          <TextEquiv>
            <Unicode>ين</Unicode>
          </TextEquiv>
        </Word>
        <Word id="w102">
          <Coords points="655,1390 800,1390 800,1450 655,1450"/>
          <TextEquiv>
            <Unicode>كذ</Unicode>
          </TextEquiv>
        </Word>
        <Word id="w103">
          <Coords points="605,1414 656,1414 656,1458 605,1458"/>
          <TextEquiv>
            <Unicode>بو</Unicode>
          </TextEquiv>
        </Word>
        <Word id="w104">
          <Coords points="601,1385 620,1385 620,1433 601,1433"/>
          <TextEquiv>
            <Unicode>ا</Unicode>
          </TextEquiv>
        </Word>
        <Word id="w105">
          <Coords points="534,1390 598,1390 598,1452 534,1452"/>
          <TextEquiv>
            <Unicode>بلقا</Unicode>
          </TextEquiv>
        </Word>
        <Word id="w106">
          <Coords points="510,1413 525,1413 525,1434 510,1434"/>
          <TextEquiv>
            <Unicode>ء</Unicode>
          </TextEquiv>
        </Word>
        <Word id="w107">
          <Coords points="484,1383 497,1383 497,1439 484,1439"/>
          <TextEquiv>
            <Unicode>ا</Unicode>
          </TextEquiv>
        </Word>
        <Word id="w108">
          <Coords points="451,1415 479,1415 479,1436 451,1436"/>
          <TextEquiv>
            <Unicode>لله</Unicode>
          </TextEquiv>
        </Word>
        <Word id="w109">
          <Coords points="383,1380 403,1380 403,1432 383,1432"/>
          <TextEquiv>
            <Unicode>ا</Unicode>
          </TextEquiv>
        </Word>
        <Word id="w110">
          <Coords points="361,1411 378,1411 378,1434 361,1434"/>
          <TextEquiv>
            <Unicode>ذ</Unicode>
          </TextEquiv>
        </Word>
        <Word id="w111">
          <Coords points="345,1376 359,1376 359,1431 345,1431"/>
          <TextEquiv>
            <Unicode>ا</Unicode>
          </TextEquiv>
        </Word>
        <Word id="w112">
          <Coords points="304,1372 349,1372 349,1443 304,1443"/>
          <TextEquiv>
            <Unicode>جا</Unicode>
          </TextEquiv>
        </Word>
        <Word id="w113">
          <Coords points="285,1409 297,1409 297,1427 285,1427"/>
          <TextEquiv>
            <Unicode>ء</Unicode>
          </TextEquiv>
        </Word>
        <Word id="w114">
          <Coords points="283,1386 451,1386 451,1463 283,1463"/>
          <TextEquiv>
            <Unicode>حتى</Unicode>
          </TextEquiv>
        </Word>
        <Word id="w115">
          <Coords points="250,1362 299,1362 299,1446 250,1446"/>
          <TextEquiv>
            <Unicode>تهم</Unicode>
          </TextEquiv>
        </Word>
        <TextEquiv>
          <Unicode> قد خسر ا لذ ين كذ بو ا بلقا ء ا لله ا ذ ا جا ء حتى تهم</Unicode>
        </TextEquiv>
      </TextLine>
      <TextLine id="l6">
        <Coords points="256,1487 1001,1487 1001,1589 256,1589"/>
        <Word id="w116">
          <Coords points="990,1524 1000,1524 1000,1568 990,1568"/>
          <TextEquiv>
            <Unicode>ا</Unicode>
          </TextEquiv>
        </Word>
        <Word id="w117">
          <Coords points="921,1518 979,1518 979,1580 921,1580"/>
          <TextEquiv>
            <Unicode>لسا</Unicode>
          </TextEquiv>
        </Word>
        <Word id="w118">
          <Coords points="857,1535 912,1535 912,1585 857,1585"/>
          <TextEquiv>
            <Unicode>عة</Unicode>
          </TextEquiv>
        </Word>
        <Word id="w119">
          <Coords points="775,1516 869,1516 869,1584 775,1584"/>
          <TextEquiv>
            <Unicode>بغتة</Unicode>
          </TextEquiv>
        </Word>
        <Word id="w120">
          <Coords points="729,1510 767,1510 767,1573 729,1573"/>
          <TextEquiv>
            <Unicode>قا</Unicode>
          </TextEquiv>
        </Word>
        <Word id="w121">
          <Coords points="694,1520 723,1520 723,1575 694,1575"/>
          <TextEquiv>
            <Unicode>لو</Unicode>
          </TextEquiv>
        </Word>
        <Word id="w122">
          <Coords points="686,1512 700,1512 700,1556 686,1556"/>
          <TextEquiv>
            <Unicode>ا</Unicode>
          </TextEquiv>
        </Word>
        <Word id="w123">
          <Coords points="659,1512 691,1512 691,1588 659,1588"/>
          <TextEquiv>
            <Unicode>يا</Unicode>
          </TextEquiv>
        </Word>
        <Word id="w124">
          <Coords points="574,1545 654,1545 654,1584 574,1584"/>
          <TextEquiv>
            <Unicode>حسر</Unicode>
          </TextEquiv>
        </Word>
        <Word id="w125">
          <Coords points="533,1507 581,1507 581,1568 533,1568"/>
          <TextEquiv>
            <Unicode>تنا</Unicode>
          </TextEquiv>
        </Word>
        <Word id="w126">
          <Coords points="474,1519 528,1519 528,1586 474,1586"/>
          <TextEquiv>
            <Unicode>على</Unicode>
          </TextEquiv>
        </Word>
        <Word id="w127">
          <Coords points="442,1502 483,1502 483,1568 442,1568"/>
          <TextEquiv>
            <Unicode>ما</Unicode>
          </TextEquiv>
        </Word>
        <Word id="w128">
          <Coords points="400,1520 441,1520 441,1579 400,1579"/>
          <TextEquiv>
            <Unicode>فر</Unicode>
          </TextEquiv>
        </Word>
        <Word id="w129">
          <Coords points="342,1506 406,1506 406,1565 342,1565"/>
          <TextEquiv>
            <Unicode>طنا</Unicode>
          </TextEquiv>
        </Word>
        <Word id="w130">
          <Coords points="256,1487 339,1487 339,1588 256,1588"/>
          <TextEquiv>
            <Unicode>فيا</Unicode>
          </TextEquiv>
        </Word>
        <TextEquiv>
          <Unicode> ا لسا عة بغتة قا لو ا يا حسر تنا على ما فر طنا فيا</Unicode>
        </TextEquiv>
      </TextLine>
      <TextLine id="l7">
        <Coords points="248,1594 289,1594 289,1633 248,1633"/>
        <Word id="w131">
          <Coords points="248,1594 288,1594 288,1632 248,1632"/>
          <TextEquiv>
            <Unicode>ن</Unicode>
          </TextEquiv>
        </Word>
        <TextEquiv>
          <Unicode> ن</Unicode>
        </TextEquiv>
      </TextLine>
      <TextLine id="l8">
        <Coords points="262,1613 969,1613 969,1722 262,1722"/>
        <Word id="w132">
          <Coords points="933,1656 968,1656 968,1721 933,1721"/>
          <TextEquiv>
            <Unicode>هم</Unicode>
          </TextEquiv>
        </Word>
        <Word id="w133">
          <Coords points="869,1633 943,1633 943,1712 869,1712"/>
          <TextEquiv>
            <Unicode>يحملو</Unicode>
          </TextEquiv>
        </Word>
        <Word id="w134">
          <Coords points="825,1646 867,1646 867,1689 825,1689"/>
          <TextEquiv>
            <Unicode>ن</Unicode>
          </TextEquiv>
        </Word>
        <Word id="w135">
          <Coords points="811,1628 831,1628 831,1685 811,1685"/>
          <TextEquiv>
            <Unicode>ا</Unicode>
          </TextEquiv>
        </Word>
        <Word id="w136">
          <Coords points="776,1666 807,1666 807,1700 776,1700"/>
          <TextEquiv>
            <Unicode>و</Unicode>
          </TextEquiv>
        </Word>
        <Word id="w137">
          <Coords points="753,1643 787,1643 787,1691 753,1691"/>
          <TextEquiv>
            <Unicode>ز</Unicode>
          </TextEquiv>
        </Word>
        <Word id="w138">
          <Coords points="750,1621 770,1621 770,1672 750,1672"/>
          <TextEquiv>
            <Unicode>ا</Unicode>
          </TextEquiv>
        </Word>
        <Word id="w139">
          <Coords points="719,1662 743,1662 743,1688 719,1688"/>
          <TextEquiv>
            <Unicode>ر</Unicode>
          </TextEquiv>
        </Word>
        <Word id="w140">
          <Coords points="686,1646 720,1646 720,1716 686,1716"/>
          <TextEquiv>
            <Unicode>هم</Unicode>
          </TextEquiv>
        </Word>
        <Word id="w141">
          <Coords points="627,1627 691,1627 691,1713 627,1713"/>
          <TextEquiv>
            <Unicode>على</Unicode>
          </TextEquiv>
        </Word>
        <Word id="w142">
          <Coords points="558,1632 649,1632 649,1695 558,1695"/>
          <TextEquiv>
            <Unicode>ظهو</Unicode>
          </TextEquiv>
        </Word>
        <Word id="w143">
          <Coords points="541,1661 560,1661 560,1685 541,1685"/>
          <TextEquiv>
            <Unicode>ر</Unicode>
          </TextEquiv>
        </Word>
        <Word id="w144">
          <Coords points="506,1644 542,1644 542,1721 506,1721"/>
          <TextEquiv>
            <Unicode>هم</Unicode>
          </TextEquiv>
        </Word>
        <Word id="w145">
          <Coords points="497,1628 515,1628 515,1680 497,1680"/>
          <TextEquiv>
            <Unicode>ا</Unicode>
          </TextEquiv>
        </Word>
        <Word id="w146">
          <Coords points="448,1626 493,1626 493,1678 448,1678"/>
          <TextEquiv>
            <Unicode>لا</Unicode>
          </TextEquiv>
        </Word>
        <Word id="w147">
          <Coords points="409,1628 452,1628 452,1681 409,1681"/>
          <TextEquiv>
            <Unicode>سا</Unicode>
          </TextEquiv>
        </Word>
        <Word id="w148">
          <Coords points="379,1654 401,1654 401,1683 379,1683"/>
          <TextEquiv>
            <Unicode>ء</Unicode>
          </TextEquiv>
        </Word>
        <Word id="w149">
          <Coords points="338,1613 376,1613 376,1676 338,1676"/>
          <TextEquiv>
            <Unicode>ما</Unicode>
          </TextEquiv>
        </Word>
        <Word id="w150">
          <Coords points="303,1624 344,1624 344,1687 303,1687"/>
          <TextEquiv>
            <Unicode>يز</Unicode>
          </TextEquiv>
        </Word>
        <Word id="w151">
          <Coords points="282,1640 308,1640 308,1672 282,1672"/>
          <TextEquiv>
            <Unicode>ر</Unicode>
          </TextEquiv>
        </Word>
        <Word id="w152">
          <Coords points="262,1640 282,1640 282,1667 262,1667"/>
          <TextEquiv>
            <Unicode>و</Unicode>
          </TextEquiv>
        </Word>
        <TextEquiv>
          <Unicode> هم يحملو ن ا و ز ا ر هم على ظهو ر هم ا لا سا ء ما يز ر و</Unicode>
        </TextEquiv>
      </TextLine>
    </TextRegion>
  </Page>
</PcGts>
