<?xml version='1.0' encoding='utf-8'?>
<PcGts xmlns:xsi="http://www.w3.org/2001/XMLSchema-instance" xmlns="http://schema.primaresearch.org/PAGE/gts/pagecontent/2019-07-15" xsi:schemaLocation="http://schema.primaresearch.org/PAGE/gts/pagecontent/2019-07-15 http://schema.primaresearch.org/PAGE/gts/pagecontent/2019-07-15/pagecontent.xsd" pcGtsId="pc-aletheiaexamplepage">
  <Metadata>
    <Creator>PRImA Research Lab</Creator>
    <Created>2015-07-17T15:27:13</Created>
    <LastChange>2017-07-14T10:03:33</LastChange>
    <Comments>Example Page</Comments>
  </Metadata>
  <Page imageFilename="3249138/0008-2.png" imageWidth="1569" imageHeight="3169">
    <TextRegion id="r0" type="paragraph">
      <Coords points="1,1 1567,1 1567,3167 1,3167"/>
      <TextLine id="l0">
        <Coords points="34,26 1524,26 1524,238 34,238"/>
        <Word id="w0">
          <Coords points="1366,39 1523,39 1523,166 1366,166"/>
          <TextEquiv>
            <Unicode>يقبل</Unicode>
          </TextEquiv>
        </Word>
        <Word id="w1">
          <Coords points="1264,29 1366,29 1366,159 1264,159"/>
          <TextEquiv>
            <Unicode>منها</Unicode>
          </TextEquiv>
        </Word>
        <Word id="w2">
          <Coords points="1146,26 1247,26 1247,134 1146,134"/>
          <TextEquiv>
            <Unicode>شفا</Unicode>
          </TextEquiv>
        </Word>
        <Word id="w3">
          <Coords points="1057,53 1135,53 1135,134 1057,134"/>
          <TextEquiv>
            <Unicode>عة</Unicode>
          </TextEquiv>
        </Word>
        <Word id="w4">
          <Coords points="978,100 1026,100 1026,159 978,159"/>
          <TextEquiv>
            <Unicode>و</Unicode>
          </TextEquiv>
        </Word>
        <Word id="w5">
          <Coords points="923,42 982,42 982,151 923,151"/>
          <TextEquiv>
            <Unicode>لا</Unicode>
          </TextEquiv>
        </Word>
        <Word id="w6">
          <Coords points="852,90 910,90 910,165 852,165"/>
          <TextEquiv>
            <Unicode>يؤ</Unicode>
          </TextEquiv>
        </Word>
        <Word id="w7">
          <Coords points="755,58 847,58 847,157 755,157"/>
          <TextEquiv>
            <Unicode>خذ</Unicode>
          </TextEquiv>
        </Word>
        <Word id="w8">
          <Coords points="610,51 743,51 743,172 610,172"/>
          <TextEquiv>
            <Unicode>منها</Unicode>
          </TextEquiv>
        </Word>
        <Word id="w9">
          <Coords points="513,102 600,102 600,166 513,166"/>
          <TextEquiv>
            <Unicode>عد</Unicode>
          </TextEquiv>
        </Word>
        <Word id="w10">
          <Coords points="454,56 503,56 503,180 454,180"/>
          <TextEquiv>
            <Unicode>ل</Unicode>
          </TextEquiv>
        </Word>
        <Word id="w11">
          <Coords points="397,127 439,127 439,185 397,185"/>
          <TextEquiv>
            <Unicode>و</Unicode>
          </TextEquiv>
        </Word>
        <Word id="w12">
          <Coords points="352,76 438,76 438,164 352,164"/>
          <TextEquiv>
            <Unicode>لا</Unicode>
          </TextEquiv>
        </Word>
        <Word id="w13">
          <Coords points="279,102 343,102 343,237 279,237"/>
          <TextEquiv>
            <Unicode>هم</Unicode>
          </TextEquiv>
        </Word>
        <Word id="w14">
          <Coords points="130,93 267,93 267,196 130,196"/>
          <TextEquiv>
            <Unicode>ينصر</Unicode>
          </TextEquiv>
        </Word>
        <Word id="w15">
          <Coords points="83,138 131,138 131,198 83,198"/>
          <TextEquiv>
            <Unicode>و</Unicode>
          </TextEquiv>
        </Word>
        <Word id="w16">
          <Coords points="34,120 90,120 90,188 34,188"/>
          <TextEquiv>
            <Unicode>ن</Unicode>
          </TextEquiv>
        </Word>
        <TextEquiv>
          <Unicode> يقبل منها شفا عة و لا يؤ خذ منها عد ل و لا هم ينصر و ن</Unicode>
        </TextEquiv>
      </TextLine>
      <TextLine id="l1">
        <Coords points="3,217 1536,217 1536,440 3,440"/>
        <Word id="w17">
          <Coords points="1490,310 1535,310 1535,369 1490,369"/>
          <TextEquiv>
            <Unicode>و</Unicode>
          </TextEquiv>
        </Word>
        <Word id="w18">
          <Coords points="1477,246 1493,246 1493,339 1477,339"/>
          <TextEquiv>
            <Unicode>ا</Unicode>
          </TextEquiv>
        </Word>
        <Word id="w19">
          <Coords points="1435,260 1473,260 1473,352 1435,352"/>
          <TextEquiv>
            <Unicode>ذ</Unicode>
          </TextEquiv>
        </Word>
        <Word id="w20">
          <Coords points="1281,252 1427,252 1427,356 1281,356"/>
          <TextEquiv>
            <Unicode>نجينا</Unicode>
          </TextEquiv>
        </Word>
        <Word id="w21">
          <Coords points="1224,217 1311,217 1311,416 1224,416"/>
          <TextEquiv>
            <Unicode>كم</Unicode>
          </TextEquiv>
        </Word>
        <Word id="w22">
          <Coords points="1098,276 1196,276 1196,386 1098,386"/>
          <TextEquiv>
            <Unicode>من</Unicode>
          </TextEquiv>
        </Word>
        <Word id="w23">
          <Coords points="1084,258 1099,258 1099,347 1084,347"/>
          <TextEquiv>
            <Unicode>ا</Unicode>
          </TextEquiv>
        </Word>
        <Word id="w24">
          <Coords points="1021,263 1073,263 1073,383 1021,383"/>
          <TextEquiv>
            <Unicode>ل</Unicode>
          </TextEquiv>
        </Word>
        <Word id="w25">
          <Coords points="960,307 1026,307 1026,384 960,384"/>
          <TextEquiv>
            <Unicode>فر</Unicode>
          </TextEquiv>
        </Word>
        <Word id="w26">
          <Coords points="873,313 976,313 976,397 873,397"/>
          <TextEquiv>
            <Unicode>عو</Unicode>
          </TextEquiv>
        </Word>
        <Word id="w27">
          <Coords points="824,312 880,312 880,381 824,381"/>
          <TextEquiv>
            <Unicode>ن</Unicode>
          </TextEquiv>
        </Word>
        <Word id="w28">
          <Coords points="689,300 806,300 806,403 689,403"/>
          <TextEquiv>
            <Unicode>يسو</Unicode>
          </TextEquiv>
        </Word>
        <Word id="w29">
          <Coords points="616,337 703,337 703,402 616,402"/>
          <TextEquiv>
            <Unicode>مو</Unicode>
          </TextEquiv>
        </Word>
        <Word id="w30">
          <Coords points="536,250 643,250 643,439 536,439"/>
          <TextEquiv>
            <Unicode>نكم</Unicode>
          </TextEquiv>
        </Word>
        <Word id="w31">
          <Coords points="395,350 496,350 496,411 395,411"/>
          <TextEquiv>
            <Unicode>سو</Unicode>
          </TextEquiv>
        </Word>
        <Word id="w32">
          <Coords points="372,353 401,353 401,389 372,389"/>
          <TextEquiv>
            <Unicode>ء</Unicode>
          </TextEquiv>
        </Word>
        <Word id="w33">
          <Coords points="322,295 337,295 337,386 322,386"/>
          <TextEquiv>
            <Unicode>ا</Unicode>
          </TextEquiv>
        </Word>
        <Word id="w34">
          <Coords points="159,290 305,290 305,401 159,401"/>
          <TextEquiv>
            <Unicode>لعذ</Unicode>
          </TextEquiv>
        </Word>
        <Word id="w35">
          <Coords points="145,286 162,286 162,387 145,387"/>
          <TextEquiv>
            <Unicode>ا</Unicode>
          </TextEquiv>
        </Word>
        <Word id="w36">
          <Coords points="3,345 140,345 140,433 3,433"/>
          <TextEquiv>
            <Unicode>ب</Unicode>
          </TextEquiv>
        </Word>
        <TextEquiv>
          <Unicode> و ا ذ نجينا كم من ا ل فر عو ن يسو مو نكم سو ء ا لعذ ا ب</Unicode>
        </TextEquiv>
      </TextLine>
      <TextLine id="l2">
        <Coords points="8,437 1547,437 1547,674 8,674"/>
        <Word id="w37">
          <Coords points="1483,492 1546,492 1546,589 1483,589"/>
          <TextEquiv>
            <Unicode>يذ</Unicode>
          </TextEquiv>
        </Word>
        <Word id="w38">
          <Coords points="1373,456 1486,456 1486,587 1373,587"/>
          <TextEquiv>
            <Unicode>يحو</Unicode>
          </TextEquiv>
        </Word>
        <Word id="w39">
          <Coords points="1327,513 1377,513 1377,576 1327,576"/>
          <TextEquiv>
            <Unicode>ن</Unicode>
          </TextEquiv>
        </Word>
        <Word id="w40">
          <Coords points="1298,475 1313,475 1313,560 1298,560"/>
          <TextEquiv>
            <Unicode>ا</Unicode>
          </TextEquiv>
        </Word>
        <Word id="w41">
          <Coords points="1215,464 1286,464 1286,604 1215,604"/>
          <TextEquiv>
            <Unicode>بنا</Unicode>
          </TextEquiv>
        </Word>
        <Word id="w42">
          <Coords points="1180,539 1203,539 1203,567 1180,567"/>
          <TextEquiv>
            <Unicode>ء</Unicode>
          </TextEquiv>
        </Word>
        <Word id="w43">
          <Coords points="1073,437 1208,437 1208,597 1073,597"/>
          <TextEquiv>
            <Unicode>كم</Unicode>
          </TextEquiv>
        </Word>
        <Word id="w44">
          <Coords points="1015,538 1071,538 1071,596 1015,596"/>
          <TextEquiv>
            <Unicode>و</Unicode>
          </TextEquiv>
        </Word>
        <Word id="w45">
          <Coords points="812,491 1027,491 1027,621 812,621"/>
          <TextEquiv>
            <Unicode>يستيو</Unicode>
          </TextEquiv>
        </Word>
        <Word id="w46">
          <Coords points="757,540 812,540 812,608 757,608"/>
          <TextEquiv>
            <Unicode>ن</Unicode>
          </TextEquiv>
        </Word>
        <Word id="w47">
          <Coords points="601,556 634,556 634,607 601,607"/>
          <TextEquiv>
            <Unicode>ء</Unicode>
          </TextEquiv>
        </Word>
        <Word id="w48">
          <Coords points="587,492 735,492 735,603 587,603"/>
          <TextEquiv>
            <Unicode>نسا</Unicode>
          </TextEquiv>
        </Word>
        <Word id="w49">
          <Coords points="357,532 581,532 581,629 357,629"/>
          <TextEquiv>
            <Unicode>كم</Unicode>
          </TextEquiv>
        </Word>
        <Word id="w50">
          <Coords points="316,569 363,569 363,631 316,631"/>
          <TextEquiv>
            <Unicode>و</Unicode>
          </TextEquiv>
        </Word>
        <Word id="w51">
          <Coords points="232,504 331,504 331,614 232,614"/>
          <TextEquiv>
            <Unicode>في</Unicode>
          </TextEquiv>
        </Word>
        <Word id="w52">
          <Coords points="170,532 207,532 207,621 170,621"/>
          <TextEquiv>
            <Unicode>ذ</Unicode>
          </TextEquiv>
        </Word>
        <Word id="w53">
          <Coords points="93,487 194,487 194,673 93,673"/>
          <TextEquiv>
            <Unicode>لكم</Unicode>
          </TextEquiv>
        </Word>
        <Word id="w54">
          <Coords points="25,515 86,515 86,645 25,645"/>
          <TextEquiv>
            <Unicode>بلا</Unicode>
          </TextEquiv>
        </Word>
        <Word id="w55">
          <Coords points="8,582 35,582 35,622 8,622"/>
          <TextEquiv>
            <Unicode>ء</Unicode>
          </TextEquiv>
        </Word>
        <TextEquiv>
          <Unicode> يذ يحو ن ا بنا ء كم و يستيو ن ء نسا كم و في ذ لكم بلا ء</Unicode>
        </TextEquiv>
      </TextLine>
      <TextLine id="l3">
        <Coords points="9,656 1567,656 1567,903 9,903"/>
        <Word id="w56">
          <Coords points="1476,734 1566,734 1566,807 1476,807"/>
          <TextEquiv>
            <Unicode>من</Unicode>
          </TextEquiv>
        </Word>
        <Word id="w57">
          <Coords points="1419,749 1463,749 1463,800 1419,800"/>
          <TextEquiv>
            <Unicode>ر</Unicode>
          </TextEquiv>
        </Word>
        <Word id="w58">
          <Coords points="1345,656 1445,656 1445,850 1345,850"/>
          <TextEquiv>
            <Unicode>بكم</Unicode>
          </TextEquiv>
        </Word>
        <Word id="w59">
          <Coords points="1149,683 1317,683 1317,858 1149,858"/>
          <TextEquiv>
            <Unicode>عظيم</Unicode>
          </TextEquiv>
        </Word>
        <Word id="w60">
          <Coords points="1026,763 1076,763 1076,823 1026,823"/>
          <TextEquiv>
            <Unicode>و</Unicode>
          </TextEquiv>
        </Word>
        <Word id="w61">
          <Coords points="1019,702 1033,702 1033,787 1019,787"/>
          <TextEquiv>
            <Unicode>ا</Unicode>
          </TextEquiv>
        </Word>
        <Word id="w62">
          <Coords points="977,721 1016,721 1016,810 977,810"/>
          <TextEquiv>
            <Unicode>ذ</Unicode>
          </TextEquiv>
        </Word>
        <Word id="w63">
          <Coords points="891,728 956,728 956,828 891,828"/>
          <TextEquiv>
            <Unicode>فر</Unicode>
          </TextEquiv>
        </Word>
        <Word id="w64">
          <Coords points="797,703 901,703 901,813 797,813"/>
          <TextEquiv>
            <Unicode>قنا</Unicode>
          </TextEquiv>
        </Word>
        <Word id="w65">
          <Coords points="703,682 805,682 805,884 703,884"/>
          <TextEquiv>
            <Unicode>بكم</Unicode>
          </TextEquiv>
        </Word>
        <Word id="w66">
          <Coords points="658,726 672,726 672,812 658,812"/>
          <TextEquiv>
            <Unicode>ا</Unicode>
          </TextEquiv>
        </Word>
        <Word id="w67">
          <Coords points="484,726 653,726 653,861 484,861"/>
          <TextEquiv>
            <Unicode>لبحر</Unicode>
          </TextEquiv>
        </Word>
        <Word id="w68">
          <Coords points="440,726 481,726 481,840 440,840"/>
          <TextEquiv>
            <Unicode>فا</Unicode>
          </TextEquiv>
        </Word>
        <Word id="w69">
          <Coords points="293,735 427,735 427,902 293,902"/>
          <TextEquiv>
            <Unicode>نحينا</Unicode>
          </TextEquiv>
        </Word>
        <Word id="w70">
          <Coords points="190,704 318,704 318,874 190,874"/>
          <TextEquiv>
            <Unicode>كم</Unicode>
          </TextEquiv>
        </Word>
        <Word id="w71">
          <Coords points="152,808 200,808 200,865 152,865"/>
          <TextEquiv>
            <Unicode>و</Unicode>
          </TextEquiv>
        </Word>
        <Word id="w72">
          <Coords points="144,746 160,746 160,837 144,837"/>
          <TextEquiv>
            <Unicode>ل</Unicode>
          </TextEquiv>
        </Word>
        <Word id="w73">
          <Coords points="46,799 148,799 148,890 46,890"/>
          <TextEquiv>
            <Unicode>غر</Unicode>
          </TextEquiv>
        </Word>
        <Word id="w74">
          <Coords points="9,733 87,733 87,851 9,851"/>
          <TextEquiv>
            <Unicode>قنا</Unicode>
          </TextEquiv>
        </Word>
        <TextEquiv>
          <Unicode> من ر بكم عظيم و ا ذ فر قنا بكم ا لبحر فا نحينا كم و ل غر قنا</Unicode>
        </TextEquiv>
      </TextLine>
      <TextLine id="l4">
        <Coords points="7,900 1548,900 1548,1109 7,1109"/>
        <Word id="w75">
          <Coords points="1497,900 1547,900 1547,1035 1497,1035"/>
          <TextEquiv>
            <Unicode>ل</Unicode>
          </TextEquiv>
        </Word>
        <Word id="w76">
          <Coords points="1438,945 1496,945 1496,1022 1438,1022"/>
          <TextEquiv>
            <Unicode>فر</Unicode>
          </TextEquiv>
        </Word>
        <Word id="w77">
          <Coords points="1351,956 1447,956 1447,1031 1351,1031"/>
          <TextEquiv>
            <Unicode>عو</Unicode>
          </TextEquiv>
        </Word>
        <Word id="w78">
          <Coords points="1300,960 1354,960 1354,1024 1300,1024"/>
          <TextEquiv>
            <Unicode>ن</Unicode>
          </TextEquiv>
        </Word>
        <Word id="w79">
          <Coords points="1237,916 1250,916 1250,997 1237,997"/>
          <TextEquiv>
            <Unicode>ا</Unicode>
          </TextEquiv>
        </Word>
        <Word id="w80">
          <Coords points="1231,974 1290,974 1290,1033 1231,1033"/>
          <TextEquiv>
            <Unicode>و</Unicode>
          </TextEquiv>
        </Word>
        <Word id="w81">
          <Coords points="1152,938 1221,938 1221,1086 1152,1086"/>
          <TextEquiv>
            <Unicode>نتم</Unicode>
          </TextEquiv>
        </Word>
        <Word id="w82">
          <Coords points="1003,919 1131,919 1131,1057 1003,1057"/>
          <TextEquiv>
            <Unicode>تنظر</Unicode>
          </TextEquiv>
        </Word>
        <Word id="w83">
          <Coords points="954,992 1002,992 1002,1050 954,1050"/>
          <TextEquiv>
            <Unicode>و</Unicode>
          </TextEquiv>
        </Word>
        <Word id="w84">
          <Coords points="894,973 951,973 951,1041 894,1041"/>
          <TextEquiv>
            <Unicode>ن</Unicode>
          </TextEquiv>
        </Word>
        <Word id="w85">
          <Coords points="755,994 806,994 806,1057 755,1057"/>
          <TextEquiv>
            <Unicode>و</Unicode>
          </TextEquiv>
        </Word>
        <Word id="w86">
          <Coords points="745,934 764,934 764,1022 745,1022"/>
          <TextEquiv>
            <Unicode>ا</Unicode>
          </TextEquiv>
        </Word>
        <Word id="w87">
          <Coords points="700,960 739,960 739,1048 700,1048"/>
          <TextEquiv>
            <Unicode>ذ</Unicode>
          </TextEquiv>
        </Word>
        <Word id="w88">
          <Coords points="640,1007 690,1007 690,1069 640,1069"/>
          <TextEquiv>
            <Unicode>و</Unicode>
          </TextEquiv>
        </Word>
        <Word id="w89">
          <Coords points="631,948 646,948 646,1038 631,1038"/>
          <TextEquiv>
            <Unicode>ا</Unicode>
          </TextEquiv>
        </Word>
        <Word id="w90">
          <Coords points="535,995 624,995 624,1060 535,1060"/>
          <TextEquiv>
            <Unicode>عد</Unicode>
          </TextEquiv>
        </Word>
        <Word id="w91">
          <Coords points="489,946 524,946 524,1055 489,1055"/>
          <TextEquiv>
            <Unicode>نا</Unicode>
          </TextEquiv>
        </Word>
        <Word id="w92">
          <Coords points="402,1021 485,1021 485,1086 402,1086"/>
          <TextEquiv>
            <Unicode>مو</Unicode>
          </TextEquiv>
        </Word>
        <Word id="w93">
          <Coords points="316,961 330,961 330,1052 316,1052"/>
          <TextEquiv>
            <Unicode>ا</Unicode>
          </TextEquiv>
        </Word>
        <Word id="w94">
          <Coords points="301,1027 411,1027 411,1102 301,1102"/>
          <TextEquiv>
            <Unicode>سى</Unicode>
          </TextEquiv>
        </Word>
        <Word id="w95">
          <Coords points="256,1033 297,1033 297,1086 256,1086"/>
          <TextEquiv>
            <Unicode>ر</Unicode>
          </TextEquiv>
        </Word>
        <Word id="w96">
          <Coords points="108,998 269,998 269,1108 108,1108"/>
          <TextEquiv>
            <Unicode>بعين</Unicode>
          </TextEquiv>
        </Word>
        <Word id="w97">
          <Coords points="7,949 130,949 130,1098 7,1098"/>
          <TextEquiv>
            <Unicode>ليلة</Unicode>
          </TextEquiv>
        </Word>
        <TextEquiv>
          <Unicode> ل فر عو ن ا و نتم تنظر و ن و ا ذ و ا عد نا مو ا سى ر بعين ليلة</Unicode>
        </TextEquiv>
      </TextLine>
      <TextLine id="l5">
        <Coords points="24,1129 1518,1129 1518,1332 24,1332"/>
        <Word id="w98">
          <Coords points="1495,1129 1517,1129 1517,1221 1495,1221"/>
          <TextEquiv>
            <Unicode>ا</Unicode>
          </TextEquiv>
        </Word>
        <Word id="w99">
          <Coords points="1344,1164 1502,1164 1502,1249 1344,1249"/>
          <TextEquiv>
            <Unicode>تحذ</Unicode>
          </TextEquiv>
        </Word>
        <Word id="w100">
          <Coords points="1288,1191 1345,1191 1345,1320 1288,1320"/>
          <TextEquiv>
            <Unicode>تم</Unicode>
          </TextEquiv>
        </Word>
        <Word id="w101">
          <Coords points="1247,1132 1262,1132 1262,1219 1247,1219"/>
          <TextEquiv>
            <Unicode>ا</Unicode>
          </TextEquiv>
        </Word>
        <Word id="w102">
          <Coords points="1104,1134 1225,1134 1225,1281 1104,1281"/>
          <TextEquiv>
            <Unicode>لعجل</Unicode>
          </TextEquiv>
        </Word>
        <Word id="w103">
          <Coords points="902,1182 1112,1182 1112,1295 902,1295"/>
          <TextEquiv>
            <Unicode>من</Unicode>
          </TextEquiv>
        </Word>
        <Word id="w104">
          <Coords points="900,1164 1048,1164 1048,1276 900,1276"/>
          <TextEquiv>
            <Unicode>بعد</Unicode>
          </TextEquiv>
        </Word>
        <Word id="w105">
          <Coords points="860,1217 886,1217 886,1252 860,1252"/>
          <TextEquiv>
            <Unicode>ه</Unicode>
          </TextEquiv>
        </Word>
        <Word id="w106">
          <Coords points="786,1214 836,1214 836,1275 786,1275"/>
          <TextEquiv>
            <Unicode>و</Unicode>
          </TextEquiv>
        </Word>
        <Word id="w107">
          <Coords points="775,1156 792,1156 792,1243 775,1243"/>
          <TextEquiv>
            <Unicode>ا</Unicode>
          </TextEquiv>
        </Word>
        <Word id="w108">
          <Coords points="688,1171 758,1171 758,1331 688,1331"/>
          <TextEquiv>
            <Unicode>نتم</Unicode>
          </TextEquiv>
        </Word>
        <Word id="w109">
          <Coords points="598,1167 668,1167 668,1277 598,1277"/>
          <TextEquiv>
            <Unicode>ظا</Unicode>
          </TextEquiv>
        </Word>
        <Word id="w110">
          <Coords points="500,1175 585,1175 585,1305 500,1305"/>
          <TextEquiv>
            <Unicode>لمو</Unicode>
          </TextEquiv>
        </Word>
        <Word id="w111">
          <Coords points="439,1222 500,1222 500,1290 439,1290"/>
          <TextEquiv>
            <Unicode>ن</Unicode>
          </TextEquiv>
        </Word>
        <Word id="w112">
          <Coords points="271,1190 356,1190 356,1303 271,1303"/>
          <TextEquiv>
            <Unicode>ثم</Unicode>
          </TextEquiv>
        </Word>
        <Word id="w113">
          <Coords points="140,1201 296,1201 296,1315 140,1315"/>
          <TextEquiv>
            <Unicode>عفو</Unicode>
          </TextEquiv>
        </Word>
        <Word id="w114">
          <Coords points="124,1179 156,1179 156,1287 124,1287"/>
          <TextEquiv>
            <Unicode>نا</Unicode>
          </TextEquiv>
        </Word>
        <Word id="w115">
          <Coords points="24,1157 126,1157 126,1330 24,1330"/>
          <TextEquiv>
            <Unicode>عنكم</Unicode>
          </TextEquiv>
        </Word>
        <TextEquiv>
          <Unicode> ا تحذ تم ا لعجل من بعد ه و ا نتم ظا لمو ن ثم عفو نا عنكم</Unicode>
        </TextEquiv>
      </TextLine>
      <TextLine id="l6">
        <Coords points="40,1348 1513,1348 1513,1536 40,1536"/>
        <Word id="w116">
          <Coords points="1384,1382 1512,1382 1512,1468 1384,1468"/>
          <TextEquiv>
            <Unicode>بعد</Unicode>
          </TextEquiv>
        </Word>
        <Word id="w117">
          <Coords points="1336,1373 1375,1373 1375,1465 1336,1465"/>
          <TextEquiv>
            <Unicode>ذ</Unicode>
          </TextEquiv>
        </Word>
        <Word id="w118">
          <Coords points="1221,1363 1322,1363 1322,1460 1221,1460"/>
          <TextEquiv>
            <Unicode>لك</Unicode>
          </TextEquiv>
        </Word>
        <Word id="w119">
          <Coords points="1038,1348 1207,1348 1207,1516 1038,1516"/>
          <TextEquiv>
            <Unicode>لعلكم</Unicode>
          </TextEquiv>
        </Word>
        <Word id="w120">
          <Coords points="701,1359 1002,1359 1002,1500 701,1500"/>
          <TextEquiv>
            <Unicode>تشكر</Unicode>
          </TextEquiv>
        </Word>
        <Word id="w121">
          <Coords points="642,1442 692,1442 692,1502 642,1502"/>
          <TextEquiv>
            <Unicode>و</Unicode>
          </TextEquiv>
        </Word>
        <Word id="w122">
          <Coords points="584,1426 641,1426 641,1495 584,1495"/>
          <TextEquiv>
            <Unicode>ن</Unicode>
          </TextEquiv>
        </Word>
        <Word id="w123">
          <Coords points="439,1452 483,1452 483,1513 439,1513"/>
          <TextEquiv>
            <Unicode>و</Unicode>
          </TextEquiv>
        </Word>
        <Word id="w124">
          <Coords points="426,1398 438,1398 438,1485 426,1485"/>
          <TextEquiv>
            <Unicode>ا</Unicode>
          </TextEquiv>
        </Word>
        <Word id="w125">
          <Coords points="372,1424 415,1424 415,1505 372,1505"/>
          <TextEquiv>
            <Unicode>ذ</Unicode>
          </TextEquiv>
        </Word>
        <Word id="w126">
          <Coords points="351,1400 366,1400 366,1492 351,1492"/>
          <TextEquiv>
            <Unicode>ا</Unicode>
          </TextEquiv>
        </Word>
        <Word id="w127">
          <Coords points="217,1385 338,1385 338,1535 217,1535"/>
          <TextEquiv>
            <Unicode>تتينا</Unicode>
          </TextEquiv>
        </Word>
        <Word id="w128">
          <Coords points="114,1459 202,1459 202,1528 114,1528"/>
          <TextEquiv>
            <Unicode>مو</Unicode>
          </TextEquiv>
        </Word>
        <Word id="w129">
          <Coords points="40,1447 132,1447 132,1520 40,1520"/>
          <TextEquiv>
            <Unicode>سى</Unicode>
          </TextEquiv>
        </Word>
        <TextEquiv>
          <Unicode> بعد ذ لك لعلكم تشكر و ن و ا ذ ا تتينا مو سى</Unicode>
        </TextEquiv>
      </TextLine>
      <TextLine id="l7">
        <Coords points="50,1561 1565,1561 1565,1757 50,1757"/>
        <Word id="w130">
          <Coords points="1444,1561 1564,1561 1564,1702 1444,1702"/>
          <TextEquiv>
            <Unicode>لكتا</Unicode>
          </TextEquiv>
        </Word>
        <Word id="w131">
          <Coords points="1337,1637 1443,1637 1443,1713 1337,1713"/>
          <TextEquiv>
            <Unicode>ب</Unicode>
          </TextEquiv>
        </Word>
        <Word id="w132">
          <Coords points="1275,1642 1325,1642 1325,1695 1275,1695"/>
          <TextEquiv>
            <Unicode>و</Unicode>
          </TextEquiv>
        </Word>
        <Word id="w133">
          <Coords points="1267,1584 1283,1584 1283,1667 1267,1667"/>
          <TextEquiv>
            <Unicode>ا</Unicode>
          </TextEquiv>
        </Word>
        <Word id="w134">
          <Coords points="1146,1583 1253,1583 1253,1703 1146,1703"/>
          <TextEquiv>
            <Unicode>لفر</Unicode>
          </TextEquiv>
        </Word>
        <Word id="w135">
          <Coords points="1105,1587 1143,1587 1143,1692 1105,1692"/>
          <TextEquiv>
            <Unicode>قا</Unicode>
          </TextEquiv>
        </Word>
        <Word id="w136">
          <Coords points="1031,1644 1086,1644 1086,1708 1031,1708"/>
          <TextEquiv>
            <Unicode>ن</Unicode>
          </TextEquiv>
        </Word>
        <Word id="w137">
          <Coords points="814,1585 1023,1585 1023,1722 814,1722"/>
          <TextEquiv>
            <Unicode>لعلكم</Unicode>
          </TextEquiv>
        </Word>
        <Word id="w138">
          <Coords points="663,1647 817,1647 817,1722 663,1722"/>
          <TextEquiv>
            <Unicode>تهتد</Unicode>
          </TextEquiv>
        </Word>
        <Word id="w139">
          <Coords points="597,1669 656,1669 656,1729 597,1729"/>
          <TextEquiv>
            <Unicode>و</Unicode>
          </TextEquiv>
        </Word>
        <Word id="w140">
          <Coords points="546,1652 607,1652 607,1722 546,1722"/>
          <TextEquiv>
            <Unicode>ن</Unicode>
          </TextEquiv>
        </Word>
        <Word id="w141">
          <Coords points="402,1674 451,1674 451,1735 402,1735"/>
          <TextEquiv>
            <Unicode>و</Unicode>
          </TextEquiv>
        </Word>
        <Word id="w142">
          <Coords points="392,1620 408,1620 408,1712 392,1712"/>
          <TextEquiv>
            <Unicode>ا</Unicode>
          </TextEquiv>
        </Word>
        <Word id="w143">
          <Coords points="341,1642 380,1642 380,1725 341,1725"/>
          <TextEquiv>
            <Unicode>ذ</Unicode>
          </TextEquiv>
        </Word>
        <Word id="w144">
          <Coords points="287,1665 326,1665 326,1727 287,1727"/>
          <TextEquiv>
            <Unicode>قا</Unicode>
          </TextEquiv>
        </Word>
        <Word id="w145">
          <Coords points="206,1621 257,1621 257,1756 206,1756"/>
          <TextEquiv>
            <Unicode>ل</Unicode>
          </TextEquiv>
        </Word>
        <Word id="w146">
          <Coords points="130,1683 218,1683 218,1749 130,1749"/>
          <TextEquiv>
            <Unicode>مو</Unicode>
          </TextEquiv>
        </Word>
        <Word id="w147">
          <Coords points="50,1662 146,1662 146,1740 50,1740"/>
          <TextEquiv>
            <Unicode>سى</Unicode>
          </TextEquiv>
        </Word>
        <TextEquiv>
          <Unicode> لكتا ب و ا لفر قا ن لعلكم تهتد و ن و ا ذ قا ل مو سى</Unicode>
        </TextEquiv>
      </TextLine>
      <TextLine id="l8">
        <Coords points="42,1793 1515,1793 1515,1987 42,1987"/>
        <Word id="w148">
          <Coords points="1441,1832 1514,1832 1514,1890 1441,1890"/>
          <TextEquiv>
            <Unicode>مه</Unicode>
          </TextEquiv>
        </Word>
        <Word id="w149">
          <Coords points="1393,1793 1420,1793 1420,1896 1393,1896"/>
          <TextEquiv>
            <Unicode>يا</Unicode>
          </TextEquiv>
        </Word>
        <Word id="w150">
          <Coords points="1317,1842 1382,1842 1382,1916 1317,1916"/>
          <TextEquiv>
            <Unicode>قو</Unicode>
          </TextEquiv>
        </Word>
        <Word id="w151">
          <Coords points="1282,1857 1319,1857 1319,1959 1282,1959"/>
          <TextEquiv>
            <Unicode>م</Unicode>
          </TextEquiv>
        </Word>
        <Word id="w152">
          <Coords points="1249,1802 1265,1802 1265,1900 1249,1900"/>
          <TextEquiv>
            <Unicode>ا</Unicode>
          </TextEquiv>
        </Word>
        <Word id="w153">
          <Coords points="1015,1830 1236,1830 1236,1961 1015,1961"/>
          <TextEquiv>
            <Unicode>نكم</Unicode>
          </TextEquiv>
        </Word>
        <Word id="w154">
          <Coords points="858,1811 1013,1811 1013,1986 858,1986"/>
          <TextEquiv>
            <Unicode>ظلمتم</Unicode>
          </TextEquiv>
        </Word>
        <Word id="w155">
          <Coords points="821,1823 835,1823 835,1910 821,1910"/>
          <TextEquiv>
            <Unicode>ا</Unicode>
          </TextEquiv>
        </Word>
        <Word id="w156">
          <Coords points="651,1795 809,1795 809,1983 651,1983"/>
          <TextEquiv>
            <Unicode>نفسكم</Unicode>
          </TextEquiv>
        </Word>
        <Word id="w157">
          <Coords points="580,1825 630,1825 630,1961 580,1961"/>
          <TextEquiv>
            <Unicode>با</Unicode>
          </TextEquiv>
        </Word>
        <Word id="w158">
          <Coords points="431,1826 584,1826 584,1936 431,1936"/>
          <TextEquiv>
            <Unicode>تحا</Unicode>
          </TextEquiv>
        </Word>
        <Word id="w159">
          <Coords points="377,1854 418,1854 418,1939 377,1939"/>
          <TextEquiv>
            <Unicode>ذ</Unicode>
          </TextEquiv>
        </Word>
        <Word id="w160">
          <Coords points="289,1798 426,1798 426,1967 289,1967"/>
          <TextEquiv>
            <Unicode>كم</Unicode>
          </TextEquiv>
        </Word>
        <Word id="w161">
          <Coords points="267,1841 283,1841 283,1929 267,1929"/>
          <TextEquiv>
            <Unicode>ا</Unicode>
          </TextEquiv>
        </Word>
        <Word id="w162">
          <Coords points="123,1843 244,1843 244,1981 123,1981"/>
          <TextEquiv>
            <Unicode>لعجل</Unicode>
          </TextEquiv>
        </Word>
        <Word id="w163">
          <Coords points="72,1851 156,1851 156,1963 72,1963"/>
          <TextEquiv>
            <Unicode>فتو</Unicode>
          </TextEquiv>
        </Word>
        <Word id="w164">
          <Coords points="48,1825 65,1825 65,1917 48,1917"/>
          <TextEquiv>
            <Unicode>ا</Unicode>
          </TextEquiv>
        </Word>
        <Word id="w165">
          <Coords points="42,1868 110,1868 110,1957 42,1957"/>
          <TextEquiv>
            <Unicode>بو</Unicode>
          </TextEquiv>
        </Word>
        <TextEquiv>
          <Unicode> مه يا قو م ا نكم ظلمتم ا نفسكم با تحا ذ كم ا لعجل فتو ا بو</Unicode>
        </TextEquiv>
      </TextLine>
      <TextLine id="l9">
        <Coords points="48,1987 1518,1987 1518,2238 48,2238"/>
        <Word id="w166">
          <Coords points="1482,2012 1517,2012 1517,2154 1482,2154"/>
          <TextEquiv>
            <Unicode>با</Unicode>
          </TextEquiv>
        </Word>
        <Word id="w167">
          <Coords points="1430,2082 1474,2082 1474,2134 1430,2134"/>
          <TextEquiv>
            <Unicode>ر</Unicode>
          </TextEquiv>
        </Word>
        <Word id="w168">
          <Coords points="1317,1987 1466,1987 1466,2143 1317,2143"/>
          <TextEquiv>
            <Unicode>ئكم</Unicode>
          </TextEquiv>
        </Word>
        <Word id="w169">
          <Coords points="1278,2025 1322,2025 1322,2129 1278,2129"/>
          <TextEquiv>
            <Unicode>فا</Unicode>
          </TextEquiv>
        </Word>
        <Word id="w170">
          <Coords points="1116,2028 1262,2028 1262,2156 1116,2156"/>
          <TextEquiv>
            <Unicode>قتلو</Unicode>
          </TextEquiv>
        </Word>
        <Word id="w171">
          <Coords points="1111,2026 1141,2026 1141,2136 1111,2136"/>
          <TextEquiv>
            <Unicode>ا</Unicode>
          </TextEquiv>
        </Word>
        <Word id="w172">
          <Coords points="1084,2035 1110,2035 1110,2130 1084,2130"/>
          <TextEquiv>
            <Unicode>ا</Unicode>
          </TextEquiv>
        </Word>
        <Word id="w173">
          <Coords points="920,2015 1076,2015 1076,2195 920,2195"/>
          <TextEquiv>
            <Unicode>نفسكم</Unicode>
          </TextEquiv>
        </Word>
        <Word id="w174">
          <Coords points="843,2055 881,2055 881,2148 843,2148"/>
          <TextEquiv>
            <Unicode>ذ</Unicode>
          </TextEquiv>
        </Word>
        <Word id="w175">
          <Coords points="562,2048 830,2048 830,2176 562,2176"/>
          <TextEquiv>
            <Unicode>لكم</Unicode>
          </TextEquiv>
        </Word>
        <Word id="w176">
          <Coords points="473,2078 594,2078 594,2197 473,2197"/>
          <TextEquiv>
            <Unicode>خير</Unicode>
          </TextEquiv>
        </Word>
        <Word id="w177">
          <Coords points="432,2029 534,2029 534,2124 432,2124"/>
          <TextEquiv>
            <Unicode>لكم</Unicode>
          </TextEquiv>
        </Word>
        <Word id="w178">
          <Coords points="359,2104 488,2104 488,2177 359,2177"/>
          <TextEquiv>
            <Unicode>عند</Unicode>
          </TextEquiv>
        </Word>
        <Word id="w179">
          <Coords points="318,2063 349,2063 349,2203 318,2203"/>
          <TextEquiv>
            <Unicode>با</Unicode>
          </TextEquiv>
        </Word>
        <Word id="w180">
          <Coords points="259,2134 306,2134 306,2185 259,2185"/>
          <TextEquiv>
            <Unicode>ر</Unicode>
          </TextEquiv>
        </Word>
        <Word id="w181">
          <Coords points="190,2039 286,2039 286,2237 190,2237"/>
          <TextEquiv>
            <Unicode>ئكم</Unicode>
          </TextEquiv>
        </Word>
        <Word id="w182">
          <Coords points="110,2068 172,2068 172,2182 110,2182"/>
          <TextEquiv>
            <Unicode>فتا</Unicode>
          </TextEquiv>
        </Word>
        <Word id="w183">
          <Coords points="48,2113 112,2113 112,2175 48,2175"/>
          <TextEquiv>
            <Unicode>ب</Unicode>
          </TextEquiv>
        </Word>
        <TextEquiv>
          <Unicode> با ر ئكم فا قتلو ا ا نفسكم ذ لكم خير لكم عند با ر ئكم فتا ب</Unicode>
        </TextEquiv>
      </TextLine>
      <TextLine id="l10">
        <Coords points="61,2245 1442,2245 1442,2470 61,2470"/>
        <Word id="w184">
          <Coords points="1425,2245 1441,2245 1441,2339 1425,2339"/>
          <TextEquiv>
            <Unicode>ا</Unicode>
          </TextEquiv>
        </Word>
        <Word id="w185">
          <Coords points="1347,2290 1406,2290 1406,2349 1347,2349"/>
          <TextEquiv>
            <Unicode>نه</Unicode>
          </TextEquiv>
        </Word>
        <Word id="w186">
          <Coords points="1227,2293 1328,2293 1328,2375 1227,2375"/>
          <TextEquiv>
            <Unicode>هو</Unicode>
          </TextEquiv>
        </Word>
        <Word id="w187">
          <Coords points="1212,2253 1224,2253 1224,2343 1212,2343"/>
          <TextEquiv>
            <Unicode>ا</Unicode>
          </TextEquiv>
        </Word>
        <Word id="w188">
          <Coords points="1105,2257 1192,2257 1192,2379 1105,2379"/>
          <TextEquiv>
            <Unicode>لتو</Unicode>
          </TextEquiv>
        </Word>
        <Word id="w189">
          <Coords points="988,2317 1097,2317 1097,2368 988,2368"/>
          <TextEquiv>
            <Unicode>ب</Unicode>
          </TextEquiv>
        </Word>
        <Word id="w190">
          <Coords points="964,2261 982,2261 982,2351 964,2351"/>
          <TextEquiv>
            <Unicode>ا</Unicode>
          </TextEquiv>
        </Word>
        <Word id="w191">
          <Coords points="898,2262 954,2262 954,2386 898,2386"/>
          <TextEquiv>
            <Unicode>لر</Unicode>
          </TextEquiv>
        </Word>
        <Word id="w192">
          <Coords points="778,2320 922,2320 922,2418 778,2418"/>
          <TextEquiv>
            <Unicode>حيم</Unicode>
          </TextEquiv>
        </Word>
        <Word id="w193">
          <Coords points="642,2332 695,2332 695,2392 642,2392"/>
          <TextEquiv>
            <Unicode>و</Unicode>
          </TextEquiv>
        </Word>
        <Word id="w194">
          <Coords points="636,2270 659,2270 659,2372 636,2372"/>
          <TextEquiv>
            <Unicode>ا</Unicode>
          </TextEquiv>
        </Word>
        <Word id="w195">
          <Coords points="590,2331 632,2331 632,2385 590,2385"/>
          <TextEquiv>
            <Unicode>ذ</Unicode>
          </TextEquiv>
        </Word>
        <Word id="w196">
          <Coords points="462,2287 577,2287 577,2469 462,2469"/>
          <TextEquiv>
            <Unicode>قلتم</Unicode>
          </TextEquiv>
        </Word>
        <Word id="w197">
          <Coords points="398,2288 432,2288 432,2428 398,2428"/>
          <TextEquiv>
            <Unicode>يا</Unicode>
          </TextEquiv>
        </Word>
        <Word id="w198">
          <Coords points="309,2353 403,2353 403,2418 309,2418"/>
          <TextEquiv>
            <Unicode>مو</Unicode>
          </TextEquiv>
        </Word>
        <Word id="w199">
          <Coords points="204,2347 315,2347 315,2434 204,2434"/>
          <TextEquiv>
            <Unicode>سى</Unicode>
          </TextEquiv>
        </Word>
        <Word id="w200">
          <Coords points="144,2294 233,2294 233,2428 144,2428"/>
          <TextEquiv>
            <Unicode>لن</Unicode>
          </TextEquiv>
        </Word>
        <Word id="w201">
          <Coords points="97,2318 173,2318 173,2416 97,2416"/>
          <TextEquiv>
            <Unicode>نؤ</Unicode>
          </TextEquiv>
        </Word>
        <Word id="w202">
          <Coords points="61,2300 147,2300 147,2389 61,2389"/>
          <TextEquiv>
            <Unicode>من</Unicode>
          </TextEquiv>
        </Word>
        <TextEquiv>
          <Unicode> ا نه هو ا لتو ب ا لر حيم و ا ذ قلتم يا مو سى لن نؤ من</Unicode>
        </TextEquiv>
      </TextLine>
      <TextLine id="l11">
        <Coords points="96,2460 1527,2460 1527,2675 96,2675"/>
        <Word id="w203">
          <Coords points="1390,2477 1526,2477 1526,2606 1390,2606"/>
          <TextEquiv>
            <Unicode>حتى</Unicode>
          </TextEquiv>
        </Word>
        <Word id="w204">
          <Coords points="1333,2536 1390,2536 1390,2595 1333,2595"/>
          <TextEquiv>
            <Unicode>نر</Unicode>
          </TextEquiv>
        </Word>
        <Word id="w205">
          <Coords points="1266,2460 1292,2460 1292,2561 1266,2561"/>
          <TextEquiv>
            <Unicode>ا</Unicode>
          </TextEquiv>
        </Word>
        <Word id="w206">
          <Coords points="1261,2518 1350,2518 1350,2602 1261,2602"/>
          <TextEquiv>
            <Unicode>ى</Unicode>
          </TextEquiv>
        </Word>
        <Word id="w207">
          <Coords points="1194,2510 1265,2510 1265,2584 1194,2584"/>
          <TextEquiv>
            <Unicode>لله</Unicode>
          </TextEquiv>
        </Word>
        <Word id="w208">
          <Coords points="994,2539 1182,2539 1182,2607 994,2607"/>
          <TextEquiv>
            <Unicode>جهر</Unicode>
          </TextEquiv>
        </Word>
        <Word id="w209">
          <Coords points="971,2511 997,2511 997,2588 971,2588"/>
          <TextEquiv>
            <Unicode>ة</Unicode>
          </TextEquiv>
        </Word>
        <Word id="w210">
          <Coords points="903,2490 946,2490 946,2600 903,2600"/>
          <TextEquiv>
            <Unicode>فا</Unicode>
          </TextEquiv>
        </Word>
        <Word id="w211">
          <Coords points="798,2495 893,2495 893,2606 798,2606"/>
          <TextEquiv>
            <Unicode>خذ</Unicode>
          </TextEquiv>
        </Word>
        <Word id="w212">
          <Coords points="692,2462 799,2462 799,2674 692,2674"/>
          <TextEquiv>
            <Unicode>تكم</Unicode>
          </TextEquiv>
        </Word>
        <Word id="w213">
          <Coords points="641,2506 658,2506 658,2592 641,2592"/>
          <TextEquiv>
            <Unicode>ا</Unicode>
          </TextEquiv>
        </Word>
        <Word id="w214">
          <Coords points="533,2499 630,2499 630,2606 533,2606"/>
          <TextEquiv>
            <Unicode>لصا</Unicode>
          </TextEquiv>
        </Word>
        <Word id="w215">
          <Coords points="335,2517 523,2517 523,2617 335,2617"/>
          <TextEquiv>
            <Unicode>عقة</Unicode>
          </TextEquiv>
        </Word>
        <Word id="w216">
          <Coords points="250,2572 301,2572 301,2636 250,2636"/>
          <TextEquiv>
            <Unicode>و</Unicode>
          </TextEquiv>
        </Word>
        <Word id="w217">
          <Coords points="233,2515 249,2515 249,2607 233,2607"/>
          <TextEquiv>
            <Unicode>ا</Unicode>
          </TextEquiv>
        </Word>
        <Word id="w218">
          <Coords points="96,2542 217,2542 217,2673 96,2673"/>
          <TextEquiv>
            <Unicode>نتم</Unicode>
          </TextEquiv>
        </Word>
        <TextEquiv>
          <Unicode> حتى نر ا ى لله جهر ة فا خذ تكم ا لصا عقة و ا نتم</Unicode>
        </TextEquiv>
      </TextLine>
      <TextLine id="l12">
        <Coords points="161,2651 1521,2651 1521,2880 161,2880"/>
        <Word id="w219">
          <Coords points="1462,2740 1520,2740 1520,2797 1462,2797"/>
          <TextEquiv>
            <Unicode>و</Unicode>
          </TextEquiv>
        </Word>
        <Word id="w220">
          <Coords points="1406,2710 1460,2710 1460,2800 1406,2800"/>
          <TextEquiv>
            <Unicode>ن</Unicode>
          </TextEquiv>
        </Word>
        <Word id="w221">
          <Coords points="1256,2683 1317,2683 1317,2863 1256,2863"/>
          <TextEquiv>
            <Unicode>ثم</Unicode>
          </TextEquiv>
        </Word>
        <Word id="w222">
          <Coords points="1063,2687 1237,2687 1237,2798 1063,2798"/>
          <TextEquiv>
            <Unicode>بعثنا</Unicode>
          </TextEquiv>
        </Word>
        <Word id="w223">
          <Coords points="970,2651 1095,2651 1095,2823 970,2823"/>
          <TextEquiv>
            <Unicode>كم</Unicode>
          </TextEquiv>
        </Word>
        <Word id="w224">
          <Coords points="884,2750 995,2750 995,2839 884,2839"/>
          <TextEquiv>
            <Unicode>من</Unicode>
          </TextEquiv>
        </Word>
        <Word id="w225">
          <Coords points="768,2749 908,2749 908,2829 768,2829"/>
          <TextEquiv>
            <Unicode>بعد</Unicode>
          </TextEquiv>
        </Word>
        <Word id="w226">
          <Coords points="695,2762 789,2762 789,2838 695,2838"/>
          <TextEquiv>
            <Unicode>مو</Unicode>
          </TextEquiv>
        </Word>
        <Word id="w227">
          <Coords points="625,2683 736,2683 736,2879 625,2879"/>
          <TextEquiv>
            <Unicode>تكم</Unicode>
          </TextEquiv>
        </Word>
        <Word id="w228">
          <Coords points="406,2697 604,2697 604,2853 406,2853"/>
          <TextEquiv>
            <Unicode>لعلكم</Unicode>
          </TextEquiv>
        </Word>
        <Word id="w229">
          <Coords points="255,2698 408,2698 408,2860 255,2860"/>
          <TextEquiv>
            <Unicode>تشكر</Unicode>
          </TextEquiv>
        </Word>
        <Word id="w230">
          <Coords points="211,2796 264,2796 264,2855 211,2855"/>
          <TextEquiv>
            <Unicode>و</Unicode>
          </TextEquiv>
        </Word>
        <Word id="w231">
          <Coords points="161,2780 218,2780 218,2846 161,2846"/>
          <TextEquiv>
            <Unicode>ن</Unicode>
          </TextEquiv>
        </Word>
        <TextEquiv>
          <Unicode> و ن ثم بعثنا كم من بعد مو تكم لعلكم تشكر و ن</Unicode>
        </TextEquiv>
      </TextLine>
      <TextLine id="l13">
        <Coords points="103,2887 1567,2887 1567,3098 103,3098"/>
        <Word id="w232">
          <Coords points="1456,2896 1566,2896 1566,3021 1456,3021"/>
          <TextEquiv>
            <Unicode>للنا</Unicode>
          </TextEquiv>
        </Word>
        <Word id="w233">
          <Coords points="1298,2887 1443,2887 1443,3065 1298,3065"/>
          <TextEquiv>
            <Unicode>عليكم</Unicode>
          </TextEquiv>
        </Word>
        <Word id="w234">
          <Coords points="1249,2920 1282,2920 1282,3013 1249,3013"/>
          <TextEquiv>
            <Unicode>ا</Unicode>
          </TextEquiv>
        </Word>
        <Word id="w235">
          <Coords points="1097,2922 1242,2922 1242,3031 1097,3031"/>
          <TextEquiv>
            <Unicode>لغما</Unicode>
          </TextEquiv>
        </Word>
        <Word id="w236">
          <Coords points="1038,2986 1086,2986 1086,3097 1038,3097"/>
          <TextEquiv>
            <Unicode>م</Unicode>
          </TextEquiv>
        </Word>
        <Word id="w237">
          <Coords points="978,2991 1022,2991 1022,3051 978,3051"/>
          <TextEquiv>
            <Unicode>و</Unicode>
          </TextEquiv>
        </Word>
        <Word id="w238">
          <Coords points="955,2932 983,2932 983,3024 955,3024"/>
          <TextEquiv>
            <Unicode>ا</Unicode>
          </TextEquiv>
        </Word>
        <Word id="w239">
          <Coords points="865,2970 959,2970 959,3069 865,3069"/>
          <TextEquiv>
            <Unicode>نز</Unicode>
          </TextEquiv>
        </Word>
        <Word id="w240">
          <Coords points="832,2944 896,2944 896,3042 832,3042"/>
          <TextEquiv>
            <Unicode>لنا</Unicode>
          </TextEquiv>
        </Word>
        <Word id="w241">
          <Coords points="659,2915 818,2915 818,3088 659,3088"/>
          <TextEquiv>
            <Unicode>عليكم</Unicode>
          </TextEquiv>
        </Word>
        <Word id="w242">
          <Coords points="614,2936 641,2936 641,3029 614,3029"/>
          <TextEquiv>
            <Unicode>ا</Unicode>
          </TextEquiv>
        </Word>
        <Word id="w243">
          <Coords points="509,2944 612,2944 612,3072 509,3072"/>
          <TextEquiv>
            <Unicode>لمن</Unicode>
          </TextEquiv>
        </Word>
        <Word id="w244">
          <Coords points="436,2940 458,2940 458,3041 436,3041"/>
          <TextEquiv>
            <Unicode>ا</Unicode>
          </TextEquiv>
        </Word>
        <Word id="w245">
          <Coords points="291,2950 422,2950 422,3075 291,3075"/>
          <TextEquiv>
            <Unicode>لسلو</Unicode>
          </TextEquiv>
        </Word>
        <Word id="w246">
          <Coords points="229,2988 305,2988 305,3071 229,3071"/>
          <TextEquiv>
            <Unicode>ى</Unicode>
          </TextEquiv>
        </Word>
        <Word id="w247">
          <Coords points="112,2922 271,2922 271,3070 112,3070"/>
          <TextEquiv>
            <Unicode>كلو</Unicode>
          </TextEquiv>
        </Word>
        <Word id="w248">
          <Coords points="103,2938 126,2938 126,3050 103,3050"/>
          <TextEquiv>
            <Unicode>ا</Unicode>
          </TextEquiv>
        </Word>
        <TextEquiv>
          <Unicode> للنا عليكم ا لغما م و ا نز لنا عليكم ا لمن ا لسلو ى كلو ا</Unicode>
        </TextEquiv>
      </TextLine>
    </TextRegion>
  </Page>
</PcGts>
