<?xml version='1.0' encoding='utf-8'?>
<PcGts xmlns:xsi="http://www.w3.org/2001/XMLSchema-instance" xmlns="http://schema.primaresearch.org/PAGE/gts/pagecontent/2019-07-15" xsi:schemaLocation="http://schema.primaresearch.org/PAGE/gts/pagecontent/2019-07-15 http://schema.primaresearch.org/PAGE/gts/pagecontent/2019-07-15/pagecontent.xsd" pcGtsId="pc-aletheiaexamplepage">
  <Metadata>
    <Creator>PRImA Research Lab</Creator>
    <Created>2015-07-17T15:27:13</Created>
    <LastChange>2017-07-14T10:03:33</LastChange>
    <Comments>Example Page</Comments>
  </Metadata>
  <Page imageFilename="3249138/0009-2.png" imageWidth="1713" imageHeight="3049">
    <TextRegion id="r0" type="paragraph">
      <Coords points="1,1 1711,1 1711,3047 1,3047"/>
      <TextLine id="l0">
        <Coords points="27,-1 1557,-1 1557,176 27,176"/>
        <Word id="w0">
          <Coords points="1488,28 1556,28 1556,85 1488,85"/>
          <TextEquiv>
            <Unicode>لله</Unicode>
          </TextEquiv>
        </Word>
        <Word id="w1">
          <Coords points="1419,48 1470,48 1470,105 1419,105"/>
          <TextEquiv>
            <Unicode>و</Unicode>
          </TextEquiv>
        </Word>
        <Word id="w2">
          <Coords points="1217,-1 1420,-1 1420,114 1217,114"/>
          <TextEquiv>
            <Unicode>يقتلو</Unicode>
          </TextEquiv>
        </Word>
        <Word id="w3">
          <Coords points="1162,34 1223,34 1223,110 1162,110"/>
          <TextEquiv>
            <Unicode>ن</Unicode>
          </TextEquiv>
        </Word>
        <Word id="w4">
          <Coords points="1134,2 1151,2 1151,93 1134,93"/>
          <TextEquiv>
            <Unicode>ا</Unicode>
          </TextEquiv>
        </Word>
        <Word id="w5">
          <Coords points="1134,2 1135,2 1135,3 1134,3"/>
          <TextEquiv>
            <Unicode>لنبيين</Unicode>
          </TextEquiv>
        </Word>
        <Word id="w6">
          <Coords points="892,3 1114,3 1114,134 892,134"/>
          <TextEquiv>
            <Unicode>لنبيين</Unicode>
          </TextEquiv>
        </Word>
        <Word id="w7">
          <Coords points="743,0 769,0 769,97 743,97"/>
          <TextEquiv>
            <Unicode>ا</Unicode>
          </TextEquiv>
        </Word>
        <Word id="w8">
          <Coords points="728,53 881,53 881,146 728,146"/>
          <TextEquiv>
            <Unicode>بغير</Unicode>
          </TextEquiv>
        </Word>
        <Word id="w9">
          <Coords points="578,37 626,37 626,141 578,141"/>
          <TextEquiv>
            <Unicode>ذ</Unicode>
          </TextEquiv>
        </Word>
        <Word id="w10">
          <Coords points="512,4 733,4 733,165 512,165"/>
          <TextEquiv>
            <Unicode>للخق</Unicode>
          </TextEquiv>
        </Word>
        <Word id="w11">
          <Coords points="453,18 573,18 573,137 453,137"/>
          <TextEquiv>
            <Unicode>لك</Unicode>
          </TextEquiv>
        </Word>
        <Word id="w12">
          <Coords points="369,27 454,27 454,172 369,172"/>
          <TextEquiv>
            <Unicode>بما</Unicode>
          </TextEquiv>
        </Word>
        <Word id="w13">
          <Coords points="201,92 368,92 368,172 201,172"/>
          <TextEquiv>
            <Unicode>عصو</Unicode>
          </TextEquiv>
        </Word>
        <Word id="w14">
          <Coords points="199,48 215,48 215,145 199,145"/>
          <TextEquiv>
            <Unicode>ا</Unicode>
          </TextEquiv>
        </Word>
        <Word id="w15">
          <Coords points="140,111 187,111 187,168 140,168"/>
          <TextEquiv>
            <Unicode>و</Unicode>
          </TextEquiv>
        </Word>
        <Word id="w16">
          <Coords points="93,36 194,36 194,152 93,152"/>
          <TextEquiv>
            <Unicode>كا</Unicode>
          </TextEquiv>
        </Word>
        <Word id="w17">
          <Coords points="37,55 47,55 47,133 37,133"/>
          <TextEquiv>
            <Unicode>ا</Unicode>
          </TextEquiv>
        </Word>
        <Word id="w18">
          <Coords points="27,111 87,111 87,175 27,175"/>
          <TextEquiv>
            <Unicode>نو</Unicode>
          </TextEquiv>
        </Word>
        <TextEquiv>
          <Unicode> لله و يقتلو ن ا لنبيين لنبيين ا بغير ذ للخق لك بما عصو ا و كا ا نو</Unicode>
        </TextEquiv>
      </TextLine>
      <TextLine id="l1">
        <Coords points="46,204 1581,204 1581,373 46,373"/>
        <Word id="w19">
          <Coords points="1448,234 1580,234 1580,302 1448,302"/>
          <TextEquiv>
            <Unicode>يعتد</Unicode>
          </TextEquiv>
        </Word>
        <Word id="w20">
          <Coords points="1396,261 1439,261 1439,318 1396,318"/>
          <TextEquiv>
            <Unicode>و</Unicode>
          </TextEquiv>
        </Word>
        <Word id="w21">
          <Coords points="1332,245 1388,245 1388,312 1332,312"/>
          <TextEquiv>
            <Unicode>ن</Unicode>
          </TextEquiv>
        </Word>
        <Word id="w22">
          <Coords points="1232,204 1258,204 1258,296 1232,296"/>
          <TextEquiv>
            <Unicode>ا</Unicode>
          </TextEquiv>
        </Word>
        <Word id="w23">
          <Coords points="1166,259 1222,259 1222,325 1166,325"/>
          <TextEquiv>
            <Unicode>ن</Unicode>
          </TextEquiv>
        </Word>
        <Word id="w24">
          <Coords points="1137,208 1163,208 1163,306 1137,306"/>
          <TextEquiv>
            <Unicode>ا</Unicode>
          </TextEquiv>
        </Word>
        <Word id="w25">
          <Coords points="1064,215 1127,215 1127,319 1064,319"/>
          <TextEquiv>
            <Unicode>لذ</Unicode>
          </TextEquiv>
        </Word>
        <Word id="w26">
          <Coords points="988,270 1066,270 1066,339 988,339"/>
          <TextEquiv>
            <Unicode>ين</Unicode>
          </TextEquiv>
        </Word>
        <Word id="w27">
          <Coords points="963,222 978,222 978,310 963,310"/>
          <TextEquiv>
            <Unicode>ا</Unicode>
          </TextEquiv>
        </Word>
        <Word id="w28">
          <Coords points="843,227 856,227 856,322 843,322"/>
          <TextEquiv>
            <Unicode>ا</Unicode>
          </TextEquiv>
        </Word>
        <Word id="w29">
          <Coords points="836,282 957,282 957,353 836,353"/>
          <TextEquiv>
            <Unicode>منو</Unicode>
          </TextEquiv>
        </Word>
        <Word id="w30">
          <Coords points="766,295 824,295 824,356 766,356"/>
          <TextEquiv>
            <Unicode>و</Unicode>
          </TextEquiv>
        </Word>
        <Word id="w31">
          <Coords points="756,235 772,235 772,321 756,321"/>
          <TextEquiv>
            <Unicode>ا</Unicode>
          </TextEquiv>
        </Word>
        <Word id="w32">
          <Coords points="677,238 742,238 742,345 677,345"/>
          <TextEquiv>
            <Unicode>لذ</Unicode>
          </TextEquiv>
        </Word>
        <Word id="w33">
          <Coords points="606,294 681,294 681,368 606,368"/>
          <TextEquiv>
            <Unicode>ين</Unicode>
          </TextEquiv>
        </Word>
        <Word id="w34">
          <Coords points="491,240 598,240 598,351 491,351"/>
          <TextEquiv>
            <Unicode>ها</Unicode>
          </TextEquiv>
        </Word>
        <Word id="w35">
          <Coords points="438,300 477,300 477,353 438,353"/>
          <TextEquiv>
            <Unicode>د</Unicode>
          </TextEquiv>
        </Word>
        <Word id="w36">
          <Coords points="376,315 423,315 423,371 376,371"/>
          <TextEquiv>
            <Unicode>و</Unicode>
          </TextEquiv>
        </Word>
        <Word id="w37">
          <Coords points="375,247 385,247 385,336 375,336"/>
          <TextEquiv>
            <Unicode>ا</Unicode>
          </TextEquiv>
        </Word>
        <Word id="w38">
          <Coords points="309,317 354,317 354,372 309,372"/>
          <TextEquiv>
            <Unicode>و</Unicode>
          </TextEquiv>
        </Word>
        <Word id="w39">
          <Coords points="296,253 310,253 310,343 296,343"/>
          <TextEquiv>
            <Unicode>ا</Unicode>
          </TextEquiv>
        </Word>
        <Word id="w40">
          <Coords points="166,247 279,247 279,359 166,359"/>
          <TextEquiv>
            <Unicode>لنصا</Unicode>
          </TextEquiv>
        </Word>
        <Word id="w41">
          <Coords points="108,319 152,319 152,370 108,370"/>
          <TextEquiv>
            <Unicode>ر</Unicode>
          </TextEquiv>
        </Word>
        <Word id="w42">
          <Coords points="46,288 120,288 120,364 46,364"/>
          <TextEquiv>
            <Unicode>ى</Unicode>
          </TextEquiv>
        </Word>
        <TextEquiv>
          <Unicode> يعتد و ن ا ن ا لذ ين ا ا منو و ا لذ ين ها د و ا و ا لنصا ر ى</Unicode>
        </TextEquiv>
      </TextLine>
      <TextLine id="l2">
        <Coords points="46,409 1589,409 1589,627 46,627"/>
        <Word id="w43">
          <Coords points="1540,469 1588,469 1588,526 1540,526"/>
          <TextEquiv>
            <Unicode>و</Unicode>
          </TextEquiv>
        </Word>
        <Word id="w44">
          <Coords points="1524,410 1537,410 1537,504 1524,504"/>
          <TextEquiv>
            <Unicode>ا</Unicode>
          </TextEquiv>
        </Word>
        <Word id="w45">
          <Coords points="1413,409 1508,409 1508,518 1413,518"/>
          <TextEquiv>
            <Unicode>لصا</Unicode>
          </TextEquiv>
        </Word>
        <Word id="w46">
          <Coords points="1283,418 1391,418 1391,535 1283,535"/>
          <TextEquiv>
            <Unicode>ئبين</Unicode>
          </TextEquiv>
        </Word>
        <Word id="w47">
          <Coords points="1175,483 1273,483 1273,557 1175,557"/>
          <TextEquiv>
            <Unicode>من</Unicode>
          </TextEquiv>
        </Word>
        <Word id="w48">
          <Coords points="1146,433 1167,433 1167,526 1146,526"/>
          <TextEquiv>
            <Unicode>ا</Unicode>
          </TextEquiv>
        </Word>
        <Word id="w49">
          <Coords points="1037,492 1143,492 1143,568 1037,568"/>
          <TextEquiv>
            <Unicode>من</Unicode>
          </TextEquiv>
        </Word>
        <Word id="w50">
          <Coords points="986,432 1023,432 1023,575 986,575"/>
          <TextEquiv>
            <Unicode>با</Unicode>
          </TextEquiv>
        </Word>
        <Word id="w51">
          <Coords points="899,480 975,480 975,545 899,545"/>
          <TextEquiv>
            <Unicode>لله</Unicode>
          </TextEquiv>
        </Word>
        <Word id="w52">
          <Coords points="830,503 881,503 881,566 830,566"/>
          <TextEquiv>
            <Unicode>و</Unicode>
          </TextEquiv>
        </Word>
        <Word id="w53">
          <Coords points="815,454 832,454 832,543 815,543"/>
          <TextEquiv>
            <Unicode>ا</Unicode>
          </TextEquiv>
        </Word>
        <Word id="w54">
          <Coords points="711,457 801,457 801,584 711,584"/>
          <TextEquiv>
            <Unicode>ليو</Unicode>
          </TextEquiv>
        </Word>
        <Word id="w55">
          <Coords points="677,508 723,508 723,607 677,607"/>
          <TextEquiv>
            <Unicode>م</Unicode>
          </TextEquiv>
        </Word>
        <Word id="w56">
          <Coords points="650,457 663,457 663,544 650,544"/>
          <TextEquiv>
            <Unicode>ا</Unicode>
          </TextEquiv>
        </Word>
        <Word id="w57">
          <Coords points="573,462 633,462 633,567 573,567"/>
          <TextEquiv>
            <Unicode>لا</Unicode>
          </TextEquiv>
        </Word>
        <Word id="w58">
          <Coords points="515,521 588,521 588,588 515,588"/>
          <TextEquiv>
            <Unicode>خر</Unicode>
          </TextEquiv>
        </Word>
        <Word id="w59">
          <Coords points="451,536 519,536 519,586 451,586"/>
          <TextEquiv>
            <Unicode>و</Unicode>
          </TextEquiv>
        </Word>
        <Word id="w60">
          <Coords points="369,455 477,455 477,606 369,606"/>
          <TextEquiv>
            <Unicode>عمل</Unicode>
          </TextEquiv>
        </Word>
        <Word id="w61">
          <Coords points="290,450 378,450 378,604 290,604"/>
          <TextEquiv>
            <Unicode>صا</Unicode>
          </TextEquiv>
        </Word>
        <Word id="w62">
          <Coords points="201,465 279,465 279,578 201,578"/>
          <TextEquiv>
            <Unicode>لحا</Unicode>
          </TextEquiv>
        </Word>
        <Word id="w63">
          <Coords points="46,475 184,475 184,626 46,626"/>
          <TextEquiv>
            <Unicode>فلهم</Unicode>
          </TextEquiv>
        </Word>
        <TextEquiv>
          <Unicode> و ا لصا ئبين من ا من با لله و ا ليو م ا لا خر و عمل صا لحا فلهم</Unicode>
        </TextEquiv>
      </TextLine>
      <TextLine id="l3">
        <Coords points="136,633 1599,633 1599,862 136,862"/>
        <Word id="w64">
          <Coords points="1584,633 1598,633 1598,729 1584,729"/>
          <TextEquiv>
            <Unicode>ا</Unicode>
          </TextEquiv>
        </Word>
        <Word id="w65">
          <Coords points="1482,690 1584,690 1584,756 1482,756"/>
          <TextEquiv>
            <Unicode>جر</Unicode>
          </TextEquiv>
        </Word>
        <Word id="w66">
          <Coords points="1438,668 1505,668 1505,817 1438,817"/>
          <TextEquiv>
            <Unicode>هم</Unicode>
          </TextEquiv>
        </Word>
        <Word id="w67">
          <Coords points="1300,683 1430,683 1430,751 1300,751"/>
          <TextEquiv>
            <Unicode>عند</Unicode>
          </TextEquiv>
        </Word>
        <Word id="w68">
          <Coords points="1228,702 1287,702 1287,754 1228,754"/>
          <TextEquiv>
            <Unicode>ر</Unicode>
          </TextEquiv>
        </Word>
        <Word id="w69">
          <Coords points="1144,691 1246,691 1246,817 1144,817"/>
          <TextEquiv>
            <Unicode>بهم</Unicode>
          </TextEquiv>
        </Word>
        <Word id="w70">
          <Coords points="1024,660 1127,660 1127,772 1024,772"/>
          <TextEquiv>
            <Unicode>ولا</Unicode>
          </TextEquiv>
        </Word>
        <Word id="w71">
          <Coords points="928,680 1036,680 1036,791 928,791"/>
          <TextEquiv>
            <Unicode>خو</Unicode>
          </TextEquiv>
        </Word>
        <Word id="w72">
          <Coords points="825,713 945,713 945,772 825,772"/>
          <TextEquiv>
            <Unicode>ف</Unicode>
          </TextEquiv>
        </Word>
        <Word id="w73">
          <Coords points="590,671 819,671 819,801 590,801"/>
          <TextEquiv>
            <Unicode>عليهم</Unicode>
          </TextEquiv>
        </Word>
        <Word id="w74">
          <Coords points="537,743 597,743 597,807 537,807"/>
          <TextEquiv>
            <Unicode>و</Unicode>
          </TextEquiv>
        </Word>
        <Word id="w75">
          <Coords points="496,693 594,693 594,791 496,791"/>
          <TextEquiv>
            <Unicode>لا</Unicode>
          </TextEquiv>
        </Word>
        <Word id="w76">
          <Coords points="368,730 491,730 491,861 368,861"/>
          <TextEquiv>
            <Unicode>هم</Unicode>
          </TextEquiv>
        </Word>
        <Word id="w77">
          <Coords points="250,722 363,722 363,833 250,833"/>
          <TextEquiv>
            <Unicode>يحز</Unicode>
          </TextEquiv>
        </Word>
        <Word id="w78">
          <Coords points="200,710 259,710 259,810 200,810"/>
          <TextEquiv>
            <Unicode>نو</Unicode>
          </TextEquiv>
        </Word>
        <Word id="w79">
          <Coords points="136,736 192,736 192,806 136,806"/>
          <TextEquiv>
            <Unicode>ن</Unicode>
          </TextEquiv>
        </Word>
        <TextEquiv>
          <Unicode> ا جر هم عند ر بهم ولا خو ف عليهم و لا هم يحز نو ن</Unicode>
        </TextEquiv>
      </TextLine>
      <TextLine id="l4">
        <Coords points="72,849 1601,849 1601,1056 72,1056"/>
        <Word id="w80">
          <Coords points="1553,916 1600,916 1600,973 1553,973"/>
          <TextEquiv>
            <Unicode>و</Unicode>
          </TextEquiv>
        </Word>
        <Word id="w81">
          <Coords points="1548,857 1562,857 1562,947 1548,947"/>
          <TextEquiv>
            <Unicode>ا</Unicode>
          </TextEquiv>
        </Word>
        <Word id="w82">
          <Coords points="1495,883 1536,883 1536,965 1495,965"/>
          <TextEquiv>
            <Unicode>ذ</Unicode>
          </TextEquiv>
        </Word>
        <Word id="w83">
          <Coords points="1465,861 1479,861 1479,956 1465,956"/>
          <TextEquiv>
            <Unicode>ا</Unicode>
          </TextEquiv>
        </Word>
        <Word id="w84">
          <Coords points="1365,879 1456,879 1456,968 1365,968"/>
          <TextEquiv>
            <Unicode>خذ</Unicode>
          </TextEquiv>
        </Word>
        <Word id="w85">
          <Coords points="1319,862 1349,862 1349,969 1319,969"/>
          <TextEquiv>
            <Unicode>نا</Unicode>
          </TextEquiv>
        </Word>
        <Word id="w86">
          <Coords points="1166,862 1305,862 1305,975 1166,975"/>
          <TextEquiv>
            <Unicode>ميثا</Unicode>
          </TextEquiv>
        </Word>
        <Word id="w87">
          <Coords points="1065,849 1161,849 1161,1033 1065,1033"/>
          <TextEquiv>
            <Unicode>قكم</Unicode>
          </TextEquiv>
        </Word>
        <Word id="w88">
          <Coords points="979,939 1027,939 1027,1003 979,1003"/>
          <TextEquiv>
            <Unicode>و</Unicode>
          </TextEquiv>
        </Word>
        <Word id="w89">
          <Coords points="929,947 970,947 970,998 929,998"/>
          <TextEquiv>
            <Unicode>ر</Unicode>
          </TextEquiv>
        </Word>
        <Word id="w90">
          <Coords points="776,883 931,883 931,996 776,996"/>
          <TextEquiv>
            <Unicode>فعنا</Unicode>
          </TextEquiv>
        </Word>
        <Word id="w91">
          <Coords points="687,922 755,922 755,1026 687,1026"/>
          <TextEquiv>
            <Unicode>فو</Unicode>
          </TextEquiv>
        </Word>
        <Word id="w92">
          <Coords points="596,868 693,868 693,1055 596,1055"/>
          <TextEquiv>
            <Unicode>قكم</Unicode>
          </TextEquiv>
        </Word>
        <Word id="w93">
          <Coords points="541,902 557,902 557,991 541,991"/>
          <TextEquiv>
            <Unicode>ا</Unicode>
          </TextEquiv>
        </Word>
        <Word id="w94">
          <Coords points="399,904 521,904 521,1046 399,1046"/>
          <TextEquiv>
            <Unicode>لطو</Unicode>
          </TextEquiv>
        </Word>
        <Word id="w95">
          <Coords points="355,974 401,974 401,1027 355,1027"/>
          <TextEquiv>
            <Unicode>ر</Unicode>
          </TextEquiv>
        </Word>
        <Word id="w96">
          <Coords points="184,955 375,955 375,1026 184,1026"/>
          <TextEquiv>
            <Unicode>خذ</Unicode>
          </TextEquiv>
        </Word>
        <Word id="w97">
          <Coords points="136,916 149,916 149,1003 136,1003"/>
          <TextEquiv>
            <Unicode>ا</Unicode>
          </TextEquiv>
        </Word>
        <Word id="w98">
          <Coords points="134,978 181,978 181,1038 134,1038"/>
          <TextEquiv>
            <Unicode>و</Unicode>
          </TextEquiv>
        </Word>
        <Word id="w99">
          <Coords points="72,915 125,915 125,1023 72,1023"/>
          <TextEquiv>
            <Unicode>ما</Unicode>
          </TextEquiv>
        </Word>
        <TextEquiv>
          <Unicode> و ا ذ ا خذ نا ميثا قكم و ر فعنا فو قكم ا لطو ر خذ ا و ما</Unicode>
        </TextEquiv>
      </TextLine>
      <TextLine id="l5">
        <Coords points="70,1053 1630,1053 1630,1300 70,1300"/>
        <Word id="w100">
          <Coords points="1602,1079 1629,1079 1629,1194 1602,1194"/>
          <TextEquiv>
            <Unicode>ا</Unicode>
          </TextEquiv>
        </Word>
        <Word id="w101">
          <Coords points="1455,1087 1589,1087 1589,1218 1455,1218"/>
          <TextEquiv>
            <Unicode>تينا</Unicode>
          </TextEquiv>
        </Word>
        <Word id="w102">
          <Coords points="1354,1053 1486,1053 1486,1222 1354,1222"/>
          <TextEquiv>
            <Unicode>كم</Unicode>
          </TextEquiv>
        </Word>
        <Word id="w103">
          <Coords points="1252,1144 1367,1144 1367,1223 1252,1223"/>
          <TextEquiv>
            <Unicode>بقو</Unicode>
          </TextEquiv>
        </Word>
        <Word id="w104">
          <Coords points="1231,1162 1255,1162 1255,1194 1231,1194"/>
          <TextEquiv>
            <Unicode>ة</Unicode>
          </TextEquiv>
        </Word>
        <Word id="w105">
          <Coords points="1154,1156 1208,1156 1208,1217 1154,1217"/>
          <TextEquiv>
            <Unicode>و</Unicode>
          </TextEquiv>
        </Word>
        <Word id="w106">
          <Coords points="1150,1103 1165,1103 1165,1198 1150,1198"/>
          <TextEquiv>
            <Unicode>ا</Unicode>
          </TextEquiv>
        </Word>
        <Word id="w107">
          <Coords points="1100,1114 1139,1114 1139,1207 1100,1207"/>
          <TextEquiv>
            <Unicode>ذ</Unicode>
          </TextEquiv>
        </Word>
        <Word id="w108">
          <Coords points="884,1134 1099,1134 1099,1238 884,1238"/>
          <TextEquiv>
            <Unicode>كر</Unicode>
          </TextEquiv>
        </Word>
        <Word id="w109">
          <Coords points="836,1181 884,1181 884,1242 836,1242"/>
          <TextEquiv>
            <Unicode>و</Unicode>
          </TextEquiv>
        </Word>
        <Word id="w110">
          <Coords points="832,1110 848,1110 848,1206 832,1206"/>
          <TextEquiv>
            <Unicode>ا</Unicode>
          </TextEquiv>
        </Word>
        <Word id="w111">
          <Coords points="760,1113 827,1113 827,1225 760,1225"/>
          <TextEquiv>
            <Unicode>ما</Unicode>
          </TextEquiv>
        </Word>
        <Word id="w112">
          <Coords points="631,1125 749,1125 749,1262 631,1262"/>
          <TextEquiv>
            <Unicode>فيه</Unicode>
          </TextEquiv>
        </Word>
        <Word id="w113">
          <Coords points="437,1105 620,1105 620,1288 437,1288"/>
          <TextEquiv>
            <Unicode>لعلكم</Unicode>
          </TextEquiv>
        </Word>
        <Word id="w114">
          <Coords points="262,1121 396,1121 396,1261 262,1261"/>
          <TextEquiv>
            <Unicode>تتقو</Unicode>
          </TextEquiv>
        </Word>
        <Word id="w115">
          <Coords points="199,1182 259,1182 259,1250 199,1250"/>
          <TextEquiv>
            <Unicode>ن</Unicode>
          </TextEquiv>
        </Word>
        <Word id="w116">
          <Coords points="70,1136 119,1136 119,1299 70,1299"/>
          <TextEquiv>
            <Unicode>ثم</Unicode>
          </TextEquiv>
        </Word>
        <TextEquiv>
          <Unicode> ا تينا كم بقو ة و ا ذ كر و ا ما فيه لعلكم تتقو ن ثم</Unicode>
        </TextEquiv>
      </TextLine>
      <TextLine id="l6">
        <Coords points="75,1302 1622,1302 1622,1490 75,1490"/>
        <Word id="w117">
          <Coords points="1555,1312 1621,1312 1621,1419 1555,1419"/>
          <TextEquiv>
            <Unicode>تو</Unicode>
          </TextEquiv>
        </Word>
        <Word id="w118">
          <Coords points="1416,1302 1559,1302 1559,1489 1416,1489"/>
          <TextEquiv>
            <Unicode>ليتم</Unicode>
          </TextEquiv>
        </Word>
        <Word id="w119">
          <Coords points="1307,1366 1413,1366 1413,1444 1307,1444"/>
          <TextEquiv>
            <Unicode>من</Unicode>
          </TextEquiv>
        </Word>
        <Word id="w120">
          <Coords points="1161,1360 1303,1360 1303,1452 1161,1452"/>
          <TextEquiv>
            <Unicode>بعد</Unicode>
          </TextEquiv>
        </Word>
        <Word id="w121">
          <Coords points="1115,1345 1156,1345 1156,1426 1115,1426"/>
          <TextEquiv>
            <Unicode>ذ</Unicode>
          </TextEquiv>
        </Word>
        <Word id="w122">
          <Coords points="998,1330 1104,1330 1104,1439 998,1439"/>
          <TextEquiv>
            <Unicode>لك</Unicode>
          </TextEquiv>
        </Word>
        <Word id="w123">
          <Coords points="899,1329 992,1329 992,1463 899,1463"/>
          <TextEquiv>
            <Unicode>فلو</Unicode>
          </TextEquiv>
        </Word>
        <Word id="w124">
          <Coords points="849,1337 907,1337 907,1437 849,1437"/>
          <TextEquiv>
            <Unicode>لا</Unicode>
          </TextEquiv>
        </Word>
        <Word id="w125">
          <Coords points="677,1348 849,1348 849,1485 677,1485"/>
          <TextEquiv>
            <Unicode>فضل</Unicode>
          </TextEquiv>
        </Word>
        <Word id="w126">
          <Coords points="656,1347 672,1347 672,1456 656,1456"/>
          <TextEquiv>
            <Unicode>ا</Unicode>
          </TextEquiv>
        </Word>
        <Word id="w127">
          <Coords points="570,1395 649,1395 649,1455 570,1455"/>
          <TextEquiv>
            <Unicode>لله</Unicode>
          </TextEquiv>
        </Word>
        <Word id="w128">
          <Coords points="229,1350 564,1350 564,1487 229,1487"/>
          <TextEquiv>
            <Unicode>عليكم</Unicode>
          </TextEquiv>
        </Word>
        <Word id="w129">
          <Coords points="200,1420 253,1420 253,1481 200,1481"/>
          <TextEquiv>
            <Unicode>و</Unicode>
          </TextEquiv>
        </Word>
        <Word id="w130">
          <Coords points="166,1422 211,1422 211,1474 166,1474"/>
          <TextEquiv>
            <Unicode>ر</Unicode>
          </TextEquiv>
        </Word>
        <Word id="w131">
          <Coords points="75,1389 219,1389 219,1457 75,1457"/>
          <TextEquiv>
            <Unicode>حمته</Unicode>
          </TextEquiv>
        </Word>
        <TextEquiv>
          <Unicode> تو ليتم من بعد ذ لك فلو لا فضل ا لله عليكم و ر حمته</Unicode>
        </TextEquiv>
      </TextLine>
      <TextLine id="l7">
        <Coords points="116,1502 1679,1502 1679,1746 116,1746"/>
        <Word id="w132">
          <Coords points="1472,1502 1678,1502 1678,1686 1472,1686"/>
          <TextEquiv>
            <Unicode>لكنتم</Unicode>
          </TextEquiv>
        </Word>
        <Word id="w133">
          <Coords points="1369,1591 1470,1591 1470,1667 1369,1667"/>
          <TextEquiv>
            <Unicode>من</Unicode>
          </TextEquiv>
        </Word>
        <Word id="w134">
          <Coords points="1345,1525 1370,1525 1370,1639 1345,1639"/>
          <TextEquiv>
            <Unicode>ا</Unicode>
          </TextEquiv>
        </Word>
        <Word id="w135">
          <Coords points="1274,1540 1347,1540 1347,1650 1274,1650"/>
          <TextEquiv>
            <Unicode>لخا</Unicode>
          </TextEquiv>
        </Word>
        <Word id="w136">
          <Coords points="1170,1606 1262,1606 1262,1672 1170,1672"/>
          <TextEquiv>
            <Unicode>سر</Unicode>
          </TextEquiv>
        </Word>
        <Word id="w137">
          <Coords points="1107,1601 1182,1601 1182,1670 1107,1670"/>
          <TextEquiv>
            <Unicode>ين</Unicode>
          </TextEquiv>
        </Word>
        <Word id="w138">
          <Coords points="965,1617 1020,1617 1020,1680 965,1680"/>
          <TextEquiv>
            <Unicode>و</Unicode>
          </TextEquiv>
        </Word>
        <Word id="w139">
          <Coords points="840,1552 972,1552 972,1671 840,1671"/>
          <TextEquiv>
            <Unicode>لقد</Unicode>
          </TextEquiv>
        </Word>
        <Word id="w140">
          <Coords points="674,1571 833,1571 833,1745 674,1745"/>
          <TextEquiv>
            <Unicode>علمتم</Unicode>
          </TextEquiv>
        </Word>
        <Word id="w141">
          <Coords points="640,1582 661,1582 661,1680 640,1680"/>
          <TextEquiv>
            <Unicode>ا</Unicode>
          </TextEquiv>
        </Word>
        <Word id="w142">
          <Coords points="554,1585 618,1585 618,1687 554,1687"/>
          <TextEquiv>
            <Unicode>لذ</Unicode>
          </TextEquiv>
        </Word>
        <Word id="w143">
          <Coords points="474,1637 555,1637 555,1705 474,1705"/>
          <TextEquiv>
            <Unicode>ين</Unicode>
          </TextEquiv>
        </Word>
        <Word id="w144">
          <Coords points="458,1582 471,1582 471,1679 458,1679"/>
          <TextEquiv>
            <Unicode>ا</Unicode>
          </TextEquiv>
        </Word>
        <Word id="w145">
          <Coords points="330,1625 452,1625 452,1690 330,1690"/>
          <TextEquiv>
            <Unicode>عتد</Unicode>
          </TextEquiv>
        </Word>
        <Word id="w146">
          <Coords points="283,1643 329,1643 329,1702 283,1702"/>
          <TextEquiv>
            <Unicode>و</Unicode>
          </TextEquiv>
        </Word>
        <Word id="w147">
          <Coords points="271,1584 285,1584 285,1668 271,1668"/>
          <TextEquiv>
            <Unicode>ا</Unicode>
          </TextEquiv>
        </Word>
        <Word id="w148">
          <Coords points="116,1566 255,1566 255,1743 116,1743"/>
          <TextEquiv>
            <Unicode>منكم</Unicode>
          </TextEquiv>
        </Word>
        <TextEquiv>
          <Unicode> لكنتم من ا لخا سر ين و لقد علمتم ا لذ ين ا عتد و ا منكم</Unicode>
        </TextEquiv>
      </TextLine>
      <TextLine id="l8">
        <Coords points="98,1731 1653,1731 1653,1945 98,1945"/>
        <Word id="w149">
          <Coords points="1554,1770 1652,1770 1652,1844 1554,1844"/>
          <TextEquiv>
            <Unicode>في</Unicode>
          </TextEquiv>
        </Word>
        <Word id="w150">
          <Coords points="1517,1746 1535,1746 1535,1841 1517,1841"/>
          <TextEquiv>
            <Unicode>ا</Unicode>
          </TextEquiv>
        </Word>
        <Word id="w151">
          <Coords points="1268,1751 1502,1751 1502,1862 1268,1862"/>
          <TextEquiv>
            <Unicode>لسبت</Unicode>
          </TextEquiv>
        </Word>
        <Word id="w152">
          <Coords points="1104,1760 1258,1760 1258,1870 1104,1870"/>
          <TextEquiv>
            <Unicode>فقلنا</Unicode>
          </TextEquiv>
        </Word>
        <Word id="w153">
          <Coords points="1021,1768 1096,1768 1096,1944 1021,1944"/>
          <TextEquiv>
            <Unicode>لهم</Unicode>
          </TextEquiv>
        </Word>
        <Word id="w154">
          <Coords points="924,1731 1043,1731 1043,1900 924,1900"/>
          <TextEquiv>
            <Unicode>كو</Unicode>
          </TextEquiv>
        </Word>
        <Word id="w155">
          <Coords points="855,1831 922,1831 922,1903 855,1903"/>
          <TextEquiv>
            <Unicode>نو</Unicode>
          </TextEquiv>
        </Word>
        <Word id="w156">
          <Coords points="852,1775 866,1775 866,1869 852,1869"/>
          <TextEquiv>
            <Unicode>ا</Unicode>
          </TextEquiv>
        </Word>
        <Word id="w157">
          <Coords points="756,1827 838,1827 838,1904 756,1904"/>
          <TextEquiv>
            <Unicode>قر</Unicode>
          </TextEquiv>
        </Word>
        <Word id="w158">
          <Coords points="725,1832 766,1832 766,1885 725,1885"/>
          <TextEquiv>
            <Unicode>د</Unicode>
          </TextEquiv>
        </Word>
        <Word id="w159">
          <Coords points="670,1809 697,1809 697,1889 670,1889"/>
          <TextEquiv>
            <Unicode>ة</Unicode>
          </TextEquiv>
        </Word>
        <Word id="w160">
          <Coords points="576,1779 648,1779 648,1891 576,1891"/>
          <TextEquiv>
            <Unicode>خا</Unicode>
          </TextEquiv>
        </Word>
        <Word id="w161">
          <Coords points="418,1759 566,1759 566,1908 418,1908"/>
          <TextEquiv>
            <Unicode>سئين</Unicode>
          </TextEquiv>
        </Word>
        <Word id="w162">
          <Coords points="160,1798 336,1798 336,1909 160,1909"/>
          <TextEquiv>
            <Unicode>فجعلنا</Unicode>
          </TextEquiv>
        </Word>
        <Word id="w163">
          <Coords points="98,1795 158,1795 158,1903 98,1903"/>
          <TextEquiv>
            <Unicode>ها</Unicode>
          </TextEquiv>
        </Word>
        <TextEquiv>
          <Unicode> في ا لسبت فقلنا لهم كو نو ا قر د ة خا سئين فجعلنا ها</Unicode>
        </TextEquiv>
      </TextLine>
      <TextLine id="l9">
        <Coords points="91,1955 1670,1955 1670,2154 91,2154"/>
        <Word id="w164">
          <Coords points="1565,1955 1669,1955 1669,2077 1565,2077"/>
          <TextEquiv>
            <Unicode>نكا</Unicode>
          </TextEquiv>
        </Word>
        <Word id="w165">
          <Coords points="1490,1980 1547,1980 1547,2076 1490,2076"/>
          <TextEquiv>
            <Unicode>لا</Unicode>
          </TextEquiv>
        </Word>
        <Word id="w166">
          <Coords points="1426,1982 1490,1982 1490,2086 1426,2086"/>
          <TextEquiv>
            <Unicode>لما</Unicode>
          </TextEquiv>
        </Word>
        <Word id="w167">
          <Coords points="1301,2025 1405,2025 1405,2105 1301,2105"/>
          <TextEquiv>
            <Unicode>بين</Unicode>
          </TextEquiv>
        </Word>
        <Word id="w168">
          <Coords points="1225,2027 1285,2027 1285,2094 1225,2094"/>
          <TextEquiv>
            <Unicode>يد</Unicode>
          </TextEquiv>
        </Word>
        <Word id="w169">
          <Coords points="1142,1972 1222,1972 1222,2116 1142,2116"/>
          <TextEquiv>
            <Unicode>يها</Unicode>
          </TextEquiv>
        </Word>
        <Word id="w170">
          <Coords points="1069,2058 1124,2058 1124,2118 1069,2118"/>
          <TextEquiv>
            <Unicode>و</Unicode>
          </TextEquiv>
        </Word>
        <Word id="w171">
          <Coords points="1021,1989 1080,1989 1080,2104 1021,2104"/>
          <TextEquiv>
            <Unicode>ما</Unicode>
          </TextEquiv>
        </Word>
        <Word id="w172">
          <Coords points="809,1996 1015,1996 1015,2137 809,2137"/>
          <TextEquiv>
            <Unicode>خلفها</Unicode>
          </TextEquiv>
        </Word>
        <Word id="w173">
          <Coords points="737,2077 788,2077 788,2137 737,2137"/>
          <TextEquiv>
            <Unicode>و</Unicode>
          </TextEquiv>
        </Word>
        <Word id="w174">
          <Coords points="660,2073 749,2073 749,2143 660,2143"/>
          <TextEquiv>
            <Unicode>مو</Unicode>
          </TextEquiv>
        </Word>
        <Word id="w175">
          <Coords points="502,2014 677,2014 677,2127 502,2127"/>
          <TextEquiv>
            <Unicode>عظة</Unicode>
          </TextEquiv>
        </Word>
        <Word id="w176">
          <Coords points="213,2016 472,2016 472,2144 213,2144"/>
          <TextEquiv>
            <Unicode>للمتقين</Unicode>
          </TextEquiv>
        </Word>
        <Word id="w177">
          <Coords points="91,2092 144,2092 144,2153 91,2153"/>
          <TextEquiv>
            <Unicode>و</Unicode>
          </TextEquiv>
        </Word>
        <TextEquiv>
          <Unicode> نكا لا لما بين يد يها و ما خلفها و مو عظة للمتقين و</Unicode>
        </TextEquiv>
      </TextLine>
      <TextLine id="l10">
        <Coords points="122,2187 1672,2187 1672,2596 122,2596"/>
        <Word id="w178">
          <Coords points="1654,2190 1671,2190 1671,2282 1654,2282"/>
          <TextEquiv>
            <Unicode>ا</Unicode>
          </TextEquiv>
        </Word>
        <Word id="w179">
          <Coords points="1636,2428 1667,2428 1667,2508 1636,2508"/>
          <TextEquiv>
            <Unicode>قا</Unicode>
          </TextEquiv>
        </Word>
        <Word id="w180">
          <Coords points="1603,2203 1641,2203 1641,2293 1603,2293"/>
          <TextEquiv>
            <Unicode>ذ</Unicode>
          </TextEquiv>
        </Word>
        <Word id="w181">
          <Coords points="1551,2407 1612,2407 1612,2538 1551,2538"/>
          <TextEquiv>
            <Unicode>لو</Unicode>
          </TextEquiv>
        </Word>
        <Word id="w182">
          <Coords points="1550,2213 1587,2213 1587,2296 1550,2296"/>
          <TextEquiv>
            <Unicode>قا</Unicode>
          </TextEquiv>
        </Word>
        <Word id="w183">
          <Coords points="1544,2404 1567,2404 1567,2510 1544,2510"/>
          <TextEquiv>
            <Unicode>ا</Unicode>
          </TextEquiv>
        </Word>
        <Word id="w184">
          <Coords points="1513,2417 1532,2417 1532,2515 1513,2515"/>
          <TextEquiv>
            <Unicode>ا</Unicode>
          </TextEquiv>
        </Word>
        <Word id="w185">
          <Coords points="1479,2187 1529,2187 1529,2325 1479,2325"/>
          <TextEquiv>
            <Unicode>ل</Unicode>
          </TextEquiv>
        </Word>
        <Word id="w186">
          <Coords points="1401,2252 1484,2252 1484,2321 1401,2321"/>
          <TextEquiv>
            <Unicode>مو</Unicode>
          </TextEquiv>
        </Word>
        <Word id="w187">
          <Coords points="1335,2388 1512,2388 1512,2529 1335,2529"/>
          <TextEquiv>
            <Unicode>تتخذ</Unicode>
          </TextEquiv>
        </Word>
        <Word id="w188">
          <Coords points="1305,2202 1407,2202 1407,2333 1305,2333"/>
          <TextEquiv>
            <Unicode>سى</Unicode>
          </TextEquiv>
        </Word>
        <Word id="w189">
          <Coords points="1292,2420 1325,2420 1325,2526 1292,2526"/>
          <TextEquiv>
            <Unicode>نا</Unicode>
          </TextEquiv>
        </Word>
        <Word id="w190">
          <Coords points="1205,2195 1313,2195 1313,2331 1205,2331"/>
          <TextEquiv>
            <Unicode>لقو</Unicode>
          </TextEquiv>
        </Word>
        <Word id="w191">
          <Coords points="1174,2472 1276,2472 1276,2555 1174,2555"/>
          <TextEquiv>
            <Unicode>هز</Unicode>
          </TextEquiv>
        </Word>
        <Word id="w192">
          <Coords points="1136,2276 1210,2276 1210,2326 1136,2326"/>
          <TextEquiv>
            <Unicode>مه</Unicode>
          </TextEquiv>
        </Word>
        <Word id="w193">
          <Coords points="1130,2497 1180,2497 1180,2554 1130,2554"/>
          <TextEquiv>
            <Unicode>و</Unicode>
          </TextEquiv>
        </Word>
        <Word id="w194">
          <Coords points="1129,2425 1142,2425 1142,2523 1129,2523"/>
          <TextEquiv>
            <Unicode>ا</Unicode>
          </TextEquiv>
        </Word>
        <Word id="w195">
          <Coords points="1115,2209 1134,2209 1134,2307 1115,2307"/>
          <TextEquiv>
            <Unicode>ا</Unicode>
          </TextEquiv>
        </Word>
        <Word id="w196">
          <Coords points="1072,2438 1113,2438 1113,2539 1072,2539"/>
          <TextEquiv>
            <Unicode>قا</Unicode>
          </TextEquiv>
        </Word>
        <Word id="w197">
          <Coords points="1046,2269 1102,2269 1102,2338 1046,2338"/>
          <TextEquiv>
            <Unicode>ن</Unicode>
          </TextEquiv>
        </Word>
        <Word id="w198">
          <Coords points="1010,2211 1026,2211 1026,2306 1010,2306"/>
          <TextEquiv>
            <Unicode>ا</Unicode>
          </TextEquiv>
        </Word>
        <Word id="w199">
          <Coords points="982,2446 1008,2446 1008,2553 982,2553"/>
          <TextEquiv>
            <Unicode>ا</Unicode>
          </TextEquiv>
        </Word>
        <Word id="w200">
          <Coords points="982,2447 1049,2447 1049,2576 982,2576"/>
          <TextEquiv>
            <Unicode>ل</Unicode>
          </TextEquiv>
        </Word>
        <Word id="w201">
          <Coords points="920,2261 1000,2261 1000,2326 920,2326"/>
          <TextEquiv>
            <Unicode>لله</Unicode>
          </TextEquiv>
        </Word>
        <Word id="w202">
          <Coords points="873,2499 976,2499 976,2577 873,2577"/>
          <TextEquiv>
            <Unicode>عو</Unicode>
          </TextEquiv>
        </Word>
        <Word id="w203">
          <Coords points="859,2223 890,2223 890,2365 859,2365"/>
          <TextEquiv>
            <Unicode>يا</Unicode>
          </TextEquiv>
        </Word>
        <Word id="w204">
          <Coords points="842,2443 883,2443 883,2553 842,2553"/>
          <TextEquiv>
            <Unicode>ذ</Unicode>
          </TextEquiv>
        </Word>
        <Word id="w205">
          <Coords points="789,2440 823,2440 823,2554 789,2554"/>
          <TextEquiv>
            <Unicode>با</Unicode>
          </TextEquiv>
        </Word>
        <Word id="w206">
          <Coords points="757,2287 851,2287 851,2362 757,2362"/>
          <TextEquiv>
            <Unicode>مر</Unicode>
          </TextEquiv>
        </Word>
        <Word id="w207">
          <Coords points="697,2487 776,2487 776,2557 697,2557"/>
          <TextEquiv>
            <Unicode>له</Unicode>
          </TextEquiv>
        </Word>
        <Word id="w208">
          <Coords points="668,2456 685,2456 685,2562 668,2562"/>
          <TextEquiv>
            <Unicode>ا</Unicode>
          </TextEquiv>
        </Word>
        <Word id="w209">
          <Coords points="605,2518 662,2518 662,2588 605,2588"/>
          <TextEquiv>
            <Unicode>ن</Unicode>
          </TextEquiv>
        </Word>
        <Word id="w210">
          <Coords points="584,2464 601,2464 601,2556 584,2556"/>
          <TextEquiv>
            <Unicode>ا</Unicode>
          </TextEquiv>
        </Word>
        <Word id="w211">
          <Coords points="568,2255 782,2255 782,2391 568,2391"/>
          <TextEquiv>
            <Unicode>كم</Unicode>
          </TextEquiv>
        </Word>
        <Word id="w212">
          <Coords points="539,2243 554,2243 554,2338 539,2338"/>
          <TextEquiv>
            <Unicode>ا</Unicode>
          </TextEquiv>
        </Word>
        <Word id="w213">
          <Coords points="513,2423 634,2423 634,2594 513,2594"/>
          <TextEquiv>
            <Unicode>كو</Unicode>
          </TextEquiv>
        </Word>
        <Word id="w214">
          <Coords points="473,2303 528,2303 528,2372 473,2372"/>
          <TextEquiv>
            <Unicode>ن</Unicode>
          </TextEquiv>
        </Word>
        <Word id="w215">
          <Coords points="448,2461 513,2461 513,2595 448,2595"/>
          <TextEquiv>
            <Unicode>ن</Unicode>
          </TextEquiv>
        </Word>
        <Word id="w216">
          <Coords points="390,2275 458,2275 458,2377 390,2377"/>
          <TextEquiv>
            <Unicode>تذ</Unicode>
          </TextEquiv>
        </Word>
        <Word id="w217">
          <Coords points="372,2459 402,2459 402,2555 372,2555"/>
          <TextEquiv>
            <Unicode>ا</Unicode>
          </TextEquiv>
        </Word>
        <Word id="w218">
          <Coords points="367,2390 468,2390 468,2594 367,2594"/>
          <TextEquiv>
            <Unicode>من</Unicode>
          </TextEquiv>
        </Word>
        <Word id="w219">
          <Coords points="296,2372 360,2372 360,2594 296,2594"/>
          <TextEquiv>
            <Unicode>لجا</Unicode>
          </TextEquiv>
        </Word>
        <Word id="w220">
          <Coords points="287,2245 310,2245 310,2353 287,2353"/>
          <TextEquiv>
            <Unicode>ا</Unicode>
          </TextEquiv>
        </Word>
        <Word id="w221">
          <Coords points="285,2268 412,2268 412,2377 285,2377"/>
          <TextEquiv>
            <Unicode>بحو</Unicode>
          </TextEquiv>
        </Word>
        <Word id="w222">
          <Coords points="142,2266 274,2266 274,2406 142,2406"/>
          <TextEquiv>
            <Unicode>بقر</Unicode>
          </TextEquiv>
        </Word>
        <Word id="w223">
          <Coords points="137,2477 291,2477 291,2595 137,2595"/>
          <TextEquiv>
            <Unicode>هلين</Unicode>
          </TextEquiv>
        </Word>
        <Word id="w224">
          <Coords points="122,2318 155,2318 155,2354 122,2354"/>
          <TextEquiv>
            <Unicode>ة</Unicode>
          </TextEquiv>
        </Word>
        <TextEquiv>
          <Unicode> ا قا ذ لو قا ا ا ل مو تتخذ سى نا لقو هز مه و ا ا قا ن ا ا ل لله عو يا ذ با مر له ا ن ا كم ا كو ن ن تذ ا من لجا ا بحو بقر هلين ة</Unicode>
        </TextEquiv>
      </TextLine>
      <TextLine id="l11">
        <Coords points="135,2624 1684,2624 1684,2820 135,2820"/>
        <Word id="w225">
          <Coords points="1650,2636 1683,2636 1683,2723 1650,2723"/>
          <TextEquiv>
            <Unicode>قا</Unicode>
          </TextEquiv>
        </Word>
        <Word id="w226">
          <Coords points="1557,2627 1619,2627 1619,2759 1557,2759"/>
          <TextEquiv>
            <Unicode>لو</Unicode>
          </TextEquiv>
        </Word>
        <Word id="w227">
          <Coords points="1552,2624 1567,2624 1567,2732 1552,2732"/>
          <TextEquiv>
            <Unicode>ا</Unicode>
          </TextEquiv>
        </Word>
        <Word id="w228">
          <Coords points="1523,2630 1534,2630 1534,2724 1523,2724"/>
          <TextEquiv>
            <Unicode>ا</Unicode>
          </TextEquiv>
        </Word>
        <Word id="w229">
          <Coords points="1471,2686 1511,2686 1511,2734 1471,2734"/>
          <TextEquiv>
            <Unicode>د</Unicode>
          </TextEquiv>
        </Word>
        <Word id="w230">
          <Coords points="1416,2685 1521,2685 1521,2812 1416,2812"/>
          <TextEquiv>
            <Unicode>ع</Unicode>
          </TextEquiv>
        </Word>
        <Word id="w231">
          <Coords points="1328,2631 1445,2631 1445,2751 1328,2751"/>
          <TextEquiv>
            <Unicode>ل</Unicode>
          </TextEquiv>
        </Word>
        <Word id="w232">
          <Coords points="1265,2711 1315,2711 1315,2765 1265,2765"/>
          <TextEquiv>
            <Unicode>ر</Unicode>
          </TextEquiv>
        </Word>
        <Word id="w233">
          <Coords points="1165,2635 1272,2635 1272,2778 1165,2778"/>
          <TextEquiv>
            <Unicode>بك</Unicode>
          </TextEquiv>
        </Word>
        <Word id="w234">
          <Coords points="1015,2698 1160,2698 1160,2772 1015,2772"/>
          <TextEquiv>
            <Unicode>يبين</Unicode>
          </TextEquiv>
        </Word>
        <Word id="w235">
          <Coords points="940,2658 1008,2658 1008,2769 940,2769"/>
          <TextEquiv>
            <Unicode>لنا</Unicode>
          </TextEquiv>
        </Word>
        <Word id="w236">
          <Coords points="865,2666 928,2666 928,2772 865,2772"/>
          <TextEquiv>
            <Unicode>ما</Unicode>
          </TextEquiv>
        </Word>
        <Word id="w237">
          <Coords points="743,2719 852,2719 852,2816 743,2816"/>
          <TextEquiv>
            <Unicode>هى</Unicode>
          </TextEquiv>
        </Word>
        <Word id="w238">
          <Coords points="710,2726 749,2726 749,2780 710,2780"/>
          <TextEquiv>
            <Unicode>قا</Unicode>
          </TextEquiv>
        </Word>
        <Word id="w239">
          <Coords points="637,2675 690,2675 690,2810 637,2810"/>
          <TextEquiv>
            <Unicode>ل</Unicode>
          </TextEquiv>
        </Word>
        <Word id="w240">
          <Coords points="612,2689 633,2689 633,2781 612,2781"/>
          <TextEquiv>
            <Unicode>ا</Unicode>
          </TextEquiv>
        </Word>
        <Word id="w241">
          <Coords points="540,2728 600,2728 600,2789 540,2789"/>
          <TextEquiv>
            <Unicode>نه</Unicode>
          </TextEquiv>
        </Word>
        <Word id="w242">
          <Coords points="420,2743 526,2743 526,2819 420,2819"/>
          <TextEquiv>
            <Unicode>يقو</Unicode>
          </TextEquiv>
        </Word>
        <Word id="w243">
          <Coords points="381,2679 433,2679 433,2804 381,2804"/>
          <TextEquiv>
            <Unicode>ل</Unicode>
          </TextEquiv>
        </Word>
        <Word id="w244">
          <Coords points="361,2695 379,2695 379,2779 361,2779"/>
          <TextEquiv>
            <Unicode>ا</Unicode>
          </TextEquiv>
        </Word>
        <Word id="w245">
          <Coords points="161,2756 268,2756 268,2815 161,2815"/>
          <TextEquiv>
            <Unicode>بقر</Unicode>
          </TextEquiv>
        </Word>
        <Word id="w246">
          <Coords points="135,2762 161,2762 161,2798 135,2798"/>
          <TextEquiv>
            <Unicode>ة</Unicode>
          </TextEquiv>
        </Word>
        <TextEquiv>
          <Unicode> قا لو ا ا د ع ل ر بك يبين لنا ما هى قا ل ا نه يقو ل ا بقر ة</Unicode>
        </TextEquiv>
      </TextLine>
      <TextLine id="l12">
        <Coords points="180,2849 1685,2849 1685,3037 180,3037"/>
        <Word id="w247">
          <Coords points="1628,2849 1684,2849 1684,2949 1628,2949"/>
          <TextEquiv>
            <Unicode>لا</Unicode>
          </TextEquiv>
        </Word>
        <Word id="w248">
          <Coords points="1585,2849 1621,2849 1621,2961 1585,2961"/>
          <TextEquiv>
            <Unicode>فا</Unicode>
          </TextEquiv>
        </Word>
        <Word id="w249">
          <Coords points="1520,2921 1572,2921 1572,2980 1520,2980"/>
          <TextEquiv>
            <Unicode>ر</Unicode>
          </TextEquiv>
        </Word>
        <Word id="w250">
          <Coords points="1450,2924 1541,2924 1541,2995 1450,2995"/>
          <TextEquiv>
            <Unicode>ض</Unicode>
          </TextEquiv>
        </Word>
        <Word id="w251">
          <Coords points="1407,2928 1446,2928 1446,2990 1407,2990"/>
          <TextEquiv>
            <Unicode>و</Unicode>
          </TextEquiv>
        </Word>
        <Word id="w252">
          <Coords points="1348,2876 1453,2876 1453,2974 1348,2974"/>
          <TextEquiv>
            <Unicode>لا</Unicode>
          </TextEquiv>
        </Word>
        <Word id="w253">
          <Coords points="1128,2895 1358,2895 1358,3007 1128,3007"/>
          <TextEquiv>
            <Unicode>بكر</Unicode>
          </TextEquiv>
        </Word>
        <Word id="w254">
          <Coords points="1039,2931 1144,2931 1144,3008 1039,3008"/>
          <TextEquiv>
            <Unicode>عو</Unicode>
          </TextEquiv>
        </Word>
        <Word id="w255">
          <Coords points="1031,2889 1047,2889 1047,2972 1031,2972"/>
          <TextEquiv>
            <Unicode>ا</Unicode>
          </TextEquiv>
        </Word>
        <Word id="w256">
          <Coords points="971,2940 1026,2940 1026,3009 971,3009"/>
          <TextEquiv>
            <Unicode>ن</Unicode>
          </TextEquiv>
        </Word>
        <Word id="w257">
          <Coords points="849,2940 949,2940 949,3012 849,3012"/>
          <TextEquiv>
            <Unicode>بين</Unicode>
          </TextEquiv>
        </Word>
        <Word id="w258">
          <Coords points="803,2946 844,2946 844,3000 803,3000"/>
          <TextEquiv>
            <Unicode>ذ</Unicode>
          </TextEquiv>
        </Word>
        <Word id="w259">
          <Coords points="678,2898 791,2898 791,3007 678,3007"/>
          <TextEquiv>
            <Unicode>لك</Unicode>
          </TextEquiv>
        </Word>
        <Word id="w260">
          <Coords points="632,2900 671,2900 671,3007 632,3007"/>
          <TextEquiv>
            <Unicode>فا</Unicode>
          </TextEquiv>
        </Word>
        <Word id="w261">
          <Coords points="453,2900 473,2900 473,2997 453,2997"/>
          <TextEquiv>
            <Unicode>ا</Unicode>
          </TextEquiv>
        </Word>
        <Word id="w262">
          <Coords points="453,2901 619,2901 619,3036 453,3036"/>
          <TextEquiv>
            <Unicode>فعلو</Unicode>
          </TextEquiv>
        </Word>
        <Word id="w263">
          <Coords points="402,2910 453,2910 453,3012 402,3012"/>
          <TextEquiv>
            <Unicode>ما</Unicode>
          </TextEquiv>
        </Word>
        <Word id="w264">
          <Coords points="330,2962 392,2962 392,3036 330,3036"/>
          <TextEquiv>
            <Unicode>تؤ</Unicode>
          </TextEquiv>
        </Word>
        <Word id="w265">
          <Coords points="227,2965 276,2965 276,3029 227,3029"/>
          <TextEquiv>
            <Unicode>و</Unicode>
          </TextEquiv>
        </Word>
        <Word id="w266">
          <Coords points="180,2958 232,2958 232,3022 180,3022"/>
          <TextEquiv>
            <Unicode>ن</Unicode>
          </TextEquiv>
        </Word>
        <TextEquiv>
          <Unicode> لا فا ر ض و لا بكر عو ا ن بين ذ لك فا ا فعلو ما تؤ و ن</Unicode>
        </TextEquiv>
      </TextLine>
    </TextRegion>
  </Page>
</PcGts>
