<?xml version='1.0' encoding='utf-8'?>
<PcGts xmlns:xsi="http://www.w3.org/2001/XMLSchema-instance" xmlns="http://schema.primaresearch.org/PAGE/gts/pagecontent/2019-07-15" xsi:schemaLocation="http://schema.primaresearch.org/PAGE/gts/pagecontent/2019-07-15 http://schema.primaresearch.org/PAGE/gts/pagecontent/2019-07-15/pagecontent.xsd" pcGtsId="pc-aletheiaexamplepage">
  <Metadata>
    <Creator>PRImA Research Lab</Creator>
    <Created>2015-07-17T15:27:13</Created>
    <LastChange>2017-07-14T10:03:33</LastChange>
    <Comments>Example Page</Comments>
  </Metadata>
  <Page imageFilename="3249138/0014-1.png" imageWidth="1793" imageHeight="3089">
    <TextRegion id="r0" type="paragraph">
      <Coords points="1,1 1791,1 1791,3087 1,3087"/>
      <TextLine id="l0">
        <Coords points="68,5 1607,5 1607,174 68,174"/>
        <Word id="w0">
          <Coords points="1579,5 1606,5 1606,101 1579,101"/>
          <TextEquiv>
            <Unicode>ا</Unicode>
          </TextEquiv>
        </Word>
        <Word id="w1">
          <Coords points="1508,15 1566,15 1566,111 1508,111"/>
          <TextEquiv>
            <Unicode>لذ</Unicode>
          </TextEquiv>
        </Word>
        <Word id="w2">
          <Coords points="1446,69 1510,69 1510,128 1446,128"/>
          <TextEquiv>
            <Unicode>ين</Unicode>
          </TextEquiv>
        </Word>
        <Word id="w3">
          <Coords points="1420,18 1445,18 1445,101 1420,101"/>
          <TextEquiv>
            <Unicode>ا</Unicode>
          </TextEquiv>
        </Word>
        <Word id="w4">
          <Coords points="1311,17 1412,17 1412,141 1311,141"/>
          <TextEquiv>
            <Unicode>تينا</Unicode>
          </TextEquiv>
        </Word>
        <Word id="w5">
          <Coords points="1239,63 1294,63 1294,170 1239,170"/>
          <TextEquiv>
            <Unicode>هم</Unicode>
          </TextEquiv>
        </Word>
        <Word id="w6">
          <Coords points="1194,26 1222,26 1222,109 1194,109"/>
          <TextEquiv>
            <Unicode>ا</Unicode>
          </TextEquiv>
        </Word>
        <Word id="w7">
          <Coords points="1097,12 1193,12 1193,127 1097,127"/>
          <TextEquiv>
            <Unicode>لكت</Unicode>
          </TextEquiv>
        </Word>
        <Word id="w8">
          <Coords points="987,87 1088,87 1088,163 987,163"/>
          <TextEquiv>
            <Unicode>ب</Unicode>
          </TextEquiv>
        </Word>
        <Word id="w9">
          <Coords points="863,26 978,26 978,150 863,150"/>
          <TextEquiv>
            <Unicode>يتلو</Unicode>
          </TextEquiv>
        </Word>
        <Word id="w10">
          <Coords points="804,67 858,67 858,130 804,130"/>
          <TextEquiv>
            <Unicode>نه</Unicode>
          </TextEquiv>
        </Word>
        <Word id="w11">
          <Coords points="669,91 787,91 787,162 669,162"/>
          <TextEquiv>
            <Unicode>حق</Unicode>
          </TextEquiv>
        </Word>
        <Word id="w12">
          <Coords points="576,32 653,32 653,144 576,144"/>
          <TextEquiv>
            <Unicode>تلا</Unicode>
          </TextEquiv>
        </Word>
        <Word id="w13">
          <Coords points="525,103 569,103 569,159 525,159"/>
          <TextEquiv>
            <Unicode>و</Unicode>
          </TextEquiv>
        </Word>
        <Word id="w14">
          <Coords points="466,78 521,78 521,139 466,139"/>
          <TextEquiv>
            <Unicode>ته</Unicode>
          </TextEquiv>
        </Word>
        <Word id="w15">
          <Coords points="437,41 456,41 456,130 437,130"/>
          <TextEquiv>
            <Unicode>ا</Unicode>
          </TextEquiv>
        </Word>
        <Word id="w16">
          <Coords points="389,104 431,104 431,164 389,164"/>
          <TextEquiv>
            <Unicode>و</Unicode>
          </TextEquiv>
        </Word>
        <Word id="w17">
          <Coords points="260,40 390,40 390,144 260,144"/>
          <TextEquiv>
            <Unicode>لئك</Unicode>
          </TextEquiv>
        </Word>
        <Word id="w18">
          <Coords points="191,66 252,66 252,162 191,162"/>
          <TextEquiv>
            <Unicode>يؤ</Unicode>
          </TextEquiv>
        </Word>
        <Word id="w19">
          <Coords points="103,106 201,106 201,173 103,173"/>
          <TextEquiv>
            <Unicode>منو</Unicode>
          </TextEquiv>
        </Word>
        <Word id="w20">
          <Coords points="68,78 117,78 117,144 68,144"/>
          <TextEquiv>
            <Unicode>ن</Unicode>
          </TextEquiv>
        </Word>
        <TextEquiv>
          <Unicode> ا لذ ين ا تينا هم ا لكت ب يتلو نه حق تلا و ته ا و لئك يؤ منو ن</Unicode>
        </TextEquiv>
      </TextLine>
      <TextLine id="l1">
        <Coords points="70,235 1606,235 1606,403 70,403"/>
        <Word id="w21">
          <Coords points="1554,264 1605,264 1605,351 1554,351"/>
          <TextEquiv>
            <Unicode>به</Unicode>
          </TextEquiv>
        </Word>
        <Word id="w22">
          <Coords points="1489,287 1537,287 1537,346 1489,346"/>
          <TextEquiv>
            <Unicode>و</Unicode>
          </TextEquiv>
        </Word>
        <Word id="w23">
          <Coords points="1314,274 1498,274 1498,369 1314,369"/>
          <TextEquiv>
            <Unicode>من</Unicode>
          </TextEquiv>
        </Word>
        <Word id="w24">
          <Coords points="1157,248 1423,248 1423,361 1157,361"/>
          <TextEquiv>
            <Unicode>يكفر</Unicode>
          </TextEquiv>
        </Word>
        <Word id="w25">
          <Coords points="1106,277 1152,277 1152,376 1106,376"/>
          <TextEquiv>
            <Unicode>به</Unicode>
          </TextEquiv>
        </Word>
        <Word id="w26">
          <Coords points="1051,235 1088,235 1088,340 1051,340"/>
          <TextEquiv>
            <Unicode>فا</Unicode>
          </TextEquiv>
        </Word>
        <Word id="w27">
          <Coords points="986,305 1032,305 1032,362 986,362"/>
          <TextEquiv>
            <Unicode>و</Unicode>
          </TextEquiv>
        </Word>
        <Word id="w28">
          <Coords points="855,243 988,243 988,344 855,344"/>
          <TextEquiv>
            <Unicode>لئك</Unicode>
          </TextEquiv>
        </Word>
        <Word id="w29">
          <Coords points="786,284 846,284 846,402 786,402"/>
          <TextEquiv>
            <Unicode>هم</Unicode>
          </TextEquiv>
        </Word>
        <Word id="w30">
          <Coords points="753,252 766,252 766,338 753,338"/>
          <TextEquiv>
            <Unicode>ا</Unicode>
          </TextEquiv>
        </Word>
        <Word id="w31">
          <Coords points="677,254 750,254 750,354 677,354"/>
          <TextEquiv>
            <Unicode>لخا</Unicode>
          </TextEquiv>
        </Word>
        <Word id="w32">
          <Coords points="579,319 659,319 659,383 579,383"/>
          <TextEquiv>
            <Unicode>سر</Unicode>
          </TextEquiv>
        </Word>
        <Word id="w33">
          <Coords points="535,316 577,316 577,373 535,373"/>
          <TextEquiv>
            <Unicode>و</Unicode>
          </TextEquiv>
        </Word>
        <Word id="w34">
          <Coords points="475,304 532,304 532,367 475,367"/>
          <TextEquiv>
            <Unicode>ن</Unicode>
          </TextEquiv>
        </Word>
        <Word id="w35">
          <Coords points="370,256 399,256 399,391 370,391"/>
          <TextEquiv>
            <Unicode>يا</Unicode>
          </TextEquiv>
        </Word>
        <Word id="w36">
          <Coords points="271,261 288,261 288,343 271,343"/>
          <TextEquiv>
            <Unicode>ا</Unicode>
          </TextEquiv>
        </Word>
        <Word id="w37">
          <Coords points="270,298 360,298 360,398 270,398"/>
          <TextEquiv>
            <Unicode>بني</Unicode>
          </TextEquiv>
        </Word>
        <Word id="w38">
          <Coords points="175,332 260,332 260,398 175,398"/>
          <TextEquiv>
            <Unicode>سر</Unicode>
          </TextEquiv>
        </Word>
        <Word id="w39">
          <Coords points="162,269 176,269 176,354 162,354"/>
          <TextEquiv>
            <Unicode>ا</Unicode>
          </TextEquiv>
        </Word>
        <Word id="w40">
          <Coords points="70,266 156,266 156,390 70,390"/>
          <TextEquiv>
            <Unicode>ئيل</Unicode>
          </TextEquiv>
        </Word>
        <TextEquiv>
          <Unicode> به و من يكفر به فا و لئك هم ا لخا سر و ن يا ا بني سر ا ئيل</Unicode>
        </TextEquiv>
      </TextLine>
      <TextLine id="l2">
        <Coords points="117,417 1624,417 1624,620 117,620"/>
        <Word id="w41">
          <Coords points="1604,445 1623,445 1623,541 1604,541"/>
          <TextEquiv>
            <Unicode>ا</Unicode>
          </TextEquiv>
        </Word>
        <Word id="w42">
          <Coords points="1568,463 1603,463 1603,556 1568,556"/>
          <TextEquiv>
            <Unicode>ذ</Unicode>
          </TextEquiv>
        </Word>
        <Word id="w43">
          <Coords points="1492,417 1604,417 1604,582 1492,582"/>
          <TextEquiv>
            <Unicode>كر</Unicode>
          </TextEquiv>
        </Word>
        <Word id="w44">
          <Coords points="1439,519 1486,519 1486,577 1439,577"/>
          <TextEquiv>
            <Unicode>و</Unicode>
          </TextEquiv>
        </Word>
        <Word id="w45">
          <Coords points="1434,453 1445,453 1445,537 1434,537"/>
          <TextEquiv>
            <Unicode>ا</Unicode>
          </TextEquiv>
        </Word>
        <Word id="w46">
          <Coords points="1218,462 1425,462 1425,606 1218,606"/>
          <TextEquiv>
            <Unicode>نعمتى</Unicode>
          </TextEquiv>
        </Word>
        <Word id="w47">
          <Coords points="1211,451 1235,451 1235,543 1211,543"/>
          <TextEquiv>
            <Unicode>ا</Unicode>
          </TextEquiv>
        </Word>
        <Word id="w48">
          <Coords points="1124,451 1261,451 1261,588 1124,588"/>
          <TextEquiv>
            <Unicode>لتى</Unicode>
          </TextEquiv>
        </Word>
        <Word id="w49">
          <Coords points="1093,465 1117,465 1117,560 1093,560"/>
          <TextEquiv>
            <Unicode>ا</Unicode>
          </TextEquiv>
        </Word>
        <Word id="w50">
          <Coords points="909,477 1087,477 1087,574 909,574"/>
          <TextEquiv>
            <Unicode>نعمت</Unicode>
          </TextEquiv>
        </Word>
        <Word id="w51">
          <Coords points="761,437 912,437 912,618 761,618"/>
          <TextEquiv>
            <Unicode>عليكم</Unicode>
          </TextEquiv>
        </Word>
        <Word id="w52">
          <Coords points="695,530 736,530 736,590 695,590"/>
          <TextEquiv>
            <Unicode>و</Unicode>
          </TextEquiv>
        </Word>
        <Word id="w53">
          <Coords points="684,470 699,470 699,560 684,560"/>
          <TextEquiv>
            <Unicode>ا</Unicode>
          </TextEquiv>
        </Word>
        <Word id="w54">
          <Coords points="598,493 690,493 690,602 598,602"/>
          <TextEquiv>
            <Unicode>نى</Unicode>
          </TextEquiv>
        </Word>
        <Word id="w55">
          <Coords points="411,449 620,449 620,606 411,606"/>
          <TextEquiv>
            <Unicode>فضلتكم</Unicode>
          </TextEquiv>
        </Word>
        <Word id="w56">
          <Coords points="333,493 348,493 348,575 333,575"/>
          <TextEquiv>
            <Unicode>ا</Unicode>
          </TextEquiv>
        </Word>
        <Word id="w57">
          <Coords points="329,488 425,488 425,619 329,619"/>
          <TextEquiv>
            <Unicode>على</Unicode>
          </TextEquiv>
        </Word>
        <Word id="w58">
          <Coords points="242,494 316,494 316,591 242,591"/>
          <TextEquiv>
            <Unicode>لعا</Unicode>
          </TextEquiv>
        </Word>
        <Word id="w59">
          <Coords points="117,500 232,500 232,607 117,607"/>
          <TextEquiv>
            <Unicode>لمين</Unicode>
          </TextEquiv>
        </Word>
        <TextEquiv>
          <Unicode> ا ذ كر و ا نعمتى ا لتى ا نعمت عليكم و ا نى فضلتكم ا على لعا لمين</Unicode>
        </TextEquiv>
      </TextLine>
      <TextLine id="l3">
        <Coords points="70,670 1630,670 1630,855 70,855"/>
        <Word id="w60">
          <Coords points="1581,737 1629,737 1629,795 1581,795"/>
          <TextEquiv>
            <Unicode>و</Unicode>
          </TextEquiv>
        </Word>
        <Word id="w61">
          <Coords points="1575,670 1588,670 1588,760 1575,760"/>
          <TextEquiv>
            <Unicode>ا</Unicode>
          </TextEquiv>
        </Word>
        <Word id="w62">
          <Coords points="1465,731 1564,731 1564,804 1465,804"/>
          <TextEquiv>
            <Unicode>تقو</Unicode>
          </TextEquiv>
        </Word>
        <Word id="w63">
          <Coords points="1461,675 1475,675 1475,765 1461,765"/>
          <TextEquiv>
            <Unicode>ا</Unicode>
          </TextEquiv>
        </Word>
        <Word id="w64">
          <Coords points="1386,728 1442,728 1442,815 1386,815"/>
          <TextEquiv>
            <Unicode>يو</Unicode>
          </TextEquiv>
        </Word>
        <Word id="w65">
          <Coords points="1325,673 1384,673 1384,780 1325,780"/>
          <TextEquiv>
            <Unicode>ما</Unicode>
          </TextEquiv>
        </Word>
        <Word id="w66">
          <Coords points="1247,686 1301,686 1301,785 1247,785"/>
          <TextEquiv>
            <Unicode>لا</Unicode>
          </TextEquiv>
        </Word>
        <Word id="w67">
          <Coords points="1099,721 1254,721 1254,811 1099,811"/>
          <TextEquiv>
            <Unicode>تجر</Unicode>
          </TextEquiv>
        </Word>
        <Word id="w68">
          <Coords points="1022,744 1095,744 1095,832 1022,832"/>
          <TextEquiv>
            <Unicode>ى</Unicode>
          </TextEquiv>
        </Word>
        <Word id="w69">
          <Coords points="899,715 1027,715 1027,832 899,832"/>
          <TextEquiv>
            <Unicode>نفس</Unicode>
          </TextEquiv>
        </Word>
        <Word id="w70">
          <Coords points="796,750 901,750 901,833 796,833"/>
          <TextEquiv>
            <Unicode>عن</Unicode>
          </TextEquiv>
        </Word>
        <Word id="w71">
          <Coords points="559,697 677,697 677,818 559,818"/>
          <TextEquiv>
            <Unicode>شيئا</Unicode>
          </TextEquiv>
        </Word>
        <Word id="w72">
          <Coords points="541,729 795,729 795,854 541,854"/>
          <TextEquiv>
            <Unicode>نفس</Unicode>
          </TextEquiv>
        </Word>
        <Word id="w73">
          <Coords points="493,766 539,766 539,824 493,824"/>
          <TextEquiv>
            <Unicode>و</Unicode>
          </TextEquiv>
        </Word>
        <Word id="w74">
          <Coords points="449,707 506,707 506,800 449,800"/>
          <TextEquiv>
            <Unicode>لا</Unicode>
          </TextEquiv>
        </Word>
        <Word id="w75">
          <Coords points="294,714 444,714 444,834 294,834"/>
          <TextEquiv>
            <Unicode>يقبل</Unicode>
          </TextEquiv>
        </Word>
        <Word id="w76">
          <Coords points="194,712 298,712 298,836 194,836"/>
          <TextEquiv>
            <Unicode>منها</Unicode>
          </TextEquiv>
        </Word>
        <Word id="w77">
          <Coords points="114,705 187,705 187,819 114,819"/>
          <TextEquiv>
            <Unicode>عد</Unicode>
          </TextEquiv>
        </Word>
        <Word id="w78">
          <Coords points="70,704 121,704 121,813 70,813"/>
          <TextEquiv>
            <Unicode>ل</Unicode>
          </TextEquiv>
        </Word>
        <TextEquiv>
          <Unicode> و ا تقو ا يو ما لا تجر ى نفس عن شيئا نفس و لا يقبل منها عد ل</Unicode>
        </TextEquiv>
      </TextLine>
      <TextLine id="l4">
        <Coords points="107,885 1640,885 1640,1100 107,1100"/>
        <Word id="w79">
          <Coords points="1544,899 1639,899 1639,989 1544,989"/>
          <TextEquiv>
            <Unicode>لا</Unicode>
          </TextEquiv>
        </Word>
        <Word id="w80">
          <Coords points="1352,885 1541,885 1541,1013 1352,1013"/>
          <TextEquiv>
            <Unicode>تنفعها</Unicode>
          </TextEquiv>
        </Word>
        <Word id="w81">
          <Coords points="1236,897 1339,897 1339,995 1236,995"/>
          <TextEquiv>
            <Unicode>شفا</Unicode>
          </TextEquiv>
        </Word>
        <Word id="w82">
          <Coords points="1151,898 1228,898 1228,1005 1151,1005"/>
          <TextEquiv>
            <Unicode>عة</Unicode>
          </TextEquiv>
        </Word>
        <Word id="w83">
          <Coords points="1079,964 1122,964 1122,1024 1079,1024"/>
          <TextEquiv>
            <Unicode>و</Unicode>
          </TextEquiv>
        </Word>
        <Word id="w84">
          <Coords points="1022,912 1083,912 1083,1004 1022,1004"/>
          <TextEquiv>
            <Unicode>لا</Unicode>
          </TextEquiv>
        </Word>
        <Word id="w85">
          <Coords points="879,953 1025,953 1025,1042 879,1042"/>
          <TextEquiv>
            <Unicode>هم</Unicode>
          </TextEquiv>
        </Word>
        <Word id="w86">
          <Coords points="769,975 902,975 902,1041 769,1041"/>
          <TextEquiv>
            <Unicode>ينصر</Unicode>
          </TextEquiv>
        </Word>
        <Word id="w87">
          <Coords points="727,978 768,978 768,1040 727,1040"/>
          <TextEquiv>
            <Unicode>و</Unicode>
          </TextEquiv>
        </Word>
        <Word id="w88">
          <Coords points="665,970 721,970 721,1033 665,1033"/>
          <TextEquiv>
            <Unicode>ن</Unicode>
          </TextEquiv>
        </Word>
        <Word id="w89">
          <Coords points="534,981 578,981 578,1042 534,1042"/>
          <TextEquiv>
            <Unicode>و</Unicode>
          </TextEquiv>
        </Word>
        <Word id="w90">
          <Coords points="524,928 536,928 536,1009 524,1009"/>
          <TextEquiv>
            <Unicode>ا</Unicode>
          </TextEquiv>
        </Word>
        <Word id="w91">
          <Coords points="483,948 520,948 520,1030 483,1030"/>
          <TextEquiv>
            <Unicode>ذ</Unicode>
          </TextEquiv>
        </Word>
        <Word id="w92">
          <Coords points="450,932 465,932 465,1023 450,1023"/>
          <TextEquiv>
            <Unicode>ا</Unicode>
          </TextEquiv>
        </Word>
        <Word id="w93">
          <Coords points="308,940 427,940 427,1075 308,1075"/>
          <TextEquiv>
            <Unicode>بتلى</Unicode>
          </TextEquiv>
        </Word>
        <Word id="w94">
          <Coords points="288,941 309,941 309,1032 288,1032"/>
          <TextEquiv>
            <Unicode>ا</Unicode>
          </TextEquiv>
        </Word>
        <Word id="w95">
          <Coords points="223,1002 282,1002 282,1059 223,1059"/>
          <TextEquiv>
            <Unicode>بر</Unicode>
          </TextEquiv>
        </Word>
        <Word id="w96">
          <Coords points="107,976 231,976 231,1099 107,1099"/>
          <TextEquiv>
            <Unicode>هيم</Unicode>
          </TextEquiv>
        </Word>
        <TextEquiv>
          <Unicode> لا تنفعها شفا عة و لا هم ينصر و ن و ا ذ ا بتلى ا بر هيم</Unicode>
        </TextEquiv>
      </TextLine>
      <TextLine id="l5">
        <Coords points="107,1096 1651,1096 1651,1281 107,1281"/>
        <Word id="w97">
          <Coords points="1601,1172 1650,1172 1650,1224 1601,1224"/>
          <TextEquiv>
            <Unicode>ر</Unicode>
          </TextEquiv>
        </Word>
        <Word id="w98">
          <Coords points="1548,1158 1600,1158 1600,1233 1548,1233"/>
          <TextEquiv>
            <Unicode>به</Unicode>
          </TextEquiv>
        </Word>
        <Word id="w99">
          <Coords points="1418,1096 1548,1096 1548,1232 1418,1232"/>
          <TextEquiv>
            <Unicode>بكلما</Unicode>
          </TextEquiv>
        </Word>
        <Word id="w100">
          <Coords points="1290,1131 1400,1131 1400,1226 1290,1226"/>
          <TextEquiv>
            <Unicode>ت</Unicode>
          </TextEquiv>
        </Word>
        <Word id="w101">
          <Coords points="1244,1119 1285,1119 1285,1224 1244,1224"/>
          <TextEquiv>
            <Unicode>فا</Unicode>
          </TextEquiv>
        </Word>
        <Word id="w102">
          <Coords points="1076,1134 1230,1134 1230,1257 1076,1257"/>
          <TextEquiv>
            <Unicode>تمهن</Unicode>
          </TextEquiv>
        </Word>
        <Word id="w103">
          <Coords points="1014,1134 1048,1134 1048,1231 1014,1231"/>
          <TextEquiv>
            <Unicode>قا</Unicode>
          </TextEquiv>
        </Word>
        <Word id="w104">
          <Coords points="943,1134 992,1134 992,1253 943,1253"/>
          <TextEquiv>
            <Unicode>ل</Unicode>
          </TextEquiv>
        </Word>
        <Word id="w105">
          <Coords points="923,1134 936,1134 936,1232 923,1232"/>
          <TextEquiv>
            <Unicode>ا</Unicode>
          </TextEquiv>
        </Word>
        <Word id="w106">
          <Coords points="844,1140 916,1140 916,1265 844,1265"/>
          <TextEquiv>
            <Unicode>نى</Unicode>
          </TextEquiv>
        </Word>
        <Word id="w107">
          <Coords points="792,1130 850,1130 850,1265 792,1265"/>
          <TextEquiv>
            <Unicode>جا</Unicode>
          </TextEquiv>
        </Word>
        <Word id="w108">
          <Coords points="622,1146 774,1146 774,1254 622,1254"/>
          <TextEquiv>
            <Unicode>علك</Unicode>
          </TextEquiv>
        </Word>
        <Word id="w109">
          <Coords points="518,1155 613,1155 613,1253 518,1253"/>
          <TextEquiv>
            <Unicode>للنا</Unicode>
          </TextEquiv>
        </Word>
        <Word id="w110">
          <Coords points="425,1214 506,1214 506,1280 425,1280"/>
          <TextEquiv>
            <Unicode>س</Unicode>
          </TextEquiv>
        </Word>
        <Word id="w111">
          <Coords points="408,1158 422,1158 422,1239 408,1239"/>
          <TextEquiv>
            <Unicode>ا</Unicode>
          </TextEquiv>
        </Word>
        <Word id="w112">
          <Coords points="352,1157 399,1157 399,1255 352,1255"/>
          <TextEquiv>
            <Unicode>ما</Unicode>
          </TextEquiv>
        </Word>
        <Word id="w113">
          <Coords points="278,1155 332,1155 332,1255 278,1255"/>
          <TextEquiv>
            <Unicode>ما</Unicode>
          </TextEquiv>
        </Word>
        <Word id="w114">
          <Coords points="225,1167 257,1167 257,1257 225,1257"/>
          <TextEquiv>
            <Unicode>قا</Unicode>
          </TextEquiv>
        </Word>
        <Word id="w115">
          <Coords points="152,1161 203,1161 203,1279 152,1279"/>
          <TextEquiv>
            <Unicode>ل</Unicode>
          </TextEquiv>
        </Word>
        <Word id="w116">
          <Coords points="107,1206 152,1206 152,1266 107,1266"/>
          <TextEquiv>
            <Unicode>و</Unicode>
          </TextEquiv>
        </Word>
        <TextEquiv>
          <Unicode> ر به بكلما ت فا تمهن قا ل ا نى جا علك للنا س ا ما ما قا ل و</Unicode>
        </TextEquiv>
      </TextLine>
      <TextLine id="l6">
        <Coords points="111,1350 1663,1350 1663,1511 111,1511"/>
        <Word id="w117">
          <Coords points="1571,1393 1662,1393 1662,1461 1571,1461"/>
          <TextEquiv>
            <Unicode>من</Unicode>
          </TextEquiv>
        </Word>
        <Word id="w118">
          <Coords points="1528,1356 1568,1356 1568,1442 1528,1442"/>
          <TextEquiv>
            <Unicode>ذ</Unicode>
          </TextEquiv>
        </Word>
        <Word id="w119">
          <Coords points="1475,1405 1517,1405 1517,1452 1475,1452"/>
          <TextEquiv>
            <Unicode>ر</Unicode>
          </TextEquiv>
        </Word>
        <Word id="w120">
          <Coords points="1392,1356 1475,1356 1475,1473 1392,1473"/>
          <TextEquiv>
            <Unicode>يتي</Unicode>
          </TextEquiv>
        </Word>
        <Word id="w121">
          <Coords points="1352,1372 1385,1372 1385,1447 1352,1447"/>
          <TextEquiv>
            <Unicode>قا</Unicode>
          </TextEquiv>
        </Word>
        <Word id="w122">
          <Coords points="1280,1350 1330,1350 1330,1472 1280,1472"/>
          <TextEquiv>
            <Unicode>ل</Unicode>
          </TextEquiv>
        </Word>
        <Word id="w123">
          <Coords points="1220,1358 1277,1358 1277,1460 1220,1460"/>
          <TextEquiv>
            <Unicode>لا</Unicode>
          </TextEquiv>
        </Word>
        <Word id="w124">
          <Coords points="1146,1351 1221,1351 1221,1477 1146,1477"/>
          <TextEquiv>
            <Unicode>ين</Unicode>
          </TextEquiv>
        </Word>
        <Word id="w125">
          <Coords points="1072,1354 1123,1354 1123,1482 1072,1482"/>
          <TextEquiv>
            <Unicode>ل</Unicode>
          </TextEquiv>
        </Word>
        <Word id="w126">
          <Coords points="927,1399 1076,1399 1076,1481 927,1481"/>
          <TextEquiv>
            <Unicode>عهد</Unicode>
          </TextEquiv>
        </Word>
        <Word id="w127">
          <Coords points="841,1420 919,1420 919,1492 841,1492"/>
          <TextEquiv>
            <Unicode>ى</Unicode>
          </TextEquiv>
        </Word>
        <Word id="w128">
          <Coords points="839,1358 853,1358 853,1445 839,1445"/>
          <TextEquiv>
            <Unicode>ا</Unicode>
          </TextEquiv>
        </Word>
        <Word id="w129">
          <Coords points="732,1362 821,1362 821,1464 732,1464"/>
          <TextEquiv>
            <Unicode>لظا</Unicode>
          </TextEquiv>
        </Word>
        <Word id="w130">
          <Coords points="607,1372 724,1372 724,1487 607,1487"/>
          <TextEquiv>
            <Unicode>لمين</Unicode>
          </TextEquiv>
        </Word>
        <Word id="w131">
          <Coords points="485,1425 530,1425 530,1485 485,1485"/>
          <TextEquiv>
            <Unicode>و</Unicode>
          </TextEquiv>
        </Word>
        <Word id="w132">
          <Coords points="479,1365 491,1365 491,1448 479,1448"/>
          <TextEquiv>
            <Unicode>ا</Unicode>
          </TextEquiv>
        </Word>
        <Word id="w133">
          <Coords points="433,1422 473,1422 473,1472 433,1472"/>
          <TextEquiv>
            <Unicode>ذ</Unicode>
          </TextEquiv>
        </Word>
        <Word id="w134">
          <Coords points="274,1368 441,1368 441,1510 274,1510"/>
          <TextEquiv>
            <Unicode>جعلنا</Unicode>
          </TextEquiv>
        </Word>
        <Word id="w135">
          <Coords points="236,1373 265,1373 265,1472 236,1472"/>
          <TextEquiv>
            <Unicode>ا</Unicode>
          </TextEquiv>
        </Word>
        <Word id="w136">
          <Coords points="111,1384 226,1384 226,1510 111,1510"/>
          <TextEquiv>
            <Unicode>لبيت</Unicode>
          </TextEquiv>
        </Word>
        <TextEquiv>
          <Unicode> من ذ ر يتي قا ل لا ين ل عهد ى ا لظا لمين و ا ذ جعلنا ا لبيت</Unicode>
        </TextEquiv>
      </TextLine>
      <TextLine id="l7">
        <Coords points="126,1568 1675,1568 1675,1755 126,1755"/>
        <Word id="w137">
          <Coords points="1577,1568 1674,1568 1674,1677 1577,1677"/>
          <TextEquiv>
            <Unicode>مثا</Unicode>
          </TextEquiv>
        </Word>
        <Word id="w138">
          <Coords points="1496,1596 1548,1596 1548,1705 1496,1705"/>
          <TextEquiv>
            <Unicode>بة</Unicode>
          </TextEquiv>
        </Word>
        <Word id="w139">
          <Coords points="1356,1581 1471,1581 1471,1680 1356,1680"/>
          <TextEquiv>
            <Unicode>للنا</Unicode>
          </TextEquiv>
        </Word>
        <Word id="w140">
          <Coords points="1253,1644 1335,1644 1335,1704 1253,1704"/>
          <TextEquiv>
            <Unicode>س</Unicode>
          </TextEquiv>
        </Word>
        <Word id="w141">
          <Coords points="1196,1639 1249,1639 1249,1703 1196,1703"/>
          <TextEquiv>
            <Unicode>و</Unicode>
          </TextEquiv>
        </Word>
        <Word id="w142">
          <Coords points="1195,1582 1210,1582 1210,1682 1195,1682"/>
          <TextEquiv>
            <Unicode>ا</Unicode>
          </TextEquiv>
        </Word>
        <Word id="w143">
          <Coords points="1088,1577 1187,1577 1187,1683 1088,1683"/>
          <TextEquiv>
            <Unicode>منا</Unicode>
          </TextEquiv>
        </Word>
        <Word id="w144">
          <Coords points="1028,1647 1072,1647 1072,1704 1028,1704"/>
          <TextEquiv>
            <Unicode>و</Unicode>
          </TextEquiv>
        </Word>
        <Word id="w145">
          <Coords points="1013,1587 1027,1587 1027,1670 1013,1670"/>
          <TextEquiv>
            <Unicode>ا</Unicode>
          </TextEquiv>
        </Word>
        <Word id="w146">
          <Coords points="872,1616 1015,1616 1015,1693 872,1693"/>
          <TextEquiv>
            <Unicode>تخذ</Unicode>
          </TextEquiv>
        </Word>
        <Word id="w147">
          <Coords points="823,1649 864,1649 864,1708 823,1708"/>
          <TextEquiv>
            <Unicode>و</Unicode>
          </TextEquiv>
        </Word>
        <Word id="w148">
          <Coords points="813,1584 831,1584 831,1681 813,1681"/>
          <TextEquiv>
            <Unicode>ا</Unicode>
          </TextEquiv>
        </Word>
        <Word id="w149">
          <Coords points="702,1580 808,1580 808,1723 702,1723"/>
          <TextEquiv>
            <Unicode>من</Unicode>
          </TextEquiv>
        </Word>
        <Word id="w150">
          <Coords points="624,1573 721,1573 721,1723 624,1723"/>
          <TextEquiv>
            <Unicode>مقا</Unicode>
          </TextEquiv>
        </Word>
        <Word id="w151">
          <Coords points="578,1655 611,1655 611,1745 578,1745"/>
          <TextEquiv>
            <Unicode>م</Unicode>
          </TextEquiv>
        </Word>
        <Word id="w152">
          <Coords points="546,1595 558,1595 558,1683 546,1683"/>
          <TextEquiv>
            <Unicode>ا</Unicode>
          </TextEquiv>
        </Word>
        <Word id="w153">
          <Coords points="468,1656 526,1656 526,1711 468,1711"/>
          <TextEquiv>
            <Unicode>بر</Unicode>
          </TextEquiv>
        </Word>
        <Word id="w154">
          <Coords points="351,1631 476,1631 476,1754 351,1754"/>
          <TextEquiv>
            <Unicode>هيم</Unicode>
          </TextEquiv>
        </Word>
        <Word id="w155">
          <Coords points="170,1597 346,1597 346,1739 170,1739"/>
          <TextEquiv>
            <Unicode>مصلى</Unicode>
          </TextEquiv>
        </Word>
        <Word id="w156">
          <Coords points="126,1647 175,1647 175,1710 126,1710"/>
          <TextEquiv>
            <Unicode>و</Unicode>
          </TextEquiv>
        </Word>
        <TextEquiv>
          <Unicode> مثا بة للنا س و ا منا و ا تخذ و ا من مقا م ا بر هيم مصلى و</Unicode>
        </TextEquiv>
      </TextLine>
      <TextLine id="l8">
        <Coords points="123,1780 1683,1780 1683,1948 123,1948"/>
        <Word id="w157">
          <Coords points="1540,1826 1682,1826 1682,1902 1540,1902"/>
          <TextEquiv>
            <Unicode>عهد</Unicode>
          </TextEquiv>
        </Word>
        <Word id="w158">
          <Coords points="1502,1780 1531,1780 1531,1883 1502,1883"/>
          <TextEquiv>
            <Unicode>نا</Unicode>
          </TextEquiv>
        </Word>
        <Word id="w159">
          <Coords points="1461,1790 1479,1790 1479,1882 1461,1882"/>
          <TextEquiv>
            <Unicode>ا</Unicode>
          </TextEquiv>
        </Word>
        <Word id="w160">
          <Coords points="1384,1798 1453,1798 1453,1924 1384,1924"/>
          <TextEquiv>
            <Unicode>لى</Unicode>
          </TextEquiv>
        </Word>
        <Word id="w161">
          <Coords points="1363,1798 1383,1798 1383,1885 1363,1885"/>
          <TextEquiv>
            <Unicode>ا</Unicode>
          </TextEquiv>
        </Word>
        <Word id="w162">
          <Coords points="1290,1860 1356,1860 1356,1913 1290,1913"/>
          <TextEquiv>
            <Unicode>بر</Unicode>
          </TextEquiv>
        </Word>
        <Word id="w163">
          <Coords points="1165,1834 1303,1834 1303,1932 1165,1932"/>
          <TextEquiv>
            <Unicode>هيم</Unicode>
          </TextEquiv>
        </Word>
        <Word id="w164">
          <Coords points="1132,1856 1179,1856 1179,1914 1132,1914"/>
          <TextEquiv>
            <Unicode>و</Unicode>
          </TextEquiv>
        </Word>
        <Word id="w165">
          <Coords points="1120,1797 1136,1797 1136,1886 1120,1886"/>
          <TextEquiv>
            <Unicode>ا</Unicode>
          </TextEquiv>
        </Word>
        <Word id="w166">
          <Coords points="908,1811 1110,1811 1110,1947 908,1947"/>
          <TextEquiv>
            <Unicode>سمعيل</Unicode>
          </TextEquiv>
        </Word>
        <Word id="w167">
          <Coords points="901,1819 916,1819 916,1901 901,1901"/>
          <TextEquiv>
            <Unicode>ا</Unicode>
          </TextEquiv>
        </Word>
        <Word id="w168">
          <Coords points="829,1862 885,1862 885,1926 829,1926"/>
          <TextEquiv>
            <Unicode>ن</Unicode>
          </TextEquiv>
        </Word>
        <Word id="w169">
          <Coords points="640,1807 660,1807 660,1901 640,1901"/>
          <TextEquiv>
            <Unicode>ا</Unicode>
          </TextEquiv>
        </Word>
        <Word id="w170">
          <Coords points="640,1812 819,1812 819,1929 640,1929"/>
          <TextEquiv>
            <Unicode>طهر</Unicode>
          </TextEquiv>
        </Word>
        <Word id="w171">
          <Coords points="485,1816 618,1816 618,1946 485,1946"/>
          <TextEquiv>
            <Unicode>بيتي</Unicode>
          </TextEquiv>
        </Word>
        <Word id="w172">
          <Coords points="340,1820 471,1820 471,1924 340,1924"/>
          <TextEquiv>
            <Unicode>للطا</Unicode>
          </TextEquiv>
        </Word>
        <Word id="w173">
          <Coords points="183,1826 331,1826 331,1941 183,1941"/>
          <TextEquiv>
            <Unicode>ئفي</Unicode>
          </TextEquiv>
        </Word>
        <Word id="w174">
          <Coords points="123,1861 182,1861 182,1925 123,1925"/>
          <TextEquiv>
            <Unicode>و</Unicode>
          </TextEquiv>
        </Word>
        <TextEquiv>
          <Unicode> عهد نا ا لى ا بر هيم و ا سمعيل ا ن ا طهر بيتي للطا ئفي و</Unicode>
        </TextEquiv>
      </TextLine>
      <TextLine id="l9">
        <Coords points="133,1992 1696,1992 1696,2206 133,2206"/>
        <Word id="w175">
          <Coords points="1680,2018 1695,2018 1695,2103 1680,2103"/>
          <TextEquiv>
            <Unicode>ا</Unicode>
          </TextEquiv>
        </Word>
        <Word id="w176">
          <Coords points="1589,2020 1662,2020 1662,2117 1589,2117"/>
          <TextEquiv>
            <Unicode>لغا</Unicode>
          </TextEquiv>
        </Word>
        <Word id="w177">
          <Coords points="1304,2055 1589,2055 1589,2142 1304,2142"/>
          <TextEquiv>
            <Unicode>كفين</Unicode>
          </TextEquiv>
        </Word>
        <Word id="w178">
          <Coords points="1247,2085 1293,2085 1293,2137 1247,2137"/>
          <TextEquiv>
            <Unicode>و</Unicode>
          </TextEquiv>
        </Word>
        <Word id="w179">
          <Coords points="1238,2028 1250,2028 1250,2107 1238,2107"/>
          <TextEquiv>
            <Unicode>ا</Unicode>
          </TextEquiv>
        </Word>
        <Word id="w180">
          <Coords points="1162,2031 1218,2031 1218,2147 1162,2147"/>
          <TextEquiv>
            <Unicode>لر</Unicode>
          </TextEquiv>
        </Word>
        <Word id="w181">
          <Coords points="1096,1992 1230,1992 1230,2189 1096,2189"/>
          <TextEquiv>
            <Unicode>كع</Unicode>
          </TextEquiv>
        </Word>
        <Word id="w182">
          <Coords points="1074,2023 1094,2023 1094,2111 1074,2111"/>
          <TextEquiv>
            <Unicode>ا</Unicode>
          </TextEquiv>
        </Word>
        <Word id="w183">
          <Coords points="933,2025 1051,2025 1051,2160 933,2160"/>
          <TextEquiv>
            <Unicode>لسجو</Unicode>
          </TextEquiv>
        </Word>
        <Word id="w184">
          <Coords points="901,2056 945,2056 945,2136 901,2136"/>
          <TextEquiv>
            <Unicode>د</Unicode>
          </TextEquiv>
        </Word>
        <Word id="w185">
          <Coords points="778,2087 827,2087 827,2147 778,2147"/>
          <TextEquiv>
            <Unicode>و</Unicode>
          </TextEquiv>
        </Word>
        <Word id="w186">
          <Coords points="771,2029 789,2029 789,2125 771,2125"/>
          <TextEquiv>
            <Unicode>ا</Unicode>
          </TextEquiv>
        </Word>
        <Word id="w187">
          <Coords points="720,2044 763,2044 763,2141 720,2141"/>
          <TextEquiv>
            <Unicode>ذ</Unicode>
          </TextEquiv>
        </Word>
        <Word id="w188">
          <Coords points="674,2046 710,2046 710,2133 674,2133"/>
          <TextEquiv>
            <Unicode>قا</Unicode>
          </TextEquiv>
        </Word>
        <Word id="w189">
          <Coords points="607,2040 655,2040 655,2160 607,2160"/>
          <TextEquiv>
            <Unicode>ل</Unicode>
          </TextEquiv>
        </Word>
        <Word id="w190">
          <Coords points="592,2039 607,2039 607,2133 592,2133"/>
          <TextEquiv>
            <Unicode>ا</Unicode>
          </TextEquiv>
        </Word>
        <Word id="w191">
          <Coords points="518,2098 581,2098 581,2151 518,2151"/>
          <TextEquiv>
            <Unicode>بر</Unicode>
          </TextEquiv>
        </Word>
        <Word id="w192">
          <Coords points="419,2082 530,2082 530,2205 419,2205"/>
          <TextEquiv>
            <Unicode>هيم</Unicode>
          </TextEquiv>
        </Word>
        <Word id="w193">
          <Coords points="370,2096 422,2096 422,2153 370,2153"/>
          <TextEquiv>
            <Unicode>ر</Unicode>
          </TextEquiv>
        </Word>
        <Word id="w194">
          <Coords points="284,2031 301,2031 301,2114 284,2114"/>
          <TextEquiv>
            <Unicode>ا</Unicode>
          </TextEquiv>
        </Word>
        <Word id="w195">
          <Coords points="279,2096 389,2096 389,2139 279,2139"/>
          <TextEquiv>
            <Unicode>ب</Unicode>
          </TextEquiv>
        </Word>
        <Word id="w196">
          <Coords points="133,2034 284,2034 284,2156 133,2156"/>
          <TextEquiv>
            <Unicode>جعل</Unicode>
          </TextEquiv>
        </Word>
        <TextEquiv>
          <Unicode> ا لغا كفين و ا لر كع ا لسجو د و ا ذ قا ل ا بر هيم ر ا ب جعل</Unicode>
        </TextEquiv>
      </TextLine>
      <TextLine id="l10">
        <Coords points="158,2226 1701,2226 1701,2399 158,2399"/>
        <Word id="w197">
          <Coords points="1585,2230 1700,2230 1700,2346 1585,2346"/>
          <TextEquiv>
            <Unicode>هذ</Unicode>
          </TextEquiv>
        </Word>
        <Word id="w198">
          <Coords points="1569,2226 1583,2226 1583,2337 1569,2337"/>
          <TextEquiv>
            <Unicode>ا</Unicode>
          </TextEquiv>
        </Word>
        <Word id="w199">
          <Coords points="1462,2237 1542,2237 1542,2349 1462,2349"/>
          <TextEquiv>
            <Unicode>بلد</Unicode>
          </TextEquiv>
        </Word>
        <Word id="w200">
          <Coords points="1447,2242 1465,2242 1465,2338 1447,2338"/>
          <TextEquiv>
            <Unicode>ا</Unicode>
          </TextEquiv>
        </Word>
        <Word id="w201">
          <Coords points="1406,2247 1430,2247 1430,2338 1406,2338"/>
          <TextEquiv>
            <Unicode>ا</Unicode>
          </TextEquiv>
        </Word>
        <Word id="w202">
          <Coords points="1297,2237 1394,2237 1394,2344 1297,2344"/>
          <TextEquiv>
            <Unicode>منا</Unicode>
          </TextEquiv>
        </Word>
        <Word id="w203">
          <Coords points="1227,2243 1239,2243 1239,2336 1227,2336"/>
          <TextEquiv>
            <Unicode>ا</Unicode>
          </TextEquiv>
        </Word>
        <Word id="w204">
          <Coords points="1226,2304 1278,2304 1278,2361 1226,2361"/>
          <TextEquiv>
            <Unicode>و</Unicode>
          </TextEquiv>
        </Word>
        <Word id="w205">
          <Coords points="1174,2308 1211,2308 1211,2360 1174,2360"/>
          <TextEquiv>
            <Unicode>ر</Unicode>
          </TextEquiv>
        </Word>
        <Word id="w206">
          <Coords points="1098,2271 1182,2271 1182,2378 1098,2378"/>
          <TextEquiv>
            <Unicode>ز</Unicode>
          </TextEquiv>
        </Word>
        <Word id="w207">
          <Coords points="1051,2301 1116,2301 1116,2358 1051,2358"/>
          <TextEquiv>
            <Unicode>ق</Unicode>
          </TextEquiv>
        </Word>
        <Word id="w208">
          <Coords points="1026,2260 1039,2260 1039,2339 1026,2339"/>
          <TextEquiv>
            <Unicode>ا</Unicode>
          </TextEquiv>
        </Word>
        <Word id="w209">
          <Coords points="887,2253 1018,2253 1018,2353 887,2353"/>
          <TextEquiv>
            <Unicode>هله</Unicode>
          </TextEquiv>
        </Word>
        <Word id="w210">
          <Coords points="775,2312 874,2312 874,2378 775,2378"/>
          <TextEquiv>
            <Unicode>من</Unicode>
          </TextEquiv>
        </Word>
        <Word id="w211">
          <Coords points="757,2254 775,2254 775,2344 757,2344"/>
          <TextEquiv>
            <Unicode>ا</Unicode>
          </TextEquiv>
        </Word>
        <Word id="w212">
          <Coords points="642,2262 746,2262 746,2380 642,2380"/>
          <TextEquiv>
            <Unicode>لثمر</Unicode>
          </TextEquiv>
        </Word>
        <Word id="w213">
          <Coords points="545,2294 640,2294 640,2353 545,2353"/>
          <TextEquiv>
            <Unicode>ت</Unicode>
          </TextEquiv>
        </Word>
        <Word id="w214">
          <Coords points="446,2312 540,2312 540,2381 446,2381"/>
          <TextEquiv>
            <Unicode>من</Unicode>
          </TextEquiv>
        </Word>
        <Word id="w215">
          <Coords points="426,2265 444,2265 444,2357 426,2357"/>
          <TextEquiv>
            <Unicode>ا</Unicode>
          </TextEquiv>
        </Word>
        <Word id="w216">
          <Coords points="324,2320 420,2320 420,2389 324,2389"/>
          <TextEquiv>
            <Unicode>من</Unicode>
          </TextEquiv>
        </Word>
        <Word id="w217">
          <Coords points="158,2320 316,2320 316,2398 158,2398"/>
          <TextEquiv>
            <Unicode>منهم</Unicode>
          </TextEquiv>
        </Word>
        <TextEquiv>
          <Unicode> هذ ا بلد ا ا منا ا و ر ز ق ا هله من ا لثمر ت من ا من منهم</Unicode>
        </TextEquiv>
      </TextLine>
      <TextLine id="l11">
        <Coords points="162,2453 1717,2453 1717,2642 162,2642"/>
        <Word id="w218">
          <Coords points="1680,2453 1716,2453 1716,2581 1680,2581"/>
          <TextEquiv>
            <Unicode>با</Unicode>
          </TextEquiv>
        </Word>
        <Word id="w219">
          <Coords points="1599,2503 1664,2503 1664,2561 1599,2561"/>
          <TextEquiv>
            <Unicode>لله</Unicode>
          </TextEquiv>
        </Word>
        <Word id="w220">
          <Coords points="1523,2520 1578,2520 1578,2577 1523,2577"/>
          <TextEquiv>
            <Unicode>و</Unicode>
          </TextEquiv>
        </Word>
        <Word id="w221">
          <Coords points="1516,2454 1543,2454 1543,2557 1516,2557"/>
          <TextEquiv>
            <Unicode>ا</Unicode>
          </TextEquiv>
        </Word>
        <Word id="w222">
          <Coords points="1406,2463 1498,2463 1498,2583 1406,2583"/>
          <TextEquiv>
            <Unicode>ليو</Unicode>
          </TextEquiv>
        </Word>
        <Word id="w223">
          <Coords points="1378,2514 1415,2514 1415,2600 1378,2600"/>
          <TextEquiv>
            <Unicode>م</Unicode>
          </TextEquiv>
        </Word>
        <Word id="w224">
          <Coords points="1354,2467 1363,2467 1363,2546 1354,2546"/>
          <TextEquiv>
            <Unicode>ا</Unicode>
          </TextEquiv>
        </Word>
        <Word id="w225">
          <Coords points="1278,2472 1336,2472 1336,2563 1278,2563"/>
          <TextEquiv>
            <Unicode>لا</Unicode>
          </TextEquiv>
        </Word>
        <Word id="w226">
          <Coords points="1215,2498 1297,2498 1297,2587 1215,2587"/>
          <TextEquiv>
            <Unicode>خر</Unicode>
          </TextEquiv>
        </Word>
        <Word id="w227">
          <Coords points="1176,2482 1212,2482 1212,2568 1176,2568"/>
          <TextEquiv>
            <Unicode>قا</Unicode>
          </TextEquiv>
        </Word>
        <Word id="w228">
          <Coords points="1108,2472 1154,2472 1154,2590 1108,2590"/>
          <TextEquiv>
            <Unicode>ل</Unicode>
          </TextEquiv>
        </Word>
        <Word id="w229">
          <Coords points="1057,2529 1103,2529 1103,2582 1057,2582"/>
          <TextEquiv>
            <Unicode>و</Unicode>
          </TextEquiv>
        </Word>
        <Word id="w230">
          <Coords points="959,2499 1062,2499 1062,2604 959,2604"/>
          <TextEquiv>
            <Unicode>من</Unicode>
          </TextEquiv>
        </Word>
        <Word id="w231">
          <Coords points="737,2494 987,2494 987,2614 737,2614"/>
          <TextEquiv>
            <Unicode>كفر</Unicode>
          </TextEquiv>
        </Word>
        <Word id="w232">
          <Coords points="702,2482 732,2482 732,2580 702,2580"/>
          <TextEquiv>
            <Unicode>فا</Unicode>
          </TextEquiv>
        </Word>
        <Word id="w233">
          <Coords points="540,2506 690,2506 690,2580 540,2580"/>
          <TextEquiv>
            <Unicode>متعه</Unicode>
          </TextEquiv>
        </Word>
        <Word id="w234">
          <Coords points="422,2481 534,2481 534,2617 422,2617"/>
          <TextEquiv>
            <Unicode>قليلا</Unicode>
          </TextEquiv>
        </Word>
        <Word id="w235">
          <Coords points="353,2487 403,2487 403,2641 353,2641"/>
          <TextEquiv>
            <Unicode>ثم</Unicode>
          </TextEquiv>
        </Word>
        <Word id="w236">
          <Coords points="322,2477 341,2477 341,2572 322,2572"/>
          <TextEquiv>
            <Unicode>ا</Unicode>
          </TextEquiv>
        </Word>
        <Word id="w237">
          <Coords points="186,2476 325,2476 325,2587 186,2587"/>
          <TextEquiv>
            <Unicode>ضطر</Unicode>
          </TextEquiv>
        </Word>
        <Word id="w238">
          <Coords points="162,2528 196,2528 196,2560 162,2560"/>
          <TextEquiv>
            <Unicode>ه</Unicode>
          </TextEquiv>
        </Word>
        <TextEquiv>
          <Unicode> با لله و ا ليو م ا لا خر قا ل و من كفر فا متعه قليلا ثم ا ضطر ه</Unicode>
        </TextEquiv>
      </TextLine>
      <TextLine id="l12">
        <Coords points="176,2668 1732,2668 1732,2858 176,2858"/>
        <Word id="w239">
          <Coords points="1705,2675 1731,2675 1731,2765 1705,2765"/>
          <TextEquiv>
            <Unicode>ا</Unicode>
          </TextEquiv>
        </Word>
        <Word id="w240">
          <Coords points="1634,2677 1702,2677 1702,2802 1634,2802"/>
          <TextEquiv>
            <Unicode>لى</Unicode>
          </TextEquiv>
        </Word>
        <Word id="w241">
          <Coords points="1575,2675 1640,2675 1640,2780 1575,2780"/>
          <TextEquiv>
            <Unicode>عذ</Unicode>
          </TextEquiv>
        </Word>
        <Word id="w242">
          <Coords points="1554,2668 1573,2668 1573,2767 1554,2767"/>
          <TextEquiv>
            <Unicode>ا</Unicode>
          </TextEquiv>
        </Word>
        <Word id="w243">
          <Coords points="1458,2740 1549,2740 1549,2800 1458,2800"/>
          <TextEquiv>
            <Unicode>ب</Unicode>
          </TextEquiv>
        </Word>
        <Word id="w244">
          <Coords points="1430,2677 1455,2677 1455,2773 1430,2773"/>
          <TextEquiv>
            <Unicode>ا</Unicode>
          </TextEquiv>
        </Word>
        <Word id="w245">
          <Coords points="1358,2683 1420,2683 1420,2786 1358,2786"/>
          <TextEquiv>
            <Unicode>لنا</Unicode>
          </TextEquiv>
        </Word>
        <Word id="w246">
          <Coords points="1300,2744 1348,2744 1348,2794 1300,2794"/>
          <TextEquiv>
            <Unicode>ر</Unicode>
          </TextEquiv>
        </Word>
        <Word id="w247">
          <Coords points="1244,2739 1297,2739 1297,2799 1244,2799"/>
          <TextEquiv>
            <Unicode>و</Unicode>
          </TextEquiv>
        </Word>
        <Word id="w248">
          <Coords points="1119,2680 1239,2680 1239,2820 1119,2820"/>
          <TextEquiv>
            <Unicode>بئس</Unicode>
          </TextEquiv>
        </Word>
        <Word id="w249">
          <Coords points="1119,2682 1140,2682 1140,2767 1119,2767"/>
          <TextEquiv>
            <Unicode>ا</Unicode>
          </TextEquiv>
        </Word>
        <Word id="w250">
          <Coords points="937,2688 1116,2688 1116,2811 937,2811"/>
          <TextEquiv>
            <Unicode>لمصير</Unicode>
          </TextEquiv>
        </Word>
        <Word id="w251">
          <Coords points="831,2748 882,2748 882,2805 831,2805"/>
          <TextEquiv>
            <Unicode>و</Unicode>
          </TextEquiv>
        </Word>
        <Word id="w252">
          <Coords points="827,2691 842,2691 842,2782 827,2782"/>
          <TextEquiv>
            <Unicode>ا</Unicode>
          </TextEquiv>
        </Word>
        <Word id="w253">
          <Coords points="781,2716 819,2716 819,2792 781,2792"/>
          <TextEquiv>
            <Unicode>ذ</Unicode>
          </TextEquiv>
        </Word>
        <Word id="w254">
          <Coords points="706,2752 762,2752 762,2808 706,2808"/>
          <TextEquiv>
            <Unicode>ير</Unicode>
          </TextEquiv>
        </Word>
        <Word id="w255">
          <Coords points="642,2692 725,2692 725,2852 642,2852"/>
          <TextEquiv>
            <Unicode>فع</Unicode>
          </TextEquiv>
        </Word>
        <Word id="w256">
          <Coords points="617,2694 631,2694 631,2792 617,2792"/>
          <TextEquiv>
            <Unicode>ا</Unicode>
          </TextEquiv>
        </Word>
        <Word id="w257">
          <Coords points="532,2757 595,2757 595,2808 532,2808"/>
          <TextEquiv>
            <Unicode>بر</Unicode>
          </TextEquiv>
        </Word>
        <Word id="w258">
          <Coords points="421,2735 542,2735 542,2857 421,2857"/>
          <TextEquiv>
            <Unicode>هيم</Unicode>
          </TextEquiv>
        </Word>
        <Word id="w259">
          <Coords points="395,2698 414,2698 414,2788 395,2788"/>
          <TextEquiv>
            <Unicode>ا</Unicode>
          </TextEquiv>
        </Word>
        <Word id="w260">
          <Coords points="276,2693 293,2693 293,2791 276,2791"/>
          <TextEquiv>
            <Unicode>ا</Unicode>
          </TextEquiv>
        </Word>
        <Word id="w261">
          <Coords points="276,2702 376,2702 376,2822 276,2822"/>
          <TextEquiv>
            <Unicode>لقو</Unicode>
          </TextEquiv>
        </Word>
        <Word id="w262">
          <Coords points="176,2728 261,2728 261,2789 176,2789"/>
          <TextEquiv>
            <Unicode>عد</Unicode>
          </TextEquiv>
        </Word>
        <TextEquiv>
          <Unicode> ا لى عذ ا ب ا لنا ر و بئس ا لمصير و ا ذ ير فع ا بر هيم ا ا لقو عد</Unicode>
        </TextEquiv>
      </TextLine>
      <TextLine id="l13">
        <Coords points="206,2895 1746,2895 1746,3089 206,3089"/>
        <Word id="w263">
          <Coords points="1648,2895 1666,2895 1666,2992 1648,2992"/>
          <TextEquiv>
            <Unicode>ا</Unicode>
          </TextEquiv>
        </Word>
        <Word id="w264">
          <Coords points="1522,2943 1745,2943 1745,3050 1522,3050"/>
          <TextEquiv>
            <Unicode>من</Unicode>
          </TextEquiv>
        </Word>
        <Word id="w265">
          <Coords points="1459,2906 1634,2906 1634,3004 1459,3004"/>
          <TextEquiv>
            <Unicode>لبيت</Unicode>
          </TextEquiv>
        </Word>
        <Word id="w266">
          <Coords points="1397,2902 1417,2902 1417,2995 1397,2995"/>
          <TextEquiv>
            <Unicode>ا</Unicode>
          </TextEquiv>
        </Word>
        <Word id="w267">
          <Coords points="1363,2963 1449,2963 1449,3047 1363,3047"/>
          <TextEquiv>
            <Unicode>و</Unicode>
          </TextEquiv>
        </Word>
        <Word id="w268">
          <Coords points="1198,2908 1387,2908 1387,3037 1198,3037"/>
          <TextEquiv>
            <Unicode>سمعيل</Unicode>
          </TextEquiv>
        </Word>
        <Word id="w269">
          <Coords points="1157,2973 1193,2973 1193,3023 1157,3023"/>
          <TextEquiv>
            <Unicode>ر</Unicode>
          </TextEquiv>
        </Word>
        <Word id="w270">
          <Coords points="1083,2907 1159,2907 1159,3007 1083,3007"/>
          <TextEquiv>
            <Unicode>بنا</Unicode>
          </TextEquiv>
        </Word>
        <Word id="w271">
          <Coords points="916,2919 1068,2919 1068,3044 916,3044"/>
          <TextEquiv>
            <Unicode>تقبل</Unicode>
          </TextEquiv>
        </Word>
        <Word id="w272">
          <Coords points="819,2918 914,2918 914,3024 819,3024"/>
          <TextEquiv>
            <Unicode>منا</Unicode>
          </TextEquiv>
        </Word>
        <Word id="w273">
          <Coords points="777,2929 796,2929 796,3022 777,3022"/>
          <TextEquiv>
            <Unicode>ا</Unicode>
          </TextEquiv>
        </Word>
        <Word id="w274">
          <Coords points="662,2923 761,2923 761,3028 662,3028"/>
          <TextEquiv>
            <Unicode>نك</Unicode>
          </TextEquiv>
        </Word>
        <Word id="w275">
          <Coords points="640,2931 661,2931 661,3019 640,3019"/>
          <TextEquiv>
            <Unicode>ا</Unicode>
          </TextEquiv>
        </Word>
        <Word id="w276">
          <Coords points="523,2928 550,2928 550,3008 523,3008"/>
          <TextEquiv>
            <Unicode>ا</Unicode>
          </TextEquiv>
        </Word>
        <Word id="w277">
          <Coords points="366,2933 510,2933 510,3088 366,3088"/>
          <TextEquiv>
            <Unicode>لسميع </Unicode>
          </TextEquiv>
        </Word>
        <Word id="w278">
          <Coords points="353,2929 376,2929 376,3020 353,3020"/>
          <TextEquiv>
            <Unicode>ا</Unicode>
          </TextEquiv>
        </Word>
        <Word id="w279">
          <Coords points="206,2937 343,2937 343,3079 206,3079"/>
          <TextEquiv>
            <Unicode>لعليم</Unicode>
          </TextEquiv>
        </Word>
        <TextEquiv>
          <Unicode> ا من لبيت ا و سمعيل ر بنا تقبل منا ا نك ا ا لسميع  ا لعليم</Unicode>
        </TextEquiv>
      </TextLine>
    </TextRegion>
  </Page>
</PcGts>
