<?xml version='1.0' encoding='utf-8'?>
<PcGts xmlns:xsi="http://www.w3.org/2001/XMLSchema-instance" xmlns="http://schema.primaresearch.org/PAGE/gts/pagecontent/2019-07-15" xsi:schemaLocation="http://schema.primaresearch.org/PAGE/gts/pagecontent/2019-07-15 http://schema.primaresearch.org/PAGE/gts/pagecontent/2019-07-15/pagecontent.xsd" pcGtsId="pc-aletheiaexamplepage">
  <Metadata>
    <Creator>PRImA Research Lab</Creator>
    <Created>2015-07-17T15:27:13</Created>
    <LastChange>2017-07-14T10:03:33</LastChange>
    <Comments>Example Page</Comments>
  </Metadata>
  <Page imageFilename="3249138/0016-2.png" imageWidth="1657" imageHeight="3217">
    <TextRegion id="r0" type="paragraph">
      <Coords points="1,1 1655,1 1655,3215 1,3215"/>
      <TextLine id="l0">
        <Coords points="38,92 1596,92 1596,239 38,239"/>
        <Word id="w0">
          <Coords points="1498,164 1595,164 1595,233 1498,233"/>
          <TextEquiv>
            <Unicode>من</Unicode>
          </TextEquiv>
        </Word>
        <Word id="w1">
          <Coords points="1481,98 1496,98 1496,194 1481,194"/>
          <TextEquiv>
            <Unicode>ا</Unicode>
          </TextEquiv>
        </Word>
        <Word id="w2">
          <Coords points="1415,108 1466,108 1466,198 1415,198"/>
          <TextEquiv>
            <Unicode>لا</Unicode>
          </TextEquiv>
        </Word>
        <Word id="w3">
          <Coords points="1318,99 1332,99 1332,191 1318,191"/>
          <TextEquiv>
            <Unicode>ا</Unicode>
          </TextEquiv>
        </Word>
        <Word id="w4">
          <Coords points="1316,161 1407,161 1407,219 1316,219"/>
          <TextEquiv>
            <Unicode>مو</Unicode>
          </TextEquiv>
        </Word>
        <Word id="w5">
          <Coords points="1250,101 1299,101 1299,213 1250,213"/>
          <TextEquiv>
            <Unicode>ل</Unicode>
          </TextEquiv>
        </Word>
        <Word id="w6">
          <Coords points="1195,101 1204,101 1204,179 1195,179"/>
          <TextEquiv>
            <Unicode>ا</Unicode>
          </TextEquiv>
        </Word>
        <Word id="w7">
          <Coords points="1194,153 1247,153 1247,209 1194,209"/>
          <TextEquiv>
            <Unicode>و</Unicode>
          </TextEquiv>
        </Word>
        <Word id="w8">
          <Coords points="1121,101 1178,101 1178,194 1121,194"/>
          <TextEquiv>
            <Unicode>لا</Unicode>
          </TextEquiv>
        </Word>
        <Word id="w9">
          <Coords points="978,120 1111,120 1111,232 978,232"/>
          <TextEquiv>
            <Unicode>نفس</Unicode>
          </TextEquiv>
        </Word>
        <Word id="w10">
          <Coords points="925,158 977,158 977,216 925,216"/>
          <TextEquiv>
            <Unicode>و</Unicode>
          </TextEquiv>
        </Word>
        <Word id="w11">
          <Coords points="924,100 940,100 940,189 924,189"/>
          <TextEquiv>
            <Unicode>ا</Unicode>
          </TextEquiv>
        </Word>
        <Word id="w12">
          <Coords points="784,92 800,92 800,187 784,187"/>
          <TextEquiv>
            <Unicode>ا</Unicode>
          </TextEquiv>
        </Word>
        <Word id="w13">
          <Coords points="770,104 906,104 906,219 770,219"/>
          <TextEquiv>
            <Unicode>لثمر</Unicode>
          </TextEquiv>
        </Word>
        <Word id="w14">
          <Coords points="666,134 776,134 776,198 666,198"/>
          <TextEquiv>
            <Unicode>ت</Unicode>
          </TextEquiv>
        </Word>
        <Word id="w15">
          <Coords points="604,156 655,156 655,212 604,212"/>
          <TextEquiv>
            <Unicode>و</Unicode>
          </TextEquiv>
        </Word>
        <Word id="w16">
          <Coords points="500,98 519,98 519,190 500,190"/>
          <TextEquiv>
            <Unicode>ا</Unicode>
          </TextEquiv>
        </Word>
        <Word id="w17">
          <Coords points="489,120 614,120 614,229 489,229"/>
          <TextEquiv>
            <Unicode>بشر</Unicode>
          </TextEquiv>
        </Word>
        <Word id="w18">
          <Coords points="394,104 485,104 485,205 394,205"/>
          <TextEquiv>
            <Unicode>لصا</Unicode>
          </TextEquiv>
        </Word>
        <Word id="w19">
          <Coords points="321,165 387,165 387,224 321,224"/>
          <TextEquiv>
            <Unicode>بر</Unicode>
          </TextEquiv>
        </Word>
        <Word id="w20">
          <Coords points="260,127 330,127 330,225 260,225"/>
          <TextEquiv>
            <Unicode>ين</Unicode>
          </TextEquiv>
        </Word>
        <Word id="w21">
          <Coords points="173,99 191,99 191,198 173,198"/>
          <TextEquiv>
            <Unicode>ا</Unicode>
          </TextEquiv>
        </Word>
        <Word id="w22">
          <Coords points="100,114 160,114 160,219 100,219"/>
          <TextEquiv>
            <Unicode>لذ</Unicode>
          </TextEquiv>
        </Word>
        <Word id="w23">
          <Coords points="38,154 117,154 117,238 38,238"/>
          <TextEquiv>
            <Unicode>ين</Unicode>
          </TextEquiv>
        </Word>
        <TextEquiv>
          <Unicode> من ا لا ا مو ل ا و لا نفس و ا ا لثمر ت و ا بشر لصا بر ين ا لذ ين</Unicode>
        </TextEquiv>
      </TextLine>
      <TextLine id="l1">
        <Coords points="98,317 1606,317 1606,492 98,492"/>
        <Word id="w24">
          <Coords points="1585,321 1605,321 1605,420 1585,420"/>
          <TextEquiv>
            <Unicode>ا</Unicode>
          </TextEquiv>
        </Word>
        <Word id="w25">
          <Coords points="1540,335 1577,335 1577,422 1540,422"/>
          <TextEquiv>
            <Unicode>ذ</Unicode>
          </TextEquiv>
        </Word>
        <Word id="w26">
          <Coords points="1518,322 1536,322 1536,413 1518,413"/>
          <TextEquiv>
            <Unicode>ا</Unicode>
          </TextEquiv>
        </Word>
        <Word id="w27">
          <Coords points="1488,317 1505,317 1505,420 1488,420"/>
          <TextEquiv>
            <Unicode>ا</Unicode>
          </TextEquiv>
        </Word>
        <Word id="w28">
          <Coords points="1423,327 1489,327 1489,420 1423,420"/>
          <TextEquiv>
            <Unicode>صا</Unicode>
          </TextEquiv>
        </Word>
        <Word id="w29">
          <Coords points="1289,337 1405,337 1405,491 1289,491"/>
          <TextEquiv>
            <Unicode>بتهم</Unicode>
          </TextEquiv>
        </Word>
        <Word id="w30">
          <Coords points="1063,362 1287,362 1287,444 1063,444"/>
          <TextEquiv>
            <Unicode>مصيبة</Unicode>
          </TextEquiv>
        </Word>
        <Word id="w31">
          <Coords points="1003,334 1039,334 1039,423 1003,423"/>
          <TextEquiv>
            <Unicode>فا</Unicode>
          </TextEquiv>
        </Word>
        <Word id="w32">
          <Coords points="920,322 984,322 984,445 920,445"/>
          <TextEquiv>
            <Unicode>لو</Unicode>
          </TextEquiv>
        </Word>
        <Word id="w33">
          <Coords points="918,318 938,318 938,417 918,417"/>
          <TextEquiv>
            <Unicode>ا</Unicode>
          </TextEquiv>
        </Word>
        <Word id="w34">
          <Coords points="891,328 904,328 904,417 891,417"/>
          <TextEquiv>
            <Unicode>ا</Unicode>
          </TextEquiv>
        </Word>
        <Word id="w35">
          <Coords points="841,325 871,325 871,423 841,423"/>
          <TextEquiv>
            <Unicode>نا</Unicode>
          </TextEquiv>
        </Word>
        <Word id="w36">
          <Coords points="748,363 815,363 815,419 748,419"/>
          <TextEquiv>
            <Unicode>لله</Unicode>
          </TextEquiv>
        </Word>
        <Word id="w37">
          <Coords points="684,380 733,380 733,437 684,437"/>
          <TextEquiv>
            <Unicode>و</Unicode>
          </TextEquiv>
        </Word>
        <Word id="w38">
          <Coords points="669,318 687,318 687,415 669,415"/>
          <TextEquiv>
            <Unicode>ا</Unicode>
          </TextEquiv>
        </Word>
        <Word id="w39">
          <Coords points="617,325 647,325 647,424 617,424"/>
          <TextEquiv>
            <Unicode>نا</Unicode>
          </TextEquiv>
        </Word>
        <Word id="w40">
          <Coords points="581,326 604,326 604,422 581,422"/>
          <TextEquiv>
            <Unicode>ا</Unicode>
          </TextEquiv>
        </Word>
        <Word id="w41">
          <Coords points="458,331 564,331 564,460 458,460"/>
          <TextEquiv>
            <Unicode>ليه</Unicode>
          </TextEquiv>
        </Word>
        <Word id="w42">
          <Coords points="392,388 436,388 436,440 392,440"/>
          <TextEquiv>
            <Unicode>ر</Unicode>
          </TextEquiv>
        </Word>
        <Word id="w43">
          <Coords points="385,327 402,327 402,416 385,416"/>
          <TextEquiv>
            <Unicode>ا</Unicode>
          </TextEquiv>
        </Word>
        <Word id="w44">
          <Coords points="224,384 376,384 376,444 224,444"/>
          <TextEquiv>
            <Unicode>جعو</Unicode>
          </TextEquiv>
        </Word>
        <Word id="w45">
          <Coords points="98,325 238,325 238,436 98,436"/>
          <TextEquiv>
            <Unicode>ن</Unicode>
          </TextEquiv>
        </Word>
        <TextEquiv>
          <Unicode> ا ذ ا ا صا بتهم مصيبة فا لو ا ا نا لله و ا نا ا ليه ر ا جعو ن</Unicode>
        </TextEquiv>
      </TextLine>
      <TextLine id="l2">
        <Coords points="54,537 1608,537 1608,709 54,709"/>
        <Word id="w46">
          <Coords points="1589,542 1607,542 1607,647 1589,647"/>
          <TextEquiv>
            <Unicode>ا</Unicode>
          </TextEquiv>
        </Word>
        <Word id="w47">
          <Coords points="1529,608 1579,608 1579,663 1529,663"/>
          <TextEquiv>
            <Unicode>و</Unicode>
          </TextEquiv>
        </Word>
        <Word id="w48">
          <Coords points="1393,540 1535,540 1535,646 1393,646"/>
          <TextEquiv>
            <Unicode>لئك</Unicode>
          </TextEquiv>
        </Word>
        <Word id="w49">
          <Coords points="1165,542 1381,542 1381,655 1165,655"/>
          <TextEquiv>
            <Unicode>علي</Unicode>
          </TextEquiv>
        </Word>
        <Word id="w50">
          <Coords points="1065,537 1198,537 1198,670 1065,670"/>
          <TextEquiv>
            <Unicode>صلو</Unicode>
          </TextEquiv>
        </Word>
        <Word id="w51">
          <Coords points="1057,540 1087,540 1087,640 1057,640"/>
          <TextEquiv>
            <Unicode>ا</Unicode>
          </TextEquiv>
        </Word>
        <Word id="w52">
          <Coords points="937,604 1055,604 1055,646 937,646"/>
          <TextEquiv>
            <Unicode>ت</Unicode>
          </TextEquiv>
        </Word>
        <Word id="w53">
          <Coords points="842,598 936,598 936,668 842,668"/>
          <TextEquiv>
            <Unicode>من</Unicode>
          </TextEquiv>
        </Word>
        <Word id="w54">
          <Coords points="784,601 841,601 841,653 784,653"/>
          <TextEquiv>
            <Unicode>ر</Unicode>
          </TextEquiv>
        </Word>
        <Word id="w55">
          <Coords points="701,598 798,598 798,708 701,708"/>
          <TextEquiv>
            <Unicode>بهم</Unicode>
          </TextEquiv>
        </Word>
        <Word id="w56">
          <Coords points="639,611 697,611 697,669 639,669"/>
          <TextEquiv>
            <Unicode>و</Unicode>
          </TextEquiv>
        </Word>
        <Word id="w57">
          <Coords points="598,612 641,612 641,665 598,665"/>
          <TextEquiv>
            <Unicode>ر</Unicode>
          </TextEquiv>
        </Word>
        <Word id="w58">
          <Coords points="424,559 622,559 622,657 424,657"/>
          <TextEquiv>
            <Unicode>حمته</Unicode>
          </TextEquiv>
        </Word>
        <Word id="w59">
          <Coords points="342,614 400,614 400,673 342,673"/>
          <TextEquiv>
            <Unicode>و</Unicode>
          </TextEquiv>
        </Word>
        <Word id="w60">
          <Coords points="339,546 356,546 356,642 339,642"/>
          <TextEquiv>
            <Unicode>ا</Unicode>
          </TextEquiv>
        </Word>
        <Word id="w61">
          <Coords points="283,621 330,621 330,675 283,675"/>
          <TextEquiv>
            <Unicode>و</Unicode>
          </TextEquiv>
        </Word>
        <Word id="w62">
          <Coords points="151,552 289,552 289,660 151,660"/>
          <TextEquiv>
            <Unicode>لئك</Unicode>
          </TextEquiv>
        </Word>
        <Word id="w63">
          <Coords points="54,581 156,581 156,690 54,690"/>
          <TextEquiv>
            <Unicode>هم</Unicode>
          </TextEquiv>
        </Word>
        <TextEquiv>
          <Unicode> ا و لئك علي صلو ا ت من ر بهم و ر حمته و ا و لئك هم</Unicode>
        </TextEquiv>
      </TextLine>
      <TextLine id="l3">
        <Coords points="37,741 1612,741 1612,945 37,945"/>
        <Word id="w64">
          <Coords points="1588,761 1611,761 1611,859 1588,859"/>
          <TextEquiv>
            <Unicode>ا</Unicode>
          </TextEquiv>
        </Word>
        <Word id="w65">
          <Coords points="1435,761 1584,761 1584,881 1435,881"/>
          <TextEquiv>
            <Unicode>لمهتد</Unicode>
          </TextEquiv>
        </Word>
        <Word id="w66">
          <Coords points="1384,741 1437,741 1437,881 1384,881"/>
          <TextEquiv>
            <Unicode>و</Unicode>
          </TextEquiv>
        </Word>
        <Word id="w67">
          <Coords points="1334,803 1390,803 1390,863 1334,863"/>
          <TextEquiv>
            <Unicode>ن</Unicode>
          </TextEquiv>
        </Word>
        <Word id="w68">
          <Coords points="1246,758 1264,758 1264,846 1246,846"/>
          <TextEquiv>
            <Unicode>ا</Unicode>
          </TextEquiv>
        </Word>
        <Word id="w69">
          <Coords points="1186,810 1239,810 1239,873 1186,873"/>
          <TextEquiv>
            <Unicode>ن</Unicode>
          </TextEquiv>
        </Word>
        <Word id="w70">
          <Coords points="1163,762 1178,762 1178,849 1163,849"/>
          <TextEquiv>
            <Unicode>ا</Unicode>
          </TextEquiv>
        </Word>
        <Word id="w71">
          <Coords points="1010,758 1150,758 1150,863 1010,863"/>
          <TextEquiv>
            <Unicode>لصفا</Unicode>
          </TextEquiv>
        </Word>
        <Word id="w72">
          <Coords points="938,823 990,823 990,877 938,877"/>
          <TextEquiv>
            <Unicode>و</Unicode>
          </TextEquiv>
        </Word>
        <Word id="w73">
          <Coords points="935,762 945,762 945,851 935,851"/>
          <TextEquiv>
            <Unicode>ا</Unicode>
          </TextEquiv>
        </Word>
        <Word id="w74">
          <Coords points="846,762 924,762 924,884 846,884"/>
          <TextEquiv>
            <Unicode>لمر</Unicode>
          </TextEquiv>
        </Word>
        <Word id="w75">
          <Coords points="780,780 811,780 811,835 780,835"/>
          <TextEquiv>
            <Unicode>ة</Unicode>
          </TextEquiv>
        </Word>
        <Word id="w76">
          <Coords points="774,812 848,812 848,891 774,891"/>
          <TextEquiv>
            <Unicode>و</Unicode>
          </TextEquiv>
        </Word>
        <Word id="w77">
          <Coords points="546,773 679,773 679,872 546,872"/>
          <TextEquiv>
            <Unicode>شا</Unicode>
          </TextEquiv>
        </Word>
        <Word id="w78">
          <Coords points="541,834 757,834 757,918 541,918"/>
          <TextEquiv>
            <Unicode>من</Unicode>
          </TextEquiv>
        </Word>
        <Word id="w79">
          <Coords points="470,772 493,772 493,855 470,855"/>
          <TextEquiv>
            <Unicode>ا</Unicode>
          </TextEquiv>
        </Word>
        <Word id="w80">
          <Coords points="470,796 531,796 531,902 470,902"/>
          <TextEquiv>
            <Unicode>ئر</Unicode>
          </TextEquiv>
        </Word>
        <Word id="w81">
          <Coords points="396,822 469,822 469,879 396,879"/>
          <TextEquiv>
            <Unicode>لله</Unicode>
          </TextEquiv>
        </Word>
        <Word id="w82">
          <Coords points="290,807 394,807 394,907 290,907"/>
          <TextEquiv>
            <Unicode>فم</Unicode>
          </TextEquiv>
        </Word>
        <Word id="w83">
          <Coords points="219,810 310,810 310,944 219,944"/>
          <TextEquiv>
            <Unicode>حج</Unicode>
          </TextEquiv>
        </Word>
        <Word id="w84">
          <Coords points="187,763 211,763 211,863 187,863"/>
          <TextEquiv>
            <Unicode>ا</Unicode>
          </TextEquiv>
        </Word>
        <Word id="w85">
          <Coords points="37,770 174,770 174,889 37,889"/>
          <TextEquiv>
            <Unicode>لبيت</Unicode>
          </TextEquiv>
        </Word>
        <TextEquiv>
          <Unicode> ا لمهتد و ن ا ن ا لصفا و ا لمر ة و شا من ا ئر لله فم حج ا لبيت</Unicode>
        </TextEquiv>
      </TextLine>
      <TextLine id="l4">
        <Coords points="48,979 1608,979 1608,1158 48,1158"/>
        <Word id="w86">
          <Coords points="1587,985 1607,985 1607,1094 1587,1094"/>
          <TextEquiv>
            <Unicode>ا</Unicode>
          </TextEquiv>
        </Word>
        <Word id="w87">
          <Coords points="1521,979 1540,979 1540,1078 1521,1078"/>
          <TextEquiv>
            <Unicode>ا</Unicode>
          </TextEquiv>
        </Word>
        <Word id="w88">
          <Coords points="1520,1053 1574,1053 1574,1104 1520,1104"/>
          <TextEquiv>
            <Unicode>و</Unicode>
          </TextEquiv>
        </Word>
        <Word id="w89">
          <Coords points="1348,1010 1520,1010 1520,1117 1348,1117"/>
          <TextEquiv>
            <Unicode>عتم</Unicode>
          </TextEquiv>
        </Word>
        <Word id="w90">
          <Coords points="1252,992 1352,992 1352,1094 1252,1094"/>
          <TextEquiv>
            <Unicode>فلا</Unicode>
          </TextEquiv>
        </Word>
        <Word id="w91">
          <Coords points="1159,988 1265,988 1265,1096 1159,1096"/>
          <TextEquiv>
            <Unicode>جنا</Unicode>
          </TextEquiv>
        </Word>
        <Word id="w92">
          <Coords points="1090,1050 1166,1050 1166,1145 1090,1145"/>
          <TextEquiv>
            <Unicode>ح</Unicode>
          </TextEquiv>
        </Word>
        <Word id="w93">
          <Coords points="929,991 1079,991 1079,1123 929,1123"/>
          <TextEquiv>
            <Unicode>عليه</Unicode>
          </TextEquiv>
        </Word>
        <Word id="w94">
          <Coords points="896,988 917,988 917,1083 896,1083"/>
          <TextEquiv>
            <Unicode>ا</Unicode>
          </TextEquiv>
        </Word>
        <Word id="w95">
          <Coords points="832,1048 888,1048 888,1112 832,1112"/>
          <TextEquiv>
            <Unicode>ن</Unicode>
          </TextEquiv>
        </Word>
        <Word id="w96">
          <Coords points="702,986 826,986 826,1120 702,1120"/>
          <TextEquiv>
            <Unicode>يطو</Unicode>
          </TextEquiv>
        </Word>
        <Word id="w97">
          <Coords points="616,1047 721,1047 721,1100 616,1100"/>
          <TextEquiv>
            <Unicode>ف</Unicode>
          </TextEquiv>
        </Word>
        <Word id="w98">
          <Coords points="470,989 607,989 607,1109 470,1109"/>
          <TextEquiv>
            <Unicode>بهما</Unicode>
          </TextEquiv>
        </Word>
        <Word id="w99">
          <Coords points="397,1061 452,1061 452,1115 397,1115"/>
          <TextEquiv>
            <Unicode>و</Unicode>
          </TextEquiv>
        </Word>
        <Word id="w100">
          <Coords points="322,991 416,991 416,1124 322,1124"/>
          <TextEquiv>
            <Unicode>من</Unicode>
          </TextEquiv>
        </Word>
        <Word id="w101">
          <Coords points="218,986 337,986 337,1117 218,1117"/>
          <TextEquiv>
            <Unicode>تطو</Unicode>
          </TextEquiv>
        </Word>
        <Word id="w102">
          <Coords points="170,1046 266,1046 266,1157 170,1157"/>
          <TextEquiv>
            <Unicode>ع</Unicode>
          </TextEquiv>
        </Word>
        <Word id="w103">
          <Coords points="52,1022 166,1022 166,1128 52,1128"/>
          <TextEquiv>
            <Unicode>خير</Unicode>
          </TextEquiv>
        </Word>
        <Word id="w104">
          <Coords points="48,987 71,987 71,1098 48,1098"/>
          <TextEquiv>
            <Unicode>ا</Unicode>
          </TextEquiv>
        </Word>
        <TextEquiv>
          <Unicode> ا ا و عتم فلا جنا ح عليه ا ن يطو ف بهما و من تطو ع خير ا</Unicode>
        </TextEquiv>
      </TextLine>
      <TextLine id="l5">
        <Coords points="43,1159 1604,1159 1604,1361 43,1361"/>
        <Word id="w105">
          <Coords points="1566,1209 1603,1209 1603,1313 1566,1313"/>
          <TextEquiv>
            <Unicode>فا</Unicode>
          </TextEquiv>
        </Word>
        <Word id="w106">
          <Coords points="1494,1264 1552,1264 1552,1326 1494,1326"/>
          <TextEquiv>
            <Unicode>ن</Unicode>
          </TextEquiv>
        </Word>
        <Word id="w107">
          <Coords points="1472,1203 1492,1203 1492,1309 1472,1309"/>
          <TextEquiv>
            <Unicode>ا</Unicode>
          </TextEquiv>
        </Word>
        <Word id="w108">
          <Coords points="1397,1256 1464,1256 1464,1311 1397,1311"/>
          <TextEquiv>
            <Unicode>لله</Unicode>
          </TextEquiv>
        </Word>
        <Word id="w109">
          <Coords points="1308,1202 1380,1202 1380,1306 1308,1306"/>
          <TextEquiv>
            <Unicode>شا</Unicode>
          </TextEquiv>
        </Word>
        <Word id="w110">
          <Coords points="1095,1236 1306,1236 1306,1330 1095,1330"/>
          <TextEquiv>
            <Unicode>كر</Unicode>
          </TextEquiv>
        </Word>
        <Word id="w111">
          <Coords points="956,1212 1104,1212 1104,1337 956,1337"/>
          <TextEquiv>
            <Unicode>عليم</Unicode>
          </TextEquiv>
        </Word>
        <Word id="w112">
          <Coords points="888,1220 901,1220 901,1305 888,1305"/>
          <TextEquiv>
            <Unicode>ا</Unicode>
          </TextEquiv>
        </Word>
        <Word id="w113">
          <Coords points="824,1269 879,1269 879,1334 824,1334"/>
          <TextEquiv>
            <Unicode>ن</Unicode>
          </TextEquiv>
        </Word>
        <Word id="w114">
          <Coords points="800,1216 824,1216 824,1308 800,1308"/>
          <TextEquiv>
            <Unicode>ا</Unicode>
          </TextEquiv>
        </Word>
        <Word id="w115">
          <Coords points="727,1223 788,1223 788,1327 727,1327"/>
          <TextEquiv>
            <Unicode>لذ</Unicode>
          </TextEquiv>
        </Word>
        <Word id="w116">
          <Coords points="658,1274 731,1274 731,1353 658,1353"/>
          <TextEquiv>
            <Unicode>ين</Unicode>
          </TextEquiv>
        </Word>
        <Word id="w117">
          <Coords points="512,1191 681,1191 681,1353 512,1353"/>
          <TextEquiv>
            <Unicode>يكتمو</Unicode>
          </TextEquiv>
        </Word>
        <Word id="w118">
          <Coords points="458,1272 515,1272 515,1336 458,1336"/>
          <TextEquiv>
            <Unicode>ن</Unicode>
          </TextEquiv>
        </Word>
        <Word id="w119">
          <Coords points="403,1220 452,1220 452,1322 403,1322"/>
          <TextEquiv>
            <Unicode>ل</Unicode>
          </TextEquiv>
        </Word>
        <Word id="w120">
          <Coords points="366,1228 377,1228 377,1319 366,1319"/>
          <TextEquiv>
            <Unicode>ا</Unicode>
          </TextEquiv>
        </Word>
        <Word id="w121">
          <Coords points="275,1260 360,1260 360,1360 275,1360"/>
          <TextEquiv>
            <Unicode>نز</Unicode>
          </TextEquiv>
        </Word>
        <Word id="w122">
          <Coords points="254,1219 311,1219 311,1328 254,1328"/>
          <TextEquiv>
            <Unicode>لنا</Unicode>
          </TextEquiv>
        </Word>
        <Word id="w123">
          <Coords points="176,1223 187,1223 187,1311 176,1311"/>
          <TextEquiv>
            <Unicode>ا</Unicode>
          </TextEquiv>
        </Word>
        <Word id="w124">
          <Coords points="159,1283 246,1283 246,1352 159,1352"/>
          <TextEquiv>
            <Unicode>من</Unicode>
          </TextEquiv>
        </Word>
        <Word id="w125">
          <Coords points="65,1224 167,1224 167,1338 65,1338"/>
          <TextEquiv>
            <Unicode>لبيا</Unicode>
          </TextEquiv>
        </Word>
        <Word id="w126">
          <Coords points="43,1159 162,1159 162,1222 43,1222"/>
          <TextEquiv>
            <Unicode>ت</Unicode>
          </TextEquiv>
        </Word>
        <TextEquiv>
          <Unicode> فا ن ا لله شا كر عليم ا ن ا لذ ين يكتمو ن ل ا نز لنا ا من لبيا ت</Unicode>
        </TextEquiv>
      </TextLine>
      <TextLine id="l6">
        <Coords points="65,1418 1600,1418 1600,1574 65,1574"/>
        <Word id="w127">
          <Coords points="1559,1493 1599,1493 1599,1554 1559,1554"/>
          <TextEquiv>
            <Unicode>و</Unicode>
          </TextEquiv>
        </Word>
        <Word id="w128">
          <Coords points="1548,1424 1571,1424 1571,1519 1548,1519"/>
          <TextEquiv>
            <Unicode>ا</Unicode>
          </TextEquiv>
        </Word>
        <Word id="w129">
          <Coords points="1448,1434 1542,1434 1542,1567 1448,1567"/>
          <TextEquiv>
            <Unicode>لهد</Unicode>
          </TextEquiv>
        </Word>
        <Word id="w130">
          <Coords points="1371,1474 1455,1474 1455,1548 1371,1548"/>
          <TextEquiv>
            <Unicode>ى</Unicode>
          </TextEquiv>
        </Word>
        <Word id="w131">
          <Coords points="1186,1468 1389,1468 1389,1566 1186,1566"/>
          <TextEquiv>
            <Unicode>من</Unicode>
          </TextEquiv>
        </Word>
        <Word id="w132">
          <Coords points="1162,1466 1306,1466 1306,1530 1162,1530"/>
          <TextEquiv>
            <Unicode>بعد</Unicode>
          </TextEquiv>
        </Word>
        <Word id="w133">
          <Coords points="1102,1427 1155,1427 1155,1529 1102,1529"/>
          <TextEquiv>
            <Unicode>ما</Unicode>
          </TextEquiv>
        </Word>
        <Word id="w134">
          <Coords points="970,1424 1084,1424 1084,1573 970,1573"/>
          <TextEquiv>
            <Unicode>بين</Unicode>
          </TextEquiv>
        </Word>
        <Word id="w135">
          <Coords points="926,1498 951,1498 951,1531 926,1531"/>
          <TextEquiv>
            <Unicode>ه</Unicode>
          </TextEquiv>
        </Word>
        <Word id="w136">
          <Coords points="796,1436 908,1436 908,1537 796,1537"/>
          <TextEquiv>
            <Unicode>لنا</Unicode>
          </TextEquiv>
        </Word>
        <Word id="w137">
          <Coords points="693,1494 783,1494 783,1566 693,1566"/>
          <TextEquiv>
            <Unicode>س</Unicode>
          </TextEquiv>
        </Word>
        <Word id="w138">
          <Coords points="640,1431 730,1431 730,1540 640,1540"/>
          <TextEquiv>
            <Unicode>فى</Unicode>
          </TextEquiv>
        </Word>
        <Word id="w139">
          <Coords points="596,1431 622,1431 622,1536 596,1536"/>
          <TextEquiv>
            <Unicode>ا</Unicode>
          </TextEquiv>
        </Word>
        <Word id="w140">
          <Coords points="455,1418 615,1418 615,1545 455,1545"/>
          <TextEquiv>
            <Unicode>لكتا</Unicode>
          </TextEquiv>
        </Word>
        <Word id="w141">
          <Coords points="322,1500 443,1500 443,1558 322,1558"/>
          <TextEquiv>
            <Unicode>ب</Unicode>
          </TextEquiv>
        </Word>
        <Word id="w142">
          <Coords points="294,1436 317,1436 317,1532 294,1532"/>
          <TextEquiv>
            <Unicode>ا</Unicode>
          </TextEquiv>
        </Word>
        <Word id="w143">
          <Coords points="229,1499 276,1499 276,1554 229,1554"/>
          <TextEquiv>
            <Unicode>و</Unicode>
          </TextEquiv>
        </Word>
        <Word id="w144">
          <Coords points="65,1421 235,1421 235,1532 65,1532"/>
          <TextEquiv>
            <Unicode>لئك</Unicode>
          </TextEquiv>
        </Word>
        <TextEquiv>
          <Unicode> و ا لهد ى من بعد ما بين ه لنا س فى ا لكتا ب ا و لئك</Unicode>
        </TextEquiv>
      </TextLine>
      <TextLine id="l7">
        <Coords points="62,1646 1605,1646 1605,1819 62,1819"/>
        <Word id="w145">
          <Coords points="1395,1659 1604,1659 1604,1818 1395,1818"/>
          <TextEquiv>
            <Unicode>يلعنهم</Unicode>
          </TextEquiv>
        </Word>
        <Word id="w146">
          <Coords points="1365,1653 1385,1653 1385,1754 1365,1754"/>
          <TextEquiv>
            <Unicode>ا</Unicode>
          </TextEquiv>
        </Word>
        <Word id="w147">
          <Coords points="1290,1699 1358,1699 1358,1758 1290,1758"/>
          <TextEquiv>
            <Unicode>لله</Unicode>
          </TextEquiv>
        </Word>
        <Word id="w148">
          <Coords points="1225,1717 1270,1717 1270,1775 1225,1775"/>
          <TextEquiv>
            <Unicode>و</Unicode>
          </TextEquiv>
        </Word>
        <Word id="w149">
          <Coords points="978,1659 1003,1659 1003,1752 978,1752"/>
          <TextEquiv>
            <Unicode>ا</Unicode>
          </TextEquiv>
        </Word>
        <Word id="w150">
          <Coords points="968,1652 1224,1652 1224,1782 968,1782"/>
          <TextEquiv>
            <Unicode>يلعنهم</Unicode>
          </TextEquiv>
        </Word>
        <Word id="w151">
          <Coords points="889,1665 966,1665 966,1768 889,1768"/>
          <TextEquiv>
            <Unicode>للا</Unicode>
          </TextEquiv>
        </Word>
        <Word id="w152">
          <Coords points="764,1679 886,1679 886,1787 764,1787"/>
          <TextEquiv>
            <Unicode>عنو</Unicode>
          </TextEquiv>
        </Word>
        <Word id="w153">
          <Coords points="715,1698 776,1698 776,1772 715,1772"/>
          <TextEquiv>
            <Unicode>ن</Unicode>
          </TextEquiv>
        </Word>
        <Word id="w154">
          <Coords points="635,1649 650,1649 650,1755 635,1755"/>
          <TextEquiv>
            <Unicode>ا</Unicode>
          </TextEquiv>
        </Word>
        <Word id="w155">
          <Coords points="565,1660 620,1660 620,1760 565,1760"/>
          <TextEquiv>
            <Unicode>لا</Unicode>
          </TextEquiv>
        </Word>
        <Word id="w156">
          <Coords points="528,1665 554,1665 554,1768 528,1768"/>
          <TextEquiv>
            <Unicode>ا</Unicode>
          </TextEquiv>
        </Word>
        <Word id="w157">
          <Coords points="459,1674 516,1674 516,1774 459,1774"/>
          <TextEquiv>
            <Unicode>لذ</Unicode>
          </TextEquiv>
        </Word>
        <Word id="w158">
          <Coords points="389,1721 467,1721 467,1796 389,1796"/>
          <TextEquiv>
            <Unicode>ين</Unicode>
          </TextEquiv>
        </Word>
        <Word id="w159">
          <Coords points="359,1660 386,1660 386,1760 359,1760"/>
          <TextEquiv>
            <Unicode>تا</Unicode>
          </TextEquiv>
        </Word>
        <Word id="w160">
          <Coords points="287,1658 297,1658 297,1744 287,1744"/>
          <TextEquiv>
            <Unicode>ا</Unicode>
          </TextEquiv>
        </Word>
        <Word id="w161">
          <Coords points="285,1717 346,1717 346,1780 285,1780"/>
          <TextEquiv>
            <Unicode>بو</Unicode>
          </TextEquiv>
        </Word>
        <Word id="w162">
          <Coords points="229,1719 272,1719 272,1775 229,1775"/>
          <TextEquiv>
            <Unicode>و</Unicode>
          </TextEquiv>
        </Word>
        <Word id="w163">
          <Coords points="217,1659 229,1659 229,1745 217,1745"/>
          <TextEquiv>
            <Unicode>ا</Unicode>
          </TextEquiv>
        </Word>
        <Word id="w164">
          <Coords points="65,1646 88,1646 88,1752 65,1752"/>
          <TextEquiv>
            <Unicode>ا</Unicode>
          </TextEquiv>
        </Word>
        <Word id="w165">
          <Coords points="62,1652 205,1652 205,1784 62,1784"/>
          <TextEquiv>
            <Unicode>صلحو</Unicode>
          </TextEquiv>
        </Word>
        <TextEquiv>
          <Unicode> يلعنهم ا لله و ا يلعنهم للا عنو ن ا لا ا لذ ين تا ا بو و ا ا صلحو</Unicode>
        </TextEquiv>
      </TextLine>
      <TextLine id="l8">
        <Coords points="59,1861 1606,1861 1606,2041 59,2041"/>
        <Word id="w166">
          <Coords points="1560,1938 1605,1938 1605,1989 1560,1989"/>
          <TextEquiv>
            <Unicode>و</Unicode>
          </TextEquiv>
        </Word>
        <Word id="w167">
          <Coords points="1417,1940 1571,1940 1571,1995 1417,1995"/>
          <TextEquiv>
            <Unicode>بينو</Unicode>
          </TextEquiv>
        </Word>
        <Word id="w168">
          <Coords points="1414,1861 1439,1861 1439,1968 1414,1968"/>
          <TextEquiv>
            <Unicode>ا</Unicode>
          </TextEquiv>
        </Word>
        <Word id="w169">
          <Coords points="1364,1875 1402,1875 1402,1976 1364,1976"/>
          <TextEquiv>
            <Unicode>فا</Unicode>
          </TextEquiv>
        </Word>
        <Word id="w170">
          <Coords points="1283,1937 1345,1937 1345,1996 1283,1996"/>
          <TextEquiv>
            <Unicode>و</Unicode>
          </TextEquiv>
        </Word>
        <Word id="w171">
          <Coords points="1163,1873 1301,1873 1301,1977 1163,1977"/>
          <TextEquiv>
            <Unicode>لئك</Unicode>
          </TextEquiv>
        </Word>
        <Word id="w172">
          <Coords points="1140,1877 1153,1877 1153,1965 1140,1965"/>
          <TextEquiv>
            <Unicode>ا</Unicode>
          </TextEquiv>
        </Word>
        <Word id="w173">
          <Coords points="1051,1908 1122,1908 1122,1995 1051,1995"/>
          <TextEquiv>
            <Unicode>تو</Unicode>
          </TextEquiv>
        </Word>
        <Word id="w174">
          <Coords points="954,1931 1070,1931 1070,1998 954,1998"/>
          <TextEquiv>
            <Unicode>ب</Unicode>
          </TextEquiv>
        </Word>
        <Word id="w175">
          <Coords points="792,1875 953,1875 953,2040 792,2040"/>
          <TextEquiv>
            <Unicode>عليهم</Unicode>
          </TextEquiv>
        </Word>
        <Word id="w176">
          <Coords points="730,1936 781,1936 781,1995 730,1995"/>
          <TextEquiv>
            <Unicode>و</Unicode>
          </TextEquiv>
        </Word>
        <Word id="w177">
          <Coords points="723,1873 747,1873 747,1976 723,1976"/>
          <TextEquiv>
            <Unicode>ا</Unicode>
          </TextEquiv>
        </Word>
        <Word id="w178">
          <Coords points="667,1881 698,1881 698,1987 667,1987"/>
          <TextEquiv>
            <Unicode>نا</Unicode>
          </TextEquiv>
        </Word>
        <Word id="w179">
          <Coords points="631,1874 650,1874 650,1984 631,1984"/>
          <TextEquiv>
            <Unicode>ا</Unicode>
          </TextEquiv>
        </Word>
        <Word id="w180">
          <Coords points="526,1884 610,1884 610,2004 526,2004"/>
          <TextEquiv>
            <Unicode>لتو</Unicode>
          </TextEquiv>
        </Word>
        <Word id="w181">
          <Coords points="518,1874 543,1874 543,1975 518,1975"/>
          <TextEquiv>
            <Unicode>ا</Unicode>
          </TextEquiv>
        </Word>
        <Word id="w182">
          <Coords points="405,1938 518,1938 518,2018 405,2018"/>
          <TextEquiv>
            <Unicode>ب</Unicode>
          </TextEquiv>
        </Word>
        <Word id="w183">
          <Coords points="381,1870 405,1870 405,1975 381,1975"/>
          <TextEquiv>
            <Unicode>ا</Unicode>
          </TextEquiv>
        </Word>
        <Word id="w184">
          <Coords points="301,1879 368,1879 368,2014 301,2014"/>
          <TextEquiv>
            <Unicode>لر</Unicode>
          </TextEquiv>
        </Word>
        <Word id="w185">
          <Coords points="181,1922 338,1922 338,2004 181,2004"/>
          <TextEquiv>
            <Unicode>حيم</Unicode>
          </TextEquiv>
        </Word>
        <Word id="w186">
          <Coords points="117,1875 133,1875 133,1970 117,1970"/>
          <TextEquiv>
            <Unicode>ا</Unicode>
          </TextEquiv>
        </Word>
        <Word id="w187">
          <Coords points="59,1925 111,1925 111,1986 59,1986"/>
          <TextEquiv>
            <Unicode>ن</Unicode>
          </TextEquiv>
        </Word>
        <TextEquiv>
          <Unicode> و بينو ا فا و لئك ا تو ب عليهم و ا نا ا لتو ا ب ا لر حيم ا ن</Unicode>
        </TextEquiv>
      </TextLine>
      <TextLine id="l9">
        <Coords points="51,2068 1617,2068 1617,2272 51,2272"/>
        <Word id="w188">
          <Coords points="1591,2087 1616,2087 1616,2204 1591,2204"/>
          <TextEquiv>
            <Unicode>ا</Unicode>
          </TextEquiv>
        </Word>
        <Word id="w189">
          <Coords points="1522,2100 1582,2100 1582,2200 1522,2200"/>
          <TextEquiv>
            <Unicode>لذ</Unicode>
          </TextEquiv>
        </Word>
        <Word id="w190">
          <Coords points="1451,2111 1530,2111 1530,2232 1451,2232"/>
          <TextEquiv>
            <Unicode>ين</Unicode>
          </TextEquiv>
        </Word>
        <Word id="w191">
          <Coords points="1230,2103 1477,2103 1477,2215 1230,2215"/>
          <TextEquiv>
            <Unicode>كفر</Unicode>
          </TextEquiv>
        </Word>
        <Word id="w192">
          <Coords points="1184,2086 1197,2086 1197,2182 1184,2182"/>
          <TextEquiv>
            <Unicode>ا</Unicode>
          </TextEquiv>
        </Word>
        <Word id="w193">
          <Coords points="1180,2156 1229,2156 1229,2212 1180,2212"/>
          <TextEquiv>
            <Unicode>و</Unicode>
          </TextEquiv>
        </Word>
        <Word id="w194">
          <Coords points="1116,2155 1167,2155 1167,2211 1116,2211"/>
          <TextEquiv>
            <Unicode>و</Unicode>
          </TextEquiv>
        </Word>
        <Word id="w195">
          <Coords points="1078,2088 1130,2088 1130,2196 1078,2196"/>
          <TextEquiv>
            <Unicode>ما</Unicode>
          </TextEquiv>
        </Word>
        <Word id="w196">
          <Coords points="993,2099 1057,2099 1057,2217 993,2217"/>
          <TextEquiv>
            <Unicode>تو</Unicode>
          </TextEquiv>
        </Word>
        <Word id="w197">
          <Coords points="992,2092 1013,2092 1013,2193 992,2193"/>
          <TextEquiv>
            <Unicode>ا</Unicode>
          </TextEquiv>
        </Word>
        <Word id="w198">
          <Coords points="932,2157 976,2157 976,2212 932,2212"/>
          <TextEquiv>
            <Unicode>و</Unicode>
          </TextEquiv>
        </Word>
        <Word id="w199">
          <Coords points="868,2138 935,2138 935,2271 868,2271"/>
          <TextEquiv>
            <Unicode>هم</Unicode>
          </TextEquiv>
        </Word>
        <Word id="w200">
          <Coords points="760,2068 906,2068 906,2204 760,2204"/>
          <TextEquiv>
            <Unicode>كفا</Unicode>
          </TextEquiv>
        </Word>
        <Word id="w201">
          <Coords points="701,2173 742,2173 742,2222 701,2222"/>
          <TextEquiv>
            <Unicode>ر</Unicode>
          </TextEquiv>
        </Word>
        <Word id="w202">
          <Coords points="677,2097 693,2097 693,2195 677,2195"/>
          <TextEquiv>
            <Unicode>ا</Unicode>
          </TextEquiv>
        </Word>
        <Word id="w203">
          <Coords points="620,2170 666,2170 666,2221 620,2221"/>
          <TextEquiv>
            <Unicode>و</Unicode>
          </TextEquiv>
        </Word>
        <Word id="w204">
          <Coords points="491,2105 624,2105 624,2207 491,2207"/>
          <TextEquiv>
            <Unicode>لئك</Unicode>
          </TextEquiv>
        </Word>
        <Word id="w205">
          <Coords points="250,2104 484,2104 484,2224 250,2224"/>
          <TextEquiv>
            <Unicode>عليهم</Unicode>
          </TextEquiv>
        </Word>
        <Word id="w206">
          <Coords points="144,2112 278,2112 278,2209 144,2209"/>
          <TextEquiv>
            <Unicode>لعنة</Unicode>
          </TextEquiv>
        </Word>
        <Word id="w207">
          <Coords points="117,2105 135,2105 135,2196 117,2196"/>
          <TextEquiv>
            <Unicode>ا</Unicode>
          </TextEquiv>
        </Word>
        <Word id="w208">
          <Coords points="51,2147 112,2147 112,2200 51,2200"/>
          <TextEquiv>
            <Unicode>لله</Unicode>
          </TextEquiv>
        </Word>
        <TextEquiv>
          <Unicode> ا لذ ين كفر ا و و ما تو ا و هم كفا ر ا و لئك عليهم لعنة ا لله</Unicode>
        </TextEquiv>
      </TextLine>
      <TextLine id="l10">
        <Coords points="59,2293 1614,2293 1614,2478 59,2478"/>
        <Word id="w209">
          <Coords points="1554,2323 1573,2323 1573,2413 1554,2413"/>
          <TextEquiv>
            <Unicode>ا</Unicode>
          </TextEquiv>
        </Word>
        <Word id="w210">
          <Coords points="1550,2380 1613,2380 1613,2441 1550,2441"/>
          <TextEquiv>
            <Unicode>و</Unicode>
          </TextEquiv>
        </Word>
        <Word id="w211">
          <Coords points="1419,2324 1549,2324 1549,2430 1419,2430"/>
          <TextEquiv>
            <Unicode>لملا</Unicode>
          </TextEquiv>
        </Word>
        <Word id="w212">
          <Coords points="1322,2293 1434,2293 1434,2421 1322,2421"/>
          <TextEquiv>
            <Unicode>ئكة</Unicode>
          </TextEquiv>
        </Word>
        <Word id="w213">
          <Coords points="1245,2378 1300,2378 1300,2437 1245,2437"/>
          <TextEquiv>
            <Unicode>و</Unicode>
          </TextEquiv>
        </Word>
        <Word id="w214">
          <Coords points="1237,2313 1260,2313 1260,2410 1237,2410"/>
          <TextEquiv>
            <Unicode>ا</Unicode>
          </TextEquiv>
        </Word>
        <Word id="w215">
          <Coords points="1159,2318 1230,2318 1230,2420 1159,2420"/>
          <TextEquiv>
            <Unicode>لنا</Unicode>
          </TextEquiv>
        </Word>
        <Word id="w216">
          <Coords points="1075,2317 1098,2317 1098,2402 1075,2402"/>
          <TextEquiv>
            <Unicode>ا</Unicode>
          </TextEquiv>
        </Word>
        <Word id="w217">
          <Coords points="1071,2383 1153,2383 1153,2450 1071,2450"/>
          <TextEquiv>
            <Unicode>س</Unicode>
          </TextEquiv>
        </Word>
        <Word id="w218">
          <Coords points="848,2324 1078,2324 1078,2437 848,2437"/>
          <TextEquiv>
            <Unicode>جمعين</Unicode>
          </TextEquiv>
        </Word>
        <Word id="w219">
          <Coords points="699,2301 840,2301 840,2437 699,2437"/>
          <TextEquiv>
            <Unicode>خا</Unicode>
          </TextEquiv>
        </Word>
        <Word id="w220">
          <Coords points="615,2329 676,2329 676,2431 615,2431"/>
          <TextEquiv>
            <Unicode>لد</Unicode>
          </TextEquiv>
        </Word>
        <Word id="w221">
          <Coords points="555,2376 623,2376 623,2451 555,2451"/>
          <TextEquiv>
            <Unicode>ين</Unicode>
          </TextEquiv>
        </Word>
        <Word id="w222">
          <Coords points="453,2308 545,2308 545,2447 453,2447"/>
          <TextEquiv>
            <Unicode>فيها</Unicode>
          </TextEquiv>
        </Word>
        <Word id="w223">
          <Coords points="377,2327 437,2327 437,2427 377,2427"/>
          <TextEquiv>
            <Unicode>لا</Unicode>
          </TextEquiv>
        </Word>
        <Word id="w224">
          <Coords points="182,2367 401,2367 401,2438 182,2438"/>
          <TextEquiv>
            <Unicode>يخفف</Unicode>
          </TextEquiv>
        </Word>
        <Word id="w225">
          <Coords points="59,2370 202,2370 202,2477 59,2477"/>
          <TextEquiv>
            <Unicode>عنهم</Unicode>
          </TextEquiv>
        </Word>
        <TextEquiv>
          <Unicode> ا و لملا ئكة و ا لنا ا س جمعين خا لد ين فيها لا يخفف عنهم</Unicode>
        </TextEquiv>
      </TextLine>
      <TextLine id="l11">
        <Coords points="59,2526 1616,2526 1616,2709 59,2709"/>
        <Word id="w226">
          <Coords points="1597,2539 1615,2539 1615,2630 1597,2630"/>
          <TextEquiv>
            <Unicode>ا</Unicode>
          </TextEquiv>
        </Word>
        <Word id="w227">
          <Coords points="1476,2533 1587,2533 1587,2641 1476,2641"/>
          <TextEquiv>
            <Unicode>لعذ</Unicode>
          </TextEquiv>
        </Word>
        <Word id="w228">
          <Coords points="1452,2526 1477,2526 1477,2631 1452,2631"/>
          <TextEquiv>
            <Unicode>ا</Unicode>
          </TextEquiv>
        </Word>
        <Word id="w229">
          <Coords points="1352,2599 1450,2599 1450,2662 1352,2662"/>
          <TextEquiv>
            <Unicode>ب</Unicode>
          </TextEquiv>
        </Word>
        <Word id="w230">
          <Coords points="1300,2598 1344,2598 1344,2649 1300,2649"/>
          <TextEquiv>
            <Unicode>و</Unicode>
          </TextEquiv>
        </Word>
        <Word id="w231">
          <Coords points="1263,2542 1372,2542 1372,2635 1263,2635"/>
          <TextEquiv>
            <Unicode>لا</Unicode>
          </TextEquiv>
        </Word>
        <Word id="w232">
          <Coords points="1194,2582 1259,2582 1259,2708 1194,2708"/>
          <TextEquiv>
            <Unicode>هم</Unicode>
          </TextEquiv>
        </Word>
        <Word id="w233">
          <Coords points="1064,2534 1186,2534 1186,2654 1064,2654"/>
          <TextEquiv>
            <Unicode>ينظر</Unicode>
          </TextEquiv>
        </Word>
        <Word id="w234">
          <Coords points="1019,2598 1063,2598 1063,2654 1019,2654"/>
          <TextEquiv>
            <Unicode>و</Unicode>
          </TextEquiv>
        </Word>
        <Word id="w235">
          <Coords points="959,2583 1017,2583 1017,2648 959,2648"/>
          <TextEquiv>
            <Unicode>ن</Unicode>
          </TextEquiv>
        </Word>
        <Word id="w236">
          <Coords points="840,2598 885,2598 885,2656 840,2656"/>
          <TextEquiv>
            <Unicode>و</Unicode>
          </TextEquiv>
        </Word>
        <Word id="w237">
          <Coords points="832,2542 852,2542 852,2629 832,2629"/>
          <TextEquiv>
            <Unicode>ا</Unicode>
          </TextEquiv>
        </Word>
        <Word id="w238">
          <Coords points="536,2547 824,2547 824,2660 536,2660"/>
          <TextEquiv>
            <Unicode>لهكم</Unicode>
          </TextEquiv>
        </Word>
        <Word id="w239">
          <Coords points="533,2547 554,2547 554,2634 533,2634"/>
          <TextEquiv>
            <Unicode>ا</Unicode>
          </TextEquiv>
        </Word>
        <Word id="w240">
          <Coords points="464,2553 518,2553 518,2655 464,2655"/>
          <TextEquiv>
            <Unicode>له</Unicode>
          </TextEquiv>
        </Word>
        <Word id="w241">
          <Coords points="392,2612 441,2612 441,2668 392,2668"/>
          <TextEquiv>
            <Unicode>و</Unicode>
          </TextEquiv>
        </Word>
        <Word id="w242">
          <Coords points="389,2539 405,2539 405,2648 389,2648"/>
          <TextEquiv>
            <Unicode>ا</Unicode>
          </TextEquiv>
        </Word>
        <Word id="w243">
          <Coords points="298,2587 388,2587 388,2650 298,2650"/>
          <TextEquiv>
            <Unicode>حد</Unicode>
          </TextEquiv>
        </Word>
        <Word id="w244">
          <Coords points="231,2554 286,2554 286,2651 231,2651"/>
          <TextEquiv>
            <Unicode>لا</Unicode>
          </TextEquiv>
        </Word>
        <Word id="w245">
          <Coords points="197,2558 223,2558 223,2652 197,2652"/>
          <TextEquiv>
            <Unicode>ا</Unicode>
          </TextEquiv>
        </Word>
        <Word id="w246">
          <Coords points="139,2557 191,2557 191,2653 139,2653"/>
          <TextEquiv>
            <Unicode>له</Unicode>
          </TextEquiv>
        </Word>
        <Word id="w247">
          <Coords points="128,2551 137,2551 137,2642 128,2642"/>
          <TextEquiv>
            <Unicode>ا</Unicode>
          </TextEquiv>
        </Word>
        <Word id="w248">
          <Coords points="59,2557 112,2557 112,2650 59,2650"/>
          <TextEquiv>
            <Unicode>لا</Unicode>
          </TextEquiv>
        </Word>
        <TextEquiv>
          <Unicode> ا لعذ ا ب و لا هم ينظر و ن و ا لهكم ا له و ا حد لا ا له ا لا</Unicode>
        </TextEquiv>
      </TextLine>
      <TextLine id="l12">
        <Coords points="51,2749 1609,2749 1609,2935 51,2935"/>
        <Word id="w249">
          <Coords points="1509,2805 1608,2805 1608,2880 1509,2880"/>
          <TextEquiv>
            <Unicode>هو</Unicode>
          </TextEquiv>
        </Word>
        <Word id="w250">
          <Coords points="1504,2749 1524,2749 1524,2857 1504,2857"/>
          <TextEquiv>
            <Unicode>ا</Unicode>
          </TextEquiv>
        </Word>
        <Word id="w251">
          <Coords points="1425,2758 1482,2758 1482,2881 1425,2881"/>
          <TextEquiv>
            <Unicode>لر</Unicode>
          </TextEquiv>
        </Word>
        <Word id="w252">
          <Coords points="1323,2761 1341,2761 1341,2848 1323,2848"/>
          <TextEquiv>
            <Unicode>ا</Unicode>
          </TextEquiv>
        </Word>
        <Word id="w253">
          <Coords points="1258,2762 1317,2762 1317,2869 1258,2869"/>
          <TextEquiv>
            <Unicode>لر</Unicode>
          </TextEquiv>
        </Word>
        <Word id="w254">
          <Coords points="1218,2804 1453,2804 1453,2906 1218,2906"/>
          <TextEquiv>
            <Unicode>جمن</Unicode>
          </TextEquiv>
        </Word>
        <Word id="w255">
          <Coords points="1158,2813 1275,2813 1275,2934 1158,2934"/>
          <TextEquiv>
            <Unicode>حيم</Unicode>
          </TextEquiv>
        </Word>
        <Word id="w256">
          <Coords points="1070,2754 1087,2754 1087,2852 1070,2852"/>
          <TextEquiv>
            <Unicode>ا</Unicode>
          </TextEquiv>
        </Word>
        <Word id="w257">
          <Coords points="1010,2782 1066,2782 1066,2906 1010,2906"/>
          <TextEquiv>
            <Unicode>ن</Unicode>
          </TextEquiv>
        </Word>
        <Word id="w258">
          <Coords points="924,2751 1015,2751 1015,2862 924,2862"/>
          <TextEquiv>
            <Unicode>فى</Unicode>
          </TextEquiv>
        </Word>
        <Word id="w259">
          <Coords points="771,2764 909,2764 909,2887 771,2887"/>
          <TextEquiv>
            <Unicode>خلق</Unicode>
          </TextEquiv>
        </Word>
        <Word id="w260">
          <Coords points="752,2763 770,2763 770,2855 752,2855"/>
          <TextEquiv>
            <Unicode>ا</Unicode>
          </TextEquiv>
        </Word>
        <Word id="w261">
          <Coords points="571,2763 597,2763 597,2872 571,2872"/>
          <TextEquiv>
            <Unicode>ا</Unicode>
          </TextEquiv>
        </Word>
        <Word id="w262">
          <Coords points="567,2769 742,2769 742,2896 567,2896"/>
          <TextEquiv>
            <Unicode>لسمو</Unicode>
          </TextEquiv>
        </Word>
        <Word id="w263">
          <Coords points="464,2818 571,2818 571,2878 464,2878"/>
          <TextEquiv>
            <Unicode>ت</Unicode>
          </TextEquiv>
        </Word>
        <Word id="w264">
          <Coords points="418,2831 462,2831 462,2888 418,2888"/>
          <TextEquiv>
            <Unicode>و</Unicode>
          </TextEquiv>
        </Word>
        <Word id="w265">
          <Coords points="414,2771 437,2771 437,2867 414,2867"/>
          <TextEquiv>
            <Unicode>ا</Unicode>
          </TextEquiv>
        </Word>
        <Word id="w266">
          <Coords points="349,2774 405,2774 405,2871 349,2871"/>
          <TextEquiv>
            <Unicode>لا</Unicode>
          </TextEquiv>
        </Word>
        <Word id="w267">
          <Coords points="317,2836 358,2836 358,2882 317,2882"/>
          <TextEquiv>
            <Unicode>ر</Unicode>
          </TextEquiv>
        </Word>
        <Word id="w268">
          <Coords points="219,2815 264,2815 264,2872 219,2872"/>
          <TextEquiv>
            <Unicode>و</Unicode>
          </TextEquiv>
        </Word>
        <Word id="w269">
          <Coords points="216,2817 336,2817 336,2898 216,2898"/>
          <TextEquiv>
            <Unicode>ض</Unicode>
          </TextEquiv>
        </Word>
        <Word id="w270">
          <Coords points="215,2761 234,2761 234,2848 215,2848"/>
          <TextEquiv>
            <Unicode>ا</Unicode>
          </TextEquiv>
        </Word>
        <Word id="w271">
          <Coords points="103,2767 216,2767 216,2867 103,2867"/>
          <TextEquiv>
            <Unicode>ختل</Unicode>
          </TextEquiv>
        </Word>
        <Word id="w272">
          <Coords points="51,2813 118,2813 118,2855 51,2855"/>
          <TextEquiv>
            <Unicode>ف</Unicode>
          </TextEquiv>
        </Word>
        <TextEquiv>
          <Unicode> هو ا لر ا لر جمن حيم ا ن فى خلق ا ا لسمو ت و ا لا ر و ض ا ختل ف</Unicode>
        </TextEquiv>
      </TextLine>
      <TextLine id="l13">
        <Coords points="64,2981 1622,2981 1622,3150 64,3150"/>
        <Word id="w273">
          <Coords points="1600,2994 1621,2994 1621,3074 1600,3074"/>
          <TextEquiv>
            <Unicode>ا</Unicode>
          </TextEquiv>
        </Word>
        <Word id="w274">
          <Coords points="1442,2992 1594,2992 1594,3115 1442,3115"/>
          <TextEquiv>
            <Unicode>لليل</Unicode>
          </TextEquiv>
        </Word>
        <Word id="w275">
          <Coords points="1394,3052 1442,3052 1442,3107 1394,3107"/>
          <TextEquiv>
            <Unicode>و</Unicode>
          </TextEquiv>
        </Word>
        <Word id="w276">
          <Coords points="1385,2992 1402,2992 1402,3087 1385,3087"/>
          <TextEquiv>
            <Unicode>ا</Unicode>
          </TextEquiv>
        </Word>
        <Word id="w277">
          <Coords points="1287,2990 1372,2990 1372,3122 1287,3122"/>
          <TextEquiv>
            <Unicode>لنها</Unicode>
          </TextEquiv>
        </Word>
        <Word id="w278">
          <Coords points="1168,2981 1181,2981 1181,3068 1168,3068"/>
          <TextEquiv>
            <Unicode>ا</Unicode>
          </TextEquiv>
        </Word>
        <Word id="w279">
          <Coords points="1167,3052 1227,3052 1227,3114 1167,3114"/>
          <TextEquiv>
            <Unicode>و</Unicode>
          </TextEquiv>
        </Word>
        <Word id="w280">
          <Coords points="958,2992 977,2992 977,3087 958,3087"/>
          <TextEquiv>
            <Unicode>ا</Unicode>
          </TextEquiv>
        </Word>
        <Word id="w281">
          <Coords points="951,2992 1154,2992 1154,3103 951,3103"/>
          <TextEquiv>
            <Unicode>لفلك</Unicode>
          </TextEquiv>
        </Word>
        <Word id="w282">
          <Coords points="851,2997 950,2997 950,3134 851,3134"/>
          <TextEquiv>
            <Unicode>لتى</Unicode>
          </TextEquiv>
        </Word>
        <Word id="w283">
          <Coords points="725,3002 879,3002 879,3125 725,3125"/>
          <TextEquiv>
            <Unicode>تجر</Unicode>
          </TextEquiv>
        </Word>
        <Word id="w284">
          <Coords points="670,3044 746,3044 746,3118 670,3118"/>
          <TextEquiv>
            <Unicode>ى</Unicode>
          </TextEquiv>
        </Word>
        <Word id="w285">
          <Coords points="609,2981 697,2981 697,3087 609,3087"/>
          <TextEquiv>
            <Unicode>فى</Unicode>
          </TextEquiv>
        </Word>
        <Word id="w286">
          <Coords points="576,2983 593,2983 593,3076 576,3076"/>
          <TextEquiv>
            <Unicode>ا</Unicode>
          </TextEquiv>
        </Word>
        <Word id="w287">
          <Coords points="464,2990 562,2990 562,3125 464,3125"/>
          <TextEquiv>
            <Unicode>لبحر</Unicode>
          </TextEquiv>
        </Word>
        <Word id="w288">
          <Coords points="407,2982 474,2982 474,3091 407,3091"/>
          <TextEquiv>
            <Unicode>بما</Unicode>
          </TextEquiv>
        </Word>
        <Word id="w289">
          <Coords points="263,3002 389,3002 389,3149 263,3149"/>
          <TextEquiv>
            <Unicode>ينفع</Unicode>
          </TextEquiv>
        </Word>
        <Word id="w290">
          <Coords points="229,2981 250,2981 250,3074 229,3074"/>
          <TextEquiv>
            <Unicode>ا</Unicode>
          </TextEquiv>
        </Word>
        <Word id="w291">
          <Coords points="148,2989 215,2989 215,3088 148,3088"/>
          <TextEquiv>
            <Unicode>لنا</Unicode>
          </TextEquiv>
        </Word>
        <Word id="w292">
          <Coords points="64,3026 145,3026 145,3103 64,3103"/>
          <TextEquiv>
            <Unicode>س</Unicode>
          </TextEquiv>
        </Word>
        <TextEquiv>
          <Unicode> ا لليل و ا لنها ا و ا لفلك لتى تجر ى فى ا لبحر بما ينفع ا لنا س</Unicode>
        </TextEquiv>
      </TextLine>
    </TextRegion>
  </Page>
</PcGts>
