<?xml version='1.0' encoding='utf-8'?>
<PcGts xmlns:xsi="http://www.w3.org/2001/XMLSchema-instance" xmlns="http://schema.primaresearch.org/PAGE/gts/pagecontent/2019-07-15" xsi:schemaLocation="http://schema.primaresearch.org/PAGE/gts/pagecontent/2019-07-15 http://schema.primaresearch.org/PAGE/gts/pagecontent/2019-07-15/pagecontent.xsd" pcGtsId="pc-aletheiaexamplepage">
  <Metadata>
    <Creator>PRImA Research Lab</Creator>
    <Created>2015-07-17T15:27:13</Created>
    <LastChange>2017-07-14T10:03:33</LastChange>
    <Comments>Example Page</Comments>
  </Metadata>
  <Page imageFilename="3249138/0019-1.png" imageWidth="1705" imageHeight="3073">
    <TextRegion id="r0" type="paragraph">
      <Coords points="1,1 1703,1 1703,3071 1,3071"/>
      <TextLine id="l0">
        <Coords points="28,27 1558,27 1558,219 28,219"/>
        <Word id="w0">
          <Coords points="1459,80 1557,80 1557,155 1459,155"/>
          <TextEquiv>
            <Unicode>هن</Unicode>
          </TextEquiv>
        </Word>
        <Word id="w1">
          <Coords points="1389,44 1447,44 1447,172 1389,172"/>
          <TextEquiv>
            <Unicode>لبا</Unicode>
          </TextEquiv>
        </Word>
        <Word id="w2">
          <Coords points="1288,43 1375,43 1375,174 1288,174"/>
          <TextEquiv>
            <Unicode>س</Unicode>
          </TextEquiv>
        </Word>
        <Word id="w3">
          <Coords points="1044,41 1294,41 1294,178 1044,178"/>
          <TextEquiv>
            <Unicode>لكم</Unicode>
          </TextEquiv>
        </Word>
        <Word id="w4">
          <Coords points="1008,107 1054,107 1054,164 1008,164"/>
          <TextEquiv>
            <Unicode>و</Unicode>
          </TextEquiv>
        </Word>
        <Word id="w5">
          <Coords points="991,55 1008,55 1008,134 991,134"/>
          <TextEquiv>
            <Unicode>ا</Unicode>
          </TextEquiv>
        </Word>
        <Word id="w6">
          <Coords points="910,89 975,89 975,218 910,218"/>
          <TextEquiv>
            <Unicode>نتم</Unicode>
          </TextEquiv>
        </Word>
        <Word id="w7">
          <Coords points="827,51 887,51 887,185 827,185"/>
          <TextEquiv>
            <Unicode>لبا</Unicode>
          </TextEquiv>
        </Word>
        <Word id="w8">
          <Coords points="722,47 809,47 809,186 722,186"/>
          <TextEquiv>
            <Unicode>س</Unicode>
          </TextEquiv>
        </Word>
        <Word id="w9">
          <Coords points="605,47 723,47 723,188 605,188"/>
          <TextEquiv>
            <Unicode>لهن</Unicode>
          </TextEquiv>
        </Word>
        <Word id="w10">
          <Coords points="513,50 595,50 595,215 513,215"/>
          <TextEquiv>
            <Unicode>علم</Unicode>
          </TextEquiv>
        </Word>
        <Word id="w11">
          <Coords points="467,54 480,54 480,144 467,144"/>
          <TextEquiv>
            <Unicode>ا</Unicode>
          </TextEquiv>
        </Word>
        <Word id="w12">
          <Coords points="392,97 461,97 461,155 392,155"/>
          <TextEquiv>
            <Unicode>لله</Unicode>
          </TextEquiv>
        </Word>
        <Word id="w13">
          <Coords points="352,62 364,62 364,141 352,141"/>
          <TextEquiv>
            <Unicode>ا</Unicode>
          </TextEquiv>
        </Word>
        <Word id="w14">
          <Coords points="213,27 358,27 358,174 213,174"/>
          <TextEquiv>
            <Unicode>نكم</Unicode>
          </TextEquiv>
        </Word>
        <Word id="w15">
          <Coords points="28,71 246,71 246,202 28,202"/>
          <TextEquiv>
            <Unicode>كنتم</Unicode>
          </TextEquiv>
        </Word>
        <TextEquiv>
          <Unicode> هن لبا س لكم و ا نتم لبا س لهن علم ا لله ا نكم كنتم</Unicode>
        </TextEquiv>
      </TextLine>
      <TextLine id="l1">
        <Coords points="39,241 1580,241 1580,429 39,429"/>
        <Word id="w16">
          <Coords points="1453,253 1579,253 1579,352 1453,352"/>
          <TextEquiv>
            <Unicode>تحتا</Unicode>
          </TextEquiv>
        </Word>
        <Word id="w17">
          <Coords points="1377,289 1432,289 1432,383 1377,383"/>
          <TextEquiv>
            <Unicode>نو</Unicode>
          </TextEquiv>
        </Word>
        <Word id="w18">
          <Coords points="1321,302 1377,302 1377,367 1321,367"/>
          <TextEquiv>
            <Unicode>ن</Unicode>
          </TextEquiv>
        </Word>
        <Word id="w19">
          <Coords points="1290,263 1304,263 1304,346 1290,346"/>
          <TextEquiv>
            <Unicode>ا</Unicode>
          </TextEquiv>
        </Word>
        <Word id="w20">
          <Coords points="1122,241 1275,241 1275,417 1122,417"/>
          <TextEquiv>
            <Unicode>نفسكم</Unicode>
          </TextEquiv>
        </Word>
        <Word id="w21">
          <Coords points="1015,254 1089,254 1089,366 1015,366"/>
          <TextEquiv>
            <Unicode>فتا</Unicode>
          </TextEquiv>
        </Word>
        <Word id="w22">
          <Coords points="883,323 1001,323 1001,393 883,393"/>
          <TextEquiv>
            <Unicode>ب</Unicode>
          </TextEquiv>
        </Word>
        <Word id="w23">
          <Coords points="531,263 877,263 877,391 531,391"/>
          <TextEquiv>
            <Unicode>عليكم</Unicode>
          </TextEquiv>
        </Word>
        <Word id="w24">
          <Coords points="495,325 549,325 549,386 495,386"/>
          <TextEquiv>
            <Unicode>و</Unicode>
          </TextEquiv>
        </Word>
        <Word id="w25">
          <Coords points="402,259 513,259 513,368 402,368"/>
          <TextEquiv>
            <Unicode>عفا</Unicode>
          </TextEquiv>
        </Word>
        <Word id="w26">
          <Coords points="246,242 391,242 391,428 246,428"/>
          <TextEquiv>
            <Unicode>عنكم</Unicode>
          </TextEquiv>
        </Word>
        <Word id="w27">
          <Coords points="177,272 211,272 211,376 177,376"/>
          <TextEquiv>
            <Unicode>فا</Unicode>
          </TextEquiv>
        </Word>
        <Word id="w28">
          <Coords points="94,279 152,279 152,378 94,378"/>
          <TextEquiv>
            <Unicode>لا</Unicode>
          </TextEquiv>
        </Word>
        <Word id="w29">
          <Coords points="39,321 89,321 89,382 39,382"/>
          <TextEquiv>
            <Unicode>ن</Unicode>
          </TextEquiv>
        </Word>
        <TextEquiv>
          <Unicode> تحتا نو ن ا نفسكم فتا ب عليكم و عفا عنكم فا لا ن</Unicode>
        </TextEquiv>
      </TextLine>
      <TextLine id="l2">
        <Coords points="46,455 1577,455 1577,624 46,624"/>
        <Word id="w30">
          <Coords points="1546,465 1576,465 1576,602 1546,602"/>
          <TextEquiv>
            <Unicode>با</Unicode>
          </TextEquiv>
        </Word>
        <Word id="w31">
          <Coords points="1419,497 1528,497 1528,606 1419,606"/>
          <TextEquiv>
            <Unicode>شر</Unicode>
          </TextEquiv>
        </Word>
        <Word id="w32">
          <Coords points="1378,534 1422,534 1422,596 1378,596"/>
          <TextEquiv>
            <Unicode>و</Unicode>
          </TextEquiv>
        </Word>
        <Word id="w33">
          <Coords points="1258,520 1377,520 1377,607 1258,607"/>
          <TextEquiv>
            <Unicode>هن</Unicode>
          </TextEquiv>
        </Word>
        <Word id="w34">
          <Coords points="1183,547 1235,547 1235,602 1183,602"/>
          <TextEquiv>
            <Unicode>و</Unicode>
          </TextEquiv>
        </Word>
        <Word id="w35">
          <Coords points="1178,481 1195,481 1195,567 1178,567"/>
          <TextEquiv>
            <Unicode>ا</Unicode>
          </TextEquiv>
        </Word>
        <Word id="w36">
          <Coords points="1036,478 1051,478 1051,574 1036,574"/>
          <TextEquiv>
            <Unicode>ا</Unicode>
          </TextEquiv>
        </Word>
        <Word id="w37">
          <Coords points="1036,491 1166,491 1166,607 1036,607"/>
          <TextEquiv>
            <Unicode>بتغو</Unicode>
          </TextEquiv>
        </Word>
        <Word id="w38">
          <Coords points="967,481 1024,481 1024,593 967,593"/>
          <TextEquiv>
            <Unicode>ما</Unicode>
          </TextEquiv>
        </Word>
        <Word id="w39">
          <Coords points="808,455 1000,455 1000,623 808,623"/>
          <TextEquiv>
            <Unicode>كتب</Unicode>
          </TextEquiv>
        </Word>
        <Word id="w40">
          <Coords points="776,489 793,489 793,580 776,580"/>
          <TextEquiv>
            <Unicode>ا</Unicode>
          </TextEquiv>
        </Word>
        <Word id="w41">
          <Coords points="701,532 770,532 770,590 701,590"/>
          <TextEquiv>
            <Unicode>لله</Unicode>
          </TextEquiv>
        </Word>
        <Word id="w42">
          <Coords points="405,494 668,494 668,615 405,615"/>
          <TextEquiv>
            <Unicode>لكم</Unicode>
          </TextEquiv>
        </Word>
        <Word id="w43">
          <Coords points="367,555 409,555 409,611 367,611"/>
          <TextEquiv>
            <Unicode>و</Unicode>
          </TextEquiv>
        </Word>
        <Word id="w44">
          <Coords points="255,482 417,482 417,613 255,613"/>
          <TextEquiv>
            <Unicode>كلو</Unicode>
          </TextEquiv>
        </Word>
        <Word id="w45">
          <Coords points="254,484 271,484 271,586 254,586"/>
          <TextEquiv>
            <Unicode>ا</Unicode>
          </TextEquiv>
        </Word>
        <Word id="w46">
          <Coords points="195,558 240,558 240,616 195,616"/>
          <TextEquiv>
            <Unicode>و</Unicode>
          </TextEquiv>
        </Word>
        <Word id="w47">
          <Coords points="186,496 202,496 202,579 186,579"/>
          <TextEquiv>
            <Unicode>ا</Unicode>
          </TextEquiv>
        </Word>
        <Word id="w48">
          <Coords points="92,513 177,513 177,613 92,613"/>
          <TextEquiv>
            <Unicode>شر</Unicode>
          </TextEquiv>
        </Word>
        <Word id="w49">
          <Coords points="51,485 61,485 61,564 51,564"/>
          <TextEquiv>
            <Unicode>ا</Unicode>
          </TextEquiv>
        </Word>
        <Word id="w50">
          <Coords points="46,532 106,532 106,599 46,599"/>
          <TextEquiv>
            <Unicode>بو</Unicode>
          </TextEquiv>
        </Word>
        <TextEquiv>
          <Unicode> با شر و هن و ا ا بتغو ما كتب ا لله لكم و كلو ا و ا شر ا بو</Unicode>
        </TextEquiv>
      </TextLine>
      <TextLine id="l3">
        <Coords points="56,706 1582,706 1582,851 56,851"/>
        <Word id="w51">
          <Coords points="1449,730 1581,730 1581,845 1449,845"/>
          <TextEquiv>
            <Unicode>حتى</Unicode>
          </TextEquiv>
        </Word>
        <Word id="w52">
          <Coords points="1270,717 1452,717 1452,850 1270,850"/>
          <TextEquiv>
            <Unicode>يتبين</Unicode>
          </TextEquiv>
        </Word>
        <Word id="w53">
          <Coords points="998,706 1016,706 1016,796 998,796"/>
          <TextEquiv>
            <Unicode>ا</Unicode>
          </TextEquiv>
        </Word>
        <Word id="w54">
          <Coords points="998,711 1247,711 1247,831 998,831"/>
          <TextEquiv>
            <Unicode>لكم</Unicode>
          </TextEquiv>
        </Word>
        <Word id="w55">
          <Coords points="864,717 999,717 999,843 864,843"/>
          <TextEquiv>
            <Unicode>لخيط</Unicode>
          </TextEquiv>
        </Word>
        <Word id="w56">
          <Coords points="834,722 842,722 842,810 834,810"/>
          <TextEquiv>
            <Unicode>ا</Unicode>
          </TextEquiv>
        </Word>
        <Word id="w57">
          <Coords points="759,724 814,724 814,819 759,819"/>
          <TextEquiv>
            <Unicode>لا</Unicode>
          </TextEquiv>
        </Word>
        <Word id="w58">
          <Coords points="626,780 753,780 753,843 626,843"/>
          <TextEquiv>
            <Unicode>بيض</Unicode>
          </TextEquiv>
        </Word>
        <Word id="w59">
          <Coords points="523,776 620,776 620,848 523,848"/>
          <TextEquiv>
            <Unicode>من</Unicode>
          </TextEquiv>
        </Word>
        <Word id="w60">
          <Coords points="506,711 518,711 518,795 506,795"/>
          <TextEquiv>
            <Unicode>ا</Unicode>
          </TextEquiv>
        </Word>
        <Word id="w61">
          <Coords points="358,712 498,712 498,821 358,821"/>
          <TextEquiv>
            <Unicode>لخيط</Unicode>
          </TextEquiv>
        </Word>
        <Word id="w62">
          <Coords points="328,719 340,719 340,805 328,805"/>
          <TextEquiv>
            <Unicode>ا</Unicode>
          </TextEquiv>
        </Word>
        <Word id="w63">
          <Coords points="250,725 309,725 309,828 250,828"/>
          <TextEquiv>
            <Unicode>لا</Unicode>
          </TextEquiv>
        </Word>
        <Word id="w64">
          <Coords points="154,782 249,782 249,841 154,841"/>
          <TextEquiv>
            <Unicode>سو</Unicode>
          </TextEquiv>
        </Word>
        <Word id="w65">
          <Coords points="130,766 174,766 174,819 130,819"/>
          <TextEquiv>
            <Unicode>د</Unicode>
          </TextEquiv>
        </Word>
        <Word id="w66">
          <Coords points="56,739 147,739 147,807 56,807"/>
          <TextEquiv>
            <Unicode>من</Unicode>
          </TextEquiv>
        </Word>
        <TextEquiv>
          <Unicode> حتى يتبين ا لكم لخيط ا لا بيض من ا لخيط ا لا سو د من</Unicode>
        </TextEquiv>
      </TextLine>
      <TextLine id="l4">
        <Coords points="65,912 1595,912 1595,1094 65,1094"/>
        <Word id="w67">
          <Coords points="1578,915 1594,915 1594,1000 1578,1000"/>
          <TextEquiv>
            <Unicode>ا</Unicode>
          </TextEquiv>
        </Word>
        <Word id="w68">
          <Coords points="1396,912 1565,912 1565,1048 1396,1048"/>
          <TextEquiv>
            <Unicode>لفجر</Unicode>
          </TextEquiv>
        </Word>
        <Word id="w69">
          <Coords points="1340,941 1394,941 1394,1091 1340,1091"/>
          <TextEquiv>
            <Unicode>ثم</Unicode>
          </TextEquiv>
        </Word>
        <Word id="w70">
          <Coords points="1293,928 1307,928 1307,1016 1293,1016"/>
          <TextEquiv>
            <Unicode>ل</Unicode>
          </TextEquiv>
        </Word>
        <Word id="w71">
          <Coords points="1189,916 1206,916 1206,1016 1189,1016"/>
          <TextEquiv>
            <Unicode>ا</Unicode>
          </TextEquiv>
        </Word>
        <Word id="w72">
          <Coords points="1187,943 1280,943 1280,1056 1187,1056"/>
          <TextEquiv>
            <Unicode>تمو</Unicode>
          </TextEquiv>
        </Word>
        <Word id="w73">
          <Coords points="1151,931 1163,931 1163,1015 1151,1015"/>
          <TextEquiv>
            <Unicode>ا</Unicode>
          </TextEquiv>
        </Word>
        <Word id="w74">
          <Coords points="1015,929 1132,929 1132,1066 1015,1066"/>
          <TextEquiv>
            <Unicode>لصيا</Unicode>
          </TextEquiv>
        </Word>
        <Word id="w75">
          <Coords points="962,996 997,996 997,1077 962,1077"/>
          <TextEquiv>
            <Unicode>م</Unicode>
          </TextEquiv>
        </Word>
        <Word id="w76">
          <Coords points="925,938 939,938 939,1029 925,1029"/>
          <TextEquiv>
            <Unicode>ا</Unicode>
          </TextEquiv>
        </Word>
        <Word id="w77">
          <Coords points="842,938 915,938 915,1066 842,1066"/>
          <TextEquiv>
            <Unicode>لى</Unicode>
          </TextEquiv>
        </Word>
        <Word id="w78">
          <Coords points="824,943 836,943 836,1026 824,1026"/>
          <TextEquiv>
            <Unicode>ا</Unicode>
          </TextEquiv>
        </Word>
        <Word id="w79">
          <Coords points="643,943 812,943 812,1089 643,1089"/>
          <TextEquiv>
            <Unicode>لليل</Unicode>
          </TextEquiv>
        </Word>
        <Word id="w80">
          <Coords points="596,1007 639,1007 639,1067 596,1067"/>
          <TextEquiv>
            <Unicode>و</Unicode>
          </TextEquiv>
        </Word>
        <Word id="w81">
          <Coords points="542,943 601,943 601,1049 542,1049"/>
          <TextEquiv>
            <Unicode>لا</Unicode>
          </TextEquiv>
        </Word>
        <Word id="w82">
          <Coords points="477,935 540,935 540,1078 477,1078"/>
          <TextEquiv>
            <Unicode>تبا</Unicode>
          </TextEquiv>
        </Word>
        <Word id="w83">
          <Coords points="353,1000 468,1000 468,1080 353,1080"/>
          <TextEquiv>
            <Unicode>شر</Unicode>
          </TextEquiv>
        </Word>
        <Word id="w84">
          <Coords points="333,995 380,995 380,1055 333,1055"/>
          <TextEquiv>
            <Unicode>و</Unicode>
          </TextEquiv>
        </Word>
        <Word id="w85">
          <Coords points="218,988 336,988 336,1076 218,1076"/>
          <TextEquiv>
            <Unicode>هن</Unicode>
          </TextEquiv>
        </Word>
        <Word id="w86">
          <Coords points="163,1005 206,1005 206,1063 163,1063"/>
          <TextEquiv>
            <Unicode>و</Unicode>
          </TextEquiv>
        </Word>
        <Word id="w87">
          <Coords points="145,942 158,942 158,1030 145,1030"/>
          <TextEquiv>
            <Unicode>ا</Unicode>
          </TextEquiv>
        </Word>
        <Word id="w88">
          <Coords points="65,962 125,962 125,1093 65,1093"/>
          <TextEquiv>
            <Unicode>ننم</Unicode>
          </TextEquiv>
        </Word>
        <TextEquiv>
          <Unicode> ا لفجر ثم ل ا تمو ا لصيا م ا لى ا لليل و لا تبا شر و هن و ا ننم</Unicode>
        </TextEquiv>
      </TextLine>
      <TextLine id="l5">
        <Coords points="72,1144 1597,1144 1597,1292 72,1292"/>
        <Word id="w89">
          <Coords points="1545,1144 1596,1144 1596,1245 1545,1245"/>
          <TextEquiv>
            <Unicode>عا</Unicode>
          </TextEquiv>
        </Word>
        <Word id="w90">
          <Coords points="1287,1175 1540,1175 1540,1279 1287,1279"/>
          <TextEquiv>
            <Unicode>كفو</Unicode>
          </TextEquiv>
        </Word>
        <Word id="w91">
          <Coords points="1244,1197 1296,1197 1296,1261 1244,1261"/>
          <TextEquiv>
            <Unicode>ن</Unicode>
          </TextEquiv>
        </Word>
        <Word id="w92">
          <Coords points="1139,1174 1231,1174 1231,1248 1139,1248"/>
          <TextEquiv>
            <Unicode>في</Unicode>
          </TextEquiv>
        </Word>
        <Word id="w93">
          <Coords points="1103,1153 1121,1153 1121,1244 1103,1244"/>
          <TextEquiv>
            <Unicode>ا</Unicode>
          </TextEquiv>
        </Word>
        <Word id="w94">
          <Coords points="983,1153 1098,1153 1098,1255 983,1255"/>
          <TextEquiv>
            <Unicode>لمسا</Unicode>
          </TextEquiv>
        </Word>
        <Word id="w95">
          <Coords points="875,1193 978,1193 978,1270 875,1270"/>
          <TextEquiv>
            <Unicode>حد</Unicode>
          </TextEquiv>
        </Word>
        <Word id="w96">
          <Coords points="726,1158 861,1158 861,1272 726,1272"/>
          <TextEquiv>
            <Unicode>تلك</Unicode>
          </TextEquiv>
        </Word>
        <Word id="w97">
          <Coords points="612,1201 712,1201 712,1266 612,1266"/>
          <TextEquiv>
            <Unicode>جد</Unicode>
          </TextEquiv>
        </Word>
        <Word id="w98">
          <Coords points="549,1221 603,1221 603,1283 549,1283"/>
          <TextEquiv>
            <Unicode>و</Unicode>
          </TextEquiv>
        </Word>
        <Word id="w99">
          <Coords points="515,1213 556,1213 556,1265 515,1265"/>
          <TextEquiv>
            <Unicode>د</Unicode>
          </TextEquiv>
        </Word>
        <Word id="w100">
          <Coords points="473,1164 491,1164 491,1253 473,1253"/>
          <TextEquiv>
            <Unicode>ا</Unicode>
          </TextEquiv>
        </Word>
        <Word id="w101">
          <Coords points="397,1206 466,1206 466,1264 397,1264"/>
          <TextEquiv>
            <Unicode>لله</Unicode>
          </TextEquiv>
        </Word>
        <Word id="w102">
          <Coords points="285,1165 379,1165 379,1275 285,1275"/>
          <TextEquiv>
            <Unicode>فلا</Unicode>
          </TextEquiv>
        </Word>
        <Word id="w103">
          <Coords points="168,1167 284,1167 284,1291 168,1291"/>
          <TextEquiv>
            <Unicode>تقر</Unicode>
          </TextEquiv>
        </Word>
        <Word id="w104">
          <Coords points="107,1217 169,1217 169,1286 107,1286"/>
          <TextEquiv>
            <Unicode>بو</Unicode>
          </TextEquiv>
        </Word>
        <Word id="w105">
          <Coords points="72,1163 123,1163 123,1259 72,1259"/>
          <TextEquiv>
            <Unicode>ها</Unicode>
          </TextEquiv>
        </Word>
        <TextEquiv>
          <Unicode> عا كفو ن في ا لمسا حد تلك جد و د ا لله فلا تقر بو ها</Unicode>
        </TextEquiv>
      </TextLine>
      <TextLine id="l6">
        <Coords points="81,1331 1649,1331 1649,1511 81,1511"/>
        <Word id="w106">
          <Coords points="1535,1331 1648,1331 1648,1476 1535,1476"/>
          <TextEquiv>
            <Unicode>كذ</Unicode>
          </TextEquiv>
        </Word>
        <Word id="w107">
          <Coords points="1413,1379 1519,1379 1519,1478 1413,1478"/>
          <TextEquiv>
            <Unicode>لك</Unicode>
          </TextEquiv>
        </Word>
        <Word id="w108">
          <Coords points="1253,1420 1402,1420 1402,1495 1253,1495"/>
          <TextEquiv>
            <Unicode>يبين</Unicode>
          </TextEquiv>
        </Word>
        <Word id="w109">
          <Coords points="1221,1371 1243,1371 1243,1468 1221,1468"/>
          <TextEquiv>
            <Unicode>ا</Unicode>
          </TextEquiv>
        </Word>
        <Word id="w110">
          <Coords points="1142,1418 1211,1418 1211,1478 1142,1478"/>
          <TextEquiv>
            <Unicode>لله</Unicode>
          </TextEquiv>
        </Word>
        <Word id="w111">
          <Coords points="1102,1378 1118,1378 1118,1467 1102,1467"/>
          <TextEquiv>
            <Unicode>ا</Unicode>
          </TextEquiv>
        </Word>
        <Word id="w112">
          <Coords points="1049,1372 1078,1372 1078,1507 1049,1507"/>
          <TextEquiv>
            <Unicode>يا</Unicode>
          </TextEquiv>
        </Word>
        <Word id="w113">
          <Coords points="971,1385 1023,1385 1023,1474 971,1474"/>
          <TextEquiv>
            <Unicode>ته</Unicode>
          </TextEquiv>
        </Word>
        <Word id="w114">
          <Coords points="841,1379 951,1379 951,1482 841,1482"/>
          <TextEquiv>
            <Unicode>للنا</Unicode>
          </TextEquiv>
        </Word>
        <Word id="w115">
          <Coords points="740,1442 822,1442 822,1510 740,1510"/>
          <TextEquiv>
            <Unicode>س</Unicode>
          </TextEquiv>
        </Word>
        <Word id="w116">
          <Coords points="516,1383 737,1383 737,1499 516,1499"/>
          <TextEquiv>
            <Unicode>لعلهم</Unicode>
          </TextEquiv>
        </Word>
        <Word id="w117">
          <Coords points="384,1390 525,1390 525,1501 384,1501"/>
          <TextEquiv>
            <Unicode>يتقو</Unicode>
          </TextEquiv>
        </Word>
        <Word id="w118">
          <Coords points="208,1429 392,1429 392,1499 208,1499"/>
          <TextEquiv>
            <Unicode>ن</Unicode>
          </TextEquiv>
        </Word>
        <Word id="w119">
          <Coords points="127,1438 172,1438 172,1496 127,1496"/>
          <TextEquiv>
            <Unicode>و</Unicode>
          </TextEquiv>
        </Word>
        <Word id="w120">
          <Coords points="81,1387 176,1387 176,1476 81,1476"/>
          <TextEquiv>
            <Unicode>لا</Unicode>
          </TextEquiv>
        </Word>
        <TextEquiv>
          <Unicode> كذ لك يبين ا لله ا يا ته للنا س لعلهم يتقو ن و لا</Unicode>
        </TextEquiv>
      </TextLine>
      <TextLine id="l7">
        <Coords points="73,1576 1608,1576 1608,1761 73,1761"/>
        <Word id="w121">
          <Coords points="1578,1587 1607,1587 1607,1693 1578,1693"/>
          <TextEquiv>
            <Unicode>تا</Unicode>
          </TextEquiv>
        </Word>
        <Word id="w122">
          <Coords points="1433,1589 1448,1589 1448,1689 1433,1689"/>
          <TextEquiv>
            <Unicode>ا</Unicode>
          </TextEquiv>
        </Word>
        <Word id="w123">
          <Coords points="1432,1582 1576,1582 1576,1716 1432,1716"/>
          <TextEquiv>
            <Unicode>كلو</Unicode>
          </TextEquiv>
        </Word>
        <Word id="w124">
          <Coords points="1400,1599 1413,1599 1413,1684 1400,1684"/>
          <TextEquiv>
            <Unicode>ا</Unicode>
          </TextEquiv>
        </Word>
        <Word id="w125">
          <Coords points="1307,1661 1388,1661 1388,1722 1307,1722"/>
          <TextEquiv>
            <Unicode>مو</Unicode>
          </TextEquiv>
        </Word>
        <Word id="w126">
          <Coords points="1299,1593 1311,1593 1311,1682 1299,1682"/>
          <TextEquiv>
            <Unicode>ا</Unicode>
          </TextEquiv>
        </Word>
        <Word id="w127">
          <Coords points="1002,1592 1280,1592 1280,1721 1002,1721"/>
          <TextEquiv>
            <Unicode>لكم</Unicode>
          </TextEquiv>
        </Word>
        <Word id="w128">
          <Coords points="864,1576 1015,1576 1015,1760 864,1760"/>
          <TextEquiv>
            <Unicode>بينكم</Unicode>
          </TextEquiv>
        </Word>
        <Word id="w129">
          <Coords points="806,1599 842,1599 842,1729 806,1729"/>
          <TextEquiv>
            <Unicode>با</Unicode>
          </TextEquiv>
        </Word>
        <Word id="w130">
          <Coords points="716,1604 776,1604 776,1726 716,1726"/>
          <TextEquiv>
            <Unicode>لبا</Unicode>
          </TextEquiv>
        </Word>
        <Word id="w131">
          <Coords points="563,1602 699,1602 699,1746 563,1746"/>
          <TextEquiv>
            <Unicode>طل</Unicode>
          </TextEquiv>
        </Word>
        <Word id="w132">
          <Coords points="497,1615 558,1615 558,1712 497,1712"/>
          <TextEquiv>
            <Unicode>تد</Unicode>
          </TextEquiv>
        </Word>
        <Word id="w133">
          <Coords points="421,1603 438,1603 438,1700 421,1700"/>
          <TextEquiv>
            <Unicode>ا</Unicode>
          </TextEquiv>
        </Word>
        <Word id="w134">
          <Coords points="420,1607 484,1607 484,1732 420,1732"/>
          <TextEquiv>
            <Unicode>لو</Unicode>
          </TextEquiv>
        </Word>
        <Word id="w135">
          <Coords points="339,1594 414,1594 414,1731 339,1731"/>
          <TextEquiv>
            <Unicode>بها</Unicode>
          </TextEquiv>
        </Word>
        <Word id="w136">
          <Coords points="304,1611 317,1611 317,1701 304,1701"/>
          <TextEquiv>
            <Unicode>ا</Unicode>
          </TextEquiv>
        </Word>
        <Word id="w137">
          <Coords points="221,1611 292,1611 292,1740 221,1740"/>
          <TextEquiv>
            <Unicode>لى</Unicode>
          </TextEquiv>
        </Word>
        <Word id="w138">
          <Coords points="110,1603 224,1603 224,1712 110,1712"/>
          <TextEquiv>
            <Unicode>لحكا</Unicode>
          </TextEquiv>
        </Word>
        <Word id="w139">
          <Coords points="73,1661 106,1661 106,1738 73,1738"/>
          <TextEquiv>
            <Unicode>م</Unicode>
          </TextEquiv>
        </Word>
        <TextEquiv>
          <Unicode> تا ا كلو ا مو ا لكم بينكم با لبا طل تد ا لو بها ا لى لحكا م</Unicode>
        </TextEquiv>
      </TextLine>
      <TextLine id="l8">
        <Coords points="171,1801 1622,1801 1622,1999 171,1999"/>
        <Word id="w140">
          <Coords points="1559,1806 1621,1806 1621,1913 1559,1913"/>
          <TextEquiv>
            <Unicode>لتا</Unicode>
          </TextEquiv>
        </Word>
        <Word id="w141">
          <Coords points="1429,1807 1558,1807 1558,1931 1429,1931"/>
          <TextEquiv>
            <Unicode>كلو</Unicode>
          </TextEquiv>
        </Word>
        <Word id="w142">
          <Coords points="1425,1803 1445,1803 1445,1905 1425,1905"/>
          <TextEquiv>
            <Unicode>ا</Unicode>
          </TextEquiv>
        </Word>
        <Word id="w143">
          <Coords points="1343,1841 1407,1841 1407,1937 1343,1937"/>
          <TextEquiv>
            <Unicode>فر</Unicode>
          </TextEquiv>
        </Word>
        <Word id="w144">
          <Coords points="1238,1801 1349,1801 1349,1950 1238,1950"/>
          <TextEquiv>
            <Unicode>يقا</Unicode>
          </TextEquiv>
        </Word>
        <Word id="w145">
          <Coords points="1127,1878 1221,1878 1221,1946 1127,1946"/>
          <TextEquiv>
            <Unicode>من</Unicode>
          </TextEquiv>
        </Word>
        <Word id="w146">
          <Coords points="1106,1818 1119,1818 1119,1907 1106,1907"/>
          <TextEquiv>
            <Unicode>ا</Unicode>
          </TextEquiv>
        </Word>
        <Word id="w147">
          <Coords points="998,1884 1093,1884 1093,1948 998,1948"/>
          <TextEquiv>
            <Unicode>مو</Unicode>
          </TextEquiv>
        </Word>
        <Word id="w148">
          <Coords points="996,1817 1011,1817 1011,1912 996,1912"/>
          <TextEquiv>
            <Unicode>ا</Unicode>
          </TextEquiv>
        </Word>
        <Word id="w149">
          <Coords points="934,1819 977,1819 977,1938 934,1938"/>
          <TextEquiv>
            <Unicode>ل</Unicode>
          </TextEquiv>
        </Word>
        <Word id="w150">
          <Coords points="911,1826 923,1826 923,1909 911,1909"/>
          <TextEquiv>
            <Unicode>ا</Unicode>
          </TextEquiv>
        </Word>
        <Word id="w151">
          <Coords points="832,1824 897,1824 897,1933 832,1933"/>
          <TextEquiv>
            <Unicode>لنا</Unicode>
          </TextEquiv>
        </Word>
        <Word id="w152">
          <Coords points="735,1893 821,1893 821,1966 735,1966"/>
          <TextEquiv>
            <Unicode>س</Unicode>
          </TextEquiv>
        </Word>
        <Word id="w153">
          <Coords points="715,1819 741,1819 741,1919 715,1919"/>
          <TextEquiv>
            <Unicode>با</Unicode>
          </TextEquiv>
        </Word>
        <Word id="w154">
          <Coords points="638,1827 694,1827 694,1926 638,1926"/>
          <TextEquiv>
            <Unicode>لا</Unicode>
          </TextEquiv>
        </Word>
        <Word id="w155">
          <Coords points="547,1841 629,1841 629,1953 547,1953"/>
          <TextEquiv>
            <Unicode>ثم</Unicode>
          </TextEquiv>
        </Word>
        <Word id="w156">
          <Coords points="512,1888 557,1888 557,1945 512,1945"/>
          <TextEquiv>
            <Unicode>و</Unicode>
          </TextEquiv>
        </Word>
        <Word id="w157">
          <Coords points="502,1823 513,1823 513,1917 502,1917"/>
          <TextEquiv>
            <Unicode>ا</Unicode>
          </TextEquiv>
        </Word>
        <Word id="w158">
          <Coords points="401,1850 478,1850 478,1998 401,1998"/>
          <TextEquiv>
            <Unicode>نتم</Unicode>
          </TextEquiv>
        </Word>
        <Word id="w159">
          <Coords points="210,1830 381,1830 381,1966 210,1966"/>
          <TextEquiv>
            <Unicode>تعلمو</Unicode>
          </TextEquiv>
        </Word>
        <Word id="w160">
          <Coords points="171,1875 226,1875 226,1940 171,1940"/>
          <TextEquiv>
            <Unicode>ن</Unicode>
          </TextEquiv>
        </Word>
        <TextEquiv>
          <Unicode> لتا كلو ا فر يقا من ا مو ا ل ا لنا س با لا ثم و ا نتم تعلمو ن</Unicode>
        </TextEquiv>
      </TextLine>
      <TextLine id="l9">
        <Coords points="68,2031 1622,2031 1622,2222 68,2222"/>
        <Word id="w161">
          <Coords points="1525,2035 1621,2035 1621,2136 1525,2136"/>
          <TextEquiv>
            <Unicode>يسا</Unicode>
          </TextEquiv>
        </Word>
        <Word id="w162">
          <Coords points="1438,2041 1496,2041 1496,2165 1438,2165"/>
          <TextEquiv>
            <Unicode>لو</Unicode>
          </TextEquiv>
        </Word>
        <Word id="w163">
          <Coords points="1330,2031 1431,2031 1431,2142 1330,2142"/>
          <TextEquiv>
            <Unicode>نك</Unicode>
          </TextEquiv>
        </Word>
        <Word id="w164">
          <Coords points="1223,2034 1235,2034 1235,2126 1223,2126"/>
          <TextEquiv>
            <Unicode>ا</Unicode>
          </TextEquiv>
        </Word>
        <Word id="w165">
          <Coords points="1146,2036 1205,2036 1205,2144 1146,2144"/>
          <TextEquiv>
            <Unicode>لا</Unicode>
          </TextEquiv>
        </Word>
        <Word id="w166">
          <Coords points="1083,2076 1324,2076 1324,2178 1083,2178"/>
          <TextEquiv>
            <Unicode>عن</Unicode>
          </TextEquiv>
        </Word>
        <Word id="w167">
          <Coords points="994,2039 1137,2039 1137,2156 994,2156"/>
          <TextEquiv>
            <Unicode>هله</Unicode>
          </TextEquiv>
        </Word>
        <Word id="w168">
          <Coords points="894,2043 976,2043 976,2170 894,2170"/>
          <TextEquiv>
            <Unicode>قل</Unicode>
          </TextEquiv>
        </Word>
        <Word id="w169">
          <Coords points="793,2077 896,2077 896,2166 793,2166"/>
          <TextEquiv>
            <Unicode>هي</Unicode>
          </TextEquiv>
        </Word>
        <Word id="w170">
          <Coords points="706,2040 718,2040 718,2130 706,2130"/>
          <TextEquiv>
            <Unicode>ا</Unicode>
          </TextEquiv>
        </Word>
        <Word id="w171">
          <Coords points="702,2102 793,2102 793,2162 702,2162"/>
          <TextEquiv>
            <Unicode>مو</Unicode>
          </TextEquiv>
        </Word>
        <Word id="w172">
          <Coords points="548,2054 695,2054 695,2166 548,2166"/>
          <TextEquiv>
            <Unicode>قيت</Unicode>
          </TextEquiv>
        </Word>
        <Word id="w173">
          <Coords points="441,2046 533,2046 533,2152 441,2152"/>
          <TextEquiv>
            <Unicode>للنا</Unicode>
          </TextEquiv>
        </Word>
        <Word id="w174">
          <Coords points="296,2100 420,2100 420,2180 296,2180"/>
          <TextEquiv>
            <Unicode>س</Unicode>
          </TextEquiv>
        </Word>
        <Word id="w175">
          <Coords points="293,2094 347,2094 347,2164 293,2164"/>
          <TextEquiv>
            <Unicode>و</Unicode>
          </TextEquiv>
        </Word>
        <Word id="w176">
          <Coords points="292,2032 305,2032 305,2126 292,2126"/>
          <TextEquiv>
            <Unicode>ا</Unicode>
          </TextEquiv>
        </Word>
        <Word id="w177">
          <Coords points="189,2031 270,2031 270,2221 189,2221"/>
          <TextEquiv>
            <Unicode>لحج</Unicode>
          </TextEquiv>
        </Word>
        <Word id="w178">
          <Coords points="138,2102 191,2102 191,2159 138,2159"/>
          <TextEquiv>
            <Unicode>و</Unicode>
          </TextEquiv>
        </Word>
        <Word id="w179">
          <Coords points="68,2034 158,2034 158,2155 68,2155"/>
          <TextEquiv>
            <Unicode>ليسر</Unicode>
          </TextEquiv>
        </Word>
        <TextEquiv>
          <Unicode> يسا لو نك ا لا عن هله قل هي ا مو قيت للنا س و ا لحج و ليسر</Unicode>
        </TextEquiv>
      </TextLine>
      <TextLine id="l10">
        <Coords points="75,2244 1639,2244 1639,2411 75,2411"/>
        <Word id="w180">
          <Coords points="1620,2262 1638,2262 1638,2355 1620,2355"/>
          <TextEquiv>
            <Unicode>ا</Unicode>
          </TextEquiv>
        </Word>
        <Word id="w181">
          <Coords points="1519,2265 1601,2265 1601,2380 1519,2380"/>
          <TextEquiv>
            <Unicode>لبر</Unicode>
          </TextEquiv>
        </Word>
        <Word id="w182">
          <Coords points="1483,2252 1509,2252 1509,2359 1483,2359"/>
          <TextEquiv>
            <Unicode>با</Unicode>
          </TextEquiv>
        </Word>
        <Word id="w183">
          <Coords points="1409,2313 1463,2313 1463,2377 1409,2377"/>
          <TextEquiv>
            <Unicode>ن</Unicode>
          </TextEquiv>
        </Word>
        <Word id="w184">
          <Coords points="1365,2255 1390,2255 1390,2364 1365,2364"/>
          <TextEquiv>
            <Unicode>نا</Unicode>
          </TextEquiv>
        </Word>
        <Word id="w185">
          <Coords points="1283,2255 1292,2255 1292,2348 1283,2348"/>
          <TextEquiv>
            <Unicode>ا</Unicode>
          </TextEquiv>
        </Word>
        <Word id="w186">
          <Coords points="1274,2275 1341,2275 1341,2386 1274,2386"/>
          <TextEquiv>
            <Unicode>نو</Unicode>
          </TextEquiv>
        </Word>
        <Word id="w187">
          <Coords points="1248,2261 1263,2261 1263,2349 1248,2349"/>
          <TextEquiv>
            <Unicode>ا</Unicode>
          </TextEquiv>
        </Word>
        <Word id="w188">
          <Coords points="1115,2260 1227,2260 1227,2387 1115,2387"/>
          <TextEquiv>
            <Unicode>لبيو</Unicode>
          </TextEquiv>
        </Word>
        <Word id="w189">
          <Coords points="1024,2303 1137,2303 1137,2364 1024,2364"/>
          <TextEquiv>
            <Unicode>ت</Unicode>
          </TextEquiv>
        </Word>
        <Word id="w190">
          <Coords points="924,2315 1018,2315 1018,2384 924,2384"/>
          <TextEquiv>
            <Unicode>من</Unicode>
          </TextEquiv>
        </Word>
        <Word id="w191">
          <Coords points="770,2255 917,2255 917,2395 770,2395"/>
          <TextEquiv>
            <Unicode>ظهو</Unicode>
          </TextEquiv>
        </Word>
        <Word id="w192">
          <Coords points="730,2325 774,2325 774,2378 730,2378"/>
          <TextEquiv>
            <Unicode>ر</Unicode>
          </TextEquiv>
        </Word>
        <Word id="w193">
          <Coords points="675,2253 737,2253 737,2361 675,2361"/>
          <TextEquiv>
            <Unicode>ها</Unicode>
          </TextEquiv>
        </Word>
        <Word id="w194">
          <Coords points="604,2332 650,2332 650,2390 604,2390"/>
          <TextEquiv>
            <Unicode>و</Unicode>
          </TextEquiv>
        </Word>
        <Word id="w195">
          <Coords points="487,2244 628,2244 628,2399 487,2399"/>
          <TextEquiv>
            <Unicode>لكن</Unicode>
          </TextEquiv>
        </Word>
        <Word id="w196">
          <Coords points="460,2273 477,2273 477,2359 460,2359"/>
          <TextEquiv>
            <Unicode>ا</Unicode>
          </TextEquiv>
        </Word>
        <Word id="w197">
          <Coords points="331,2275 445,2275 445,2407 331,2407"/>
          <TextEquiv>
            <Unicode>لبر</Unicode>
          </TextEquiv>
        </Word>
        <Word id="w198">
          <Coords points="210,2256 229,2256 229,2344 210,2344"/>
          <TextEquiv>
            <Unicode>ا</Unicode>
          </TextEquiv>
        </Word>
        <Word id="w199">
          <Coords points="120,2277 273,2277 273,2386 120,2386"/>
          <TextEquiv>
            <Unicode>تقى</Unicode>
          </TextEquiv>
        </Word>
        <Word id="w200">
          <Coords points="116,2304 340,2304 340,2410 116,2410"/>
          <TextEquiv>
            <Unicode>من</Unicode>
          </TextEquiv>
        </Word>
        <Word id="w201">
          <Coords points="75,2313 118,2313 118,2375 75,2375"/>
          <TextEquiv>
            <Unicode>و</Unicode>
          </TextEquiv>
        </Word>
        <TextEquiv>
          <Unicode> ا لبر با ن نا ا نو ا لبيو ت من ظهو ر ها و لكن ا لبر ا تقى من و</Unicode>
        </TextEquiv>
      </TextLine>
      <TextLine id="l11">
        <Coords points="154,2471 1644,2471 1644,2624 154,2624"/>
        <Word id="w202">
          <Coords points="1623,2471 1643,2471 1643,2577 1623,2577"/>
          <TextEquiv>
            <Unicode>ا</Unicode>
          </TextEquiv>
        </Word>
        <Word id="w203">
          <Coords points="1548,2474 1558,2474 1558,2562 1548,2562"/>
          <TextEquiv>
            <Unicode>ا</Unicode>
          </TextEquiv>
        </Word>
        <Word id="w204">
          <Coords points="1548,2499 1610,2499 1610,2597 1548,2597"/>
          <TextEquiv>
            <Unicode>تو</Unicode>
          </TextEquiv>
        </Word>
        <Word id="w205">
          <Coords points="1510,2476 1526,2476 1526,2568 1510,2568"/>
          <TextEquiv>
            <Unicode>ا</Unicode>
          </TextEquiv>
        </Word>
        <Word id="w206">
          <Coords points="1384,2478 1490,2478 1490,2595 1384,2595"/>
          <TextEquiv>
            <Unicode>لبيو</Unicode>
          </TextEquiv>
        </Word>
        <Word id="w207">
          <Coords points="1286,2514 1399,2514 1399,2577 1286,2577"/>
          <TextEquiv>
            <Unicode>ت</Unicode>
          </TextEquiv>
        </Word>
        <Word id="w208">
          <Coords points="1177,2537 1277,2537 1277,2609 1177,2609"/>
          <TextEquiv>
            <Unicode>من</Unicode>
          </TextEquiv>
        </Word>
        <Word id="w209">
          <Coords points="1158,2483 1175,2483 1175,2571 1158,2571"/>
          <TextEquiv>
            <Unicode>ا</Unicode>
          </TextEquiv>
        </Word>
        <Word id="w210">
          <Coords points="1077,2487 1088,2487 1088,2574 1077,2574"/>
          <TextEquiv>
            <Unicode>ا</Unicode>
          </TextEquiv>
        </Word>
        <Word id="w211">
          <Coords points="1071,2538 1141,2538 1141,2609 1071,2609"/>
          <TextEquiv>
            <Unicode>بو</Unicode>
          </TextEquiv>
        </Word>
        <Word id="w212">
          <Coords points="988,2477 1062,2477 1062,2614 988,2614"/>
          <TextEquiv>
            <Unicode>بها</Unicode>
          </TextEquiv>
        </Word>
        <Word id="w213">
          <Coords points="910,2550 962,2550 962,2610 910,2610"/>
          <TextEquiv>
            <Unicode>و</Unicode>
          </TextEquiv>
        </Word>
        <Word id="w214">
          <Coords points="906,2484 920,2484 920,2576 906,2576"/>
          <TextEquiv>
            <Unicode>ا</Unicode>
          </TextEquiv>
        </Word>
        <Word id="w215">
          <Coords points="778,2478 796,2478 796,2575 778,2575"/>
          <TextEquiv>
            <Unicode>ا</Unicode>
          </TextEquiv>
        </Word>
        <Word id="w216">
          <Coords points="777,2497 890,2497 890,2614 777,2614"/>
          <TextEquiv>
            <Unicode>تقو</Unicode>
          </TextEquiv>
        </Word>
        <Word id="w217">
          <Coords points="748,2489 763,2489 763,2574 748,2574"/>
          <TextEquiv>
            <Unicode>ا</Unicode>
          </TextEquiv>
        </Word>
        <Word id="w218">
          <Coords points="671,2529 740,2529 740,2585 671,2585"/>
          <TextEquiv>
            <Unicode>لله</Unicode>
          </TextEquiv>
        </Word>
        <Word id="w219">
          <Coords points="320,2490 655,2490 655,2605 320,2605"/>
          <TextEquiv>
            <Unicode>لعلكم</Unicode>
          </TextEquiv>
        </Word>
        <Word id="w220">
          <Coords points="198,2481 344,2481 344,2623 198,2623"/>
          <TextEquiv>
            <Unicode>تفلحو</Unicode>
          </TextEquiv>
        </Word>
        <Word id="w221">
          <Coords points="154,2536 207,2536 207,2601 154,2601"/>
          <TextEquiv>
            <Unicode>ن</Unicode>
          </TextEquiv>
        </Word>
        <TextEquiv>
          <Unicode> ا ا تو ا لبيو ت من ا ا بو بها و ا ا تقو ا لله لعلكم تفلحو ن</Unicode>
        </TextEquiv>
      </TextLine>
      <TextLine id="l12">
        <Coords points="104,2674 1646,2674 1646,2855 104,2855"/>
        <Word id="w222">
          <Coords points="1600,2751 1645,2751 1645,2811 1600,2811"/>
          <TextEquiv>
            <Unicode>و</Unicode>
          </TextEquiv>
        </Word>
        <Word id="w223">
          <Coords points="1564,2685 1601,2685 1601,2795 1564,2795"/>
          <TextEquiv>
            <Unicode>قا</Unicode>
          </TextEquiv>
        </Word>
        <Word id="w224">
          <Coords points="1441,2688 1532,2688 1532,2818 1441,2818"/>
          <TextEquiv>
            <Unicode>تلو</Unicode>
          </TextEquiv>
        </Word>
        <Word id="w225">
          <Coords points="1436,2679 1453,2679 1453,2787 1436,2787"/>
          <TextEquiv>
            <Unicode>ا</Unicode>
          </TextEquiv>
        </Word>
        <Word id="w226">
          <Coords points="1345,2727 1432,2727 1432,2800 1345,2800"/>
          <TextEquiv>
            <Unicode>في</Unicode>
          </TextEquiv>
        </Word>
        <Word id="w227">
          <Coords points="1117,2690 1333,2690 1333,2833 1117,2833"/>
          <TextEquiv>
            <Unicode>سبيل</Unicode>
          </TextEquiv>
        </Word>
        <Word id="w228">
          <Coords points="1103,2693 1115,2693 1115,2785 1103,2785"/>
          <TextEquiv>
            <Unicode>ا</Unicode>
          </TextEquiv>
        </Word>
        <Word id="w229">
          <Coords points="1023,2744 1094,2744 1094,2800 1023,2800"/>
          <TextEquiv>
            <Unicode>لله</Unicode>
          </TextEquiv>
        </Word>
        <Word id="w230">
          <Coords points="988,2707 1003,2707 1003,2791 988,2791"/>
          <TextEquiv>
            <Unicode>ا</Unicode>
          </TextEquiv>
        </Word>
        <Word id="w231">
          <Coords points="914,2704 972,2704 972,2806 914,2806"/>
          <TextEquiv>
            <Unicode>لذ</Unicode>
          </TextEquiv>
        </Word>
        <Word id="w232">
          <Coords points="838,2757 914,2757 914,2819 838,2819"/>
          <TextEquiv>
            <Unicode>ين</Unicode>
          </TextEquiv>
        </Word>
        <Word id="w233">
          <Coords points="737,2688 829,2688 829,2843 737,2843"/>
          <TextEquiv>
            <Unicode>يقا</Unicode>
          </TextEquiv>
        </Word>
        <Word id="w234">
          <Coords points="617,2698 709,2698 709,2828 617,2828"/>
          <TextEquiv>
            <Unicode>تلو</Unicode>
          </TextEquiv>
        </Word>
        <Word id="w235">
          <Coords points="547,2674 659,2674 659,2854 547,2854"/>
          <TextEquiv>
            <Unicode>نكم</Unicode>
          </TextEquiv>
        </Word>
        <Word id="w236">
          <Coords points="462,2763 509,2763 509,2819 462,2819"/>
          <TextEquiv>
            <Unicode>و</Unicode>
          </TextEquiv>
        </Word>
        <Word id="w237">
          <Coords points="411,2705 525,2705 525,2800 411,2800"/>
          <TextEquiv>
            <Unicode>لا</Unicode>
          </TextEquiv>
        </Word>
        <Word id="w238">
          <Coords points="265,2742 402,2742 402,2810 265,2810"/>
          <TextEquiv>
            <Unicode>تعتد</Unicode>
          </TextEquiv>
        </Word>
        <Word id="w239">
          <Coords points="213,2696 223,2696 223,2793 213,2793"/>
          <TextEquiv>
            <Unicode>ا</Unicode>
          </TextEquiv>
        </Word>
        <Word id="w240">
          <Coords points="207,2764 266,2764 266,2821 207,2821"/>
          <TextEquiv>
            <Unicode>و</Unicode>
          </TextEquiv>
        </Word>
        <Word id="w241">
          <Coords points="168,2709 182,2709 182,2799 168,2799"/>
          <TextEquiv>
            <Unicode>ا</Unicode>
          </TextEquiv>
        </Word>
        <Word id="w242">
          <Coords points="104,2750 164,2750 164,2812 104,2812"/>
          <TextEquiv>
            <Unicode>ن</Unicode>
          </TextEquiv>
        </Word>
        <TextEquiv>
          <Unicode> و قا تلو ا في سبيل ا لله ا لذ ين يقا تلو نكم و لا تعتد ا و ا ن</Unicode>
        </TextEquiv>
      </TextLine>
      <TextLine id="l13">
        <Coords points="110,2904 1659,2904 1659,3073 110,3073"/>
        <Word id="w243">
          <Coords points="1640,2904 1658,2904 1658,3005 1640,3005"/>
          <TextEquiv>
            <Unicode>ا</Unicode>
          </TextEquiv>
        </Word>
        <Word id="w244">
          <Coords points="1558,2954 1630,2954 1630,3013 1558,3013"/>
          <TextEquiv>
            <Unicode>لله</Unicode>
          </TextEquiv>
        </Word>
        <Word id="w245">
          <Coords points="1474,2919 1531,2919 1531,3016 1474,3016"/>
          <TextEquiv>
            <Unicode>لا</Unicode>
          </TextEquiv>
        </Word>
        <Word id="w246">
          <Coords points="1290,2958 1471,2958 1471,3047 1290,3047"/>
          <TextEquiv>
            <Unicode>يحب</Unicode>
          </TextEquiv>
        </Word>
        <Word id="w247">
          <Coords points="1260,2915 1279,2915 1279,3012 1260,3012"/>
          <TextEquiv>
            <Unicode>ا</Unicode>
          </TextEquiv>
        </Word>
        <Word id="w248">
          <Coords points="1067,2922 1261,2922 1261,3025 1067,3025"/>
          <TextEquiv>
            <Unicode>لمعتد</Unicode>
          </TextEquiv>
        </Word>
        <Word id="w249">
          <Coords points="982,2979 1064,2979 1064,3045 982,3045"/>
          <TextEquiv>
            <Unicode>ين</Unicode>
          </TextEquiv>
        </Word>
        <Word id="w250">
          <Coords points="845,2987 893,2987 893,3046 845,3046"/>
          <TextEquiv>
            <Unicode>و</Unicode>
          </TextEquiv>
        </Word>
        <Word id="w251">
          <Coords points="840,2924 852,2924 852,3019 840,3019"/>
          <TextEquiv>
            <Unicode>ا</Unicode>
          </TextEquiv>
        </Word>
        <Word id="w252">
          <Coords points="673,2925 820,2925 820,3057 673,3057"/>
          <TextEquiv>
            <Unicode>قتلو</Unicode>
          </TextEquiv>
        </Word>
        <Word id="w253">
          <Coords points="610,2964 683,2964 683,3070 610,3070"/>
          <TextEquiv>
            <Unicode>هم</Unicode>
          </TextEquiv>
        </Word>
        <Word id="w254">
          <Coords points="151,2948 390,2948 390,3059 151,3059"/>
          <TextEquiv>
            <Unicode>ثقفتو</Unicode>
          </TextEquiv>
        </Word>
        <Word id="w255">
          <Coords points="110,2949 178,2949 178,3072 110,3072"/>
          <TextEquiv>
            <Unicode>هم</Unicode>
          </TextEquiv>
        </Word>
        <TextEquiv>
          <Unicode> ا لله لا يحب ا لمعتد ين و ا قتلو هم ثقفتو هم</Unicode>
        </TextEquiv>
      </TextLine>
    </TextRegion>
  </Page>
</PcGts>
