<?xml version='1.0' encoding='utf-8'?>
<PcGts xmlns:xsi="http://www.w3.org/2001/XMLSchema-instance" xmlns="http://schema.primaresearch.org/PAGE/gts/pagecontent/2019-07-15" xsi:schemaLocation="http://schema.primaresearch.org/PAGE/gts/pagecontent/2019-07-15 http://schema.primaresearch.org/PAGE/gts/pagecontent/2019-07-15/pagecontent.xsd" pcGtsId="pc-aletheiaexamplepage">
  <Metadata>
    <Creator>PRImA Research Lab</Creator>
    <Created>2015-07-17T15:27:13</Created>
    <LastChange>2017-07-14T10:03:33</LastChange>
    <Comments>Example Page</Comments>
  </Metadata>
  <Page imageFilename="3249138/0020-1.png" imageWidth="1681" imageHeight="3129">
    <TextRegion id="r0" type="paragraph">
      <Coords points="1,1 1679,1 1679,3127 1,3127"/>
      <TextLine id="l0">
        <Coords points="34,47 1572,47 1572,230 34,230"/>
        <Word id="w0">
          <Coords points="1471,85 1571,85 1571,168 1471,168"/>
          <TextEquiv>
            <Unicode>م</Unicode>
          </TextEquiv>
        </Word>
        <Word id="w1">
          <Coords points="1471,85 1571,85 1571,168 1471,168"/>
          <TextEquiv>
            <Unicode>فمنل</Unicode>
          </TextEquiv>
        </Word>
        <Word id="w2">
          <Coords points="1381,47 1454,47 1454,166 1381,166"/>
          <TextEquiv>
            <Unicode>لم</Unicode>
          </TextEquiv>
        </Word>
        <Word id="w3">
          <Coords points="1256,87 1409,87 1409,182 1256,182"/>
          <TextEquiv>
            <Unicode>يجد</Unicode>
          </TextEquiv>
        </Word>
        <Word id="w4">
          <Coords points="1124,53 1253,53 1253,193 1124,193"/>
          <TextEquiv>
            <Unicode>فصيا</Unicode>
          </TextEquiv>
        </Word>
        <Word id="w5">
          <Coords points="1072,122 1107,122 1107,208 1072,208"/>
          <TextEquiv>
            <Unicode>م</Unicode>
          </TextEquiv>
        </Word>
        <Word id="w6">
          <Coords points="901,63 1044,63 1044,166 901,166"/>
          <TextEquiv>
            <Unicode>ثلثة</Unicode>
          </TextEquiv>
        </Word>
        <Word id="w7">
          <Coords points="866,63 878,63 878,146 866,146"/>
          <TextEquiv>
            <Unicode>ا</Unicode>
          </TextEquiv>
        </Word>
        <Word id="w8">
          <Coords points="815,61 844,61 844,185 815,185"/>
          <TextEquiv>
            <Unicode>يا</Unicode>
          </TextEquiv>
        </Word>
        <Word id="w9">
          <Coords points="758,116 796,116 796,220 758,220"/>
          <TextEquiv>
            <Unicode>م</Unicode>
          </TextEquiv>
        </Word>
        <Word id="w10">
          <Coords points="661,78 751,78 751,153 661,153"/>
          <TextEquiv>
            <Unicode>في</Unicode>
          </TextEquiv>
        </Word>
        <Word id="w11">
          <Coords points="625,50 650,50 650,139 625,139"/>
          <TextEquiv>
            <Unicode>ا</Unicode>
          </TextEquiv>
        </Word>
        <Word id="w12">
          <Coords points="553,49 650,49 650,229 553,229"/>
          <TextEquiv>
            <Unicode>لحج</Unicode>
          </TextEquiv>
        </Word>
        <Word id="w13">
          <Coords points="477,115 534,115 534,176 477,176"/>
          <TextEquiv>
            <Unicode>و</Unicode>
          </TextEquiv>
        </Word>
        <Word id="w14">
          <Coords points="317,94 490,94 490,195 317,195"/>
          <TextEquiv>
            <Unicode>سبعة</Unicode>
          </TextEquiv>
        </Word>
        <Word id="w15">
          <Coords points="278,55 300,55 300,146 278,146"/>
          <TextEquiv>
            <Unicode>ا</Unicode>
          </TextEquiv>
        </Word>
        <Word id="w16">
          <Coords points="236,81 275,81 275,165 236,165"/>
          <TextEquiv>
            <Unicode>ذ</Unicode>
          </TextEquiv>
        </Word>
        <Word id="w17">
          <Coords points="218,62 232,62 232,145 218,145"/>
          <TextEquiv>
            <Unicode>ا</Unicode>
          </TextEquiv>
        </Word>
        <Word id="w18">
          <Coords points="162,119 208,119 208,166 162,166"/>
          <TextEquiv>
            <Unicode>ر</Unicode>
          </TextEquiv>
        </Word>
        <Word id="w19">
          <Coords points="34,69 181,69 181,228 34,228"/>
          <TextEquiv>
            <Unicode>جعتم</Unicode>
          </TextEquiv>
        </Word>
        <TextEquiv>
          <Unicode> م فمنل لم يجد فصيا م ثلثة ا يا م في ا لحج و سبعة ا ذ ا ر جعتم</Unicode>
        </TextEquiv>
      </TextLine>
      <TextLine id="l1">
        <Coords points="29,253 1575,253 1575,417 29,417"/>
        <Word id="w20">
          <Coords points="1447,268 1574,268 1574,386 1447,386"/>
          <TextEquiv>
            <Unicode>تلك</Unicode>
          </TextEquiv>
        </Word>
        <Word id="w21">
          <Coords points="1270,292 1439,292 1439,399 1270,399"/>
          <TextEquiv>
            <Unicode>عشر</Unicode>
          </TextEquiv>
        </Word>
        <Word id="w22">
          <Coords points="1268,301 1299,301 1299,371 1268,371"/>
          <TextEquiv>
            <Unicode>ة</Unicode>
          </TextEquiv>
        </Word>
        <Word id="w23">
          <Coords points="1181,271 1258,271 1258,379 1181,379"/>
          <TextEquiv>
            <Unicode>كا</Unicode>
          </TextEquiv>
        </Word>
        <Word id="w24">
          <Coords points="1061,277 1167,277 1167,390 1061,390"/>
          <TextEquiv>
            <Unicode>ملة</Unicode>
          </TextEquiv>
        </Word>
        <Word id="w25">
          <Coords points="996,276 1037,276 1037,378 996,378"/>
          <TextEquiv>
            <Unicode>ذ</Unicode>
          </TextEquiv>
        </Word>
        <Word id="w26">
          <Coords points="868,274 984,274 984,380 868,380"/>
          <TextEquiv>
            <Unicode>لك</Unicode>
          </TextEquiv>
        </Word>
        <Word id="w27">
          <Coords points="762,276 862,276 862,407 762,407"/>
          <TextEquiv>
            <Unicode>لمن</Unicode>
          </TextEquiv>
        </Word>
        <Word id="w28">
          <Coords points="675,278 751,278 751,404 675,404"/>
          <TextEquiv>
            <Unicode>لم</Unicode>
          </TextEquiv>
        </Word>
        <Word id="w29">
          <Coords points="558,255 693,255 693,416 558,416"/>
          <TextEquiv>
            <Unicode>يكن</Unicode>
          </TextEquiv>
        </Word>
        <Word id="w30">
          <Coords points="524,287 539,287 539,378 524,378"/>
          <TextEquiv>
            <Unicode>ا</Unicode>
          </TextEquiv>
        </Word>
        <Word id="w31">
          <Coords points="346,283 510,283 510,389 346,389"/>
          <TextEquiv>
            <Unicode>هله</Unicode>
          </TextEquiv>
        </Word>
        <Word id="w32">
          <Coords points="275,274 341,274 341,378 275,378"/>
          <TextEquiv>
            <Unicode>خا</Unicode>
          </TextEquiv>
        </Word>
        <Word id="w33">
          <Coords points="182,292 275,292 275,401 182,401"/>
          <TextEquiv>
            <Unicode>ضر</Unicode>
          </TextEquiv>
        </Word>
        <Word id="w34">
          <Coords points="156,253 178,253 178,331 156,331"/>
          <TextEquiv>
            <Unicode>ا</Unicode>
          </TextEquiv>
        </Word>
        <Word id="w35">
          <Coords points="131,329 203,329 203,397 131,397"/>
          <TextEquiv>
            <Unicode>ى</Unicode>
          </TextEquiv>
        </Word>
        <Word id="w36">
          <Coords points="29,259 157,259 157,377 29,377"/>
          <TextEquiv>
            <Unicode>لمسجد</Unicode>
          </TextEquiv>
        </Word>
        <TextEquiv>
          <Unicode> تلك عشر ة كا ملة ذ لك لمن لم يكن ا هله خا ضر ا ى لمسجد</Unicode>
        </TextEquiv>
      </TextLine>
      <TextLine id="l2">
        <Coords points="55,486 1584,486 1584,678 55,678"/>
        <Word id="w37">
          <Coords points="1565,486 1583,486 1583,581 1565,581"/>
          <TextEquiv>
            <Unicode>ا</Unicode>
          </TextEquiv>
        </Word>
        <Word id="w38">
          <Coords points="1464,495 1483,495 1483,578 1464,578"/>
          <TextEquiv>
            <Unicode>ا</Unicode>
          </TextEquiv>
        </Word>
        <Word id="w39">
          <Coords points="1459,493 1560,493 1560,617 1459,617"/>
          <TextEquiv>
            <Unicode>لحر</Unicode>
          </TextEquiv>
        </Word>
        <Word id="w40">
          <Coords points="1414,556 1451,556 1451,641 1414,641"/>
          <TextEquiv>
            <Unicode>م</Unicode>
          </TextEquiv>
        </Word>
        <Word id="w41">
          <Coords points="1344,558 1391,558 1391,616 1344,616"/>
          <TextEquiv>
            <Unicode>و</Unicode>
          </TextEquiv>
        </Word>
        <Word id="w42">
          <Coords points="1328,493 1343,493 1343,582 1328,582"/>
          <TextEquiv>
            <Unicode>ا</Unicode>
          </TextEquiv>
        </Word>
        <Word id="w43">
          <Coords points="1209,501 1311,501 1311,626 1209,626"/>
          <TextEquiv>
            <Unicode>تق</Unicode>
          </TextEquiv>
        </Word>
        <Word id="w44">
          <Coords points="1196,497 1208,497 1208,585 1196,585"/>
          <TextEquiv>
            <Unicode>ا</Unicode>
          </TextEquiv>
        </Word>
        <Word id="w45">
          <Coords points="1163,501 1176,501 1176,588 1163,588"/>
          <TextEquiv>
            <Unicode>ا</Unicode>
          </TextEquiv>
        </Word>
        <Word id="w46">
          <Coords points="1086,544 1154,544 1154,600 1086,600"/>
          <TextEquiv>
            <Unicode>لل</Unicode>
          </TextEquiv>
        </Word>
        <Word id="w47">
          <Coords points="1021,565 1066,565 1066,622 1021,622"/>
          <TextEquiv>
            <Unicode>و</Unicode>
          </TextEquiv>
        </Word>
        <Word id="w48">
          <Coords points="1006,504 1020,504 1020,591 1006,591"/>
          <TextEquiv>
            <Unicode>ا</Unicode>
          </TextEquiv>
        </Word>
        <Word id="w49">
          <Coords points="876,502 994,502 994,635 876,635"/>
          <TextEquiv>
            <Unicode>علمو</Unicode>
          </TextEquiv>
        </Word>
        <Word id="w50">
          <Coords points="843,509 853,509 853,592 843,592"/>
          <TextEquiv>
            <Unicode>ا</Unicode>
          </TextEquiv>
        </Word>
        <Word id="w51">
          <Coords points="773,558 825,558 825,620 773,620"/>
          <TextEquiv>
            <Unicode>ن</Unicode>
          </TextEquiv>
        </Word>
        <Word id="w52">
          <Coords points="752,508 766,508 766,590 752,590"/>
          <TextEquiv>
            <Unicode>ا</Unicode>
          </TextEquiv>
        </Word>
        <Word id="w53">
          <Coords points="676,550 742,550 742,606 676,606"/>
          <TextEquiv>
            <Unicode>لله</Unicode>
          </TextEquiv>
        </Word>
        <Word id="w54">
          <Coords points="551,544 660,544 660,611 551,611"/>
          <TextEquiv>
            <Unicode>شد</Unicode>
          </TextEquiv>
        </Word>
        <Word id="w55">
          <Coords points="479,543 541,543 541,639 479,639"/>
          <TextEquiv>
            <Unicode>ي</Unicode>
          </TextEquiv>
        </Word>
        <Word id="w56">
          <Coords points="463,507 481,507 481,590 463,590"/>
          <TextEquiv>
            <Unicode>ا</Unicode>
          </TextEquiv>
        </Word>
        <Word id="w57">
          <Coords points="344,504 453,504 453,605 344,605"/>
          <TextEquiv>
            <Unicode>لعقا</Unicode>
          </TextEquiv>
        </Word>
        <Word id="w58">
          <Coords points="213,565 330,565 330,611 213,611"/>
          <TextEquiv>
            <Unicode>ب</Unicode>
          </TextEquiv>
        </Word>
        <Word id="w59">
          <Coords points="134,488 153,488 153,591 134,591"/>
          <TextEquiv>
            <Unicode>ا</Unicode>
          </TextEquiv>
        </Word>
        <Word id="w60">
          <Coords points="55,494 137,494 137,677 55,677"/>
          <TextEquiv>
            <Unicode>لحج</Unicode>
          </TextEquiv>
        </Word>
        <TextEquiv>
          <Unicode> ا ا لحر م و ا تق ا ا لل و ا علمو ا ن ا لله شد ي ا لعقا ب ا لحج</Unicode>
        </TextEquiv>
      </TextLine>
      <TextLine id="l3">
        <Coords points="49,717 1593,717 1593,898 49,898"/>
        <Word id="w61">
          <Coords points="1575,723 1592,723 1592,815 1575,815"/>
          <TextEquiv>
            <Unicode>ا</Unicode>
          </TextEquiv>
        </Word>
        <Word id="w62">
          <Coords points="1412,748 1564,748 1564,841 1412,841"/>
          <TextEquiv>
            <Unicode>شهر</Unicode>
          </TextEquiv>
        </Word>
        <Word id="w63">
          <Coords points="1253,723 1422,723 1422,846 1253,846"/>
          <TextEquiv>
            <Unicode>معلمو</Unicode>
          </TextEquiv>
        </Word>
        <Word id="w64">
          <Coords points="1205,721 1256,721 1256,826 1205,826"/>
          <TextEquiv>
            <Unicode>ما</Unicode>
          </TextEquiv>
        </Word>
        <Word id="w65">
          <Coords points="1080,785 1195,785 1195,826 1080,826"/>
          <TextEquiv>
            <Unicode>ت</Unicode>
          </TextEquiv>
        </Word>
        <Word id="w66">
          <Coords points="973,759 1072,759 1072,853 973,853"/>
          <TextEquiv>
            <Unicode>فمن</Unicode>
          </TextEquiv>
        </Word>
        <Word id="w67">
          <Coords points="907,771 970,771 970,841 907,841"/>
          <TextEquiv>
            <Unicode>فر</Unicode>
          </TextEquiv>
        </Word>
        <Word id="w68">
          <Coords points="823,783 927,783 927,853 823,853"/>
          <TextEquiv>
            <Unicode>ض</Unicode>
          </TextEquiv>
        </Word>
        <Word id="w69">
          <Coords points="703,743 836,743 836,852 703,852"/>
          <TextEquiv>
            <Unicode>فيهن</Unicode>
          </TextEquiv>
        </Word>
        <Word id="w70">
          <Coords points="680,718 693,718 693,808 680,808"/>
          <TextEquiv>
            <Unicode>ا</Unicode>
          </TextEquiv>
        </Word>
        <Word id="w71">
          <Coords points="592,717 678,717 678,897 592,897"/>
          <TextEquiv>
            <Unicode>لحج</Unicode>
          </TextEquiv>
        </Word>
        <Word id="w72">
          <Coords points="463,726 563,726 563,828 463,828"/>
          <TextEquiv>
            <Unicode>فلا</Unicode>
          </TextEquiv>
        </Word>
        <Word id="w73">
          <Coords points="430,784 468,784 468,835 430,835"/>
          <TextEquiv>
            <Unicode>ر</Unicode>
          </TextEquiv>
        </Word>
        <Word id="w74">
          <Coords points="303,727 439,727 439,828 303,828"/>
          <TextEquiv>
            <Unicode>قث</Unicode>
          </TextEquiv>
        </Word>
        <Word id="w75">
          <Coords points="249,781 295,781 295,838 249,838"/>
          <TextEquiv>
            <Unicode>و</Unicode>
          </TextEquiv>
        </Word>
        <Word id="w76">
          <Coords points="206,724 308,724 308,818 206,818"/>
          <TextEquiv>
            <Unicode>لا</Unicode>
          </TextEquiv>
        </Word>
        <Word id="w77">
          <Coords points="102,769 202,769 202,835 102,835"/>
          <TextEquiv>
            <Unicode>ف</Unicode>
          </TextEquiv>
        </Word>
        <Word id="w78">
          <Coords points="49,770 104,770 104,827 49,827"/>
          <TextEquiv>
            <Unicode>ث</Unicode>
          </TextEquiv>
        </Word>
        <TextEquiv>
          <Unicode> ا شهر معلمو ما ت فمن فر ض فيهن ا لحج فلا ر قث و لا ف ث</Unicode>
        </TextEquiv>
      </TextLine>
      <TextLine id="l4">
        <Coords points="50,934 1584,934 1584,1129 50,1129"/>
        <Word id="w79">
          <Coords points="1542,1001 1583,1001 1583,1055 1542,1055"/>
          <TextEquiv>
            <Unicode>و</Unicode>
          </TextEquiv>
        </Word>
        <Word id="w80">
          <Coords points="1490,942 1546,942 1546,1038 1490,1038"/>
          <TextEquiv>
            <Unicode>لا</Unicode>
          </TextEquiv>
        </Word>
        <Word id="w81">
          <Coords points="1408,943 1499,943 1499,1046 1408,1046"/>
          <TextEquiv>
            <Unicode>حد</Unicode>
          </TextEquiv>
        </Word>
        <Word id="w82">
          <Coords points="1405,941 1420,941 1420,1034 1405,1034"/>
          <TextEquiv>
            <Unicode>ا</Unicode>
          </TextEquiv>
        </Word>
        <Word id="w83">
          <Coords points="1330,949 1382,949 1382,1081 1330,1081"/>
          <TextEquiv>
            <Unicode>ل</Unicode>
          </TextEquiv>
        </Word>
        <Word id="w84">
          <Coords points="1255,951 1351,951 1351,1059 1255,1059"/>
          <TextEquiv>
            <Unicode>فى</Unicode>
          </TextEquiv>
        </Word>
        <Word id="w85">
          <Coords points="1227,943 1240,943 1240,1038 1227,1038"/>
          <TextEquiv>
            <Unicode>ا</Unicode>
          </TextEquiv>
        </Word>
        <Word id="w86">
          <Coords points="1138,940 1214,940 1214,1128 1138,1128"/>
          <TextEquiv>
            <Unicode>لحج</Unicode>
          </TextEquiv>
        </Word>
        <Word id="w87">
          <Coords points="1064,1006 1113,1006 1113,1065 1064,1065"/>
          <TextEquiv>
            <Unicode>و</Unicode>
          </TextEquiv>
        </Word>
        <Word id="w88">
          <Coords points="1024,934 1075,934 1075,1048 1024,1048"/>
          <TextEquiv>
            <Unicode>ا</Unicode>
          </TextEquiv>
        </Word>
        <Word id="w89">
          <Coords points="812,950 998,950 998,1070 812,1070"/>
          <TextEquiv>
            <Unicode>تفعلو</Unicode>
          </TextEquiv>
        </Word>
        <Word id="w90">
          <Coords points="808,953 825,953 825,1046 808,1046"/>
          <TextEquiv>
            <Unicode>ا</Unicode>
          </TextEquiv>
        </Word>
        <Word id="w91">
          <Coords points="703,1010 801,1010 801,1081 703,1081"/>
          <TextEquiv>
            <Unicode>من</Unicode>
          </TextEquiv>
        </Word>
        <Word id="w92">
          <Coords points="598,1006 718,1006 718,1074 598,1074"/>
          <TextEquiv>
            <Unicode>خير</Unicode>
          </TextEquiv>
        </Word>
        <Word id="w93">
          <Coords points="428,958 601,958 601,1092 428,1092"/>
          <TextEquiv>
            <Unicode>يعلمه</Unicode>
          </TextEquiv>
        </Word>
        <Word id="w94">
          <Coords points="391,954 408,954 408,1045 391,1045"/>
          <TextEquiv>
            <Unicode>ا</Unicode>
          </TextEquiv>
        </Word>
        <Word id="w95">
          <Coords points="311,996 381,996 381,1057 311,1057"/>
          <TextEquiv>
            <Unicode>لله</Unicode>
          </TextEquiv>
        </Word>
        <Word id="w96">
          <Coords points="235,1014 292,1014 292,1071 235,1071"/>
          <TextEquiv>
            <Unicode>و</Unicode>
          </TextEquiv>
        </Word>
        <Word id="w97">
          <Coords points="159,1005 245,1005 245,1080 159,1080"/>
          <TextEquiv>
            <Unicode>نز</Unicode>
          </TextEquiv>
        </Word>
        <Word id="w98">
          <Coords points="122,1001 179,1001 179,1063 122,1063"/>
          <TextEquiv>
            <Unicode>و</Unicode>
          </TextEquiv>
        </Word>
        <Word id="w99">
          <Coords points="99,998 138,998 138,1050 99,1050"/>
          <TextEquiv>
            <Unicode>د</Unicode>
          </TextEquiv>
        </Word>
        <Word id="w100">
          <Coords points="53,1009 93,1009 93,1058 53,1058"/>
          <TextEquiv>
            <Unicode>و</Unicode>
          </TextEquiv>
        </Word>
        <Word id="w101">
          <Coords points="50,937 63,937 63,1035 50,1035"/>
          <TextEquiv>
            <Unicode>ا</Unicode>
          </TextEquiv>
        </Word>
        <TextEquiv>
          <Unicode> و لا حد ا ل فى ا لحج و ا تفعلو ا من خير يعلمه ا لله و نز و د و ا</Unicode>
        </TextEquiv>
      </TextLine>
      <TextLine id="l5">
        <Coords points="55,1155 1594,1155 1594,1296 55,1296"/>
        <Word id="w102">
          <Coords points="1558,1164 1593,1164 1593,1270 1558,1270"/>
          <TextEquiv>
            <Unicode>فا</Unicode>
          </TextEquiv>
        </Word>
        <Word id="w103">
          <Coords points="1487,1216 1538,1216 1538,1279 1487,1279"/>
          <TextEquiv>
            <Unicode>ن</Unicode>
          </TextEquiv>
        </Word>
        <Word id="w104">
          <Coords points="1356,1182 1486,1182 1486,1289 1356,1289"/>
          <TextEquiv>
            <Unicode>خير</Unicode>
          </TextEquiv>
        </Word>
        <Word id="w105">
          <Coords points="1341,1157 1366,1157 1366,1256 1341,1256"/>
          <TextEquiv>
            <Unicode>ا</Unicode>
          </TextEquiv>
        </Word>
        <Word id="w106">
          <Coords points="1274,1165 1327,1165 1327,1287 1274,1287"/>
          <TextEquiv>
            <Unicode>لز</Unicode>
          </TextEquiv>
        </Word>
        <Word id="w107">
          <Coords points="1265,1169 1275,1169 1275,1253 1265,1253"/>
          <TextEquiv>
            <Unicode>ا</Unicode>
          </TextEquiv>
        </Word>
        <Word id="w108">
          <Coords points="1212,1216 1248,1216 1248,1266 1212,1266"/>
          <TextEquiv>
            <Unicode>د</Unicode>
          </TextEquiv>
        </Word>
        <Word id="w109">
          <Coords points="1188,1169 1197,1169 1197,1255 1188,1255"/>
          <TextEquiv>
            <Unicode>ا</Unicode>
          </TextEquiv>
        </Word>
        <Word id="w110">
          <Coords points="1038,1170 1173,1170 1173,1287 1038,1287"/>
          <TextEquiv>
            <Unicode>لتفو</Unicode>
          </TextEquiv>
        </Word>
        <Word id="w111">
          <Coords points="966,1212 1044,1212 1044,1282 966,1282"/>
          <TextEquiv>
            <Unicode>ى</Unicode>
          </TextEquiv>
        </Word>
        <Word id="w112">
          <Coords points="911,1220 960,1220 960,1279 911,1279"/>
          <TextEquiv>
            <Unicode>و</Unicode>
          </TextEquiv>
        </Word>
        <Word id="w113">
          <Coords points="898,1162 912,1162 912,1252 898,1252"/>
          <TextEquiv>
            <Unicode>ا</Unicode>
          </TextEquiv>
        </Word>
        <Word id="w114">
          <Coords points="780,1169 881,1169 881,1286 780,1286"/>
          <TextEquiv>
            <Unicode>تقو</Unicode>
          </TextEquiv>
        </Word>
        <Word id="w115">
          <Coords points="725,1208 781,1208 781,1271 725,1271"/>
          <TextEquiv>
            <Unicode>ن</Unicode>
          </TextEquiv>
        </Word>
        <Word id="w116">
          <Coords points="685,1155 710,1155 710,1295 685,1295"/>
          <TextEquiv>
            <Unicode>يا</Unicode>
          </TextEquiv>
        </Word>
        <Word id="w117">
          <Coords points="645,1167 657,1167 657,1256 645,1256"/>
          <TextEquiv>
            <Unicode>ا</Unicode>
          </TextEquiv>
        </Word>
        <Word id="w118">
          <Coords points="588,1227 631,1227 631,1283 588,1283"/>
          <TextEquiv>
            <Unicode>و</Unicode>
          </TextEquiv>
        </Word>
        <Word id="w119">
          <Coords points="516,1164 590,1164 590,1287 516,1287"/>
          <TextEquiv>
            <Unicode>لى</Unicode>
          </TextEquiv>
        </Word>
        <Word id="w120">
          <Coords points="512,1161 530,1161 530,1244 512,1244"/>
          <TextEquiv>
            <Unicode>ا</Unicode>
          </TextEquiv>
        </Word>
        <Word id="w121">
          <Coords points="443,1174 499,1174 499,1268 443,1268"/>
          <TextEquiv>
            <Unicode>ل</Unicode>
          </TextEquiv>
        </Word>
        <Word id="w122">
          <Coords points="379,1176 436,1176 436,1270 379,1270"/>
          <TextEquiv>
            <Unicode>لبا</Unicode>
          </TextEquiv>
        </Word>
        <Word id="w123">
          <Coords points="251,1224 367,1224 367,1294 251,1294"/>
          <TextEquiv>
            <Unicode>ب</Unicode>
          </TextEquiv>
        </Word>
        <Word id="w124">
          <Coords points="55,1170 172,1170 172,1289 55,1289"/>
          <TextEquiv>
            <Unicode>ليس</Unicode>
          </TextEquiv>
        </Word>
        <TextEquiv>
          <Unicode> فا ن خير ا لز ا د ا لتفو ى و ا تقو ن يا ا و لى ا ل لبا ب ليس</Unicode>
        </TextEquiv>
      </TextLine>
      <TextLine id="l6">
        <Coords points="64,1358 1597,1358 1597,1551 64,1551"/>
        <Word id="w125">
          <Coords points="1271,1372 1596,1372 1596,1497 1271,1497"/>
          <TextEquiv>
            <Unicode>عليكم</Unicode>
          </TextEquiv>
        </Word>
        <Word id="w126">
          <Coords points="1196,1374 1294,1374 1294,1510 1196,1510"/>
          <TextEquiv>
            <Unicode>جنا</Unicode>
          </TextEquiv>
        </Word>
        <Word id="w127">
          <Coords points="1125,1440 1199,1440 1199,1535 1125,1535"/>
          <TextEquiv>
            <Unicode>ح</Unicode>
          </TextEquiv>
        </Word>
        <Word id="w128">
          <Coords points="1096,1378 1112,1378 1112,1464 1096,1464"/>
          <TextEquiv>
            <Unicode>ا</Unicode>
          </TextEquiv>
        </Word>
        <Word id="w129">
          <Coords points="1033,1428 1084,1428 1084,1492 1033,1492"/>
          <TextEquiv>
            <Unicode>ن</Unicode>
          </TextEquiv>
        </Word>
        <Word id="w130">
          <Coords points="855,1369 876,1369 876,1466 855,1466"/>
          <TextEquiv>
            <Unicode>ا</Unicode>
          </TextEquiv>
        </Word>
        <Word id="w131">
          <Coords points="854,1391 1029,1391 1029,1513 854,1513"/>
          <TextEquiv>
            <Unicode>تتغو</Unicode>
          </TextEquiv>
        </Word>
        <Word id="w132">
          <Coords points="687,1388 842,1388 842,1486 687,1486"/>
          <TextEquiv>
            <Unicode>فصل</Unicode>
          </TextEquiv>
        </Word>
        <Word id="w133">
          <Coords points="601,1440 691,1440 691,1509 601,1509"/>
          <TextEquiv>
            <Unicode>من</Unicode>
          </TextEquiv>
        </Word>
        <Word id="w134">
          <Coords points="546,1449 590,1449 590,1499 546,1499"/>
          <TextEquiv>
            <Unicode>ر</Unicode>
          </TextEquiv>
        </Word>
        <Word id="w135">
          <Coords points="470,1358 568,1358 568,1543 470,1543"/>
          <TextEquiv>
            <Unicode>بكم</Unicode>
          </TextEquiv>
        </Word>
        <Word id="w136">
          <Coords points="406,1387 440,1387 440,1489 406,1489"/>
          <TextEquiv>
            <Unicode>فا</Unicode>
          </TextEquiv>
        </Word>
        <Word id="w137">
          <Coords points="348,1415 387,1415 387,1494 348,1494"/>
          <TextEquiv>
            <Unicode>ذ</Unicode>
          </TextEquiv>
        </Word>
        <Word id="w138">
          <Coords points="334,1390 343,1390 343,1473 334,1473"/>
          <TextEquiv>
            <Unicode>ا</Unicode>
          </TextEquiv>
        </Word>
        <Word id="w139">
          <Coords points="301,1393 315,1393 315,1479 301,1479"/>
          <TextEquiv>
            <Unicode>ا</Unicode>
          </TextEquiv>
        </Word>
        <Word id="w140">
          <Coords points="153,1377 295,1377 295,1550 153,1550"/>
          <TextEquiv>
            <Unicode>فتم</Unicode>
          </TextEquiv>
        </Word>
        <Word id="w141">
          <Coords points="64,1432 156,1432 156,1502 64,1502"/>
          <TextEquiv>
            <Unicode>من</Unicode>
          </TextEquiv>
        </Word>
        <TextEquiv>
          <Unicode> عليكم جنا ح ا ن ا تتغو فصل من ر بكم فا ذ ا ا فتم من</Unicode>
        </TextEquiv>
      </TextLine>
      <TextLine id="l7">
        <Coords points="61,1570 1609,1570 1609,1748 61,1748"/>
        <Word id="w142">
          <Coords points="1496,1647 1608,1647 1608,1738 1496,1738"/>
          <TextEquiv>
            <Unicode>عر</Unicode>
          </TextEquiv>
        </Word>
        <Word id="w143">
          <Coords points="1495,1585 1528,1585 1528,1697 1495,1697"/>
          <TextEquiv>
            <Unicode>فا</Unicode>
          </TextEquiv>
        </Word>
        <Word id="w144">
          <Coords points="1379,1658 1480,1658 1480,1698 1379,1698"/>
          <TextEquiv>
            <Unicode>ت</Unicode>
          </TextEquiv>
        </Word>
        <Word id="w145">
          <Coords points="1329,1591 1370,1591 1370,1702 1329,1702"/>
          <TextEquiv>
            <Unicode>فا</Unicode>
          </TextEquiv>
        </Word>
        <Word id="w146">
          <Coords points="1200,1570 1307,1570 1307,1721 1200,1721"/>
          <TextEquiv>
            <Unicode>كر</Unicode>
          </TextEquiv>
        </Word>
        <Word id="w147">
          <Coords points="1150,1660 1199,1660 1199,1716 1150,1716"/>
          <TextEquiv>
            <Unicode>و</Unicode>
          </TextEquiv>
        </Word>
        <Word id="w148">
          <Coords points="1148,1597 1159,1597 1159,1685 1148,1685"/>
          <TextEquiv>
            <Unicode>ا</Unicode>
          </TextEquiv>
        </Word>
        <Word id="w149">
          <Coords points="1114,1600 1127,1600 1127,1691 1114,1691"/>
          <TextEquiv>
            <Unicode>ا</Unicode>
          </TextEquiv>
        </Word>
        <Word id="w150">
          <Coords points="1037,1646 1101,1646 1101,1701 1037,1701"/>
          <TextEquiv>
            <Unicode>لله</Unicode>
          </TextEquiv>
        </Word>
        <Word id="w151">
          <Coords points="893,1641 1019,1641 1019,1707 893,1707"/>
          <TextEquiv>
            <Unicode>عند</Unicode>
          </TextEquiv>
        </Word>
        <Word id="w152">
          <Coords points="870,1598 885,1598 885,1690 870,1690"/>
          <TextEquiv>
            <Unicode>ا</Unicode>
          </TextEquiv>
        </Word>
        <Word id="w153">
          <Coords points="701,1601 858,1601 858,1732 701,1732"/>
          <TextEquiv>
            <Unicode>لمشعر</Unicode>
          </TextEquiv>
        </Word>
        <Word id="w154">
          <Coords points="700,1593 721,1593 721,1699 700,1699"/>
          <TextEquiv>
            <Unicode>ا</Unicode>
          </TextEquiv>
        </Word>
        <Word id="w155">
          <Coords points="589,1606 609,1606 609,1699 589,1699"/>
          <TextEquiv>
            <Unicode>ا</Unicode>
          </TextEquiv>
        </Word>
        <Word id="w156">
          <Coords points="579,1604 690,1604 690,1747 579,1747"/>
          <TextEquiv>
            <Unicode>لحر</Unicode>
          </TextEquiv>
        </Word>
        <Word id="w157">
          <Coords points="541,1661 581,1661 581,1745 541,1745"/>
          <TextEquiv>
            <Unicode>م</Unicode>
          </TextEquiv>
        </Word>
        <Word id="w158">
          <Coords points="470,1665 525,1665 525,1721 470,1721"/>
          <TextEquiv>
            <Unicode>و</Unicode>
          </TextEquiv>
        </Word>
        <Word id="w159">
          <Coords points="464,1607 476,1607 476,1695 464,1695"/>
          <TextEquiv>
            <Unicode>ا</Unicode>
          </TextEquiv>
        </Word>
        <Word id="w160">
          <Coords points="409,1616 450,1616 450,1713 409,1713"/>
          <TextEquiv>
            <Unicode>ذ</Unicode>
          </TextEquiv>
        </Word>
        <Word id="w161">
          <Coords points="213,1629 412,1629 412,1714 213,1714"/>
          <TextEquiv>
            <Unicode>كر</Unicode>
          </TextEquiv>
        </Word>
        <Word id="w162">
          <Coords points="173,1669 212,1669 212,1718 173,1718"/>
          <TextEquiv>
            <Unicode>و</Unicode>
          </TextEquiv>
        </Word>
        <Word id="w163">
          <Coords points="144,1669 169,1669 169,1701 144,1701"/>
          <TextEquiv>
            <Unicode>ه</Unicode>
          </TextEquiv>
        </Word>
        <Word id="w164">
          <Coords points="61,1588 157,1588 157,1705 61,1705"/>
          <TextEquiv>
            <Unicode>كما</Unicode>
          </TextEquiv>
        </Word>
        <TextEquiv>
          <Unicode> عر فا ت فا كر و ا ا لله عند ا لمشعر ا ا لحر م و ا ذ كر و ه كما</Unicode>
        </TextEquiv>
      </TextLine>
      <TextLine id="l8">
        <Coords points="66,1794 1597,1794 1597,1997 66,1997"/>
        <Word id="w165">
          <Coords points="1488,1871 1596,1871 1596,1932 1488,1932"/>
          <TextEquiv>
            <Unicode>هد</Unicode>
          </TextEquiv>
        </Word>
        <Word id="w166">
          <Coords points="1350,1795 1509,1795 1509,1955 1350,1955"/>
          <TextEquiv>
            <Unicode>كم</Unicode>
          </TextEquiv>
        </Word>
        <Word id="w167">
          <Coords points="1314,1890 1365,1890 1365,1949 1314,1949"/>
          <TextEquiv>
            <Unicode>و</Unicode>
          </TextEquiv>
        </Word>
        <Word id="w168">
          <Coords points="1303,1819 1316,1819 1316,1917 1303,1917"/>
          <TextEquiv>
            <Unicode>ا</Unicode>
          </TextEquiv>
        </Word>
        <Word id="w169">
          <Coords points="1237,1876 1291,1876 1291,1942 1237,1942"/>
          <TextEquiv>
            <Unicode>ن</Unicode>
          </TextEquiv>
        </Word>
        <Word id="w170">
          <Coords points="1113,1794 1293,1794 1293,1996 1113,1996"/>
          <TextEquiv>
            <Unicode>كتنم</Unicode>
          </TextEquiv>
        </Word>
        <Word id="w171">
          <Coords points="1008,1887 1103,1887 1103,1958 1008,1958"/>
          <TextEquiv>
            <Unicode>من</Unicode>
          </TextEquiv>
        </Word>
        <Word id="w172">
          <Coords points="866,1825 1012,1825 1012,1935 866,1935"/>
          <TextEquiv>
            <Unicode>قب</Unicode>
          </TextEquiv>
        </Word>
        <Word id="w173">
          <Coords points="745,1828 846,1828 846,1957 745,1957"/>
          <TextEquiv>
            <Unicode>لمن</Unicode>
          </TextEquiv>
        </Word>
        <Word id="w174">
          <Coords points="722,1828 738,1828 738,1926 722,1926"/>
          <TextEquiv>
            <Unicode>ا</Unicode>
          </TextEquiv>
        </Word>
        <Word id="w175">
          <Coords points="618,1828 707,1828 707,1933 618,1933"/>
          <TextEquiv>
            <Unicode>لضا</Unicode>
          </TextEquiv>
        </Word>
        <Word id="w176">
          <Coords points="490,1835 588,1835 588,1952 490,1952"/>
          <TextEquiv>
            <Unicode>لين</Unicode>
          </TextEquiv>
        </Word>
        <Word id="w177">
          <Coords points="352,1826 407,1826 407,1991 352,1991"/>
          <TextEquiv>
            <Unicode>ثم</Unicode>
          </TextEquiv>
        </Word>
        <Word id="w178">
          <Coords points="319,1831 334,1831 334,1923 319,1923"/>
          <TextEquiv>
            <Unicode>ا</Unicode>
          </TextEquiv>
        </Word>
        <Word id="w179">
          <Coords points="164,1856 313,1856 313,1953 164,1953"/>
          <TextEquiv>
            <Unicode>فيضو</Unicode>
          </TextEquiv>
        </Word>
        <Word id="w180">
          <Coords points="160,1823 178,1823 178,1920 160,1920"/>
          <TextEquiv>
            <Unicode>ا</Unicode>
          </TextEquiv>
        </Word>
        <Word id="w181">
          <Coords points="66,1876 156,1876 156,1943 66,1943"/>
          <TextEquiv>
            <Unicode>من</Unicode>
          </TextEquiv>
        </Word>
        <TextEquiv>
          <Unicode> هد كم و ا ن كتنم من قب لمن ا لضا لين ثم ا فيضو ا من</Unicode>
        </TextEquiv>
      </TextLine>
      <TextLine id="l9">
        <Coords points="52,2051 1603,2051 1603,2188 52,2188"/>
        <Word id="w182">
          <Coords points="1412,2113 1602,2113 1602,2187 1412,2187"/>
          <TextEquiv>
            <Unicode>خيث</Unicode>
          </TextEquiv>
        </Word>
        <Word id="w183">
          <Coords points="1390,2055 1401,2055 1401,2144 1390,2144"/>
          <TextEquiv>
            <Unicode>ا</Unicode>
          </TextEquiv>
        </Word>
        <Word id="w184">
          <Coords points="1345,2059 1377,2059 1377,2163 1345,2163"/>
          <TextEquiv>
            <Unicode>فا</Unicode>
          </TextEquiv>
        </Word>
        <Word id="w185">
          <Coords points="1241,2056 1249,2056 1249,2140 1241,2140"/>
          <TextEquiv>
            <Unicode>ا</Unicode>
          </TextEquiv>
        </Word>
        <Word id="w186">
          <Coords points="1234,2119 1328,2119 1328,2184 1234,2184"/>
          <TextEquiv>
            <Unicode>ض</Unicode>
          </TextEquiv>
        </Word>
        <Word id="w187">
          <Coords points="1146,2057 1222,2057 1222,2158 1146,2158"/>
          <TextEquiv>
            <Unicode>لنا</Unicode>
          </TextEquiv>
        </Word>
        <Word id="w188">
          <Coords points="1056,2121 1135,2121 1135,2183 1056,2183"/>
          <TextEquiv>
            <Unicode>س</Unicode>
          </TextEquiv>
        </Word>
        <Word id="w189">
          <Coords points="997,2117 1052,2117 1052,2174 997,2174"/>
          <TextEquiv>
            <Unicode>و</Unicode>
          </TextEquiv>
        </Word>
        <Word id="w190">
          <Coords points="760,2051 986,2051 986,2178 760,2178"/>
          <TextEquiv>
            <Unicode>ستغقر</Unicode>
          </TextEquiv>
        </Word>
        <Word id="w191">
          <Coords points="718,2053 726,2053 726,2142 718,2142"/>
          <TextEquiv>
            <Unicode>ا</Unicode>
          </TextEquiv>
        </Word>
        <Word id="w192">
          <Coords points="713,2117 762,2117 762,2177 713,2177"/>
          <TextEquiv>
            <Unicode>و</Unicode>
          </TextEquiv>
        </Word>
        <Word id="w193">
          <Coords points="688,2058 697,2058 697,2144 688,2144"/>
          <TextEquiv>
            <Unicode>ا</Unicode>
          </TextEquiv>
        </Word>
        <Word id="w194">
          <Coords points="613,2101 674,2101 674,2153 613,2153"/>
          <TextEquiv>
            <Unicode>لله</Unicode>
          </TextEquiv>
        </Word>
        <Word id="w195">
          <Coords points="584,2060 598,2060 598,2149 584,2149"/>
          <TextEquiv>
            <Unicode>ا</Unicode>
          </TextEquiv>
        </Word>
        <Word id="w196">
          <Coords points="516,2109 571,2109 571,2171 516,2171"/>
          <TextEquiv>
            <Unicode>ن</Unicode>
          </TextEquiv>
        </Word>
        <Word id="w197">
          <Coords points="498,2053 511,2053 511,2139 498,2139"/>
          <TextEquiv>
            <Unicode>ا</Unicode>
          </TextEquiv>
        </Word>
        <Word id="w198">
          <Coords points="418,2097 486,2097 486,2154 418,2154"/>
          <TextEquiv>
            <Unicode>لله</Unicode>
          </TextEquiv>
        </Word>
        <Word id="w199">
          <Coords points="266,2063 413,2063 413,2177 266,2177"/>
          <TextEquiv>
            <Unicode>غقو</Unicode>
          </TextEquiv>
        </Word>
        <Word id="w200">
          <Coords points="230,2113 272,2113 272,2163 230,2163"/>
          <TextEquiv>
            <Unicode>ر</Unicode>
          </TextEquiv>
        </Word>
        <Word id="w201">
          <Coords points="52,2095 206,2095 206,2181 52,2181"/>
          <TextEquiv>
            <Unicode>حيم</Unicode>
          </TextEquiv>
        </Word>
        <TextEquiv>
          <Unicode> خيث ا فا ا ض لنا س و ستغقر ا و ا لله ا ن ا لله غقو ر حيم</Unicode>
        </TextEquiv>
      </TextLine>
      <TextLine id="l10">
        <Coords points="57,2234 1611,2234 1611,2447 57,2447"/>
        <Word id="w202">
          <Coords points="1577,2281 1610,2281 1610,2388 1577,2388"/>
          <TextEquiv>
            <Unicode>فا</Unicode>
          </TextEquiv>
        </Word>
        <Word id="w203">
          <Coords points="1518,2309 1559,2309 1559,2385 1518,2385"/>
          <TextEquiv>
            <Unicode>ذ</Unicode>
          </TextEquiv>
        </Word>
        <Word id="w204">
          <Coords points="1504,2280 1512,2280 1512,2367 1504,2367"/>
          <TextEquiv>
            <Unicode>ا</Unicode>
          </TextEquiv>
        </Word>
        <Word id="w205">
          <Coords points="1324,2286 1490,2286 1490,2446 1324,2446"/>
          <TextEquiv>
            <Unicode>فصيتم</Unicode>
          </TextEquiv>
        </Word>
        <Word id="w206">
          <Coords points="1231,2269 1318,2269 1318,2376 1231,2376"/>
          <TextEquiv>
            <Unicode>منا</Unicode>
          </TextEquiv>
        </Word>
        <Word id="w207">
          <Coords points="925,2247 1214,2247 1214,2416 925,2416"/>
          <TextEquiv>
            <Unicode>سككم</Unicode>
          </TextEquiv>
        </Word>
        <Word id="w208">
          <Coords points="866,2278 898,2278 898,2378 866,2378"/>
          <TextEquiv>
            <Unicode>فا</Unicode>
          </TextEquiv>
        </Word>
        <Word id="w209">
          <Coords points="806,2282 845,2282 845,2385 806,2385"/>
          <TextEquiv>
            <Unicode>ذ</Unicode>
          </TextEquiv>
        </Word>
        <Word id="w210">
          <Coords points="732,2247 840,2247 840,2393 732,2393"/>
          <TextEquiv>
            <Unicode>كر</Unicode>
          </TextEquiv>
        </Word>
        <Word id="w211">
          <Coords points="690,2332 737,2332 737,2391 690,2391"/>
          <TextEquiv>
            <Unicode>و</Unicode>
          </TextEquiv>
        </Word>
        <Word id="w212">
          <Coords points="688,2277 700,2277 700,2363 688,2363"/>
          <TextEquiv>
            <Unicode>ا</Unicode>
          </TextEquiv>
        </Word>
        <Word id="w213">
          <Coords points="658,2280 670,2280 670,2361 658,2361"/>
          <TextEquiv>
            <Unicode>ا</Unicode>
          </TextEquiv>
        </Word>
        <Word id="w214">
          <Coords points="580,2318 641,2318 641,2369 580,2369"/>
          <TextEquiv>
            <Unicode>لله</Unicode>
          </TextEquiv>
        </Word>
        <Word id="w215">
          <Coords points="369,2283 569,2283 569,2387 369,2387"/>
          <TextEquiv>
            <Unicode>كذ</Unicode>
          </TextEquiv>
        </Word>
        <Word id="w216">
          <Coords points="318,2238 428,2238 428,2390 318,2390"/>
          <TextEquiv>
            <Unicode>كر</Unicode>
          </TextEquiv>
        </Word>
        <Word id="w217">
          <Coords points="243,2238 368,2238 368,2393 243,2393"/>
          <TextEquiv>
            <Unicode>كم</Unicode>
          </TextEquiv>
        </Word>
        <Word id="w218">
          <Coords points="230,2271 243,2271 243,2360 230,2360"/>
          <TextEquiv>
            <Unicode>ا</Unicode>
          </TextEquiv>
        </Word>
        <Word id="w219">
          <Coords points="177,2274 205,2274 205,2395 177,2395"/>
          <TextEquiv>
            <Unicode>با</Unicode>
          </TextEquiv>
        </Word>
        <Word id="w220">
          <Coords points="141,2336 165,2336 165,2375 141,2375"/>
          <TextEquiv>
            <Unicode>ء</Unicode>
          </TextEquiv>
        </Word>
        <Word id="w221">
          <Coords points="57,2234 191,2234 191,2382 57,2382"/>
          <TextEquiv>
            <Unicode>كم</Unicode>
          </TextEquiv>
        </Word>
        <TextEquiv>
          <Unicode> فا ذ ا فصيتم منا سككم فا ذ كر و ا ا لله كذ كر كم ا با ء كم</Unicode>
        </TextEquiv>
      </TextLine>
      <TextLine id="l11">
        <Coords points="84,2476 1613,2476 1613,2635 84,2635"/>
        <Word id="w222">
          <Coords points="1604,2506 1612,2506 1612,2601 1604,2601"/>
          <TextEquiv>
            <Unicode>ا</Unicode>
          </TextEquiv>
        </Word>
        <Word id="w223">
          <Coords points="1541,2572 1589,2572 1589,2624 1541,2624"/>
          <TextEquiv>
            <Unicode>و</Unicode>
          </TextEquiv>
        </Word>
        <Word id="w224">
          <Coords points="1533,2506 1549,2506 1549,2589 1533,2589"/>
          <TextEquiv>
            <Unicode>ا</Unicode>
          </TextEquiv>
        </Word>
        <Word id="w225">
          <Coords points="1414,2542 1529,2542 1529,2601 1414,2601"/>
          <TextEquiv>
            <Unicode>شد</Unicode>
          </TextEquiv>
        </Word>
        <Word id="w226">
          <Coords points="1363,2476 1405,2476 1405,2599 1363,2599"/>
          <TextEquiv>
            <Unicode>ذ</Unicode>
          </TextEquiv>
        </Word>
        <Word id="w227">
          <Coords points="1164,2520 1371,2520 1371,2616 1164,2616"/>
          <TextEquiv>
            <Unicode>كر</Unicode>
          </TextEquiv>
        </Word>
        <Word id="w228">
          <Coords points="1160,2501 1178,2501 1178,2591 1160,2591"/>
          <TextEquiv>
            <Unicode>ا</Unicode>
          </TextEquiv>
        </Word>
        <Word id="w229">
          <Coords points="1040,2535 1145,2535 1145,2624 1040,2624"/>
          <TextEquiv>
            <Unicode>فمن</Unicode>
          </TextEquiv>
        </Word>
        <Word id="w230">
          <Coords points="1023,2498 1032,2498 1032,2587 1023,2587"/>
          <TextEquiv>
            <Unicode>ا</Unicode>
          </TextEquiv>
        </Word>
        <Word id="w231">
          <Coords points="939,2501 1002,2501 1002,2604 939,2604"/>
          <TextEquiv>
            <Unicode>لنا</Unicode>
          </TextEquiv>
        </Word>
        <Word id="w232">
          <Coords points="847,2566 927,2566 927,2629 847,2629"/>
          <TextEquiv>
            <Unicode>س</Unicode>
          </TextEquiv>
        </Word>
        <Word id="w233">
          <Coords points="775,2553 863,2553 863,2622 775,2622"/>
          <TextEquiv>
            <Unicode>م</Unicode>
          </TextEquiv>
        </Word>
        <Word id="w234">
          <Coords points="656,2501 769,2501 769,2625 656,2625"/>
          <TextEquiv>
            <Unicode>يقو</Unicode>
          </TextEquiv>
        </Word>
        <Word id="w235">
          <Coords points="614,2497 665,2497 665,2616 614,2616"/>
          <TextEquiv>
            <Unicode>ل</Unicode>
          </TextEquiv>
        </Word>
        <Word id="w236">
          <Coords points="560,2564 599,2564 599,2615 560,2615"/>
          <TextEquiv>
            <Unicode>ر</Unicode>
          </TextEquiv>
        </Word>
        <Word id="w237">
          <Coords points="494,2491 567,2491 567,2634 494,2634"/>
          <TextEquiv>
            <Unicode>بنا</Unicode>
          </TextEquiv>
        </Word>
        <Word id="w238">
          <Coords points="459,2502 473,2502 473,2592 459,2592"/>
          <TextEquiv>
            <Unicode>ا</Unicode>
          </TextEquiv>
        </Word>
        <Word id="w239">
          <Coords points="379,2488 446,2488 446,2600 379,2600"/>
          <TextEquiv>
            <Unicode>تنا</Unicode>
          </TextEquiv>
        </Word>
        <Word id="w240">
          <Coords points="299,2493 310,2493 310,2579 299,2579"/>
          <TextEquiv>
            <Unicode>ا</Unicode>
          </TextEquiv>
        </Word>
        <Word id="w241">
          <Coords points="292,2545 365,2545 365,2625 292,2625"/>
          <TextEquiv>
            <Unicode>ف</Unicode>
          </TextEquiv>
        </Word>
        <Word id="w242">
          <Coords points="223,2497 280,2497 280,2602 223,2602"/>
          <TextEquiv>
            <Unicode>لد</Unicode>
          </TextEquiv>
        </Word>
        <Word id="w243">
          <Coords points="151,2485 224,2485 224,2628 151,2628"/>
          <TextEquiv>
            <Unicode>نيا</Unicode>
          </TextEquiv>
        </Word>
        <Word id="w244">
          <Coords points="84,2546 125,2546 125,2600 84,2600"/>
          <TextEquiv>
            <Unicode>و</Unicode>
          </TextEquiv>
        </Word>
        <TextEquiv>
          <Unicode> ا و ا شد ذ كر ا فمن ا لنا س م يقو ل ر بنا ا تنا ا ف لد نيا و</Unicode>
        </TextEquiv>
      </TextLine>
      <TextLine id="l12">
        <Coords points="89,2696 1616,2696 1616,2876 89,2876"/>
        <Word id="w245">
          <Coords points="1565,2710 1615,2710 1615,2817 1565,2817"/>
          <TextEquiv>
            <Unicode>ما</Unicode>
          </TextEquiv>
        </Word>
        <Word id="w246">
          <Coords points="1487,2716 1541,2716 1541,2821 1487,2821"/>
          <TextEquiv>
            <Unicode>له</Unicode>
          </TextEquiv>
        </Word>
        <Word id="w247">
          <Coords points="1384,2699 1469,2699 1469,2812 1384,2812"/>
          <TextEquiv>
            <Unicode>ف</Unicode>
          </TextEquiv>
        </Word>
        <Word id="w248">
          <Coords points="1356,2717 1366,2717 1366,2802 1356,2802"/>
          <TextEquiv>
            <Unicode>ا</Unicode>
          </TextEquiv>
        </Word>
        <Word id="w249">
          <Coords points="1285,2717 1340,2717 1340,2815 1285,2815"/>
          <TextEquiv>
            <Unicode>لا</Unicode>
          </TextEquiv>
        </Word>
        <Word id="w250">
          <Coords points="1203,2727 1295,2727 1295,2832 1203,2832"/>
          <TextEquiv>
            <Unicode>خر</Unicode>
          </TextEquiv>
        </Word>
        <Word id="w251">
          <Coords points="1178,2722 1200,2722 1200,2807 1178,2807"/>
          <TextEquiv>
            <Unicode>ة</Unicode>
          </TextEquiv>
        </Word>
        <Word id="w252">
          <Coords points="960,2750 1160,2750 1160,2855 960,2855"/>
          <TextEquiv>
            <Unicode>من</Unicode>
          </TextEquiv>
        </Word>
        <Word id="w253">
          <Coords points="918,2714 1097,2714 1097,2820 918,2820"/>
          <TextEquiv>
            <Unicode>خلا</Unicode>
          </TextEquiv>
        </Word>
        <Word id="w254">
          <Coords points="853,2737 912,2737 912,2835 853,2835"/>
          <TextEquiv>
            <Unicode>ق</Unicode>
          </TextEquiv>
        </Word>
        <Word id="w255">
          <Coords points="730,2770 783,2770 783,2830 730,2830"/>
          <TextEquiv>
            <Unicode>و</Unicode>
          </TextEquiv>
        </Word>
        <Word id="w256">
          <Coords points="614,2761 745,2761 745,2875 614,2875"/>
          <TextEquiv>
            <Unicode>منهم</Unicode>
          </TextEquiv>
        </Word>
        <Word id="w257">
          <Coords points="520,2771 609,2771 609,2843 520,2843"/>
          <TextEquiv>
            <Unicode>من</Unicode>
          </TextEquiv>
        </Word>
        <Word id="w258">
          <Coords points="397,2741 507,2741 507,2843 397,2843"/>
          <TextEquiv>
            <Unicode>يقو</Unicode>
          </TextEquiv>
        </Word>
        <Word id="w259">
          <Coords points="354,2709 406,2709 406,2830 354,2830"/>
          <TextEquiv>
            <Unicode>ل</Unicode>
          </TextEquiv>
        </Word>
        <Word id="w260">
          <Coords points="300,2778 343,2778 343,2830 300,2830"/>
          <TextEquiv>
            <Unicode>ر</Unicode>
          </TextEquiv>
        </Word>
        <Word id="w261">
          <Coords points="238,2696 310,2696 310,2856 238,2856"/>
          <TextEquiv>
            <Unicode>بنا</Unicode>
          </TextEquiv>
        </Word>
        <Word id="w262">
          <Coords points="198,2714 211,2714 211,2802 198,2802"/>
          <TextEquiv>
            <Unicode>ا</Unicode>
          </TextEquiv>
        </Word>
        <Word id="w263">
          <Coords points="89,2698 180,2698 180,2804 89,2804"/>
          <TextEquiv>
            <Unicode>تنا</Unicode>
          </TextEquiv>
        </Word>
        <TextEquiv>
          <Unicode> ما له ف ا لا خر ة من خلا ق و منهم من يقو ل ر بنا ا تنا</Unicode>
        </TextEquiv>
      </TextLine>
      <TextLine id="l13">
        <Coords points="100,2923 1623,2923 1623,3068 100,3068"/>
        <Word id="w264">
          <Coords points="1556,2939 1568,2939 1568,3022 1556,3022"/>
          <TextEquiv>
            <Unicode>ا</Unicode>
          </TextEquiv>
        </Word>
        <Word id="w265">
          <Coords points="1541,2963 1622,2963 1622,3066 1541,3066"/>
          <TextEquiv>
            <Unicode>فى</Unicode>
          </TextEquiv>
        </Word>
        <Word id="w266">
          <Coords points="1480,2940 1540,2940 1540,3040 1480,3040"/>
          <TextEquiv>
            <Unicode>لد</Unicode>
          </TextEquiv>
        </Word>
        <Word id="w267">
          <Coords points="1395,2923 1485,2923 1485,3065 1395,3065"/>
          <TextEquiv>
            <Unicode>نيا</Unicode>
          </TextEquiv>
        </Word>
        <Word id="w268">
          <Coords points="1197,2948 1388,2948 1388,3038 1197,3038"/>
          <TextEquiv>
            <Unicode>حسنة</Unicode>
          </TextEquiv>
        </Word>
        <Word id="w269">
          <Coords points="1126,2998 1174,2998 1174,3060 1126,3060"/>
          <TextEquiv>
            <Unicode>و</Unicode>
          </TextEquiv>
        </Word>
        <Word id="w270">
          <Coords points="1051,2960 1136,2960 1136,3030 1051,3030"/>
          <TextEquiv>
            <Unicode>في</Unicode>
          </TextEquiv>
        </Word>
        <Word id="w271">
          <Coords points="1021,2941 1030,2941 1030,3026 1021,3026"/>
          <TextEquiv>
            <Unicode>ا</Unicode>
          </TextEquiv>
        </Word>
        <Word id="w272">
          <Coords points="944,2943 999,2943 999,3038 944,3038"/>
          <TextEquiv>
            <Unicode>لا</Unicode>
          </TextEquiv>
        </Word>
        <Word id="w273">
          <Coords points="874,2956 960,2956 960,3054 874,3054"/>
          <TextEquiv>
            <Unicode>خر</Unicode>
          </TextEquiv>
        </Word>
        <Word id="w274">
          <Coords points="837,2932 859,2932 859,3032 837,3032"/>
          <TextEquiv>
            <Unicode>ة</Unicode>
          </TextEquiv>
        </Word>
        <Word id="w275">
          <Coords points="619,2939 828,2939 828,3041 619,3041"/>
          <TextEquiv>
            <Unicode>حسنة</Unicode>
          </TextEquiv>
        </Word>
        <Word id="w276">
          <Coords points="485,2931 557,2931 557,3043 485,3043"/>
          <TextEquiv>
            <Unicode>قنا</Unicode>
          </TextEquiv>
        </Word>
        <Word id="w277">
          <Coords points="397,2928 469,2928 469,3037 397,3037"/>
          <TextEquiv>
            <Unicode>عذ</Unicode>
          </TextEquiv>
        </Word>
        <Word id="w278">
          <Coords points="387,2923 400,2923 400,3021 387,3021"/>
          <TextEquiv>
            <Unicode>ا</Unicode>
          </TextEquiv>
        </Word>
        <Word id="w279">
          <Coords points="268,2998 380,2998 380,3067 268,3067"/>
          <TextEquiv>
            <Unicode>ب</Unicode>
          </TextEquiv>
        </Word>
        <Word id="w280">
          <Coords points="243,2933 259,2933 259,3026 243,3026"/>
          <TextEquiv>
            <Unicode>ا</Unicode>
          </TextEquiv>
        </Word>
        <Word id="w281">
          <Coords points="165,2936 232,2936 232,3040 165,3040"/>
          <TextEquiv>
            <Unicode>لنا</Unicode>
          </TextEquiv>
        </Word>
        <Word id="w282">
          <Coords points="100,2983 156,2983 156,3042 100,3042"/>
          <TextEquiv>
            <Unicode>ر</Unicode>
          </TextEquiv>
        </Word>
        <TextEquiv>
          <Unicode> ا فى لد نيا حسنة و في ا لا خر ة حسنة قنا عذ ا ب ا لنا ر</Unicode>
        </TextEquiv>
      </TextLine>
    </TextRegion>
  </Page>
</PcGts>
