<?xml version='1.0' encoding='utf-8'?>
<PcGts xmlns:xsi="http://www.w3.org/2001/XMLSchema-instance" xmlns="http://schema.primaresearch.org/PAGE/gts/pagecontent/2019-07-15" xsi:schemaLocation="http://schema.primaresearch.org/PAGE/gts/pagecontent/2019-07-15 http://schema.primaresearch.org/PAGE/gts/pagecontent/2019-07-15/pagecontent.xsd" pcGtsId="pc-aletheiaexamplepage">
  <Metadata>
    <Creator>PRImA Research Lab</Creator>
    <Created>2015-07-17T15:27:13</Created>
    <LastChange>2017-07-14T10:03:33</LastChange>
    <Comments>Example Page</Comments>
  </Metadata>
  <Page imageFilename="3249138/0026-1.png" imageWidth="1681" imageHeight="3193">
    <TextRegion id="r0" type="paragraph">
      <Coords points="1,1 1679,1 1679,3191 1,3191"/>
      <TextLine id="l0">
        <Coords points="50,69 1614,69 1614,247 50,247"/>
        <Word id="w0">
          <Coords points="1593,97 1613,97 1613,182 1593,182"/>
          <TextEquiv>
            <Unicode>ا</Unicode>
          </TextEquiv>
        </Word>
        <Word id="w1">
          <Coords points="1516,101 1582,101 1582,221 1516,221"/>
          <TextEquiv>
            <Unicode>لى</Unicode>
          </TextEquiv>
        </Word>
        <Word id="w2">
          <Coords points="1495,105 1514,105 1514,193 1495,193"/>
          <TextEquiv>
            <Unicode>ا</Unicode>
          </TextEquiv>
        </Word>
        <Word id="w3">
          <Coords points="1369,103 1483,103 1483,215 1369,215"/>
          <TextEquiv>
            <Unicode>لظلما</Unicode>
          </TextEquiv>
        </Word>
        <Word id="w4">
          <Coords points="1264,145 1359,145 1359,190 1264,190"/>
          <TextEquiv>
            <Unicode>ت</Unicode>
          </TextEquiv>
        </Word>
        <Word id="w5">
          <Coords points="1245,92 1255,92 1255,173 1245,173"/>
          <TextEquiv>
            <Unicode>ا</Unicode>
          </TextEquiv>
        </Word>
        <Word id="w6">
          <Coords points="1191,154 1231,154 1231,202 1191,202"/>
          <TextEquiv>
            <Unicode>و</Unicode>
          </TextEquiv>
        </Word>
        <Word id="w7">
          <Coords points="1055,93 1190,93 1190,191 1055,191"/>
          <TextEquiv>
            <Unicode>لئك</Unicode>
          </TextEquiv>
        </Word>
        <Word id="w8">
          <Coords points="1035,94 1047,94 1047,172 1035,172"/>
          <TextEquiv>
            <Unicode>ا</Unicode>
          </TextEquiv>
        </Word>
        <Word id="w9">
          <Coords points="931,84 1025,84 1025,194 931,194"/>
          <TextEquiv>
            <Unicode>صحا</Unicode>
          </TextEquiv>
        </Word>
        <Word id="w10">
          <Coords points="820,144 919,144 919,212 820,212"/>
          <TextEquiv>
            <Unicode>ب</Unicode>
          </TextEquiv>
        </Word>
        <Word id="w11">
          <Coords points="797,83 809,83 809,168 797,168"/>
          <TextEquiv>
            <Unicode>ا</Unicode>
          </TextEquiv>
        </Word>
        <Word id="w12">
          <Coords points="717,77 785,77 785,182 717,182"/>
          <TextEquiv>
            <Unicode>لنا</Unicode>
          </TextEquiv>
        </Word>
        <Word id="w13">
          <Coords points="659,138 704,138 704,182 659,182"/>
          <TextEquiv>
            <Unicode>ر</Unicode>
          </TextEquiv>
        </Word>
        <Word id="w14">
          <Coords points="603,114 669,114 669,246 603,246"/>
          <TextEquiv>
            <Unicode>هم</Unicode>
          </TextEquiv>
        </Word>
        <Word id="w15">
          <Coords points="481,69 584,69 584,194 481,194"/>
          <TextEquiv>
            <Unicode>فيها</Unicode>
          </TextEquiv>
        </Word>
        <Word id="w16">
          <Coords points="410,71 471,71 471,174 410,174"/>
          <TextEquiv>
            <Unicode>خ</Unicode>
          </TextEquiv>
        </Word>
        <Word id="w17">
          <Coords points="331,78 395,78 395,179 331,179"/>
          <TextEquiv>
            <Unicode>لد</Unicode>
          </TextEquiv>
        </Word>
        <Word id="w18">
          <Coords points="284,132 324,132 324,184 284,184"/>
          <TextEquiv>
            <Unicode>و</Unicode>
          </TextEquiv>
        </Word>
        <Word id="w19">
          <Coords points="224,115 279,115 279,179 224,179"/>
          <TextEquiv>
            <Unicode>ن</Unicode>
          </TextEquiv>
        </Word>
        <Word id="w20">
          <Coords points="135,69 143,69 143,164 135,164"/>
          <TextEquiv>
            <Unicode>ا</Unicode>
          </TextEquiv>
        </Word>
        <Word id="w21">
          <Coords points="50,72 115,72 115,183 50,183"/>
          <TextEquiv>
            <Unicode>لم</Unicode>
          </TextEquiv>
        </Word>
        <TextEquiv>
          <Unicode> ا لى ا لظلما ت ا و لئك ا صحا ب ا لنا ر هم فيها خ لد و ن ا لم</Unicode>
        </TextEquiv>
      </TextLine>
      <TextLine id="l1">
        <Coords points="68,289 1605,289 1605,476 68,476"/>
        <Word id="w22">
          <Coords points="1551,340 1604,340 1604,421 1551,421"/>
          <TextEquiv>
            <Unicode>تر</Unicode>
          </TextEquiv>
        </Word>
        <Word id="w23">
          <Coords points="1537,311 1549,311 1549,400 1537,400"/>
          <TextEquiv>
            <Unicode>ا</Unicode>
          </TextEquiv>
        </Word>
        <Word id="w24">
          <Coords points="1448,312 1521,312 1521,433 1448,433"/>
          <TextEquiv>
            <Unicode>لى</Unicode>
          </TextEquiv>
        </Word>
        <Word id="w25">
          <Coords points="1433,309 1446,309 1446,392 1433,392"/>
          <TextEquiv>
            <Unicode>ا</Unicode>
          </TextEquiv>
        </Word>
        <Word id="w26">
          <Coords points="1361,315 1415,315 1415,418 1361,418"/>
          <TextEquiv>
            <Unicode>لذ</Unicode>
          </TextEquiv>
        </Word>
        <Word id="w27">
          <Coords points="1288,300 1355,300 1355,432 1288,432"/>
          <TextEquiv>
            <Unicode>ى</Unicode>
          </TextEquiv>
        </Word>
        <Word id="w28">
          <Coords points="1232,302 1300,302 1300,407 1232,407"/>
          <TextEquiv>
            <Unicode>حا</Unicode>
          </TextEquiv>
        </Word>
        <Word id="w29">
          <Coords points="1161,371 1242,371 1242,460 1161,460"/>
          <TextEquiv>
            <Unicode>ج</Unicode>
          </TextEquiv>
        </Word>
        <Word id="w30">
          <Coords points="1128,308 1137,308 1137,394 1128,394"/>
          <TextEquiv>
            <Unicode>ا</Unicode>
          </TextEquiv>
        </Word>
        <Word id="w31">
          <Coords points="1054,368 1108,368 1108,421 1054,421"/>
          <TextEquiv>
            <Unicode>بر</Unicode>
          </TextEquiv>
        </Word>
        <Word id="w32">
          <Coords points="933,345 1051,345 1051,475 933,475"/>
          <TextEquiv>
            <Unicode>هيم</Unicode>
          </TextEquiv>
        </Word>
        <Word id="w33">
          <Coords points="839,331 934,331 934,403 839,403"/>
          <TextEquiv>
            <Unicode>ف</Unicode>
          </TextEquiv>
        </Word>
        <Word id="w34">
          <Coords points="774,366 819,366 819,419 774,419"/>
          <TextEquiv>
            <Unicode>ر</Unicode>
          </TextEquiv>
        </Word>
        <Word id="w35">
          <Coords points="719,342 774,342 774,397 719,397"/>
          <TextEquiv>
            <Unicode>به</Unicode>
          </TextEquiv>
        </Word>
        <Word id="w36">
          <Coords points="684,299 694,299 694,391 684,391"/>
          <TextEquiv>
            <Unicode>ا</Unicode>
          </TextEquiv>
        </Word>
        <Word id="w37">
          <Coords points="612,355 669,355 669,422 612,422"/>
          <TextEquiv>
            <Unicode>ن</Unicode>
          </TextEquiv>
        </Word>
        <Word id="w38">
          <Coords points="589,301 603,301 603,385 589,385"/>
          <TextEquiv>
            <Unicode>ا</Unicode>
          </TextEquiv>
        </Word>
        <Word id="w39">
          <Coords points="475,339 576,339 576,398 475,398"/>
          <TextEquiv>
            <Unicode>ته</Unicode>
          </TextEquiv>
        </Word>
        <Word id="w40">
          <Coords points="444,298 457,298 457,382 444,382"/>
          <TextEquiv>
            <Unicode>ا</Unicode>
          </TextEquiv>
        </Word>
        <Word id="w41">
          <Coords points="356,336 431,336 431,393 356,393"/>
          <TextEquiv>
            <Unicode>لله</Unicode>
          </TextEquiv>
        </Word>
        <Word id="w42">
          <Coords points="330,296 340,296 340,376 330,376"/>
          <TextEquiv>
            <Unicode>ا</Unicode>
          </TextEquiv>
        </Word>
        <Word id="w43">
          <Coords points="151,291 317,291 317,404 151,404"/>
          <TextEquiv>
            <Unicode>لملك</Unicode>
          </TextEquiv>
        </Word>
        <Word id="w44">
          <Coords points="121,289 130,289 130,374 121,374"/>
          <TextEquiv>
            <Unicode>ا</Unicode>
          </TextEquiv>
        </Word>
        <Word id="w45">
          <Coords points="68,305 106,305 106,379 68,379"/>
          <TextEquiv>
            <Unicode>ذ</Unicode>
          </TextEquiv>
        </Word>
        <TextEquiv>
          <Unicode> تر ا لى ا لذ ى حا ج ا بر هيم ف ر به ا ن ا ته ا لله ا لملك ا ذ</Unicode>
        </TextEquiv>
      </TextLine>
      <TextLine id="l2">
        <Coords points="44,505 1613,505 1613,668 44,668"/>
        <Word id="w46">
          <Coords points="1577,552 1612,552 1612,634 1577,634"/>
          <TextEquiv>
            <Unicode>قا</Unicode>
          </TextEquiv>
        </Word>
        <Word id="w47">
          <Coords points="1502,536 1550,536 1550,662 1502,662"/>
          <TextEquiv>
            <Unicode>ل</Unicode>
          </TextEquiv>
        </Word>
        <Word id="w48">
          <Coords points="1487,538 1496,538 1496,630 1487,630"/>
          <TextEquiv>
            <Unicode>ا</Unicode>
          </TextEquiv>
        </Word>
        <Word id="w49">
          <Coords points="1417,601 1473,601 1473,667 1417,667"/>
          <TextEquiv>
            <Unicode>بر</Unicode>
          </TextEquiv>
        </Word>
        <Word id="w50">
          <Coords points="1283,577 1426,577 1426,661 1283,661"/>
          <TextEquiv>
            <Unicode>هيم</Unicode>
          </TextEquiv>
        </Word>
        <Word id="w51">
          <Coords points="1254,592 1293,592 1293,642 1254,642"/>
          <TextEquiv>
            <Unicode>ر</Unicode>
          </TextEquiv>
        </Word>
        <Word id="w52">
          <Coords points="1172,571 1253,571 1253,642 1172,642"/>
          <TextEquiv>
            <Unicode>بي</Unicode>
          </TextEquiv>
        </Word>
        <Word id="w53">
          <Coords points="1143,535 1152,535 1152,625 1143,625"/>
          <TextEquiv>
            <Unicode>ا</Unicode>
          </TextEquiv>
        </Word>
        <Word id="w54">
          <Coords points="1061,535 1120,535 1120,642 1061,642"/>
          <TextEquiv>
            <Unicode>لذ</Unicode>
          </TextEquiv>
        </Word>
        <Word id="w55">
          <Coords points="978,584 1056,584 1056,652 978,652"/>
          <TextEquiv>
            <Unicode>ى</Unicode>
          </TextEquiv>
        </Word>
        <Word id="w56">
          <Coords points="821,548 1016,548 1016,659 821,659"/>
          <TextEquiv>
            <Unicode>يحيى</Unicode>
          </TextEquiv>
        </Word>
        <Word id="w57">
          <Coords points="771,584 824,584 824,642 771,642"/>
          <TextEquiv>
            <Unicode>و</Unicode>
          </TextEquiv>
        </Word>
        <Word id="w58">
          <Coords points="606,570 777,570 777,646 606,646"/>
          <TextEquiv>
            <Unicode>يميت</Unicode>
          </TextEquiv>
        </Word>
        <Word id="w59">
          <Coords points="559,519 597,519 597,625 559,625"/>
          <TextEquiv>
            <Unicode>قا</Unicode>
          </TextEquiv>
        </Word>
        <Word id="w60">
          <Coords points="485,524 536,524 536,645 485,645"/>
          <TextEquiv>
            <Unicode>ل</Unicode>
          </TextEquiv>
        </Word>
        <Word id="w61">
          <Coords points="471,523 483,523 483,606 471,606"/>
          <TextEquiv>
            <Unicode>ا</Unicode>
          </TextEquiv>
        </Word>
        <Word id="w62">
          <Coords points="419,514 451,514 451,619 419,619"/>
          <TextEquiv>
            <Unicode>نا</Unicode>
          </TextEquiv>
        </Word>
        <Word id="w63">
          <Coords points="378,520 391,520 391,611 378,611"/>
          <TextEquiv>
            <Unicode>ا</Unicode>
          </TextEquiv>
        </Word>
        <Word id="w64">
          <Coords points="208,563 373,563 373,653 208,653"/>
          <TextEquiv>
            <Unicode>حيى</Unicode>
          </TextEquiv>
        </Word>
        <Word id="w65">
          <Coords points="205,557 257,557 257,622 205,622"/>
          <TextEquiv>
            <Unicode>و</Unicode>
          </TextEquiv>
        </Word>
        <Word id="w66">
          <Coords points="199,505 218,505 218,592 199,592"/>
          <TextEquiv>
            <Unicode>ا</Unicode>
          </TextEquiv>
        </Word>
        <Word id="w67">
          <Coords points="44,532 189,532 189,633 44,633"/>
          <TextEquiv>
            <Unicode>ميت</Unicode>
          </TextEquiv>
        </Word>
        <TextEquiv>
          <Unicode> قا ل ا بر هيم ر بي ا لذ ى يحيى و يميت قا ل ا نا ا حيى و ا ميت</Unicode>
        </TextEquiv>
      </TextLine>
      <TextLine id="l3">
        <Coords points="66,713 1612,713 1612,936 66,936"/>
        <Word id="w68">
          <Coords points="1580,775 1611,775 1611,864 1580,864"/>
          <TextEquiv>
            <Unicode>قا</Unicode>
          </TextEquiv>
        </Word>
        <Word id="w69">
          <Coords points="1502,768 1555,768 1555,892 1502,892"/>
          <TextEquiv>
            <Unicode>ل</Unicode>
          </TextEquiv>
        </Word>
        <Word id="w70">
          <Coords points="1488,766 1511,766 1511,853 1488,853"/>
          <TextEquiv>
            <Unicode>ا</Unicode>
          </TextEquiv>
        </Word>
        <Word id="w71">
          <Coords points="1405,802 1485,802 1485,930 1405,930"/>
          <TextEquiv>
            <Unicode>بر</Unicode>
          </TextEquiv>
        </Word>
        <Word id="w72">
          <Coords points="1291,794 1424,794 1424,935 1291,935"/>
          <TextEquiv>
            <Unicode>هيم</Unicode>
          </TextEquiv>
        </Word>
        <Word id="w73">
          <Coords points="1249,754 1284,754 1284,861 1249,861"/>
          <TextEquiv>
            <Unicode>فا</Unicode>
          </TextEquiv>
        </Word>
        <Word id="w74">
          <Coords points="1174,812 1228,812 1228,873 1174,873"/>
          <TextEquiv>
            <Unicode>ن</Unicode>
          </TextEquiv>
        </Word>
        <Word id="w75">
          <Coords points="1141,755 1166,755 1166,869 1141,869"/>
          <TextEquiv>
            <Unicode>ا</Unicode>
          </TextEquiv>
        </Word>
        <Word id="w76">
          <Coords points="1064,801 1136,801 1136,853 1064,853"/>
          <TextEquiv>
            <Unicode>لله</Unicode>
          </TextEquiv>
        </Word>
        <Word id="w77">
          <Coords points="1011,752 1038,752 1038,882 1011,882"/>
          <TextEquiv>
            <Unicode>يا</Unicode>
          </TextEquiv>
        </Word>
        <Word id="w78">
          <Coords points="928,773 999,773 999,872 928,872"/>
          <TextEquiv>
            <Unicode>تى</Unicode>
          </TextEquiv>
        </Word>
        <Word id="w79">
          <Coords points="887,745 914,745 914,881 887,881"/>
          <TextEquiv>
            <Unicode>با</Unicode>
          </TextEquiv>
        </Word>
        <Word id="w80">
          <Coords points="687,748 857,748 857,890 687,890"/>
          <TextEquiv>
            <Unicode>لشمس</Unicode>
          </TextEquiv>
        </Word>
        <Word id="w81">
          <Coords points="610,811 709,811 709,880 610,880"/>
          <TextEquiv>
            <Unicode>من</Unicode>
          </TextEquiv>
        </Word>
        <Word id="w82">
          <Coords points="607,746 619,746 619,819 607,819"/>
          <TextEquiv>
            <Unicode>ا</Unicode>
          </TextEquiv>
        </Word>
        <Word id="w83">
          <Coords points="460,748 602,748 602,880 460,880"/>
          <TextEquiv>
            <Unicode>لمشر</Unicode>
          </TextEquiv>
        </Word>
        <Word id="w84">
          <Coords points="432,768 501,768 501,851 432,851"/>
          <TextEquiv>
            <Unicode>ق</Unicode>
          </TextEquiv>
        </Word>
        <Word id="w85">
          <Coords points="386,733 423,733 423,844 386,844"/>
          <TextEquiv>
            <Unicode>فا</Unicode>
          </TextEquiv>
        </Word>
        <Word id="w86">
          <Coords points="277,776 373,776 373,836 277,836"/>
          <TextEquiv>
            <Unicode>ت</Unicode>
          </TextEquiv>
        </Word>
        <Word id="w87">
          <Coords points="173,713 266,713 266,844 173,844"/>
          <TextEquiv>
            <Unicode>بها</Unicode>
          </TextEquiv>
        </Word>
        <Word id="w88">
          <Coords points="66,778 160,778 160,843 66,843"/>
          <TextEquiv>
            <Unicode>من</Unicode>
          </TextEquiv>
        </Word>
        <TextEquiv>
          <Unicode> قا ل ا بر هيم فا ن ا لله يا تى با لشمس من ا لمشر ق فا ت بها من</Unicode>
        </TextEquiv>
      </TextLine>
      <TextLine id="l4">
        <Coords points="60,948 1616,948 1616,1121 60,1121"/>
        <Word id="w89">
          <Coords points="1602,992 1615,992 1615,1069 1602,1069"/>
          <TextEquiv>
            <Unicode>ا</Unicode>
          </TextEquiv>
        </Word>
        <Word id="w90">
          <Coords points="1479,987 1593,987 1593,1113 1479,1113"/>
          <TextEquiv>
            <Unicode>لمغر</Unicode>
          </TextEquiv>
        </Word>
        <Word id="w91">
          <Coords points="1388,1045 1500,1045 1500,1096 1388,1096"/>
          <TextEquiv>
            <Unicode>ب</Unicode>
          </TextEquiv>
        </Word>
        <Word id="w92">
          <Coords points="1195,1025 1379,1025 1379,1098 1195,1098"/>
          <TextEquiv>
            <Unicode>فبهت</Unicode>
          </TextEquiv>
        </Word>
        <Word id="w93">
          <Coords points="1169,972 1189,972 1189,1057 1169,1057"/>
          <TextEquiv>
            <Unicode>ا</Unicode>
          </TextEquiv>
        </Word>
        <Word id="w94">
          <Coords points="1103,974 1154,974 1154,1074 1103,1074"/>
          <TextEquiv>
            <Unicode>لذ</Unicode>
          </TextEquiv>
        </Word>
        <Word id="w95">
          <Coords points="1023,1012 1098,1012 1098,1087 1023,1087"/>
          <TextEquiv>
            <Unicode>ى</Unicode>
          </TextEquiv>
        </Word>
        <Word id="w96">
          <Coords points="794,985 1044,985 1044,1088 794,1088"/>
          <TextEquiv>
            <Unicode>كفر</Unicode>
          </TextEquiv>
        </Word>
        <Word id="w97">
          <Coords points="729,1033 783,1033 783,1093 729,1093"/>
          <TextEquiv>
            <Unicode>و</Unicode>
          </TextEquiv>
        </Word>
        <Word id="w98">
          <Coords points="724,967 735,967 735,1057 724,1057"/>
          <TextEquiv>
            <Unicode>ا</Unicode>
          </TextEquiv>
        </Word>
        <Word id="w99">
          <Coords points="638,1015 711,1015 711,1071 638,1071"/>
          <TextEquiv>
            <Unicode>لله</Unicode>
          </TextEquiv>
        </Word>
        <Word id="w100">
          <Coords points="573,975 631,975 631,1073 573,1073"/>
          <TextEquiv>
            <Unicode>لا</Unicode>
          </TextEquiv>
        </Word>
        <Word id="w101">
          <Coords points="496,1011 581,1011 581,1098 496,1098"/>
          <TextEquiv>
            <Unicode>يهد</Unicode>
          </TextEquiv>
        </Word>
        <Word id="w102">
          <Coords points="439,964 448,964 448,1051 439,1051"/>
          <TextEquiv>
            <Unicode>ا</Unicode>
          </TextEquiv>
        </Word>
        <Word id="w103">
          <Coords points="420,1022 492,1022 492,1087 420,1087"/>
          <TextEquiv>
            <Unicode>ى</Unicode>
          </TextEquiv>
        </Word>
        <Word id="w104">
          <Coords points="316,963 413,963 413,1085 316,1085"/>
          <TextEquiv>
            <Unicode>لقو</Unicode>
          </TextEquiv>
        </Word>
        <Word id="w105">
          <Coords points="286,1017 326,1017 326,1120 286,1120"/>
          <TextEquiv>
            <Unicode>م</Unicode>
          </TextEquiv>
        </Word>
        <Word id="w106">
          <Coords points="263,951 280,951 280,1041 263,1041"/>
          <TextEquiv>
            <Unicode>ا</Unicode>
          </TextEquiv>
        </Word>
        <Word id="w107">
          <Coords points="164,948 246,948 246,1054 164,1054"/>
          <TextEquiv>
            <Unicode>لظا</Unicode>
          </TextEquiv>
        </Word>
        <Word id="w108">
          <Coords points="60,951 162,951 162,1066 60,1066"/>
          <TextEquiv>
            <Unicode>لمين</Unicode>
          </TextEquiv>
        </Word>
        <TextEquiv>
          <Unicode> ا لمغر ب فبهت ا لذ ى كفر و ا لله لا يهد ا ى لقو م ا لظا لمين</Unicode>
        </TextEquiv>
      </TextLine>
      <TextLine id="l5">
        <Coords points="61,1123 1613,1123 1613,1332 61,1332"/>
        <Word id="w109">
          <Coords points="1595,1196 1612,1196 1612,1306 1595,1306"/>
          <TextEquiv>
            <Unicode>ا</Unicode>
          </TextEquiv>
        </Word>
        <Word id="w110">
          <Coords points="1530,1267 1577,1267 1577,1318 1530,1318"/>
          <TextEquiv>
            <Unicode>و</Unicode>
          </TextEquiv>
        </Word>
        <Word id="w111">
          <Coords points="1361,1197 1541,1197 1541,1300 1361,1300"/>
          <TextEquiv>
            <Unicode>كا</Unicode>
          </TextEquiv>
        </Word>
        <Word id="w112">
          <Coords points="1266,1196 1325,1196 1325,1298 1266,1298"/>
          <TextEquiv>
            <Unicode>لذ</Unicode>
          </TextEquiv>
        </Word>
        <Word id="w113">
          <Coords points="1184,1243 1259,1243 1259,1309 1184,1309"/>
          <TextEquiv>
            <Unicode>ى</Unicode>
          </TextEquiv>
        </Word>
        <Word id="w114">
          <Coords points="1109,1247 1187,1247 1187,1307 1109,1307"/>
          <TextEquiv>
            <Unicode>مر</Unicode>
          </TextEquiv>
        </Word>
        <Word id="w115">
          <Coords points="1010,1190 1115,1190 1115,1331 1010,1331"/>
          <TextEquiv>
            <Unicode>على</Unicode>
          </TextEquiv>
        </Word>
        <Word id="w116">
          <Coords points="942,1245 1006,1245 1006,1319 942,1319"/>
          <TextEquiv>
            <Unicode>قر</Unicode>
          </TextEquiv>
        </Word>
        <Word id="w117">
          <Coords points="886,1221 945,1221 945,1314 886,1314"/>
          <TextEquiv>
            <Unicode>ية</Unicode>
          </TextEquiv>
        </Word>
        <Word id="w118">
          <Coords points="809,1242 859,1242 859,1299 809,1299"/>
          <TextEquiv>
            <Unicode>و</Unicode>
          </TextEquiv>
        </Word>
        <Word id="w119">
          <Coords points="705,1222 811,1222 811,1313 705,1313"/>
          <TextEquiv>
            <Unicode>هي</Unicode>
          </TextEquiv>
        </Word>
        <Word id="w120">
          <Coords points="641,1186 705,1186 705,1282 641,1282"/>
          <TextEquiv>
            <Unicode>خا</Unicode>
          </TextEquiv>
        </Word>
        <Word id="w121">
          <Coords points="577,1245 623,1245 623,1302 577,1302"/>
          <TextEquiv>
            <Unicode>و</Unicode>
          </TextEquiv>
        </Word>
        <Word id="w122">
          <Coords points="514,1123 570,1123 570,1295 514,1295"/>
          <TextEquiv>
            <Unicode>ية</Unicode>
          </TextEquiv>
        </Word>
        <Word id="w123">
          <Coords points="385,1181 486,1181 486,1323 385,1323"/>
          <TextEquiv>
            <Unicode>على</Unicode>
          </TextEquiv>
        </Word>
        <Word id="w124">
          <Coords points="297,1222 397,1222 397,1328 297,1328"/>
          <TextEquiv>
            <Unicode>عر</Unicode>
          </TextEquiv>
        </Word>
        <Word id="w125">
          <Coords points="269,1238 315,1238 315,1296 269,1296"/>
          <TextEquiv>
            <Unicode>و</Unicode>
          </TextEquiv>
        </Word>
        <Word id="w126">
          <Coords points="174,1161 273,1161 273,1305 174,1305"/>
          <TextEquiv>
            <Unicode>شها</Unicode>
          </TextEquiv>
        </Word>
        <Word id="w127">
          <Coords points="121,1198 157,1198 157,1274 121,1274"/>
          <TextEquiv>
            <Unicode>قا</Unicode>
          </TextEquiv>
        </Word>
        <Word id="w128">
          <Coords points="61,1169 111,1169 111,1288 61,1288"/>
          <TextEquiv>
            <Unicode>ل</Unicode>
          </TextEquiv>
        </Word>
        <TextEquiv>
          <Unicode> ا و كا لذ ى مر على قر ية و هي خا و ية على عر و شها قا ل</Unicode>
        </TextEquiv>
      </TextLine>
      <TextLine id="l6">
        <Coords points="67,1379 1610,1379 1610,1565 67,1565"/>
        <Word id="w129">
          <Coords points="1591,1417 1609,1417 1609,1515 1591,1515"/>
          <TextEquiv>
            <Unicode>ا</Unicode>
          </TextEquiv>
        </Word>
        <Word id="w130">
          <Coords points="1502,1454 1585,1454 1585,1550 1502,1550"/>
          <TextEquiv>
            <Unicode>نى</Unicode>
          </TextEquiv>
        </Word>
        <Word id="w131">
          <Coords points="1310,1439 1531,1439 1531,1564 1310,1564"/>
          <TextEquiv>
            <Unicode>يحيى</Unicode>
          </TextEquiv>
        </Word>
        <Word id="w132">
          <Coords points="1236,1445 1333,1445 1333,1534 1236,1534"/>
          <TextEquiv>
            <Unicode>هذ</Unicode>
          </TextEquiv>
        </Word>
        <Word id="w133">
          <Coords points="1205,1486 1228,1486 1228,1518 1205,1518"/>
          <TextEquiv>
            <Unicode>ه</Unicode>
          </TextEquiv>
        </Word>
        <Word id="w134">
          <Coords points="1178,1418 1188,1418 1188,1514 1178,1514"/>
          <TextEquiv>
            <Unicode>ا</Unicode>
          </TextEquiv>
        </Word>
        <Word id="w135">
          <Coords points="1090,1464 1164,1464 1164,1522 1090,1522"/>
          <TextEquiv>
            <Unicode>لله</Unicode>
          </TextEquiv>
        </Word>
        <Word id="w136">
          <Coords points="941,1462 1070,1462 1070,1553 941,1553"/>
          <TextEquiv>
            <Unicode>بعد</Unicode>
          </TextEquiv>
        </Word>
        <Word id="w137">
          <Coords points="863,1482 943,1482 943,1537 863,1537"/>
          <TextEquiv>
            <Unicode>مو</Unicode>
          </TextEquiv>
        </Word>
        <Word id="w138">
          <Coords points="796,1392 866,1392 866,1531 796,1531"/>
          <TextEquiv>
            <Unicode>تها</Unicode>
          </TextEquiv>
        </Word>
        <Word id="w139">
          <Coords points="730,1403 771,1403 771,1514 730,1514"/>
          <TextEquiv>
            <Unicode>قا</Unicode>
          </TextEquiv>
        </Word>
        <Word id="w140">
          <Coords points="653,1397 710,1397 710,1510 653,1510"/>
          <TextEquiv>
            <Unicode>ما</Unicode>
          </TextEquiv>
        </Word>
        <Word id="w141">
          <Coords points="566,1446 625,1446 625,1504 566,1504"/>
          <TextEquiv>
            <Unicode>ته</Unicode>
          </TextEquiv>
        </Word>
        <Word id="w142">
          <Coords points="532,1407 540,1407 540,1499 532,1499"/>
          <TextEquiv>
            <Unicode>ا</Unicode>
          </TextEquiv>
        </Word>
        <Word id="w143">
          <Coords points="439,1448 514,1448 514,1505 439,1505"/>
          <TextEquiv>
            <Unicode>لله</Unicode>
          </TextEquiv>
        </Word>
        <Word id="w144">
          <Coords points="371,1403 423,1403 423,1504 371,1504"/>
          <TextEquiv>
            <Unicode>ما</Unicode>
          </TextEquiv>
        </Word>
        <Word id="w145">
          <Coords points="282,1393 359,1393 359,1505 282,1505"/>
          <TextEquiv>
            <Unicode>ئة</Unicode>
          </TextEquiv>
        </Word>
        <Word id="w146">
          <Coords points="216,1388 268,1388 268,1500 216,1500"/>
          <TextEquiv>
            <Unicode>عا</Unicode>
          </TextEquiv>
        </Word>
        <Word id="w147">
          <Coords points="158,1447 194,1447 194,1547 158,1547"/>
          <TextEquiv>
            <Unicode>م</Unicode>
          </TextEquiv>
        </Word>
        <Word id="w148">
          <Coords points="67,1379 144,1379 144,1493 67,1493"/>
          <TextEquiv>
            <Unicode>ثم</Unicode>
          </TextEquiv>
        </Word>
        <TextEquiv>
          <Unicode> ا نى يحيى هذ ه ا لله بعد مو تها قا ما ته ا لله ما ئة عا م ثم</Unicode>
        </TextEquiv>
      </TextLine>
      <TextLine id="l7">
        <Coords points="57,1606 1607,1606 1607,1796 57,1796"/>
        <Word id="w149">
          <Coords points="1447,1690 1606,1690 1606,1786 1447,1786"/>
          <TextEquiv>
            <Unicode>بعثة</Unicode>
          </TextEquiv>
        </Word>
        <Word id="w150">
          <Coords points="1393,1682 1428,1682 1428,1756 1393,1756"/>
          <TextEquiv>
            <Unicode>فا</Unicode>
          </TextEquiv>
        </Word>
        <Word id="w151">
          <Coords points="1317,1654 1369,1654 1369,1781 1317,1781"/>
          <TextEquiv>
            <Unicode>ل</Unicode>
          </TextEquiv>
        </Word>
        <Word id="w152">
          <Coords points="1103,1673 1339,1673 1339,1755 1103,1755"/>
          <TextEquiv>
            <Unicode>كم</Unicode>
          </TextEquiv>
        </Word>
        <Word id="w153">
          <Coords points="938,1641 1121,1641 1121,1795 938,1795"/>
          <TextEquiv>
            <Unicode>لبثت</Unicode>
          </TextEquiv>
        </Word>
        <Word id="w154">
          <Coords points="891,1656 927,1656 927,1740 891,1740"/>
          <TextEquiv>
            <Unicode>قا</Unicode>
          </TextEquiv>
        </Word>
        <Word id="w155">
          <Coords points="811,1641 863,1641 863,1764 811,1764"/>
          <TextEquiv>
            <Unicode>ل</Unicode>
          </TextEquiv>
        </Word>
        <Word id="w156">
          <Coords points="636,1643 805,1643 805,1760 636,1760"/>
          <TextEquiv>
            <Unicode>لبثت</Unicode>
          </TextEquiv>
        </Word>
        <Word id="w157">
          <Coords points="552,1684 617,1684 617,1753 552,1753"/>
          <TextEquiv>
            <Unicode>يو</Unicode>
          </TextEquiv>
        </Word>
        <Word id="w158">
          <Coords points="515,1621 564,1621 564,1730 515,1730"/>
          <TextEquiv>
            <Unicode>ما</Unicode>
          </TextEquiv>
        </Word>
        <Word id="w159">
          <Coords points="470,1630 482,1630 482,1726 470,1726"/>
          <TextEquiv>
            <Unicode>ا</Unicode>
          </TextEquiv>
        </Word>
        <Word id="w160">
          <Coords points="413,1695 455,1695 455,1747 413,1747"/>
          <TextEquiv>
            <Unicode>و</Unicode>
          </TextEquiv>
        </Word>
        <Word id="w161">
          <Coords points="256,1677 408,1677 408,1754 256,1754"/>
          <TextEquiv>
            <Unicode>بعص</Unicode>
          </TextEquiv>
        </Word>
        <Word id="w162">
          <Coords points="190,1667 254,1667 254,1738 190,1738"/>
          <TextEquiv>
            <Unicode>يو</Unicode>
          </TextEquiv>
        </Word>
        <Word id="w163">
          <Coords points="126,1681 196,1681 196,1724 126,1724"/>
          <TextEquiv>
            <Unicode>م</Unicode>
          </TextEquiv>
        </Word>
        <Word id="w164">
          <Coords points="123,1621 156,1621 156,1702 123,1702"/>
          <TextEquiv>
            <Unicode>قا</Unicode>
          </TextEquiv>
        </Word>
        <Word id="w165">
          <Coords points="57,1606 106,1606 106,1722 57,1722"/>
          <TextEquiv>
            <Unicode>ل</Unicode>
          </TextEquiv>
        </Word>
        <TextEquiv>
          <Unicode> بعثة فا ل كم لبثت قا ل لبثت يو ما ا و بعص يو م قا ل</Unicode>
        </TextEquiv>
      </TextLine>
      <TextLine id="l8">
        <Coords points="52,1836 1622,1836 1622,2016 52,2016"/>
        <Word id="w166">
          <Coords points="1533,1873 1621,1873 1621,2015 1533,2015"/>
          <TextEquiv>
            <Unicode>بل</Unicode>
          </TextEquiv>
        </Word>
        <Word id="w167">
          <Coords points="1361,1870 1545,1870 1545,2001 1361,2001"/>
          <TextEquiv>
            <Unicode>لبثت</Unicode>
          </TextEquiv>
        </Word>
        <Word id="w168">
          <Coords points="1305,1855 1351,1855 1351,1965 1305,1965"/>
          <TextEquiv>
            <Unicode>ما</Unicode>
          </TextEquiv>
        </Word>
        <Word id="w169">
          <Coords points="1223,1879 1299,1879 1299,1965 1223,1965"/>
          <TextEquiv>
            <Unicode>ئة</Unicode>
          </TextEquiv>
        </Word>
        <Word id="w170">
          <Coords points="1148,1855 1195,1855 1195,1957 1148,1957"/>
          <TextEquiv>
            <Unicode>غا</Unicode>
          </TextEquiv>
        </Word>
        <Word id="w171">
          <Coords points="1090,1913 1126,1913 1126,2011 1090,2011"/>
          <TextEquiv>
            <Unicode>م</Unicode>
          </TextEquiv>
        </Word>
        <Word id="w172">
          <Coords points="1041,1846 1076,1846 1076,1960 1041,1960"/>
          <TextEquiv>
            <Unicode>فا</Unicode>
          </TextEquiv>
        </Word>
        <Word id="w173">
          <Coords points="903,1851 1029,1851 1029,1970 903,1970"/>
          <TextEquiv>
            <Unicode>نظر</Unicode>
          </TextEquiv>
        </Word>
        <Word id="w174">
          <Coords points="896,1854 913,1854 913,1944 896,1944"/>
          <TextEquiv>
            <Unicode>ا</Unicode>
          </TextEquiv>
        </Word>
        <Word id="w175">
          <Coords points="817,1852 892,1852 892,1984 817,1984"/>
          <TextEquiv>
            <Unicode>لى</Unicode>
          </TextEquiv>
        </Word>
        <Word id="w176">
          <Coords points="699,1843 831,1843 831,1958 699,1958"/>
          <TextEquiv>
            <Unicode>طعا</Unicode>
          </TextEquiv>
        </Word>
        <Word id="w177">
          <Coords points="559,1848 688,1848 688,1955 559,1955"/>
          <TextEquiv>
            <Unicode>مك</Unicode>
          </TextEquiv>
        </Word>
        <Word id="w178">
          <Coords points="505,1902 551,1902 551,1964 505,1964"/>
          <TextEquiv>
            <Unicode>و</Unicode>
          </TextEquiv>
        </Word>
        <Word id="w179">
          <Coords points="419,1841 428,1841 428,1931 419,1931"/>
          <TextEquiv>
            <Unicode>ا</Unicode>
          </TextEquiv>
        </Word>
        <Word id="w180">
          <Coords points="400,1911 511,1911 511,1977 400,1977"/>
          <TextEquiv>
            <Unicode>شر</Unicode>
          </TextEquiv>
        </Word>
        <Word id="w181">
          <Coords points="294,1838 396,1838 396,1979 294,1979"/>
          <TextEquiv>
            <Unicode>بك</Unicode>
          </TextEquiv>
        </Word>
        <Word id="w182">
          <Coords points="208,1836 281,1836 281,1961 208,1961"/>
          <TextEquiv>
            <Unicode>لم</Unicode>
          </TextEquiv>
        </Word>
        <Word id="w183">
          <Coords points="52,1876 215,1876 215,1937 52,1937"/>
          <TextEquiv>
            <Unicode>يتسنه</Unicode>
          </TextEquiv>
        </Word>
        <TextEquiv>
          <Unicode> بل لبثت ما ئة غا م فا نظر ا لى طعا مك و ا شر بك لم يتسنه</Unicode>
        </TextEquiv>
      </TextLine>
      <TextLine id="l9">
        <Coords points="62,2057 1608,2057 1608,2248 62,2248"/>
        <Word id="w184">
          <Coords points="1554,2162 1607,2162 1607,2222 1554,2222"/>
          <TextEquiv>
            <Unicode>و</Unicode>
          </TextEquiv>
        </Word>
        <Word id="w185">
          <Coords points="1552,2094 1563,2094 1563,2196 1552,2196"/>
          <TextEquiv>
            <Unicode>ا</Unicode>
          </TextEquiv>
        </Word>
        <Word id="w186">
          <Coords points="1422,2093 1537,2093 1537,2214 1422,2214"/>
          <TextEquiv>
            <Unicode>نظر</Unicode>
          </TextEquiv>
        </Word>
        <Word id="w187">
          <Coords points="1411,2096 1421,2096 1421,2186 1411,2186"/>
          <TextEquiv>
            <Unicode>ا</Unicode>
          </TextEquiv>
        </Word>
        <Word id="w188">
          <Coords points="1324,2090 1393,2090 1393,2217 1324,2217"/>
          <TextEquiv>
            <Unicode>لى</Unicode>
          </TextEquiv>
        </Word>
        <Word id="w189">
          <Coords points="1250,2081 1341,2081 1341,2190 1250,2190"/>
          <TextEquiv>
            <Unicode>حما</Unicode>
          </TextEquiv>
        </Word>
        <Word id="w190">
          <Coords points="1184,2152 1226,2152 1226,2201 1184,2201"/>
          <TextEquiv>
            <Unicode>ر</Unicode>
          </TextEquiv>
        </Word>
        <Word id="w191">
          <Coords points="1118,2076 1198,2076 1198,2183 1118,2183"/>
          <TextEquiv>
            <Unicode>ك</Unicode>
          </TextEquiv>
        </Word>
        <Word id="w192">
          <Coords points="1036,2145 1101,2145 1101,2197 1036,2197"/>
          <TextEquiv>
            <Unicode>و</Unicode>
          </TextEquiv>
        </Word>
        <Word id="w193">
          <Coords points="800,2064 1062,2064 1062,2187 800,2187"/>
          <TextEquiv>
            <Unicode>لنجعلك</Unicode>
          </TextEquiv>
        </Word>
        <Word id="w194">
          <Coords points="771,2077 789,2077 789,2172 771,2172"/>
          <TextEquiv>
            <Unicode>ا</Unicode>
          </TextEquiv>
        </Word>
        <Word id="w195">
          <Coords points="689,2098 747,2098 747,2247 689,2247"/>
          <TextEquiv>
            <Unicode>ية</Unicode>
          </TextEquiv>
        </Word>
        <Word id="w196">
          <Coords points="563,2066 657,2066 657,2177 563,2177"/>
          <TextEquiv>
            <Unicode>للنا</Unicode>
          </TextEquiv>
        </Word>
        <Word id="w197">
          <Coords points="462,2137 549,2137 549,2199 462,2199"/>
          <TextEquiv>
            <Unicode>س</Unicode>
          </TextEquiv>
        </Word>
        <Word id="w198">
          <Coords points="420,2064 431,2064 431,2157 420,2157"/>
          <TextEquiv>
            <Unicode>ا</Unicode>
          </TextEquiv>
        </Word>
        <Word id="w199">
          <Coords points="417,2131 463,2131 463,2186 417,2186"/>
          <TextEquiv>
            <Unicode>و</Unicode>
          </TextEquiv>
        </Word>
        <Word id="w200">
          <Coords points="304,2064 410,2064 410,2193 304,2193"/>
          <TextEquiv>
            <Unicode>نظر</Unicode>
          </TextEquiv>
        </Word>
        <Word id="w201">
          <Coords points="291,2065 311,2065 311,2152 291,2152"/>
          <TextEquiv>
            <Unicode>ا</Unicode>
          </TextEquiv>
        </Word>
        <Word id="w202">
          <Coords points="213,2061 233,2061 233,2159 213,2159"/>
          <TextEquiv>
            <Unicode>ا</Unicode>
          </TextEquiv>
        </Word>
        <Word id="w203">
          <Coords points="210,2069 282,2069 282,2189 210,2189"/>
          <TextEquiv>
            <Unicode>لى</Unicode>
          </TextEquiv>
        </Word>
        <Word id="w204">
          <Coords points="94,2057 197,2057 197,2158 94,2158"/>
          <TextEquiv>
            <Unicode>لعظا</Unicode>
          </TextEquiv>
        </Word>
        <Word id="w205">
          <Coords points="62,2108 94,2108 94,2194 62,2194"/>
          <TextEquiv>
            <Unicode>م</Unicode>
          </TextEquiv>
        </Word>
        <TextEquiv>
          <Unicode> و ا نظر ا لى حما ر ك و لنجعلك ا ية للنا س ا و نظر ا ا لى لعظا م</Unicode>
        </TextEquiv>
      </TextLine>
      <TextLine id="l10">
        <Coords points="36,2273 1603,2273 1603,2444 36,2444"/>
        <Word id="w206">
          <Coords points="1294,2341 1602,2341 1602,2443 1294,2443"/>
          <TextEquiv>
            <Unicode>كيف</Unicode>
          </TextEquiv>
        </Word>
        <Word id="w207">
          <Coords points="1124,2303 1282,2303 1282,2439 1124,2439"/>
          <TextEquiv>
            <Unicode>ننشر</Unicode>
          </TextEquiv>
        </Word>
        <Word id="w208">
          <Coords points="1086,2297 1157,2297 1157,2402 1086,2402"/>
          <TextEquiv>
            <Unicode>ها</Unicode>
          </TextEquiv>
        </Word>
        <Word id="w209">
          <Coords points="986,2326 1063,2326 1063,2424 986,2424"/>
          <TextEquiv>
            <Unicode>ثم</Unicode>
          </TextEquiv>
        </Word>
        <Word id="w210">
          <Coords points="834,2273 1021,2273 1021,2427 834,2427"/>
          <TextEquiv>
            <Unicode>نكسو</Unicode>
          </TextEquiv>
        </Word>
        <Word id="w211">
          <Coords points="791,2292 856,2292 856,2398 791,2398"/>
          <TextEquiv>
            <Unicode>ها</Unicode>
          </TextEquiv>
        </Word>
        <Word id="w212">
          <Coords points="693,2291 767,2291 767,2415 693,2415"/>
          <TextEquiv>
            <Unicode>لحما</Unicode>
          </TextEquiv>
        </Word>
        <Word id="w213">
          <Coords points="566,2294 669,2294 669,2411 566,2411"/>
          <TextEquiv>
            <Unicode>فلما</Unicode>
          </TextEquiv>
        </Word>
        <Word id="w214">
          <Coords points="404,2335 549,2335 549,2428 404,2428"/>
          <TextEquiv>
            <Unicode>تبين</Unicode>
          </TextEquiv>
        </Word>
        <Word id="w215">
          <Coords points="331,2291 388,2291 388,2393 331,2393"/>
          <TextEquiv>
            <Unicode>له</Unicode>
          </TextEquiv>
        </Word>
        <Word id="w216">
          <Coords points="275,2337 311,2337 311,2388 275,2388"/>
          <TextEquiv>
            <Unicode>قا</Unicode>
          </TextEquiv>
        </Word>
        <Word id="w217">
          <Coords points="201,2289 251,2289 251,2405 201,2405"/>
          <TextEquiv>
            <Unicode>ل</Unicode>
          </TextEquiv>
        </Word>
        <Word id="w218">
          <Coords points="185,2287 195,2287 195,2376 185,2376"/>
          <TextEquiv>
            <Unicode>ا</Unicode>
          </TextEquiv>
        </Word>
        <Word id="w219">
          <Coords points="36,2276 164,2276 164,2391 36,2391"/>
          <TextEquiv>
            <Unicode>علم</Unicode>
          </TextEquiv>
        </Word>
        <TextEquiv>
          <Unicode> كيف ننشر ها ثم نكسو ها لحما فلما تبين له قا ل ا علم</Unicode>
        </TextEquiv>
      </TextLine>
      <TextLine id="l11">
        <Coords points="46,2457 1605,2457 1605,2678 46,2678"/>
        <Word id="w220">
          <Coords points="1594,2550 1604,2550 1604,2631 1594,2631"/>
          <TextEquiv>
            <Unicode>ا</Unicode>
          </TextEquiv>
        </Word>
        <Word id="w221">
          <Coords points="1524,2604 1578,2604 1578,2668 1524,2668"/>
          <TextEquiv>
            <Unicode>ن</Unicode>
          </TextEquiv>
        </Word>
        <Word id="w222">
          <Coords points="1511,2543 1523,2543 1523,2627 1511,2627"/>
          <TextEquiv>
            <Unicode>ا</Unicode>
          </TextEquiv>
        </Word>
        <Word id="w223">
          <Coords points="1430,2585 1499,2585 1499,2641 1430,2641"/>
          <TextEquiv>
            <Unicode>لله</Unicode>
          </TextEquiv>
        </Word>
        <Word id="w224">
          <Coords points="1304,2537 1418,2537 1418,2677 1304,2677"/>
          <TextEquiv>
            <Unicode>على</Unicode>
          </TextEquiv>
        </Word>
        <Word id="w225">
          <Coords points="1100,2535 1340,2535 1340,2677 1100,2677"/>
          <TextEquiv>
            <Unicode>كل</Unicode>
          </TextEquiv>
        </Word>
        <Word id="w226">
          <Coords points="1013,2537 1124,2537 1124,2671 1013,2671"/>
          <TextEquiv>
            <Unicode>شئ</Unicode>
          </TextEquiv>
        </Word>
        <Word id="w227">
          <Coords points="929,2563 1006,2563 1006,2636 929,2636"/>
          <TextEquiv>
            <Unicode>قد</Unicode>
          </TextEquiv>
        </Word>
        <Word id="w228">
          <Coords points="854,2581 929,2581 929,2643 854,2643"/>
          <TextEquiv>
            <Unicode>ير</Unicode>
          </TextEquiv>
        </Word>
        <Word id="w229">
          <Coords points="753,2585 797,2585 797,2641 753,2641"/>
          <TextEquiv>
            <Unicode>و</Unicode>
          </TextEquiv>
        </Word>
        <Word id="w230">
          <Coords points="745,2521 754,2521 754,2614 745,2614"/>
          <TextEquiv>
            <Unicode>ا</Unicode>
          </TextEquiv>
        </Word>
        <Word id="w231">
          <Coords points="689,2535 734,2535 734,2626 689,2626"/>
          <TextEquiv>
            <Unicode>ذ</Unicode>
          </TextEquiv>
        </Word>
        <Word id="w232">
          <Coords points="644,2552 676,2552 676,2626 644,2626"/>
          <TextEquiv>
            <Unicode>قا</Unicode>
          </TextEquiv>
        </Word>
        <Word id="w233">
          <Coords points="568,2519 623,2519 623,2647 568,2647"/>
          <TextEquiv>
            <Unicode>ل</Unicode>
          </TextEquiv>
        </Word>
        <Word id="w234">
          <Coords points="553,2517 578,2517 578,2602 553,2602"/>
          <TextEquiv>
            <Unicode>ا</Unicode>
          </TextEquiv>
        </Word>
        <Word id="w235">
          <Coords points="488,2581 547,2581 547,2634 488,2634"/>
          <TextEquiv>
            <Unicode>بر</Unicode>
          </TextEquiv>
        </Word>
        <Word id="w236">
          <Coords points="381,2550 497,2550 497,2677 381,2677"/>
          <TextEquiv>
            <Unicode>هيم</Unicode>
          </TextEquiv>
        </Word>
        <Word id="w237">
          <Coords points="334,2571 372,2571 372,2623 334,2623"/>
          <TextEquiv>
            <Unicode>ر</Unicode>
          </TextEquiv>
        </Word>
        <Word id="w238">
          <Coords points="252,2568 341,2568 341,2631 252,2631"/>
          <TextEquiv>
            <Unicode>ب</Unicode>
          </TextEquiv>
        </Word>
        <Word id="w239">
          <Coords points="235,2506 249,2506 249,2590 235,2590"/>
          <TextEquiv>
            <Unicode>ا</Unicode>
          </TextEquiv>
        </Word>
        <Word id="w240">
          <Coords points="189,2564 225,2564 225,2615 189,2615"/>
          <TextEquiv>
            <Unicode>ر</Unicode>
          </TextEquiv>
        </Word>
        <Word id="w241">
          <Coords points="119,2515 204,2515 204,2612 119,2612"/>
          <TextEquiv>
            <Unicode>نى</Unicode>
          </TextEquiv>
        </Word>
        <Word id="w242">
          <Coords points="46,2457 222,2457 222,2616 46,2616"/>
          <TextEquiv>
            <Unicode>كيف</Unicode>
          </TextEquiv>
        </Word>
        <TextEquiv>
          <Unicode> ا ن ا لله على كل شئ قد ير و ا ذ قا ل ا بر هيم ر ب ا ر نى كيف</Unicode>
        </TextEquiv>
      </TextLine>
      <TextLine id="l12">
        <Coords points="45,2700 1611,2700 1611,2897 45,2897"/>
        <Word id="w243">
          <Coords points="1445,2749 1469,2749 1469,2849 1445,2849"/>
          <TextEquiv>
            <Unicode>ا</Unicode>
          </TextEquiv>
        </Word>
        <Word id="w244">
          <Coords points="1440,2797 1610,2797 1610,2896 1440,2896"/>
          <TextEquiv>
            <Unicode>تحيى</Unicode>
          </TextEquiv>
        </Word>
        <Word id="w245">
          <Coords points="1337,2755 1438,2755 1438,2879 1337,2879"/>
          <TextEquiv>
            <Unicode>لمو</Unicode>
          </TextEquiv>
        </Word>
        <Word id="w246">
          <Coords points="1296,2766 1373,2766 1373,2877 1296,2877"/>
          <TextEquiv>
            <Unicode>تى</Unicode>
          </TextEquiv>
        </Word>
        <Word id="w247">
          <Coords points="1247,2768 1283,2768 1283,2860 1247,2860"/>
          <TextEquiv>
            <Unicode>قا</Unicode>
          </TextEquiv>
        </Word>
        <Word id="w248">
          <Coords points="1176,2752 1226,2752 1226,2881 1176,2881"/>
          <TextEquiv>
            <Unicode>ل</Unicode>
          </TextEquiv>
        </Word>
        <Word id="w249">
          <Coords points="1159,2753 1172,2753 1172,2846 1159,2846"/>
          <TextEquiv>
            <Unicode>ا</Unicode>
          </TextEquiv>
        </Word>
        <Word id="w250">
          <Coords points="1085,2819 1139,2819 1139,2871 1085,2871"/>
          <TextEquiv>
            <Unicode>و</Unicode>
          </TextEquiv>
        </Word>
        <Word id="w251">
          <Coords points="1009,2751 1095,2751 1095,2871 1009,2871"/>
          <TextEquiv>
            <Unicode>لم</Unicode>
          </TextEquiv>
        </Word>
        <Word id="w252">
          <Coords points="954,2773 1019,2773 1019,2862 954,2862"/>
          <TextEquiv>
            <Unicode>تؤ</Unicode>
          </TextEquiv>
        </Word>
        <Word id="w253">
          <Coords points="866,2801 968,2801 968,2868 866,2868"/>
          <TextEquiv>
            <Unicode>من</Unicode>
          </TextEquiv>
        </Word>
        <Word id="w254">
          <Coords points="820,2781 858,2781 858,2848 820,2848"/>
          <TextEquiv>
            <Unicode>قا</Unicode>
          </TextEquiv>
        </Word>
        <Word id="w255">
          <Coords points="747,2748 800,2748 800,2871 747,2871"/>
          <TextEquiv>
            <Unicode>ل</Unicode>
          </TextEquiv>
        </Word>
        <Word id="w256">
          <Coords points="652,2751 734,2751 734,2885 652,2885"/>
          <TextEquiv>
            <Unicode>بلى</Unicode>
          </TextEquiv>
        </Word>
        <Word id="w257">
          <Coords points="602,2808 651,2808 651,2861 602,2861"/>
          <TextEquiv>
            <Unicode>و</Unicode>
          </TextEquiv>
        </Word>
        <Word id="w258">
          <Coords points="362,2705 610,2705 610,2867 362,2867"/>
          <TextEquiv>
            <Unicode>لكن</Unicode>
          </TextEquiv>
        </Word>
        <Word id="w259">
          <Coords points="81,2720 389,2720 389,2866 81,2866"/>
          <TextEquiv>
            <Unicode>ليطمئن</Unicode>
          </TextEquiv>
        </Word>
        <Word id="w260">
          <Coords points="45,2700 217,2700 217,2858 45,2858"/>
          <TextEquiv>
            <Unicode>قلبى</Unicode>
          </TextEquiv>
        </Word>
        <TextEquiv>
          <Unicode> ا تحيى لمو تى قا ل ا و لم تؤ من قا ل بلى و لكن ليطمئن قلبى</Unicode>
        </TextEquiv>
      </TextLine>
      <TextLine id="l13">
        <Coords points="55,2946 1615,2946 1615,3135 55,3135"/>
        <Word id="w261">
          <Coords points="1581,3005 1614,3005 1614,3093 1581,3093"/>
          <TextEquiv>
            <Unicode>قا</Unicode>
          </TextEquiv>
        </Word>
        <Word id="w262">
          <Coords points="1522,2990 1565,2990 1565,3117 1522,3117"/>
          <TextEquiv>
            <Unicode>ل</Unicode>
          </TextEquiv>
        </Word>
        <Word id="w263">
          <Coords points="1376,2991 1552,2991 1552,3103 1376,3103"/>
          <TextEquiv>
            <Unicode>فخذ</Unicode>
          </TextEquiv>
        </Word>
        <Word id="w264">
          <Coords points="1361,2986 1372,2986 1372,3081 1361,3081"/>
          <TextEquiv>
            <Unicode>ا</Unicode>
          </TextEquiv>
        </Word>
        <Word id="w265">
          <Coords points="1184,2986 1308,2986 1308,3114 1184,3114"/>
          <TextEquiv>
            <Unicode>بعة</Unicode>
          </TextEquiv>
        </Word>
        <Word id="w266">
          <Coords points="1073,3041 1167,3041 1167,3107 1073,3107"/>
          <TextEquiv>
            <Unicode>من</Unicode>
          </TextEquiv>
        </Word>
        <Word id="w267">
          <Coords points="1055,2983 1069,2983 1069,3073 1055,3073"/>
          <TextEquiv>
            <Unicode>ا</Unicode>
          </TextEquiv>
        </Word>
        <Word id="w268">
          <Coords points="871,2979 1037,2979 1037,3110 871,3110"/>
          <TextEquiv>
            <Unicode>لطير</Unicode>
          </TextEquiv>
        </Word>
        <Word id="w269">
          <Coords points="764,3011 911,3011 911,3114 764,3114"/>
          <TextEquiv>
            <Unicode>فصر</Unicode>
          </TextEquiv>
        </Word>
        <Word id="w270">
          <Coords points="666,3028 777,3028 777,3109 666,3109"/>
          <TextEquiv>
            <Unicode>هن</Unicode>
          </TextEquiv>
        </Word>
        <Word id="w271">
          <Coords points="638,2973 651,2973 651,3065 638,3065"/>
          <TextEquiv>
            <Unicode>ا</Unicode>
          </TextEquiv>
        </Word>
        <Word id="w272">
          <Coords points="487,2971 621,2971 621,3121 487,3121"/>
          <TextEquiv>
            <Unicode>ليك</Unicode>
          </TextEquiv>
        </Word>
        <Word id="w273">
          <Coords points="412,2985 470,2985 470,3134 412,3134"/>
          <TextEquiv>
            <Unicode>ثم</Unicode>
          </TextEquiv>
        </Word>
        <Word id="w274">
          <Coords points="383,2969 397,2969 397,3062 383,3062"/>
          <TextEquiv>
            <Unicode>ا</Unicode>
          </TextEquiv>
        </Word>
        <Word id="w275">
          <Coords points="219,2963 376,2963 376,3096 219,3096"/>
          <TextEquiv>
            <Unicode>جعل</Unicode>
          </TextEquiv>
        </Word>
        <Word id="w276">
          <Coords points="123,2972 227,2972 227,3100 123,3100"/>
          <TextEquiv>
            <Unicode>على</Unicode>
          </TextEquiv>
        </Word>
        <Word id="w277">
          <Coords points="55,2946 179,2946 179,3080 55,3080"/>
          <TextEquiv>
            <Unicode>كل</Unicode>
          </TextEquiv>
        </Word>
        <TextEquiv>
          <Unicode> قا ل فخذ ا بعة من ا لطير فصر هن ا ليك ثم ا جعل على كل</Unicode>
        </TextEquiv>
      </TextLine>
    </TextRegion>
  </Page>
</PcGts>
