<?xml version='1.0' encoding='utf-8'?>
<PcGts xmlns:xsi="http://www.w3.org/2001/XMLSchema-instance" xmlns="http://schema.primaresearch.org/PAGE/gts/pagecontent/2019-07-15" xsi:schemaLocation="http://schema.primaresearch.org/PAGE/gts/pagecontent/2019-07-15 http://schema.primaresearch.org/PAGE/gts/pagecontent/2019-07-15/pagecontent.xsd" pcGtsId="pc-aletheiaexamplepage">
  <Metadata>
    <Creator>PRImA Research Lab</Creator>
    <Created>2015-07-17T15:27:13</Created>
    <LastChange>2017-07-14T10:03:33</LastChange>
    <Comments>Example Page</Comments>
  </Metadata>
  <Page imageFilename="3249138/0028-1.png" imageWidth="1665" imageHeight="3185">
    <TextRegion id="r0" type="paragraph">
      <Coords points="1,1 1663,1 1663,3183 1,3183"/>
      <TextLine id="l0">
        <Coords points="159,84 1614,84 1614,246 159,246"/>
        <Word id="w0">
          <Coords points="1477,92 1613,92 1613,205 1477,205"/>
          <TextEquiv>
            <Unicode>لهم</Unicode>
          </TextEquiv>
        </Word>
        <Word id="w1">
          <Coords points="1473,92 1492,92 1492,183 1473,183"/>
          <TextEquiv>
            <Unicode>ا</Unicode>
          </TextEquiv>
        </Word>
        <Word id="w2">
          <Coords points="1378,145 1471,145 1471,210 1378,210"/>
          <TextEquiv>
            <Unicode>جر</Unicode>
          </TextEquiv>
        </Word>
        <Word id="w3">
          <Coords points="1320,119 1385,119 1385,245 1320,245"/>
          <TextEquiv>
            <Unicode>هم</Unicode>
          </TextEquiv>
        </Word>
        <Word id="w4">
          <Coords points="1193,126 1307,126 1307,186 1193,186"/>
          <TextEquiv>
            <Unicode>عند</Unicode>
          </TextEquiv>
        </Word>
        <Word id="w5">
          <Coords points="1128,143 1175,143 1175,194 1128,194"/>
          <TextEquiv>
            <Unicode>ر</Unicode>
          </TextEquiv>
        </Word>
        <Word id="w6">
          <Coords points="1037,129 1133,129 1133,244 1037,244"/>
          <TextEquiv>
            <Unicode>بهم</Unicode>
          </TextEquiv>
        </Word>
        <Word id="w7">
          <Coords points="983,142 1025,142 1025,201 983,201"/>
          <TextEquiv>
            <Unicode>و</Unicode>
          </TextEquiv>
        </Word>
        <Word id="w8">
          <Coords points="937,84 990,84 990,177 937,177"/>
          <TextEquiv>
            <Unicode>لا</Unicode>
          </TextEquiv>
        </Word>
        <Word id="w9">
          <Coords points="846,104 945,104 945,204 846,204"/>
          <TextEquiv>
            <Unicode>حو</Unicode>
          </TextEquiv>
        </Word>
        <Word id="w10">
          <Coords points="764,129 857,129 857,179 764,179"/>
          <TextEquiv>
            <Unicode>ف</Unicode>
          </TextEquiv>
        </Word>
        <Word id="w11">
          <Coords points="585,87 752,87 752,242 585,242"/>
          <TextEquiv>
            <Unicode>عليهم</Unicode>
          </TextEquiv>
        </Word>
        <Word id="w12">
          <Coords points="526,142 573,142 573,202 526,202"/>
          <TextEquiv>
            <Unicode>و</Unicode>
          </TextEquiv>
        </Word>
        <Word id="w13">
          <Coords points="483,94 579,94 579,180 483,180"/>
          <TextEquiv>
            <Unicode>لا</Unicode>
          </TextEquiv>
        </Word>
        <Word id="w14">
          <Coords points="342,124 479,124 479,203 342,203"/>
          <TextEquiv>
            <Unicode>هم</Unicode>
          </TextEquiv>
        </Word>
        <Word id="w15">
          <Coords points="271,107 371,107 371,204 271,204"/>
          <TextEquiv>
            <Unicode>يحز</Unicode>
          </TextEquiv>
        </Word>
        <Word id="w16">
          <Coords points="206,111 271,111 271,198 206,198"/>
          <TextEquiv>
            <Unicode>نو</Unicode>
          </TextEquiv>
        </Word>
        <Word id="w17">
          <Coords points="159,122 213,122 213,179 159,179"/>
          <TextEquiv>
            <Unicode>ن</Unicode>
          </TextEquiv>
        </Word>
        <TextEquiv>
          <Unicode> لهم ا جر هم عند ر بهم و لا حو ف عليهم و لا هم يحز نو ن</Unicode>
        </TextEquiv>
      </TextLine>
      <TextLine id="l1">
        <Coords points="73,259 1612,259 1612,449 73,449"/>
        <Word id="w18">
          <Coords points="1588,309 1611,309 1611,448 1588,448"/>
          <TextEquiv>
            <Unicode>يا</Unicode>
          </TextEquiv>
        </Word>
        <Word id="w19">
          <Coords points="1548,316 1559,316 1559,405 1548,405"/>
          <TextEquiv>
            <Unicode>ا</Unicode>
          </TextEquiv>
        </Word>
        <Word id="w20">
          <Coords points="1450,307 1529,307 1529,433 1450,433"/>
          <TextEquiv>
            <Unicode>يها</Unicode>
          </TextEquiv>
        </Word>
        <Word id="w21">
          <Coords points="1405,313 1426,313 1426,393 1405,393"/>
          <TextEquiv>
            <Unicode>ا</Unicode>
          </TextEquiv>
        </Word>
        <Word id="w22">
          <Coords points="1339,322 1395,322 1395,416 1339,416"/>
          <TextEquiv>
            <Unicode>لذ</Unicode>
          </TextEquiv>
        </Word>
        <Word id="w23">
          <Coords points="1269,368 1339,368 1339,440 1269,440"/>
          <TextEquiv>
            <Unicode>ين</Unicode>
          </TextEquiv>
        </Word>
        <Word id="w24">
          <Coords points="1247,318 1259,318 1259,400 1247,400"/>
          <TextEquiv>
            <Unicode>ا</Unicode>
          </TextEquiv>
        </Word>
        <Word id="w25">
          <Coords points="1131,313 1146,313 1146,402 1131,402"/>
          <TextEquiv>
            <Unicode>ا</Unicode>
          </TextEquiv>
        </Word>
        <Word id="w26">
          <Coords points="1126,352 1236,352 1236,434 1126,434"/>
          <TextEquiv>
            <Unicode>منو</Unicode>
          </TextEquiv>
        </Word>
        <Word id="w27">
          <Coords points="1097,318 1113,318 1113,394 1097,394"/>
          <TextEquiv>
            <Unicode>ا</Unicode>
          </TextEquiv>
        </Word>
        <Word id="w28">
          <Coords points="980,301 1001,301 1001,397 980,397"/>
          <TextEquiv>
            <Unicode>ا</Unicode>
          </TextEquiv>
        </Word>
        <Word id="w29">
          <Coords points="976,317 1082,317 1082,429 976,429"/>
          <TextEquiv>
            <Unicode>تقو</Unicode>
          </TextEquiv>
        </Word>
        <Word id="w30">
          <Coords points="941,310 968,310 968,402 941,402"/>
          <TextEquiv>
            <Unicode>ا</Unicode>
          </TextEquiv>
        </Word>
        <Word id="w31">
          <Coords points="873,350 941,350 941,404 873,404"/>
          <TextEquiv>
            <Unicode>لله</Unicode>
          </TextEquiv>
        </Word>
        <Word id="w32">
          <Coords points="806,362 848,362 848,421 806,421"/>
          <TextEquiv>
            <Unicode>و</Unicode>
          </TextEquiv>
        </Word>
        <Word id="w33">
          <Coords points="764,324 802,324 802,405 764,405"/>
          <TextEquiv>
            <Unicode>ذ</Unicode>
          </TextEquiv>
        </Word>
        <Word id="w34">
          <Coords points="712,364 751,364 751,412 712,412"/>
          <TextEquiv>
            <Unicode>ر</Unicode>
          </TextEquiv>
        </Word>
        <Word id="w35">
          <Coords points="664,301 676,301 676,386 664,386"/>
          <TextEquiv>
            <Unicode>ا</Unicode>
          </TextEquiv>
        </Word>
        <Word id="w36">
          <Coords points="658,365 707,365 707,419 658,419"/>
          <TextEquiv>
            <Unicode>و</Unicode>
          </TextEquiv>
        </Word>
        <Word id="w37">
          <Coords points="601,302 652,302 652,408 601,408"/>
          <TextEquiv>
            <Unicode>ما</Unicode>
          </TextEquiv>
        </Word>
        <Word id="w38">
          <Coords points="466,329 578,329 578,446 466,446"/>
          <TextEquiv>
            <Unicode>بفى</Unicode>
          </TextEquiv>
        </Word>
        <Word id="w39">
          <Coords points="391,364 485,364 485,435 391,435"/>
          <TextEquiv>
            <Unicode>من</Unicode>
          </TextEquiv>
        </Word>
        <Word id="w40">
          <Coords points="380,297 401,297 401,381 380,381"/>
          <TextEquiv>
            <Unicode>ا</Unicode>
          </TextEquiv>
        </Word>
        <Word id="w41">
          <Coords points="319,306 368,306 368,428 319,428"/>
          <TextEquiv>
            <Unicode>لر</Unicode>
          </TextEquiv>
        </Word>
        <Word id="w42">
          <Coords points="255,305 266,305 266,394 255,394"/>
          <TextEquiv>
            <Unicode>ا</Unicode>
          </TextEquiv>
        </Word>
        <Word id="w43">
          <Coords points="252,357 314,357 314,428 252,428"/>
          <TextEquiv>
            <Unicode>بو</Unicode>
          </TextEquiv>
        </Word>
        <Word id="w44">
          <Coords points="223,309 238,309 238,390 223,390"/>
          <TextEquiv>
            <Unicode>ا</Unicode>
          </TextEquiv>
        </Word>
        <Word id="w45">
          <Coords points="169,352 217,352 217,411 169,411"/>
          <TextEquiv>
            <Unicode>ن</Unicode>
          </TextEquiv>
        </Word>
        <Word id="w46">
          <Coords points="73,259 233,259 233,440 73,440"/>
          <TextEquiv>
            <Unicode>كنتم</Unicode>
          </TextEquiv>
        </Word>
        <TextEquiv>
          <Unicode> يا ا يها ا لذ ين ا ا منو ا ا تقو ا لله و ذ ر ا و ما بفى من ا لر ا بو ا ن كنتم</Unicode>
        </TextEquiv>
      </TextLine>
      <TextLine id="l2">
        <Coords points="63,523 1612,523 1612,678 63,678"/>
        <Word id="w47">
          <Coords points="1524,549 1611,549 1611,664 1524,664"/>
          <TextEquiv>
            <Unicode>مؤ</Unicode>
          </TextEquiv>
        </Word>
        <Word id="w48">
          <Coords points="1370,587 1536,587 1536,654 1370,654"/>
          <TextEquiv>
            <Unicode>منين</Unicode>
          </TextEquiv>
        </Word>
        <Word id="w49">
          <Coords points="1268,537 1299,537 1299,644 1268,644"/>
          <TextEquiv>
            <Unicode>فا</Unicode>
          </TextEquiv>
        </Word>
        <Word id="w50">
          <Coords points="1195,596 1249,596 1249,658 1195,658"/>
          <TextEquiv>
            <Unicode>ن</Unicode>
          </TextEquiv>
        </Word>
        <Word id="w51">
          <Coords points="1103,544 1184,544 1184,664 1103,664"/>
          <TextEquiv>
            <Unicode>لم</Unicode>
          </TextEquiv>
        </Word>
        <Word id="w52">
          <Coords points="919,532 940,532 940,633 919,633"/>
          <TextEquiv>
            <Unicode>ا</Unicode>
          </TextEquiv>
        </Word>
        <Word id="w53">
          <Coords points="905,535 1117,535 1117,662 905,662"/>
          <TextEquiv>
            <Unicode>تفعلو</Unicode>
          </TextEquiv>
        </Word>
        <Word id="w54">
          <Coords points="874,537 906,537 906,638 874,638"/>
          <TextEquiv>
            <Unicode>فا</Unicode>
          </TextEquiv>
        </Word>
        <Word id="w55">
          <Coords points="816,564 854,564 854,639 816,639"/>
          <TextEquiv>
            <Unicode>ذ</Unicode>
          </TextEquiv>
        </Word>
        <Word id="w56">
          <Coords points="747,532 759,532 759,633 747,633"/>
          <TextEquiv>
            <Unicode>ا</Unicode>
          </TextEquiv>
        </Word>
        <Word id="w57">
          <Coords points="733,546 803,546 803,657 733,657"/>
          <TextEquiv>
            <Unicode>نو</Unicode>
          </TextEquiv>
        </Word>
        <Word id="w58">
          <Coords points="623,574 724,574 724,677 623,677"/>
          <TextEquiv>
            <Unicode>بحر</Unicode>
          </TextEquiv>
        </Word>
        <Word id="w59">
          <Coords points="551,595 650,595 650,641 551,641"/>
          <TextEquiv>
            <Unicode>ب</Unicode>
          </TextEquiv>
        </Word>
        <Word id="w60">
          <Coords points="451,588 545,588 545,656 451,656"/>
          <TextEquiv>
            <Unicode>من</Unicode>
          </TextEquiv>
        </Word>
        <Word id="w61">
          <Coords points="428,535 447,535 447,624 428,624"/>
          <TextEquiv>
            <Unicode>ا</Unicode>
          </TextEquiv>
        </Word>
        <Word id="w62">
          <Coords points="358,575 424,575 424,628 358,628"/>
          <TextEquiv>
            <Unicode>لله</Unicode>
          </TextEquiv>
        </Word>
        <Word id="w63">
          <Coords points="295,589 337,589 337,645 295,645"/>
          <TextEquiv>
            <Unicode>و</Unicode>
          </TextEquiv>
        </Word>
        <Word id="w64">
          <Coords points="240,590 287,590 287,641 240,641"/>
          <TextEquiv>
            <Unicode>ر</Unicode>
          </TextEquiv>
        </Word>
        <Word id="w65">
          <Coords points="166,587 247,587 247,646 166,646"/>
          <TextEquiv>
            <Unicode>سو</Unicode>
          </TextEquiv>
        </Word>
        <Word id="w66">
          <Coords points="114,523 168,523 168,623 114,623"/>
          <TextEquiv>
            <Unicode>له</Unicode>
          </TextEquiv>
        </Word>
        <Word id="w67">
          <Coords points="63,574 106,574 106,629 63,629"/>
          <TextEquiv>
            <Unicode>و</Unicode>
          </TextEquiv>
        </Word>
        <TextEquiv>
          <Unicode> مؤ منين فا ن لم ا تفعلو فا ذ ا نو بحر ب من ا لله و ر سو له و</Unicode>
        </TextEquiv>
      </TextLine>
      <TextLine id="l3">
        <Coords points="151,739 1619,739 1619,939 151,939"/>
        <Word id="w68">
          <Coords points="1595,771 1618,771 1618,867 1595,867"/>
          <TextEquiv>
            <Unicode>ا</Unicode>
          </TextEquiv>
        </Word>
        <Word id="w69">
          <Coords points="1538,824 1589,824 1589,887 1538,887"/>
          <TextEquiv>
            <Unicode>ن</Unicode>
          </TextEquiv>
        </Word>
        <Word id="w70">
          <Coords points="1412,780 1534,780 1534,938 1412,938"/>
          <TextEquiv>
            <Unicode>تبتم</Unicode>
          </TextEquiv>
        </Word>
        <Word id="w71">
          <Coords points="1115,773 1402,773 1402,877 1115,877"/>
          <TextEquiv>
            <Unicode>فلكم</Unicode>
          </TextEquiv>
        </Word>
        <Word id="w72">
          <Coords points="1077,823 1118,823 1118,873 1077,873"/>
          <TextEquiv>
            <Unicode>ر</Unicode>
          </TextEquiv>
        </Word>
        <Word id="w73">
          <Coords points="1022,783 1077,783 1077,883 1022,883"/>
          <TextEquiv>
            <Unicode>ؤ</Unicode>
          </TextEquiv>
        </Word>
        <Word id="w74">
          <Coords points="951,824 1032,824 1032,892 951,892"/>
          <TextEquiv>
            <Unicode>س</Unicode>
          </TextEquiv>
        </Word>
        <Word id="w75">
          <Coords points="939,758 957,758 957,850 939,850"/>
          <TextEquiv>
            <Unicode>ا</Unicode>
          </TextEquiv>
        </Word>
        <Word id="w76">
          <Coords points="849,767 861,767 861,851 849,851"/>
          <TextEquiv>
            <Unicode>ا</Unicode>
          </TextEquiv>
        </Word>
        <Word id="w77">
          <Coords points="844,831 929,831 929,890 844,890"/>
          <TextEquiv>
            <Unicode>مو</Unicode>
          </TextEquiv>
        </Word>
        <Word id="w78">
          <Coords points="743,739 856,739 856,897 743,897"/>
          <TextEquiv>
            <Unicode>لكم</Unicode>
          </TextEquiv>
        </Word>
        <Word id="w79">
          <Coords points="660,762 715,762 715,855 660,855"/>
          <TextEquiv>
            <Unicode>لا</Unicode>
          </TextEquiv>
        </Word>
        <Word id="w80">
          <Coords points="524,755 657,755 657,893 524,893"/>
          <TextEquiv>
            <Unicode>تظلمو</Unicode>
          </TextEquiv>
        </Word>
        <Word id="w81">
          <Coords points="476,806 527,806 527,866 476,866"/>
          <TextEquiv>
            <Unicode>ن</Unicode>
          </TextEquiv>
        </Word>
        <Word id="w82">
          <Coords points="403,812 457,812 457,873 403,873"/>
          <TextEquiv>
            <Unicode>و</Unicode>
          </TextEquiv>
        </Word>
        <Word id="w83">
          <Coords points="363,756 477,756 477,849 363,849"/>
          <TextEquiv>
            <Unicode>لا</Unicode>
          </TextEquiv>
        </Word>
        <Word id="w84">
          <Coords points="200,745 353,745 353,884 200,884"/>
          <TextEquiv>
            <Unicode>تطلمو</Unicode>
          </TextEquiv>
        </Word>
        <Word id="w85">
          <Coords points="151,805 202,805 202,864 151,864"/>
          <TextEquiv>
            <Unicode>ن</Unicode>
          </TextEquiv>
        </Word>
        <TextEquiv>
          <Unicode> ا ن تبتم فلكم ر ؤ س ا ا مو لكم لا تظلمو ن و لا تطلمو ن</Unicode>
        </TextEquiv>
      </TextLine>
      <TextLine id="l4">
        <Coords points="51,951 1611,951 1611,1120 51,1120"/>
        <Word id="w86">
          <Coords points="1557,990 1566,990 1566,1081 1557,1081"/>
          <TextEquiv>
            <Unicode>ا</Unicode>
          </TextEquiv>
        </Word>
        <Word id="w87">
          <Coords points="1556,1053 1610,1053 1610,1115 1556,1115"/>
          <TextEquiv>
            <Unicode>و</Unicode>
          </TextEquiv>
        </Word>
        <Word id="w88">
          <Coords points="1485,1045 1540,1045 1540,1106 1485,1106"/>
          <TextEquiv>
            <Unicode>ن</Unicode>
          </TextEquiv>
        </Word>
        <Word id="w89">
          <Coords points="1303,984 1482,984 1482,1091 1303,1091"/>
          <TextEquiv>
            <Unicode>كا</Unicode>
          </TextEquiv>
        </Word>
        <Word id="w90">
          <Coords points="1238,1039 1287,1039 1287,1098 1238,1098"/>
          <TextEquiv>
            <Unicode>ن</Unicode>
          </TextEquiv>
        </Word>
        <Word id="w91">
          <Coords points="1194,1008 1230,1008 1230,1086 1194,1086"/>
          <TextEquiv>
            <Unicode>ذ</Unicode>
          </TextEquiv>
        </Word>
        <Word id="w92">
          <Coords points="1143,1047 1186,1047 1186,1105 1143,1105"/>
          <TextEquiv>
            <Unicode>و</Unicode>
          </TextEquiv>
        </Word>
        <Word id="w93">
          <Coords points="995,1035 1152,1035 1152,1115 995,1115"/>
          <TextEquiv>
            <Unicode>عسر</Unicode>
          </TextEquiv>
        </Word>
        <Word id="w94">
          <Coords points="987,1003 1013,1003 1013,1074 987,1074"/>
          <TextEquiv>
            <Unicode>ة</Unicode>
          </TextEquiv>
        </Word>
        <Word id="w95">
          <Coords points="813,975 969,975 969,1098 813,1098"/>
          <TextEquiv>
            <Unicode>فنظر</Unicode>
          </TextEquiv>
        </Word>
        <Word id="w96">
          <Coords points="790,1001 812,1001 812,1074 790,1074"/>
          <TextEquiv>
            <Unicode>ة</Unicode>
          </TextEquiv>
        </Word>
        <Word id="w97">
          <Coords points="746,980 758,980 758,1066 746,1066"/>
          <TextEquiv>
            <Unicode>ا</Unicode>
          </TextEquiv>
        </Word>
        <Word id="w98">
          <Coords points="666,981 737,981 737,1104 666,1104"/>
          <TextEquiv>
            <Unicode>لى</Unicode>
          </TextEquiv>
        </Word>
        <Word id="w99">
          <Coords points="501,1009 540,1009 540,1064 501,1064"/>
          <TextEquiv>
            <Unicode>ة</Unicode>
          </TextEquiv>
        </Word>
        <Word id="w100">
          <Coords points="475,1026 671,1026 671,1119 475,1119"/>
          <TextEquiv>
            <Unicode>ميسر</Unicode>
          </TextEquiv>
        </Word>
        <Word id="w101">
          <Coords points="429,1030 479,1030 479,1087 429,1087"/>
          <TextEquiv>
            <Unicode>و</Unicode>
          </TextEquiv>
        </Word>
        <Word id="w102">
          <Coords points="423,966 436,966 436,1058 423,1058"/>
          <TextEquiv>
            <Unicode>ا</Unicode>
          </TextEquiv>
        </Word>
        <Word id="w103">
          <Coords points="354,1019 409,1019 409,1081 354,1081"/>
          <TextEquiv>
            <Unicode>ن</Unicode>
          </TextEquiv>
        </Word>
        <Word id="w104">
          <Coords points="228,1010 345,1010 345,1069 228,1069"/>
          <TextEquiv>
            <Unicode>تصد</Unicode>
          </TextEquiv>
        </Word>
        <Word id="w105">
          <Coords points="165,951 186,951 186,1052 165,1052"/>
          <TextEquiv>
            <Unicode>ا</Unicode>
          </TextEquiv>
        </Word>
        <Word id="w106">
          <Coords points="162,966 230,966 230,1089 162,1089"/>
          <TextEquiv>
            <Unicode>قو</Unicode>
          </TextEquiv>
        </Word>
        <Word id="w107">
          <Coords points="51,1016 171,1016 171,1084 51,1084"/>
          <TextEquiv>
            <Unicode>خير</Unicode>
          </TextEquiv>
        </Word>
        <TextEquiv>
          <Unicode> ا و ن كا ن ذ و عسر ة فنظر ة ا لى ة ميسر و ا ن تصد ا قو خير</Unicode>
        </TextEquiv>
      </TextLine>
      <TextLine id="l5">
        <Coords points="74,1183 1644,1183 1644,1368 74,1368"/>
        <Word id="w108">
          <Coords points="1531,1202 1643,1202 1643,1364 1531,1364"/>
          <TextEquiv>
            <Unicode>لكم</Unicode>
          </TextEquiv>
        </Word>
        <Word id="w109">
          <Coords points="1497,1219 1515,1219 1515,1312 1497,1312"/>
          <TextEquiv>
            <Unicode>ا</Unicode>
          </TextEquiv>
        </Word>
        <Word id="w110">
          <Coords points="1436,1268 1483,1268 1483,1326 1436,1326"/>
          <TextEquiv>
            <Unicode>ن</Unicode>
          </TextEquiv>
        </Word>
        <Word id="w111">
          <Coords points="1198,1234 1433,1234 1433,1367 1198,1367"/>
          <TextEquiv>
            <Unicode>كنتم</Unicode>
          </TextEquiv>
        </Word>
        <Word id="w112">
          <Coords points="1050,1215 1186,1215 1186,1346 1050,1346"/>
          <TextEquiv>
            <Unicode>تعلمو</Unicode>
          </TextEquiv>
        </Word>
        <Word id="w113">
          <Coords points="1011,1224 1059,1224 1059,1319 1011,1319"/>
          <TextEquiv>
            <Unicode>ن</Unicode>
          </TextEquiv>
        </Word>
        <Word id="w114">
          <Coords points="895,1265 938,1265 938,1320 895,1320"/>
          <TextEquiv>
            <Unicode>و</Unicode>
          </TextEquiv>
        </Word>
        <Word id="w115">
          <Coords points="886,1205 898,1205 898,1287 886,1287"/>
          <TextEquiv>
            <Unicode>ا</Unicode>
          </TextEquiv>
        </Word>
        <Word id="w116">
          <Coords points="777,1200 788,1200 788,1292 777,1292"/>
          <TextEquiv>
            <Unicode>ا</Unicode>
          </TextEquiv>
        </Word>
        <Word id="w117">
          <Coords points="768,1218 873,1218 873,1320 768,1320"/>
          <TextEquiv>
            <Unicode>ت</Unicode>
          </TextEquiv>
        </Word>
        <Word id="w118">
          <Coords points="688,1250 751,1250 751,1318 688,1318"/>
          <TextEquiv>
            <Unicode>يو</Unicode>
          </TextEquiv>
        </Word>
        <Word id="w119">
          <Coords points="643,1183 697,1183 697,1291 643,1291"/>
          <TextEquiv>
            <Unicode>ما</Unicode>
          </TextEquiv>
        </Word>
        <Word id="w120">
          <Coords points="563,1217 614,1217 614,1316 563,1316"/>
          <TextEquiv>
            <Unicode>تر</Unicode>
          </TextEquiv>
        </Word>
        <Word id="w121">
          <Coords points="431,1251 576,1251 576,1312 431,1312"/>
          <TextEquiv>
            <Unicode>جعو</Unicode>
          </TextEquiv>
        </Word>
        <Word id="w122">
          <Coords points="382,1236 435,1236 435,1296 382,1296"/>
          <TextEquiv>
            <Unicode>ن</Unicode>
          </TextEquiv>
        </Word>
        <Word id="w123">
          <Coords points="269,1215 374,1215 374,1314 269,1314"/>
          <TextEquiv>
            <Unicode>فيه</Unicode>
          </TextEquiv>
        </Word>
        <Word id="w124">
          <Coords points="234,1192 244,1192 244,1272 234,1272"/>
          <TextEquiv>
            <Unicode>ا</Unicode>
          </TextEquiv>
        </Word>
        <Word id="w125">
          <Coords points="142,1191 221,1191 221,1305 142,1305"/>
          <TextEquiv>
            <Unicode>لى</Unicode>
          </TextEquiv>
        </Word>
        <Word id="w126">
          <Coords points="134,1186 157,1186 157,1281 134,1281"/>
          <TextEquiv>
            <Unicode>ا</Unicode>
          </TextEquiv>
        </Word>
        <Word id="w127">
          <Coords points="74,1225 136,1225 136,1277 74,1277"/>
          <TextEquiv>
            <Unicode>لله</Unicode>
          </TextEquiv>
        </Word>
        <TextEquiv>
          <Unicode> لكم ا ن كنتم تعلمو ن و ا ا ت يو ما تر جعو ن فيه ا لى ا لله</Unicode>
        </TextEquiv>
      </TextLine>
      <TextLine id="l6">
        <Coords points="56,1381 1614,1381 1614,1601 56,1601"/>
        <Word id="w128">
          <Coords points="1560,1426 1613,1426 1613,1600 1560,1600"/>
          <TextEquiv>
            <Unicode>ثم</Unicode>
          </TextEquiv>
        </Word>
        <Word id="w129">
          <Coords points="1473,1446 1534,1446 1534,1549 1473,1549"/>
          <TextEquiv>
            <Unicode>تو</Unicode>
          </TextEquiv>
        </Word>
        <Word id="w130">
          <Coords points="1403,1421 1481,1421 1481,1545 1403,1545"/>
          <TextEquiv>
            <Unicode>فى</Unicode>
          </TextEquiv>
        </Word>
        <Word id="w131">
          <Coords points="1205,1415 1421,1415 1421,1543 1205,1543"/>
          <TextEquiv>
            <Unicode>كل</Unicode>
          </TextEquiv>
        </Word>
        <Word id="w132">
          <Coords points="1043,1388 1191,1388 1191,1552 1043,1552"/>
          <TextEquiv>
            <Unicode>نفس</Unicode>
          </TextEquiv>
        </Word>
        <Word id="w133">
          <Coords points="1025,1414 1076,1414 1076,1515 1025,1515"/>
          <TextEquiv>
            <Unicode>ما</Unicode>
          </TextEquiv>
        </Word>
        <Word id="w134">
          <Coords points="813,1381 1063,1381 1063,1552 813,1552"/>
          <TextEquiv>
            <Unicode>كسبت</Unicode>
          </TextEquiv>
        </Word>
        <Word id="w135">
          <Coords points="754,1475 799,1475 799,1529 754,1529"/>
          <TextEquiv>
            <Unicode>و</Unicode>
          </TextEquiv>
        </Word>
        <Word id="w136">
          <Coords points="699,1444 762,1444 762,1580 699,1580"/>
          <TextEquiv>
            <Unicode>هم</Unicode>
          </TextEquiv>
        </Word>
        <Word id="w137">
          <Coords points="625,1422 681,1422 681,1519 625,1519"/>
          <TextEquiv>
            <Unicode>لا</Unicode>
          </TextEquiv>
        </Word>
        <Word id="w138">
          <Coords points="465,1412 622,1412 622,1548 465,1548"/>
          <TextEquiv>
            <Unicode>يظلمو</Unicode>
          </TextEquiv>
        </Word>
        <Word id="w139">
          <Coords points="423,1461 473,1461 473,1519 423,1519"/>
          <TextEquiv>
            <Unicode>ن</Unicode>
          </TextEquiv>
        </Word>
        <Word id="w140">
          <Coords points="327,1397 351,1397 351,1504 327,1504"/>
          <TextEquiv>
            <Unicode>يا</Unicode>
          </TextEquiv>
        </Word>
        <Word id="w141">
          <Coords points="291,1408 304,1408 304,1496 291,1496"/>
          <TextEquiv>
            <Unicode>ا</Unicode>
          </TextEquiv>
        </Word>
        <Word id="w142">
          <Coords points="217,1398 282,1398 282,1531 217,1531"/>
          <TextEquiv>
            <Unicode>يها</Unicode>
          </TextEquiv>
        </Word>
        <Word id="w143">
          <Coords points="184,1404 198,1404 198,1487 184,1487"/>
          <TextEquiv>
            <Unicode>ا</Unicode>
          </TextEquiv>
        </Word>
        <Word id="w144">
          <Coords points="110,1404 168,1404 168,1500 110,1500"/>
          <TextEquiv>
            <Unicode>لذ</Unicode>
          </TextEquiv>
        </Word>
        <Word id="w145">
          <Coords points="56,1440 118,1440 118,1518 56,1518"/>
          <TextEquiv>
            <Unicode>ين</Unicode>
          </TextEquiv>
        </Word>
        <TextEquiv>
          <Unicode> ثم تو فى كل نفس ما كسبت و هم لا يظلمو ن يا ا يها ا لذ ين</Unicode>
        </TextEquiv>
      </TextLine>
      <TextLine id="l7">
        <Coords points="69,1596 1617,1596 1617,1810 69,1810"/>
        <Word id="w146">
          <Coords points="1601,1665 1616,1665 1616,1749 1601,1749"/>
          <TextEquiv>
            <Unicode>ا</Unicode>
          </TextEquiv>
        </Word>
        <Word id="w147">
          <Coords points="1490,1659 1498,1659 1498,1746 1490,1746"/>
          <TextEquiv>
            <Unicode>ا</Unicode>
          </TextEquiv>
        </Word>
        <Word id="w148">
          <Coords points="1480,1726 1590,1726 1590,1781 1480,1781"/>
          <TextEquiv>
            <Unicode>منو</Unicode>
          </TextEquiv>
        </Word>
        <Word id="w149">
          <Coords points="1458,1662 1467,1662 1467,1748 1458,1748"/>
          <TextEquiv>
            <Unicode>ا</Unicode>
          </TextEquiv>
        </Word>
        <Word id="w150">
          <Coords points="1405,1657 1443,1657 1443,1752 1405,1752"/>
          <TextEquiv>
            <Unicode>ذ</Unicode>
          </TextEquiv>
        </Word>
        <Word id="w151">
          <Coords points="1387,1657 1395,1657 1395,1745 1387,1745"/>
          <TextEquiv>
            <Unicode>ا</Unicode>
          </TextEquiv>
        </Word>
        <Word id="w152">
          <Coords points="1310,1663 1366,1663 1366,1755 1310,1755"/>
          <TextEquiv>
            <Unicode>تد</Unicode>
          </TextEquiv>
        </Word>
        <Word id="w153">
          <Coords points="1287,1657 1297,1657 1297,1731 1287,1731"/>
          <TextEquiv>
            <Unicode>ا</Unicode>
          </TextEquiv>
        </Word>
        <Word id="w154">
          <Coords points="1162,1711 1280,1711 1280,1809 1162,1809"/>
          <TextEquiv>
            <Unicode>ينتم</Unicode>
          </TextEquiv>
        </Word>
        <Word id="w155">
          <Coords points="1079,1688 1144,1688 1144,1773 1079,1773"/>
          <TextEquiv>
            <Unicode>بد</Unicode>
          </TextEquiv>
        </Word>
        <Word id="w156">
          <Coords points="1006,1703 1077,1703 1077,1766 1006,1766"/>
          <TextEquiv>
            <Unicode>ين</Unicode>
          </TextEquiv>
        </Word>
        <Word id="w157">
          <Coords points="984,1648 995,1648 995,1735 984,1735"/>
          <TextEquiv>
            <Unicode>ا</Unicode>
          </TextEquiv>
        </Word>
        <Word id="w158">
          <Coords points="901,1645 976,1645 976,1774 901,1774"/>
          <TextEquiv>
            <Unicode>لى</Unicode>
          </TextEquiv>
        </Word>
        <Word id="w159">
          <Coords points="891,1645 902,1645 902,1738 891,1738"/>
          <TextEquiv>
            <Unicode>ا</Unicode>
          </TextEquiv>
        </Word>
        <Word id="w160">
          <Coords points="769,1645 877,1645 877,1776 769,1776"/>
          <TextEquiv>
            <Unicode>جل</Unicode>
          </TextEquiv>
        </Word>
        <Word id="w161">
          <Coords points="624,1702 786,1702 786,1788 624,1788"/>
          <TextEquiv>
            <Unicode>مسمى</Unicode>
          </TextEquiv>
        </Word>
        <Word id="w162">
          <Coords points="587,1638 622,1638 622,1744 587,1744"/>
          <TextEquiv>
            <Unicode>فا</Unicode>
          </TextEquiv>
        </Word>
        <Word id="w163">
          <Coords points="322,1668 572,1668 572,1760 322,1760"/>
          <TextEquiv>
            <Unicode>كتبو</Unicode>
          </TextEquiv>
        </Word>
        <Word id="w164">
          <Coords points="307,1702 330,1702 330,1732 307,1732"/>
          <TextEquiv>
            <Unicode>ه</Unicode>
          </TextEquiv>
        </Word>
        <Word id="w165">
          <Coords points="226,1691 282,1691 282,1746 226,1746"/>
          <TextEquiv>
            <Unicode>و</Unicode>
          </TextEquiv>
        </Word>
        <Word id="w166">
          <Coords points="69,1596 247,1596 247,1750 69,1750"/>
          <TextEquiv>
            <Unicode>ليكتب</Unicode>
          </TextEquiv>
        </Word>
        <TextEquiv>
          <Unicode> ا ا منو ا ذ ا تد ا ينتم بد ين ا لى ا جل مسمى فا كتبو ه و ليكتب</Unicode>
        </TextEquiv>
      </TextLine>
      <TextLine id="l8">
        <Coords points="65,1818 1614,1818 1614,2003 65,2003"/>
        <Word id="w167">
          <Coords points="1304,1890 1613,1890 1613,1982 1304,1982"/>
          <TextEquiv>
            <Unicode>بينكم</Unicode>
          </TextEquiv>
        </Word>
        <Word id="w168">
          <Coords points="1274,1874 1358,1874 1358,1972 1274,1972"/>
          <TextEquiv>
            <Unicode>كا</Unicode>
          </TextEquiv>
        </Word>
        <Word id="w169">
          <Coords points="1149,1904 1255,1904 1255,1992 1149,1992"/>
          <TextEquiv>
            <Unicode>تب</Unicode>
          </TextEquiv>
        </Word>
        <Word id="w170">
          <Coords points="1109,1859 1135,1859 1135,2001 1109,2001"/>
          <TextEquiv>
            <Unicode>با</Unicode>
          </TextEquiv>
        </Word>
        <Word id="w171">
          <Coords points="969,1871 1082,1871 1082,1967 969,1967"/>
          <TextEquiv>
            <Unicode>لعد</Unicode>
          </TextEquiv>
        </Word>
        <Word id="w172">
          <Coords points="911,1871 959,1871 959,1984 911,1984"/>
          <TextEquiv>
            <Unicode>ل</Unicode>
          </TextEquiv>
        </Word>
        <Word id="w173">
          <Coords points="856,1927 906,1927 906,1986 856,1986"/>
          <TextEquiv>
            <Unicode>و</Unicode>
          </TextEquiv>
        </Word>
        <Word id="w174">
          <Coords points="810,1876 902,1876 902,1962 810,1962"/>
          <TextEquiv>
            <Unicode>لا</Unicode>
          </TextEquiv>
        </Word>
        <Word id="w175">
          <Coords points="777,1865 804,1865 804,1988 777,1988"/>
          <TextEquiv>
            <Unicode>يا</Unicode>
          </TextEquiv>
        </Word>
        <Word id="w176">
          <Coords points="657,1924 758,1924 758,2002 657,2002"/>
          <TextEquiv>
            <Unicode>ب</Unicode>
          </TextEquiv>
        </Word>
        <Word id="w177">
          <Coords points="605,1858 691,1858 691,1961 605,1961"/>
          <TextEquiv>
            <Unicode>كا</Unicode>
          </TextEquiv>
        </Word>
        <Word id="w178">
          <Coords points="479,1905 584,1905 584,1990 479,1990"/>
          <TextEquiv>
            <Unicode>تب</Unicode>
          </TextEquiv>
        </Word>
        <Word id="w179">
          <Coords points="457,1852 468,1852 468,1942 457,1942"/>
          <TextEquiv>
            <Unicode>ا</Unicode>
          </TextEquiv>
        </Word>
        <Word id="w180">
          <Coords points="391,1906 442,1906 442,1965 391,1965"/>
          <TextEquiv>
            <Unicode>ن</Unicode>
          </TextEquiv>
        </Word>
        <Word id="w181">
          <Coords points="232,1818 418,1818 418,1945 232,1945"/>
          <TextEquiv>
            <Unicode>يكتب</Unicode>
          </TextEquiv>
        </Word>
        <Word id="w182">
          <Coords points="175,1824 269,1824 269,1943 175,1943"/>
          <TextEquiv>
            <Unicode>كما</Unicode>
          </TextEquiv>
        </Word>
        <Word id="w183">
          <Coords points="65,1838 157,1838 157,1943 65,1943"/>
          <TextEquiv>
            <Unicode>علمه</Unicode>
          </TextEquiv>
        </Word>
        <TextEquiv>
          <Unicode> بينكم كا تب با لعد ل و لا يا ب كا تب ا ن يكتب كما علمه</Unicode>
        </TextEquiv>
      </TextLine>
      <TextLine id="l9">
        <Coords points="64,2066 1619,2066 1619,2229 64,2229"/>
        <Word id="w184">
          <Coords points="1600,2102 1618,2102 1618,2192 1600,2192"/>
          <TextEquiv>
            <Unicode>ا</Unicode>
          </TextEquiv>
        </Word>
        <Word id="w185">
          <Coords points="1522,2148 1591,2148 1591,2201 1522,2201"/>
          <TextEquiv>
            <Unicode>لله</Unicode>
          </TextEquiv>
        </Word>
        <Word id="w186">
          <Coords points="1262,2073 1506,2073 1506,2214 1262,2214"/>
          <TextEquiv>
            <Unicode>فليكتب</Unicode>
          </TextEquiv>
        </Word>
        <Word id="w187">
          <Coords points="1188,2154 1248,2154 1248,2213 1188,2213"/>
          <TextEquiv>
            <Unicode>و</Unicode>
          </TextEquiv>
        </Word>
        <Word id="w188">
          <Coords points="1037,2084 1204,2084 1204,2215 1037,2215"/>
          <TextEquiv>
            <Unicode>ليملل</Unicode>
          </TextEquiv>
        </Word>
        <Word id="w189">
          <Coords points="1024,2091 1041,2091 1041,2179 1024,2179"/>
          <TextEquiv>
            <Unicode>ا</Unicode>
          </TextEquiv>
        </Word>
        <Word id="w190">
          <Coords points="951,2093 1009,2093 1009,2189 951,2189"/>
          <TextEquiv>
            <Unicode>لذ</Unicode>
          </TextEquiv>
        </Word>
        <Word id="w191">
          <Coords points="875,2136 946,2136 946,2206 875,2206"/>
          <TextEquiv>
            <Unicode>ى</Unicode>
          </TextEquiv>
        </Word>
        <Word id="w192">
          <Coords points="741,2079 891,2079 891,2209 741,2209"/>
          <TextEquiv>
            <Unicode>عليه</Unicode>
          </TextEquiv>
        </Word>
        <Word id="w193">
          <Coords points="711,2073 728,2073 728,2167 711,2167"/>
          <TextEquiv>
            <Unicode>ا</Unicode>
          </TextEquiv>
        </Word>
        <Word id="w194">
          <Coords points="579,2076 702,2076 702,2208 579,2208"/>
          <TextEquiv>
            <Unicode>لحق</Unicode>
          </TextEquiv>
        </Word>
        <Word id="w195">
          <Coords points="509,2142 561,2142 561,2198 509,2198"/>
          <TextEquiv>
            <Unicode>و</Unicode>
          </TextEquiv>
        </Word>
        <Word id="w196">
          <Coords points="366,2076 513,2076 513,2195 366,2195"/>
          <TextEquiv>
            <Unicode>ليتق</Unicode>
          </TextEquiv>
        </Word>
        <Word id="w197">
          <Coords points="338,2066 362,2066 362,2160 338,2160"/>
          <TextEquiv>
            <Unicode>ا</Unicode>
          </TextEquiv>
        </Word>
        <Word id="w198">
          <Coords points="260,2116 332,2116 332,2171 260,2171"/>
          <TextEquiv>
            <Unicode>لله</Unicode>
          </TextEquiv>
        </Word>
        <Word id="w199">
          <Coords points="201,2136 237,2136 237,2186 201,2186"/>
          <TextEquiv>
            <Unicode>ر</Unicode>
          </TextEquiv>
        </Word>
        <Word id="w200">
          <Coords points="140,2108 192,2108 192,2228 140,2228"/>
          <TextEquiv>
            <Unicode>به</Unicode>
          </TextEquiv>
        </Word>
        <Word id="w201">
          <Coords points="64,2120 113,2120 113,2171 64,2171"/>
          <TextEquiv>
            <Unicode>و</Unicode>
          </TextEquiv>
        </Word>
        <TextEquiv>
          <Unicode> ا لله فليكتب و ليملل ا لذ ى عليه ا لحق و ليتق ا لله ر به و</Unicode>
        </TextEquiv>
      </TextLine>
      <TextLine id="l10">
        <Coords points="61,2267 1615,2267 1615,2473 61,2473"/>
        <Word id="w202">
          <Coords points="1555,2323 1614,2323 1614,2424 1555,2424"/>
          <TextEquiv>
            <Unicode>لا</Unicode>
          </TextEquiv>
        </Word>
        <Word id="w203">
          <Coords points="1308,2367 1437,2367 1437,2432 1308,2432"/>
          <TextEquiv>
            <Unicode>منه</Unicode>
          </TextEquiv>
        </Word>
        <Word id="w204">
          <Coords points="1281,2363 1553,2363 1553,2472 1281,2472"/>
          <TextEquiv>
            <Unicode>يبخس</Unicode>
          </TextEquiv>
        </Word>
        <Word id="w205">
          <Coords points="1146,2304 1284,2304 1284,2441 1146,2441"/>
          <TextEquiv>
            <Unicode>شيئا</Unicode>
          </TextEquiv>
        </Word>
        <Word id="w206">
          <Coords points="1080,2304 1117,2304 1117,2414 1080,2414"/>
          <TextEquiv>
            <Unicode>فا</Unicode>
          </TextEquiv>
        </Word>
        <Word id="w207">
          <Coords points="997,2365 1055,2365 1055,2426 997,2426"/>
          <TextEquiv>
            <Unicode>ن</Unicode>
          </TextEquiv>
        </Word>
        <Word id="w208">
          <Coords points="821,2298 998,2298 998,2407 821,2407"/>
          <TextEquiv>
            <Unicode>كا</Unicode>
          </TextEquiv>
        </Word>
        <Word id="w209">
          <Coords points="745,2356 803,2356 803,2420 745,2420"/>
          <TextEquiv>
            <Unicode>ن</Unicode>
          </TextEquiv>
        </Word>
        <Word id="w210">
          <Coords points="725,2309 736,2309 736,2391 725,2391"/>
          <TextEquiv>
            <Unicode>ا</Unicode>
          </TextEquiv>
        </Word>
        <Word id="w211">
          <Coords points="647,2310 708,2310 708,2408 647,2408"/>
          <TextEquiv>
            <Unicode>لذ</Unicode>
          </TextEquiv>
        </Word>
        <Word id="w212">
          <Coords points="573,2359 645,2359 645,2424 573,2424"/>
          <TextEquiv>
            <Unicode>ى</Unicode>
          </TextEquiv>
        </Word>
        <Word id="w213">
          <Coords points="450,2303 589,2303 589,2422 450,2422"/>
          <TextEquiv>
            <Unicode>عليه</Unicode>
          </TextEquiv>
        </Word>
        <Word id="w214">
          <Coords points="418,2285 436,2285 436,2386 418,2386"/>
          <TextEquiv>
            <Unicode>ا</Unicode>
          </TextEquiv>
        </Word>
        <Word id="w215">
          <Coords points="280,2295 411,2295 411,2420 280,2420"/>
          <TextEquiv>
            <Unicode>لحق</Unicode>
          </TextEquiv>
        </Word>
        <Word id="w216">
          <Coords points="130,2267 272,2267 272,2411 130,2411"/>
          <TextEquiv>
            <Unicode>سفيها</Unicode>
          </TextEquiv>
        </Word>
        <Word id="w217">
          <Coords points="106,2292 119,2292 119,2370 106,2370"/>
          <TextEquiv>
            <Unicode>ا</Unicode>
          </TextEquiv>
        </Word>
        <Word id="w218">
          <Coords points="61,2350 101,2350 101,2407 61,2407"/>
          <TextEquiv>
            <Unicode>و</Unicode>
          </TextEquiv>
        </Word>
        <TextEquiv>
          <Unicode> لا منه يبخس شيئا فا ن كا ن ا لذ ى عليه ا لحق سفيها ا و</Unicode>
        </TextEquiv>
      </TextLine>
      <TextLine id="l11">
        <Coords points="64,2507 1615,2507 1615,2699 64,2699"/>
        <Word id="w219">
          <Coords points="1409,2525 1614,2525 1614,2670 1409,2670"/>
          <TextEquiv>
            <Unicode>ضعيفا</Unicode>
          </TextEquiv>
        </Word>
        <Word id="w220">
          <Coords points="1365,2540 1374,2540 1374,2631 1365,2631"/>
          <TextEquiv>
            <Unicode>ا</Unicode>
          </TextEquiv>
        </Word>
        <Word id="w221">
          <Coords points="1291,2604 1349,2604 1349,2661 1291,2661"/>
          <TextEquiv>
            <Unicode>و</Unicode>
          </TextEquiv>
        </Word>
        <Word id="w222">
          <Coords points="1255,2535 1313,2535 1313,2633 1255,2633"/>
          <TextEquiv>
            <Unicode>لا</Unicode>
          </TextEquiv>
        </Word>
        <Word id="w223">
          <Coords points="988,2531 1243,2531 1243,2698 988,2698"/>
          <TextEquiv>
            <Unicode>يستطيع</Unicode>
          </TextEquiv>
        </Word>
        <Word id="w224">
          <Coords points="965,2533 977,2533 977,2624 965,2624"/>
          <TextEquiv>
            <Unicode>ا</Unicode>
          </TextEquiv>
        </Word>
        <Word id="w225">
          <Coords points="898,2584 948,2584 948,2643 898,2643"/>
          <TextEquiv>
            <Unicode>ن</Unicode>
          </TextEquiv>
        </Word>
        <Word id="w226">
          <Coords points="768,2530 885,2530 885,2659 768,2659"/>
          <TextEquiv>
            <Unicode>يمل</Unicode>
          </TextEquiv>
        </Word>
        <Word id="w227">
          <Coords points="641,2575 749,2575 749,2654 641,2654"/>
          <TextEquiv>
            <Unicode>هو</Unicode>
          </TextEquiv>
        </Word>
        <Word id="w228">
          <Coords points="460,2521 652,2521 652,2655 460,2655"/>
          <TextEquiv>
            <Unicode>فليملل</Unicode>
          </TextEquiv>
        </Word>
        <Word id="w229">
          <Coords points="389,2591 447,2591 447,2649 389,2649"/>
          <TextEquiv>
            <Unicode>و</Unicode>
          </TextEquiv>
        </Word>
        <Word id="w230">
          <Coords points="299,2527 400,2527 400,2656 299,2656"/>
          <TextEquiv>
            <Unicode>ليه</Unicode>
          </TextEquiv>
        </Word>
        <Word id="w231">
          <Coords points="242,2511 268,2511 268,2656 242,2656"/>
          <TextEquiv>
            <Unicode>با</Unicode>
          </TextEquiv>
        </Word>
        <Word id="w232">
          <Coords points="109,2520 216,2520 216,2615 109,2615"/>
          <TextEquiv>
            <Unicode>لعد</Unicode>
          </TextEquiv>
        </Word>
        <Word id="w233">
          <Coords points="64,2507 104,2507 104,2608 64,2608"/>
          <TextEquiv>
            <Unicode>ل</Unicode>
          </TextEquiv>
        </Word>
        <TextEquiv>
          <Unicode> ضعيفا ا و لا يستطيع ا ن يمل هو فليملل و ليه با لعد ل</Unicode>
        </TextEquiv>
      </TextLine>
      <TextLine id="l12">
        <Coords points="51,2709 1614,2709 1614,2906 51,2906"/>
        <Word id="w234">
          <Coords points="1558,2762 1566,2762 1566,2857 1558,2857"/>
          <TextEquiv>
            <Unicode>ا</Unicode>
          </TextEquiv>
        </Word>
        <Word id="w235">
          <Coords points="1557,2831 1613,2831 1613,2892 1557,2892"/>
          <TextEquiv>
            <Unicode>و</Unicode>
          </TextEquiv>
        </Word>
        <Word id="w236">
          <Coords points="1341,2803 1543,2803 1543,2890 1341,2890"/>
          <TextEquiv>
            <Unicode>ستشهد</Unicode>
          </TextEquiv>
        </Word>
        <Word id="w237">
          <Coords points="1289,2752 1298,2752 1298,2847 1289,2847"/>
          <TextEquiv>
            <Unicode>ا</Unicode>
          </TextEquiv>
        </Word>
        <Word id="w238">
          <Coords points="1279,2819 1332,2819 1332,2875 1279,2875"/>
          <TextEquiv>
            <Unicode>و</Unicode>
          </TextEquiv>
        </Word>
        <Word id="w239">
          <Coords points="1099,2793 1268,2793 1268,2876 1099,2876"/>
          <TextEquiv>
            <Unicode>شهيد</Unicode>
          </TextEquiv>
        </Word>
        <Word id="w240">
          <Coords points="1035,2805 1100,2805 1100,2865 1035,2865"/>
          <TextEquiv>
            <Unicode>ين</Unicode>
          </TextEquiv>
        </Word>
        <Word id="w241">
          <Coords points="925,2816 1030,2816 1030,2881 925,2881"/>
          <TextEquiv>
            <Unicode>من</Unicode>
          </TextEquiv>
        </Word>
        <Word id="w242">
          <Coords points="876,2819 921,2819 921,2878 876,2878"/>
          <TextEquiv>
            <Unicode>ر</Unicode>
          </TextEquiv>
        </Word>
        <Word id="w243">
          <Coords points="825,2751 884,2751 884,2851 825,2851"/>
          <TextEquiv>
            <Unicode>حا</Unicode>
          </TextEquiv>
        </Word>
        <Word id="w244">
          <Coords points="709,2732 829,2732 829,2905 709,2905"/>
          <TextEquiv>
            <Unicode>لكم</Unicode>
          </TextEquiv>
        </Word>
        <Word id="w245">
          <Coords points="646,2745 683,2745 683,2857 646,2857"/>
          <TextEquiv>
            <Unicode>فا</Unicode>
          </TextEquiv>
        </Word>
        <Word id="w246">
          <Coords points="567,2800 626,2800 626,2867 567,2867"/>
          <TextEquiv>
            <Unicode>ن</Unicode>
          </TextEquiv>
        </Word>
        <Word id="w247">
          <Coords points="470,2748 554,2748 554,2868 470,2868"/>
          <TextEquiv>
            <Unicode>لم</Unicode>
          </TextEquiv>
        </Word>
        <Word id="w248">
          <Coords points="360,2719 512,2719 512,2866 360,2866"/>
          <TextEquiv>
            <Unicode>يكو</Unicode>
          </TextEquiv>
        </Word>
        <Word id="w249">
          <Coords points="334,2742 366,2742 366,2844 334,2844"/>
          <TextEquiv>
            <Unicode>ن</Unicode>
          </TextEquiv>
        </Word>
        <Word id="w250">
          <Coords points="270,2800 313,2800 313,2852 270,2852"/>
          <TextEquiv>
            <Unicode>ر</Unicode>
          </TextEquiv>
        </Word>
        <Word id="w251">
          <Coords points="151,2738 286,2738 286,2858 151,2858"/>
          <TextEquiv>
            <Unicode>جلين</Unicode>
          </TextEquiv>
        </Word>
        <Word id="w252">
          <Coords points="95,2780 163,2780 163,2846 95,2846"/>
          <TextEquiv>
            <Unicode>فر</Unicode>
          </TextEquiv>
        </Word>
        <Word id="w253">
          <Coords points="51,2709 136,2709 136,2820 51,2820"/>
          <TextEquiv>
            <Unicode>ج</Unicode>
          </TextEquiv>
        </Word>
        <TextEquiv>
          <Unicode> ا و ستشهد ا و شهيد ين من ر حا لكم فا ن لم يكو ن ر جلين فر ج</Unicode>
        </TextEquiv>
      </TextLine>
      <TextLine id="l13">
        <Coords points="50,2926 1617,2926 1617,3113 50,3113"/>
        <Word id="w254">
          <Coords points="1569,3052 1616,3052 1616,3111 1569,3111"/>
          <TextEquiv>
            <Unicode>و</Unicode>
          </TextEquiv>
        </Word>
        <Word id="w255">
          <Coords points="1565,2987 1573,2987 1573,3080 1565,3080"/>
          <TextEquiv>
            <Unicode>ا</Unicode>
          </TextEquiv>
        </Word>
        <Word id="w256">
          <Coords points="1468,2980 1476,2980 1476,3070 1468,3070"/>
          <TextEquiv>
            <Unicode>ا</Unicode>
          </TextEquiv>
        </Word>
        <Word id="w257">
          <Coords points="1413,2975 1441,2975 1441,3082 1413,3082"/>
          <TextEquiv>
            <Unicode>ت</Unicode>
          </TextEquiv>
        </Word>
        <Word id="w258">
          <Coords points="1337,3032 1392,3032 1392,3097 1337,3097"/>
          <TextEquiv>
            <Unicode>ن</Unicode>
          </TextEquiv>
        </Word>
        <Word id="w259">
          <Coords points="1203,3013 1329,3013 1329,3111 1203,3111"/>
          <TextEquiv>
            <Unicode>ممن</Unicode>
          </TextEquiv>
        </Word>
        <Word id="w260">
          <Coords points="1137,3041 1202,3041 1202,3099 1137,3099"/>
          <TextEquiv>
            <Unicode>تر</Unicode>
          </TextEquiv>
        </Word>
        <Word id="w261">
          <Coords points="1037,3040 1149,3040 1149,3099 1037,3099"/>
          <TextEquiv>
            <Unicode>صو</Unicode>
          </TextEquiv>
        </Word>
        <Word id="w262">
          <Coords points="990,3023 1043,3023 1043,3085 990,3085"/>
          <TextEquiv>
            <Unicode>ن</Unicode>
          </TextEquiv>
        </Word>
        <Word id="w263">
          <Coords points="881,3038 976,3038 976,3103 881,3103"/>
          <TextEquiv>
            <Unicode>من</Unicode>
          </TextEquiv>
        </Word>
        <Word id="w264">
          <Coords points="859,2976 879,2976 879,3074 859,3074"/>
          <TextEquiv>
            <Unicode>ا</Unicode>
          </TextEquiv>
        </Word>
        <Word id="w265">
          <Coords points="712,2973 840,2973 840,3112 712,3112"/>
          <TextEquiv>
            <Unicode>لشهد</Unicode>
          </TextEquiv>
        </Word>
        <Word id="w266">
          <Coords points="699,2967 715,2967 715,3071 699,3071"/>
          <TextEquiv>
            <Unicode>ا</Unicode>
          </TextEquiv>
        </Word>
        <Word id="w267">
          <Coords points="657,3033 685,3033 685,3073 657,3073"/>
          <TextEquiv>
            <Unicode>ء</Unicode>
          </TextEquiv>
        </Word>
        <Word id="w268">
          <Coords points="615,2976 626,2976 626,3066 615,3066"/>
          <TextEquiv>
            <Unicode>ا</Unicode>
          </TextEquiv>
        </Word>
        <Word id="w269">
          <Coords points="543,3026 592,3026 592,3086 543,3086"/>
          <TextEquiv>
            <Unicode>ن</Unicode>
          </TextEquiv>
        </Word>
        <Word id="w270">
          <Coords points="387,2967 536,2967 536,3099 387,3099"/>
          <TextEquiv>
            <Unicode>تصل</Unicode>
          </TextEquiv>
        </Word>
        <Word id="w271">
          <Coords points="366,2970 389,2970 389,3071 366,3071"/>
          <TextEquiv>
            <Unicode>ا</Unicode>
          </TextEquiv>
        </Word>
        <Word id="w272">
          <Coords points="269,3012 362,3012 362,3071 269,3071"/>
          <TextEquiv>
            <Unicode>جد</Unicode>
          </TextEquiv>
        </Word>
        <Word id="w273">
          <Coords points="207,2962 279,2962 279,3078 207,3078"/>
          <TextEquiv>
            <Unicode>هما</Unicode>
          </TextEquiv>
        </Word>
        <Word id="w274">
          <Coords points="118,2981 201,2981 201,3067 118,3067"/>
          <TextEquiv>
            <Unicode>فتذ</Unicode>
          </TextEquiv>
        </Word>
        <Word id="w275">
          <Coords points="50,2926 161,2926 161,3080 50,3080"/>
          <TextEquiv>
            <Unicode>كر</Unicode>
          </TextEquiv>
        </Word>
        <TextEquiv>
          <Unicode> و ا ا ت ن ممن تر صو ن من ا لشهد ا ء ا ن تصل ا جد هما فتذ كر</Unicode>
        </TextEquiv>
      </TextLine>
    </TextRegion>
  </Page>
</PcGts>
