<?xml version='1.0' encoding='utf-8'?>
<PcGts xmlns:xsi="http://www.w3.org/2001/XMLSchema-instance" xmlns="http://schema.primaresearch.org/PAGE/gts/pagecontent/2019-07-15" xsi:schemaLocation="http://schema.primaresearch.org/PAGE/gts/pagecontent/2019-07-15 http://schema.primaresearch.org/PAGE/gts/pagecontent/2019-07-15/pagecontent.xsd" pcGtsId="pc-aletheiaexamplepage">
  <Metadata>
    <Creator>PRImA Research Lab</Creator>
    <Created>2015-07-17T15:27:13</Created>
    <LastChange>2017-07-14T10:03:33</LastChange>
    <Comments>Example Page</Comments>
  </Metadata>
  <Page imageFilename="3249138/0033-2.png" imageWidth="1801" imageHeight="3113">
    <TextRegion id="r0" type="paragraph">
      <Coords points="1,1 1799,1 1799,3111 1,3111"/>
      <TextLine id="l0">
        <Coords points="89,14 1652,14 1652,227 89,227"/>
        <Word id="w0">
          <Coords points="1571,29 1651,29 1651,161 1571,161"/>
          <TextEquiv>
            <Unicode>فيما</Unicode>
          </TextEquiv>
        </Word>
        <Word id="w1">
          <Coords points="1432,14 1570,14 1570,152 1432,152"/>
          <TextEquiv>
            <Unicode>لكم</Unicode>
          </TextEquiv>
        </Word>
        <Word id="w2">
          <Coords points="1380,67 1436,67 1436,139 1380,139"/>
          <TextEquiv>
            <Unicode>به</Unicode>
          </TextEquiv>
        </Word>
        <Word id="w3">
          <Coords points="1282,25 1363,25 1363,180 1282,180"/>
          <TextEquiv>
            <Unicode>علم</Unicode>
          </TextEquiv>
        </Word>
        <Word id="w4">
          <Coords points="1136,31 1253,31 1253,160 1136,160"/>
          <TextEquiv>
            <Unicode>فلم</Unicode>
          </TextEquiv>
        </Word>
        <Word id="w5">
          <Coords points="1032,37 1164,37 1164,140 1032,140"/>
          <TextEquiv>
            <Unicode>تحا</Unicode>
          </TextEquiv>
        </Word>
        <Word id="w6">
          <Coords points="946,101 1027,101 1027,162 946,162"/>
          <TextEquiv>
            <Unicode>جو</Unicode>
          </TextEquiv>
        </Word>
        <Word id="w7">
          <Coords points="892,92 943,92 943,151 892,151"/>
          <TextEquiv>
            <Unicode>ن</Unicode>
          </TextEquiv>
        </Word>
        <Word id="w8">
          <Coords points="797,41 884,41 884,180 797,180"/>
          <TextEquiv>
            <Unicode>فيما</Unicode>
          </TextEquiv>
        </Word>
        <Word id="w9">
          <Coords points="645,50 773,50 773,187 645,187"/>
          <TextEquiv>
            <Unicode>ليس</Unicode>
          </TextEquiv>
        </Word>
        <Word id="w10">
          <Coords points="407,59 646,59 646,178 407,178"/>
          <TextEquiv>
            <Unicode>لكم</Unicode>
          </TextEquiv>
        </Word>
        <Word id="w11">
          <Coords points="346,107 399,107 399,191 346,191"/>
          <TextEquiv>
            <Unicode>به</Unicode>
          </TextEquiv>
        </Word>
        <Word id="w12">
          <Coords points="231,70 319,70 319,226 231,226"/>
          <TextEquiv>
            <Unicode>علم</Unicode>
          </TextEquiv>
        </Word>
        <Word id="w13">
          <Coords points="156,70 167,70 167,151 156,151"/>
          <TextEquiv>
            <Unicode>ا</Unicode>
          </TextEquiv>
        </Word>
        <Word id="w14">
          <Coords points="152,134 200,134 200,188 152,188"/>
          <TextEquiv>
            <Unicode>و</Unicode>
          </TextEquiv>
        </Word>
        <Word id="w15">
          <Coords points="89,114 156,114 156,167 89,167"/>
          <TextEquiv>
            <Unicode>لله</Unicode>
          </TextEquiv>
        </Word>
        <TextEquiv>
          <Unicode> فيما لكم به علم فلم تحا جو ن فيما ليس لكم به علم ا و لله</Unicode>
        </TextEquiv>
      </TextLine>
      <TextLine id="l1">
        <Coords points="104,248 1655,248 1655,427 104,427"/>
        <Word id="w16">
          <Coords points="1526,251 1654,251 1654,418 1526,418"/>
          <TextEquiv>
            <Unicode>يعلم</Unicode>
          </TextEquiv>
        </Word>
        <Word id="w17">
          <Coords points="1461,312 1505,312 1505,365 1461,365"/>
          <TextEquiv>
            <Unicode>و</Unicode>
          </TextEquiv>
        </Word>
        <Word id="w18">
          <Coords points="1449,248 1462,248 1462,336 1449,336"/>
          <TextEquiv>
            <Unicode>ا</Unicode>
          </TextEquiv>
        </Word>
        <Word id="w19">
          <Coords points="1307,255 1431,255 1431,388 1307,388"/>
          <TextEquiv>
            <Unicode>نتم</Unicode>
          </TextEquiv>
        </Word>
        <Word id="w20">
          <Coords points="1272,252 1332,252 1332,349 1272,349"/>
          <TextEquiv>
            <Unicode>لا</Unicode>
          </TextEquiv>
        </Word>
        <Word id="w21">
          <Coords points="1104,260 1270,260 1270,395 1104,395"/>
          <TextEquiv>
            <Unicode>تعلمو</Unicode>
          </TextEquiv>
        </Word>
        <Word id="w22">
          <Coords points="1065,310 1117,310 1117,372 1065,372"/>
          <TextEquiv>
            <Unicode>ن</Unicode>
          </TextEquiv>
        </Word>
        <Word id="w23">
          <Coords points="940,255 997,255 997,363 940,363"/>
          <TextEquiv>
            <Unicode>ما</Unicode>
          </TextEquiv>
        </Word>
        <Word id="w24">
          <Coords points="870,268 936,268 936,367 870,367"/>
          <TextEquiv>
            <Unicode>كا</Unicode>
          </TextEquiv>
        </Word>
        <Word id="w25">
          <Coords points="807,315 860,315 860,373 807,373"/>
          <TextEquiv>
            <Unicode>ن</Unicode>
          </TextEquiv>
        </Word>
        <Word id="w26">
          <Coords points="776,272 791,272 791,357 776,357"/>
          <TextEquiv>
            <Unicode>ا</Unicode>
          </TextEquiv>
        </Word>
        <Word id="w27">
          <Coords points="710,330 765,330 765,385 710,385"/>
          <TextEquiv>
            <Unicode>بر</Unicode>
          </TextEquiv>
        </Word>
        <Word id="w28">
          <Coords points="611,313 714,313 714,426 611,426"/>
          <TextEquiv>
            <Unicode>هيم</Unicode>
          </TextEquiv>
        </Word>
        <Word id="w29">
          <Coords points="497,336 599,336 599,410 497,410"/>
          <TextEquiv>
            <Unicode>يهو</Unicode>
          </TextEquiv>
        </Word>
        <Word id="w30">
          <Coords points="466,335 503,335 503,383 466,383"/>
          <TextEquiv>
            <Unicode>د</Unicode>
          </TextEquiv>
        </Word>
        <Word id="w31">
          <Coords points="417,270 452,270 452,399 417,399"/>
          <TextEquiv>
            <Unicode>يا</Unicode>
          </TextEquiv>
        </Word>
        <Word id="w32">
          <Coords points="353,340 396,340 396,396 353,396"/>
          <TextEquiv>
            <Unicode>و</Unicode>
          </TextEquiv>
        </Word>
        <Word id="w33">
          <Coords points="308,274 410,274 410,372 308,372"/>
          <TextEquiv>
            <Unicode>لا</Unicode>
          </TextEquiv>
        </Word>
        <Word id="w34">
          <Coords points="191,298 309,298 309,400 191,400"/>
          <TextEquiv>
            <Unicode>نصر</Unicode>
          </TextEquiv>
        </Word>
        <Word id="w35">
          <Coords points="190,275 209,275 209,370 190,370"/>
          <TextEquiv>
            <Unicode>ا</Unicode>
          </TextEquiv>
        </Word>
        <Word id="w36">
          <Coords points="104,279 176,279 176,393 104,393"/>
          <TextEquiv>
            <Unicode>نيا</Unicode>
          </TextEquiv>
        </Word>
        <TextEquiv>
          <Unicode> يعلم و ا نتم لا تعلمو ن ما كا ن ا بر هيم يهو د يا و لا نصر ا نيا</Unicode>
        </TextEquiv>
      </TextLine>
      <TextLine id="l2">
        <Coords points="113,456 1656,456 1656,628 113,628"/>
        <Word id="w37">
          <Coords points="1611,535 1655,535 1655,588 1611,588"/>
          <TextEquiv>
            <Unicode>و</Unicode>
          </TextEquiv>
        </Word>
        <Word id="w38">
          <Coords points="1377,474 1611,474 1611,601 1377,601"/>
          <TextEquiv>
            <Unicode>لكن</Unicode>
          </TextEquiv>
        </Word>
        <Word id="w39">
          <Coords points="1328,473 1416,473 1416,581 1328,581"/>
          <TextEquiv>
            <Unicode>كا</Unicode>
          </TextEquiv>
        </Word>
        <Word id="w40">
          <Coords points="1267,536 1313,536 1313,595 1267,595"/>
          <TextEquiv>
            <Unicode>ن</Unicode>
          </TextEquiv>
        </Word>
        <Word id="w41">
          <Coords points="1102,474 1260,474 1260,603 1102,603"/>
          <TextEquiv>
            <Unicode>حنيفا</Unicode>
          </TextEquiv>
        </Word>
        <Word id="w42">
          <Coords points="929,490 1091,490 1091,605 929,605"/>
          <TextEquiv>
            <Unicode>مسلما</Unicode>
          </TextEquiv>
        </Word>
        <Word id="w43">
          <Coords points="865,555 907,555 907,608 865,608"/>
          <TextEquiv>
            <Unicode>و</Unicode>
          </TextEquiv>
        </Word>
        <Word id="w44">
          <Coords points="816,488 869,488 869,591 816,591"/>
          <TextEquiv>
            <Unicode>ما</Unicode>
          </TextEquiv>
        </Word>
        <Word id="w45">
          <Coords points="739,487 808,487 808,592 739,592"/>
          <TextEquiv>
            <Unicode>كا</Unicode>
          </TextEquiv>
        </Word>
        <Word id="w46">
          <Coords points="671,544 721,544 721,604 671,604"/>
          <TextEquiv>
            <Unicode>ن</Unicode>
          </TextEquiv>
        </Word>
        <Word id="w47">
          <Coords points="568,548 663,548 663,616 568,616"/>
          <TextEquiv>
            <Unicode>من</Unicode>
          </TextEquiv>
        </Word>
        <Word id="w48">
          <Coords points="566,488 580,488 580,561 566,561"/>
          <TextEquiv>
            <Unicode>ا</Unicode>
          </TextEquiv>
        </Word>
        <Word id="w49">
          <Coords points="454,489 563,489 563,619 454,619"/>
          <TextEquiv>
            <Unicode>لمشر</Unicode>
          </TextEquiv>
        </Word>
        <Word id="w50">
          <Coords points="356,456 510,456 510,627 356,627"/>
          <TextEquiv>
            <Unicode>كين</Unicode>
          </TextEquiv>
        </Word>
        <Word id="w51">
          <Coords points="269,495 287,495 287,595 269,595"/>
          <TextEquiv>
            <Unicode>ا</Unicode>
          </TextEquiv>
        </Word>
        <Word id="w52">
          <Coords points="213,495 263,495 263,616 213,616"/>
          <TextEquiv>
            <Unicode>ن</Unicode>
          </TextEquiv>
        </Word>
        <Word id="w53">
          <Coords points="211,493 229,493 229,577 211,577"/>
          <TextEquiv>
            <Unicode>ا</Unicode>
          </TextEquiv>
        </Word>
        <Word id="w54">
          <Coords points="165,555 203,555 203,604 165,604"/>
          <TextEquiv>
            <Unicode>و</Unicode>
          </TextEquiv>
        </Word>
        <Word id="w55">
          <Coords points="113,481 170,481 170,589 113,589"/>
          <TextEquiv>
            <Unicode>لى</Unicode>
          </TextEquiv>
        </Word>
        <TextEquiv>
          <Unicode> و لكن كا ن حنيفا مسلما و ما كا ن من ا لمشر كين ا ن ا و لى</Unicode>
        </TextEquiv>
      </TextLine>
      <TextLine id="l3">
        <Coords points="115,690 1665,690 1665,850 115,850"/>
        <Word id="w56">
          <Coords points="1652,699 1664,699 1664,789 1652,789"/>
          <TextEquiv>
            <Unicode>ا</Unicode>
          </TextEquiv>
        </Word>
        <Word id="w57">
          <Coords points="1573,699 1636,699 1636,797 1573,797"/>
          <TextEquiv>
            <Unicode>لنا</Unicode>
          </TextEquiv>
        </Word>
        <Word id="w58">
          <Coords points="1493,759 1566,759 1566,820 1493,820"/>
          <TextEquiv>
            <Unicode>س</Unicode>
          </TextEquiv>
        </Word>
        <Word id="w59">
          <Coords points="1458,690 1486,690 1486,819 1458,819"/>
          <TextEquiv>
            <Unicode>با</Unicode>
          </TextEquiv>
        </Word>
        <Word id="w60">
          <Coords points="1357,765 1443,765 1443,833 1357,833"/>
          <TextEquiv>
            <Unicode>بر</Unicode>
          </TextEquiv>
        </Word>
        <Word id="w61">
          <Coords points="1225,735 1386,735 1386,830 1225,830"/>
          <TextEquiv>
            <Unicode>هيم</Unicode>
          </TextEquiv>
        </Word>
        <Word id="w62">
          <Coords points="1163,703 1250,703 1250,806 1163,806"/>
          <TextEquiv>
            <Unicode>للذ</Unicode>
          </TextEquiv>
        </Word>
        <Word id="w63">
          <Coords points="1092,762 1162,762 1162,820 1092,820"/>
          <TextEquiv>
            <Unicode>ين</Unicode>
          </TextEquiv>
        </Word>
        <Word id="w64">
          <Coords points="1068,710 1080,710 1080,792 1068,792"/>
          <TextEquiv>
            <Unicode>ا</Unicode>
          </TextEquiv>
        </Word>
        <Word id="w65">
          <Coords points="937,730 1057,730 1057,834 937,834"/>
          <TextEquiv>
            <Unicode>تبعو</Unicode>
          </TextEquiv>
        </Word>
        <Word id="w66">
          <Coords points="909,775 931,775 931,808 909,808"/>
          <TextEquiv>
            <Unicode>ه</Unicode>
          </TextEquiv>
        </Word>
        <Word id="w67">
          <Coords points="829,772 880,772 880,829 829,829"/>
          <TextEquiv>
            <Unicode>و</Unicode>
          </TextEquiv>
        </Word>
        <Word id="w68">
          <Coords points="721,707 831,707 831,817 721,817"/>
          <TextEquiv>
            <Unicode>هذ</Unicode>
          </TextEquiv>
        </Word>
        <Word id="w69">
          <Coords points="706,706 722,706 722,802 706,802"/>
          <TextEquiv>
            <Unicode>ا</Unicode>
          </TextEquiv>
        </Word>
        <Word id="w70">
          <Coords points="674,720 685,720 685,807 674,807"/>
          <TextEquiv>
            <Unicode>ا</Unicode>
          </TextEquiv>
        </Word>
        <Word id="w71">
          <Coords points="517,721 652,721 652,849 517,849"/>
          <TextEquiv>
            <Unicode>لنبي</Unicode>
          </TextEquiv>
        </Word>
        <Word id="w72">
          <Coords points="450,789 499,789 499,845 450,845"/>
          <TextEquiv>
            <Unicode>و</Unicode>
          </TextEquiv>
        </Word>
        <Word id="w73">
          <Coords points="447,730 458,730 458,811 447,811"/>
          <TextEquiv>
            <Unicode>ا</Unicode>
          </TextEquiv>
        </Word>
        <Word id="w74">
          <Coords points="373,728 428,728 428,827 373,827"/>
          <TextEquiv>
            <Unicode>لذ</Unicode>
          </TextEquiv>
        </Word>
        <Word id="w75">
          <Coords points="303,780 369,780 369,838 303,838"/>
          <TextEquiv>
            <Unicode>ين</Unicode>
          </TextEquiv>
        </Word>
        <Word id="w76">
          <Coords points="286,723 298,723 298,811 286,811"/>
          <TextEquiv>
            <Unicode>ا</Unicode>
          </TextEquiv>
        </Word>
        <Word id="w77">
          <Coords points="179,709 194,709 194,804 179,804"/>
          <TextEquiv>
            <Unicode>ا</Unicode>
          </TextEquiv>
        </Word>
        <Word id="w78">
          <Coords points="169,763 274,763 274,839 169,839"/>
          <TextEquiv>
            <Unicode>من</Unicode>
          </TextEquiv>
        </Word>
        <Word id="w79">
          <Coords points="115,775 161,775 161,824 115,824"/>
          <TextEquiv>
            <Unicode>و</Unicode>
          </TextEquiv>
        </Word>
        <TextEquiv>
          <Unicode> ا لنا س با بر هيم للذ ين ا تبعو ه و هذ ا ا لنبي و ا لذ ين ا ا من و</Unicode>
        </TextEquiv>
      </TextLine>
      <TextLine id="l4">
        <Coords points="135,910 1668,910 1668,1073 135,1073"/>
        <Word id="w80">
          <Coords points="1651,923 1667,923 1667,1012 1651,1012"/>
          <TextEquiv>
            <Unicode>ا</Unicode>
          </TextEquiv>
        </Word>
        <Word id="w81">
          <Coords points="1573,965 1643,965 1643,1021 1573,1021"/>
          <TextEquiv>
            <Unicode>لله</Unicode>
          </TextEquiv>
        </Word>
        <Word id="w82">
          <Coords points="1494,982 1549,982 1549,1033 1494,1033"/>
          <TextEquiv>
            <Unicode>و</Unicode>
          </TextEquiv>
        </Word>
        <Word id="w83">
          <Coords points="1440,910 1507,910 1507,1033 1440,1033"/>
          <TextEquiv>
            <Unicode>لى</Unicode>
          </TextEquiv>
        </Word>
        <Word id="w84">
          <Coords points="1409,921 1420,921 1420,1010 1409,1010"/>
          <TextEquiv>
            <Unicode>ا</Unicode>
          </TextEquiv>
        </Word>
        <Word id="w85">
          <Coords points="1323,921 1400,921 1400,1041 1323,1041"/>
          <TextEquiv>
            <Unicode>لمؤ</Unicode>
          </TextEquiv>
        </Word>
        <Word id="w86">
          <Coords points="1158,968 1331,968 1331,1035 1158,1035"/>
          <TextEquiv>
            <Unicode>منين</Unicode>
          </TextEquiv>
        </Word>
        <Word id="w87">
          <Coords points="1034,979 1082,979 1082,1036 1034,1036"/>
          <TextEquiv>
            <Unicode>و</Unicode>
          </TextEquiv>
        </Word>
        <Word id="w88">
          <Coords points="995,974 1038,974 1038,1024 995,1024"/>
          <TextEquiv>
            <Unicode>د</Unicode>
          </TextEquiv>
        </Word>
        <Word id="w89">
          <Coords points="885,983 991,983 991,1028 885,1028"/>
          <TextEquiv>
            <Unicode>ت</Unicode>
          </TextEquiv>
        </Word>
        <Word id="w90">
          <Coords points="811,923 870,923 870,1027 811,1027"/>
          <TextEquiv>
            <Unicode>طا</Unicode>
          </TextEquiv>
        </Word>
        <Word id="w91">
          <Coords points="691,925 799,925 799,1028 691,1028"/>
          <TextEquiv>
            <Unicode>ئفة</Unicode>
          </TextEquiv>
        </Word>
        <Word id="w92">
          <Coords points="576,937 592,937 592,1024 576,1024"/>
          <TextEquiv>
            <Unicode>ا</Unicode>
          </TextEquiv>
        </Word>
        <Word id="w93">
          <Coords points="573,966 671,966 671,1070 573,1070"/>
          <TextEquiv>
            <Unicode>من</Unicode>
          </TextEquiv>
        </Word>
        <Word id="w94">
          <Coords points="460,940 567,940 567,1072 460,1072"/>
          <TextEquiv>
            <Unicode>هل</Unicode>
          </TextEquiv>
        </Word>
        <Word id="w95">
          <Coords points="448,944 471,944 471,1025 448,1025"/>
          <TextEquiv>
            <Unicode>ا</Unicode>
          </TextEquiv>
        </Word>
        <Word id="w96">
          <Coords points="330,923 460,923 460,1047 330,1047"/>
          <TextEquiv>
            <Unicode>لكت</Unicode>
          </TextEquiv>
        </Word>
        <Word id="w97">
          <Coords points="211,1007 322,1007 322,1060 211,1060"/>
          <TextEquiv>
            <Unicode>ب</Unicode>
          </TextEquiv>
        </Word>
        <Word id="w98">
          <Coords points="135,936 190,936 190,1055 135,1055"/>
          <TextEquiv>
            <Unicode>لو</Unicode>
          </TextEquiv>
        </Word>
        <TextEquiv>
          <Unicode> ا لله و لى ا لمؤ منين و د ت طا ئفة ا من هل ا لكت ب لو</Unicode>
        </TextEquiv>
      </TextLine>
      <TextLine id="l5">
        <Coords points="118,1136 1672,1136 1672,1305 118,1305"/>
        <Word id="w99">
          <Coords points="1527,1136 1671,1136 1671,1261 1527,1261"/>
          <TextEquiv>
            <Unicode>يضلو</Unicode>
          </TextEquiv>
        </Word>
        <Word id="w100">
          <Coords points="1284,1162 1530,1162 1530,1250 1284,1250"/>
          <TextEquiv>
            <Unicode>نكم</Unicode>
          </TextEquiv>
        </Word>
        <Word id="w101">
          <Coords points="1240,1198 1287,1198 1287,1252 1240,1252"/>
          <TextEquiv>
            <Unicode>و</Unicode>
          </TextEquiv>
        </Word>
        <Word id="w102">
          <Coords points="1195,1137 1249,1137 1249,1239 1195,1239"/>
          <TextEquiv>
            <Unicode>ما</Unicode>
          </TextEquiv>
        </Word>
        <Word id="w103">
          <Coords points="1043,1142 1183,1142 1183,1265 1043,1265"/>
          <TextEquiv>
            <Unicode>يضلو</Unicode>
          </TextEquiv>
        </Word>
        <Word id="w104">
          <Coords points="997,1195 1045,1195 1045,1254 997,1254"/>
          <TextEquiv>
            <Unicode>ن</Unicode>
          </TextEquiv>
        </Word>
        <Word id="w105">
          <Coords points="972,1154 983,1154 983,1233 972,1233"/>
          <TextEquiv>
            <Unicode>ا</Unicode>
          </TextEquiv>
        </Word>
        <Word id="w106">
          <Coords points="898,1157 952,1157 952,1250 898,1250"/>
          <TextEquiv>
            <Unicode>لا</Unicode>
          </TextEquiv>
        </Word>
        <Word id="w107">
          <Coords points="871,1160 884,1160 884,1240 871,1240"/>
          <TextEquiv>
            <Unicode>ا</Unicode>
          </TextEquiv>
        </Word>
        <Word id="w108">
          <Coords points="681,1209 857,1209 857,1304 681,1304"/>
          <TextEquiv>
            <Unicode>نفسهم</Unicode>
          </TextEquiv>
        </Word>
        <Word id="w109">
          <Coords points="622,1218 671,1218 671,1274 622,1274"/>
          <TextEquiv>
            <Unicode>و</Unicode>
          </TextEquiv>
        </Word>
        <Word id="w110">
          <Coords points="580,1149 632,1149 632,1257 580,1257"/>
          <TextEquiv>
            <Unicode>ما</Unicode>
          </TextEquiv>
        </Word>
        <Word id="w111">
          <Coords points="427,1191 564,1191 564,1296 427,1296"/>
          <TextEquiv>
            <Unicode>يشعر</Unicode>
          </TextEquiv>
        </Word>
        <Word id="w112">
          <Coords points="399,1221 439,1221 439,1271 399,1271"/>
          <TextEquiv>
            <Unicode>و</Unicode>
          </TextEquiv>
        </Word>
        <Word id="w113">
          <Coords points="346,1212 396,1212 396,1272 346,1272"/>
          <TextEquiv>
            <Unicode>ن</Unicode>
          </TextEquiv>
        </Word>
        <Word id="w114">
          <Coords points="238,1160 267,1160 267,1283 238,1283"/>
          <TextEquiv>
            <Unicode>يا</Unicode>
          </TextEquiv>
        </Word>
        <Word id="w115">
          <Coords points="210,1170 223,1170 223,1253 210,1253"/>
          <TextEquiv>
            <Unicode>ا</Unicode>
          </TextEquiv>
        </Word>
        <Word id="w116">
          <Coords points="118,1169 203,1169 203,1277 118,1277"/>
          <TextEquiv>
            <Unicode>هل</Unicode>
          </TextEquiv>
        </Word>
        <TextEquiv>
          <Unicode> يضلو نكم و ما يضلو ن ا لا ا نفسهم و ما يشعر و ن يا ا هل</Unicode>
        </TextEquiv>
      </TextLine>
      <TextLine id="l6">
        <Coords points="117,1350 1678,1350 1678,1534 117,1534"/>
        <Word id="w117">
          <Coords points="1663,1362 1677,1362 1677,1453 1663,1453"/>
          <TextEquiv>
            <Unicode>ا</Unicode>
          </TextEquiv>
        </Word>
        <Word id="w118">
          <Coords points="1574,1350 1675,1350 1675,1467 1574,1467"/>
          <TextEquiv>
            <Unicode>لكتا</Unicode>
          </TextEquiv>
        </Word>
        <Word id="w119">
          <Coords points="1469,1422 1564,1422 1564,1481 1469,1481"/>
          <TextEquiv>
            <Unicode>ب</Unicode>
          </TextEquiv>
        </Word>
        <Word id="w120">
          <Coords points="1376,1361 1457,1361 1457,1482 1376,1482"/>
          <TextEquiv>
            <Unicode>لم</Unicode>
          </TextEquiv>
        </Word>
        <Word id="w121">
          <Coords points="1137,1389 1395,1389 1395,1487 1137,1487"/>
          <TextEquiv>
            <Unicode>تكفر</Unicode>
          </TextEquiv>
        </Word>
        <Word id="w122">
          <Coords points="1102,1431 1140,1431 1140,1482 1102,1482"/>
          <TextEquiv>
            <Unicode>و</Unicode>
          </TextEquiv>
        </Word>
        <Word id="w123">
          <Coords points="1057,1420 1104,1420 1104,1479 1057,1479"/>
          <TextEquiv>
            <Unicode>ن</Unicode>
          </TextEquiv>
        </Word>
        <Word id="w124">
          <Coords points="1002,1364 1034,1364 1034,1490 1002,1490"/>
          <TextEquiv>
            <Unicode>با</Unicode>
          </TextEquiv>
        </Word>
        <Word id="w125">
          <Coords points="949,1369 983,1369 983,1502 949,1502"/>
          <TextEquiv>
            <Unicode>يا</Unicode>
          </TextEquiv>
        </Word>
        <Word id="w126">
          <Coords points="845,1432 941,1432 941,1474 845,1474"/>
          <TextEquiv>
            <Unicode>ت</Unicode>
          </TextEquiv>
        </Word>
        <Word id="w127">
          <Coords points="819,1372 835,1372 835,1454 819,1454"/>
          <TextEquiv>
            <Unicode>ا</Unicode>
          </TextEquiv>
        </Word>
        <Word id="w128">
          <Coords points="746,1420 817,1420 817,1474 746,1474"/>
          <TextEquiv>
            <Unicode>لله</Unicode>
          </TextEquiv>
        </Word>
        <Word id="w129">
          <Coords points="678,1440 726,1440 726,1497 678,1497"/>
          <TextEquiv>
            <Unicode>و</Unicode>
          </TextEquiv>
        </Word>
        <Word id="w130">
          <Coords points="600,1404 661,1404 661,1533 600,1533"/>
          <TextEquiv>
            <Unicode>نتم</Unicode>
          </TextEquiv>
        </Word>
        <Word id="w131">
          <Coords points="467,1410 582,1410 582,1515 467,1515"/>
          <TextEquiv>
            <Unicode>تشهد</Unicode>
          </TextEquiv>
        </Word>
        <Word id="w132">
          <Coords points="432,1441 474,1441 474,1490 432,1490"/>
          <TextEquiv>
            <Unicode>و</Unicode>
          </TextEquiv>
        </Word>
        <Word id="w133">
          <Coords points="376,1429 427,1429 427,1492 376,1492"/>
          <TextEquiv>
            <Unicode>ن</Unicode>
          </TextEquiv>
        </Word>
        <Word id="w134">
          <Coords points="264,1383 291,1383 291,1510 264,1510"/>
          <TextEquiv>
            <Unicode>ي</Unicode>
          </TextEquiv>
        </Word>
        <Word id="w135">
          <Coords points="230,1392 243,1392 243,1476 230,1476"/>
          <TextEquiv>
            <Unicode>ا</Unicode>
          </TextEquiv>
        </Word>
        <Word id="w136">
          <Coords points="117,1388 217,1388 217,1501 117,1501"/>
          <TextEquiv>
            <Unicode>هل</Unicode>
          </TextEquiv>
        </Word>
        <TextEquiv>
          <Unicode> ا لكتا ب لم تكفر و ن با يا ت ا لله و نتم تشهد و ن ي ا هل</Unicode>
        </TextEquiv>
      </TextLine>
      <TextLine id="l7">
        <Coords points="127,1569 1687,1569 1687,1767 127,1767"/>
        <Word id="w137">
          <Coords points="1676,1597 1686,1597 1686,1689 1676,1689"/>
          <TextEquiv>
            <Unicode>ا</Unicode>
          </TextEquiv>
        </Word>
        <Word id="w138">
          <Coords points="1427,1589 1657,1589 1657,1694 1427,1694"/>
          <TextEquiv>
            <Unicode>لكتا</Unicode>
          </TextEquiv>
        </Word>
        <Word id="w139">
          <Coords points="1334,1650 1422,1650 1422,1722 1334,1722"/>
          <TextEquiv>
            <Unicode>ب</Unicode>
          </TextEquiv>
        </Word>
        <Word id="w140">
          <Coords points="1237,1594 1321,1594 1321,1715 1237,1715"/>
          <TextEquiv>
            <Unicode>لم</Unicode>
          </TextEquiv>
        </Word>
        <Word id="w141">
          <Coords points="1110,1591 1250,1591 1250,1716 1110,1716"/>
          <TextEquiv>
            <Unicode>تلبسو</Unicode>
          </TextEquiv>
        </Word>
        <Word id="w142">
          <Coords points="1069,1645 1116,1645 1116,1705 1069,1705"/>
          <TextEquiv>
            <Unicode>ن</Unicode>
          </TextEquiv>
        </Word>
        <Word id="w143">
          <Coords points="1045,1602 1057,1602 1057,1683 1045,1683"/>
          <TextEquiv>
            <Unicode>ا</Unicode>
          </TextEquiv>
        </Word>
        <Word id="w144">
          <Coords points="925,1603 1034,1603 1034,1731 925,1731"/>
          <TextEquiv>
            <Unicode>لخق</Unicode>
          </TextEquiv>
        </Word>
        <Word id="w145">
          <Coords points="884,1598 913,1598 913,1730 884,1730"/>
          <TextEquiv>
            <Unicode>با</Unicode>
          </TextEquiv>
        </Word>
        <Word id="w146">
          <Coords points="798,1609 858,1609 858,1726 798,1726"/>
          <TextEquiv>
            <Unicode>لبا</Unicode>
          </TextEquiv>
        </Word>
        <Word id="w147">
          <Coords points="698,1608 793,1608 793,1735 698,1735"/>
          <TextEquiv>
            <Unicode>طل</Unicode>
          </TextEquiv>
        </Word>
        <Word id="w148">
          <Coords points="652,1672 694,1672 694,1723 652,1723"/>
          <TextEquiv>
            <Unicode>و</Unicode>
          </TextEquiv>
        </Word>
        <Word id="w149">
          <Coords points="529,1569 675,1569 675,1730 529,1730"/>
          <TextEquiv>
            <Unicode>تكتمو</Unicode>
          </TextEquiv>
        </Word>
        <Word id="w150">
          <Coords points="479,1656 527,1656 527,1717 479,1717"/>
          <TextEquiv>
            <Unicode>ن</Unicode>
          </TextEquiv>
        </Word>
        <Word id="w151">
          <Coords points="453,1610 465,1610 465,1696 453,1696"/>
          <TextEquiv>
            <Unicode>ا</Unicode>
          </TextEquiv>
        </Word>
        <Word id="w152">
          <Coords points="345,1611 451,1611 451,1734 345,1734"/>
          <TextEquiv>
            <Unicode>لحق</Unicode>
          </TextEquiv>
        </Word>
        <Word id="w153">
          <Coords points="312,1668 348,1668 348,1723 312,1723"/>
          <TextEquiv>
            <Unicode>و</Unicode>
          </TextEquiv>
        </Word>
        <Word id="w154">
          <Coords points="305,1610 314,1610 314,1691 305,1691"/>
          <TextEquiv>
            <Unicode>ا</Unicode>
          </TextEquiv>
        </Word>
        <Word id="w155">
          <Coords points="238,1635 298,1635 298,1766 238,1766"/>
          <TextEquiv>
            <Unicode>نتم</Unicode>
          </TextEquiv>
        </Word>
        <Word id="w156">
          <Coords points="145,1620 244,1620 244,1737 145,1737"/>
          <TextEquiv>
            <Unicode>تعلمو</Unicode>
          </TextEquiv>
        </Word>
        <Word id="w157">
          <Coords points="127,1640 167,1640 167,1692 127,1692"/>
          <TextEquiv>
            <Unicode>ن</Unicode>
          </TextEquiv>
        </Word>
        <TextEquiv>
          <Unicode> ا لكتا ب لم تلبسو ن ا لخق با لبا طل و تكتمو ن ا لحق و ا نتم تعلمو ن</Unicode>
        </TextEquiv>
      </TextLine>
      <TextLine id="l8">
        <Coords points="138,1806 1681,1806 1681,1973 138,1973"/>
        <Word id="w158">
          <Coords points="1636,1869 1680,1869 1680,1921 1636,1921"/>
          <TextEquiv>
            <Unicode>و</Unicode>
          </TextEquiv>
        </Word>
        <Word id="w159">
          <Coords points="1611,1834 1641,1834 1641,1909 1611,1909"/>
          <TextEquiv>
            <Unicode>قا</Unicode>
          </TextEquiv>
        </Word>
        <Word id="w160">
          <Coords points="1487,1806 1593,1806 1593,1914 1487,1914"/>
          <TextEquiv>
            <Unicode>لت</Unicode>
          </TextEquiv>
        </Word>
        <Word id="w161">
          <Coords points="1422,1811 1483,1811 1483,1909 1422,1909"/>
          <TextEquiv>
            <Unicode>طا</Unicode>
          </TextEquiv>
        </Word>
        <Word id="w162">
          <Coords points="1303,1813 1411,1813 1411,1907 1303,1907"/>
          <TextEquiv>
            <Unicode>ئفة</Unicode>
          </TextEquiv>
        </Word>
        <Word id="w163">
          <Coords points="1188,1869 1283,1869 1283,1939 1188,1939"/>
          <TextEquiv>
            <Unicode>من</Unicode>
          </TextEquiv>
        </Word>
        <Word id="w164">
          <Coords points="1169,1820 1182,1820 1182,1902 1169,1902"/>
          <TextEquiv>
            <Unicode>ا</Unicode>
          </TextEquiv>
        </Word>
        <Word id="w165">
          <Coords points="1043,1820 1162,1820 1162,1945 1043,1945"/>
          <TextEquiv>
            <Unicode>هل</Unicode>
          </TextEquiv>
        </Word>
        <Word id="w166">
          <Coords points="1031,1825 1044,1825 1044,1903 1031,1903"/>
          <TextEquiv>
            <Unicode>ا</Unicode>
          </TextEquiv>
        </Word>
        <Word id="w167">
          <Coords points="922,1810 1022,1810 1022,1927 922,1927"/>
          <TextEquiv>
            <Unicode>لكتا</Unicode>
          </TextEquiv>
        </Word>
        <Word id="w168">
          <Coords points="816,1885 916,1885 916,1943 816,1943"/>
          <TextEquiv>
            <Unicode>ب</Unicode>
          </TextEquiv>
        </Word>
        <Word id="w169">
          <Coords points="794,1830 806,1830 806,1911 794,1911"/>
          <TextEquiv>
            <Unicode>ا</Unicode>
          </TextEquiv>
        </Word>
        <Word id="w170">
          <Coords points="683,1820 695,1820 695,1909 683,1909"/>
          <TextEquiv>
            <Unicode>ا</Unicode>
          </TextEquiv>
        </Word>
        <Word id="w171">
          <Coords points="680,1860 783,1860 783,1942 680,1942"/>
          <TextEquiv>
            <Unicode>منو</Unicode>
          </TextEquiv>
        </Word>
        <Word id="w172">
          <Coords points="634,1818 661,1818 661,1946 634,1946"/>
          <TextEquiv>
            <Unicode>با</Unicode>
          </TextEquiv>
        </Word>
        <Word id="w173">
          <Coords points="564,1831 613,1831 613,1932 564,1932"/>
          <TextEquiv>
            <Unicode>لذ</Unicode>
          </TextEquiv>
        </Word>
        <Word id="w174">
          <Coords points="498,1836 513,1836 513,1920 498,1920"/>
          <TextEquiv>
            <Unicode>ا</Unicode>
          </TextEquiv>
        </Word>
        <Word id="w175">
          <Coords points="495,1896 565,1896 565,1964 495,1964"/>
          <TextEquiv>
            <Unicode>ى</Unicode>
          </TextEquiv>
        </Word>
        <Word id="w176">
          <Coords points="413,1882 495,1882 495,1972 413,1972"/>
          <TextEquiv>
            <Unicode>نز</Unicode>
          </TextEquiv>
        </Word>
        <Word id="w177">
          <Coords points="387,1822 434,1822 434,1936 387,1936"/>
          <TextEquiv>
            <Unicode>ل</Unicode>
          </TextEquiv>
        </Word>
        <Word id="w178">
          <Coords points="281,1836 381,1836 381,1964 281,1964"/>
          <TextEquiv>
            <Unicode>على</Unicode>
          </TextEquiv>
        </Word>
        <Word id="w179">
          <Coords points="272,1833 284,1833 284,1937 272,1937"/>
          <TextEquiv>
            <Unicode>ا</Unicode>
          </TextEquiv>
        </Word>
        <Word id="w180">
          <Coords points="205,1838 261,1838 261,1933 205,1933"/>
          <TextEquiv>
            <Unicode>لذ</Unicode>
          </TextEquiv>
        </Word>
        <Word id="w181">
          <Coords points="138,1885 202,1885 202,1943 138,1943"/>
          <TextEquiv>
            <Unicode>ين</Unicode>
          </TextEquiv>
        </Word>
        <TextEquiv>
          <Unicode> و قا لت طا ئفة من ا هل ا لكتا ب ا ا منو با لذ ا ى نز ل على ا لذ ين</Unicode>
        </TextEquiv>
      </TextLine>
      <TextLine id="l9">
        <Coords points="139,2029 1689,2029 1689,2189 139,2189"/>
        <Word id="w182">
          <Coords points="1678,2043 1688,2043 1688,2127 1678,2127"/>
          <TextEquiv>
            <Unicode>ا</Unicode>
          </TextEquiv>
        </Word>
        <Word id="w183">
          <Coords points="1565,2038 1573,2038 1573,2119 1565,2119"/>
          <TextEquiv>
            <Unicode>ا</Unicode>
          </TextEquiv>
        </Word>
        <Word id="w184">
          <Coords points="1564,2075 1664,2075 1664,2151 1564,2151"/>
          <TextEquiv>
            <Unicode>منو</Unicode>
          </TextEquiv>
        </Word>
        <Word id="w185">
          <Coords points="1506,2093 1546,2093 1546,2149 1506,2149"/>
          <TextEquiv>
            <Unicode>و</Unicode>
          </TextEquiv>
        </Word>
        <Word id="w186">
          <Coords points="1418,2075 1512,2075 1512,2146 1418,2146"/>
          <TextEquiv>
            <Unicode>جه</Unicode>
          </TextEquiv>
        </Word>
        <Word id="w187">
          <Coords points="1388,2037 1397,2037 1397,2125 1388,2125"/>
          <TextEquiv>
            <Unicode>ا</Unicode>
          </TextEquiv>
        </Word>
        <Word id="w188">
          <Coords points="1287,2029 1372,2029 1372,2156 1287,2156"/>
          <TextEquiv>
            <Unicode>ل</Unicode>
          </TextEquiv>
        </Word>
        <Word id="w189">
          <Coords points="1239,2093 1279,2093 1279,2142 1239,2142"/>
          <TextEquiv>
            <Unicode>ر</Unicode>
          </TextEquiv>
        </Word>
        <Word id="w190">
          <Coords points="1194,2089 1234,2089 1234,2142 1194,2142"/>
          <TextEquiv>
            <Unicode>و</Unicode>
          </TextEquiv>
        </Word>
        <Word id="w191">
          <Coords points="1183,2031 1197,2031 1197,2118 1183,2118"/>
          <TextEquiv>
            <Unicode>ا</Unicode>
          </TextEquiv>
        </Word>
        <Word id="w192">
          <Coords points="940,2058 1180,2058 1180,2158 940,2158"/>
          <TextEquiv>
            <Unicode>كفر</Unicode>
          </TextEquiv>
        </Word>
        <Word id="w193">
          <Coords points="903,2103 940,2103 940,2151 903,2151"/>
          <TextEquiv>
            <Unicode>و</Unicode>
          </TextEquiv>
        </Word>
        <Word id="w194">
          <Coords points="902,2042 912,2042 912,2118 902,2118"/>
          <TextEquiv>
            <Unicode>ا</Unicode>
          </TextEquiv>
        </Word>
        <Word id="w195">
          <Coords points="869,2043 882,2043 882,2132 869,2132"/>
          <TextEquiv>
            <Unicode>ا</Unicode>
          </TextEquiv>
        </Word>
        <Word id="w196">
          <Coords points="785,2069 870,2069 870,2160 785,2160"/>
          <TextEquiv>
            <Unicode>خر</Unicode>
          </TextEquiv>
        </Word>
        <Word id="w197">
          <Coords points="755,2108 777,2108 777,2141 755,2141"/>
          <TextEquiv>
            <Unicode>ه</Unicode>
          </TextEquiv>
        </Word>
        <Word id="w198">
          <Coords points="525,2050 735,2050 735,2162 525,2162"/>
          <TextEquiv>
            <Unicode>لعلهم</Unicode>
          </TextEquiv>
        </Word>
        <Word id="w199">
          <Coords points="474,2115 528,2115 528,2188 474,2188"/>
          <TextEquiv>
            <Unicode>ير</Unicode>
          </TextEquiv>
        </Word>
        <Word id="w200">
          <Coords points="353,2112 485,2112 485,2174 353,2174"/>
          <TextEquiv>
            <Unicode>جعو</Unicode>
          </TextEquiv>
        </Word>
        <Word id="w201">
          <Coords points="302,2095 353,2095 353,2154 302,2154"/>
          <TextEquiv>
            <Unicode>ن</Unicode>
          </TextEquiv>
        </Word>
        <Word id="w202">
          <Coords points="171,2068 222,2068 222,2162 171,2162"/>
          <TextEquiv>
            <Unicode>و</Unicode>
          </TextEquiv>
        </Word>
        <Word id="w203">
          <Coords points="139,2050 234,2050 234,2139 139,2139"/>
          <TextEquiv>
            <Unicode>لا</Unicode>
          </TextEquiv>
        </Word>
        <TextEquiv>
          <Unicode> ا ا منو و جه ا ل ر و ا كفر و ا ا خر ه لعلهم ير جعو ن و لا</Unicode>
        </TextEquiv>
      </TextLine>
      <TextLine id="l10">
        <Coords points="151,2229 1696,2229 1696,2413 151,2413"/>
        <Word id="w204">
          <Coords points="1634,2250 1695,2250 1695,2361 1634,2361"/>
          <TextEquiv>
            <Unicode>تؤ</Unicode>
          </TextEquiv>
        </Word>
        <Word id="w205">
          <Coords points="1540,2279 1641,2279 1641,2364 1540,2364"/>
          <TextEquiv>
            <Unicode>منو</Unicode>
          </TextEquiv>
        </Word>
        <Word id="w206">
          <Coords points="1537,2240 1549,2240 1549,2328 1537,2328"/>
          <TextEquiv>
            <Unicode>ا</Unicode>
          </TextEquiv>
        </Word>
        <Word id="w207">
          <Coords points="1508,2246 1517,2246 1517,2334 1508,2334"/>
          <TextEquiv>
            <Unicode>ا</Unicode>
          </TextEquiv>
        </Word>
        <Word id="w208">
          <Coords points="1436,2250 1492,2250 1492,2346 1436,2346"/>
          <TextEquiv>
            <Unicode>لا</Unicode>
          </TextEquiv>
        </Word>
        <Word id="w209">
          <Coords points="1326,2247 1433,2247 1433,2369 1326,2369"/>
          <TextEquiv>
            <Unicode>لمن</Unicode>
          </TextEquiv>
        </Word>
        <Word id="w210">
          <Coords points="1231,2272 1313,2272 1313,2412 1231,2412"/>
          <TextEquiv>
            <Unicode>تبع</Unicode>
          </TextEquiv>
        </Word>
        <Word id="w211">
          <Coords points="1186,2307 1223,2307 1223,2353 1186,2353"/>
          <TextEquiv>
            <Unicode>د</Unicode>
          </TextEquiv>
        </Word>
        <Word id="w212">
          <Coords points="1030,2229 1175,2229 1175,2379 1030,2379"/>
          <TextEquiv>
            <Unicode>ينكم</Unicode>
          </TextEquiv>
        </Word>
        <Word id="w213">
          <Coords points="955,2270 1030,2270 1030,2398 955,2398"/>
          <TextEquiv>
            <Unicode>قل</Unicode>
          </TextEquiv>
        </Word>
        <Word id="w214">
          <Coords points="941,2274 955,2274 955,2355 941,2355"/>
          <TextEquiv>
            <Unicode>ا</Unicode>
          </TextEquiv>
        </Word>
        <Word id="w215">
          <Coords points="875,2318 926,2318 926,2379 875,2379"/>
          <TextEquiv>
            <Unicode>ن</Unicode>
          </TextEquiv>
        </Word>
        <Word id="w216">
          <Coords points="841,2275 852,2275 852,2364 841,2364"/>
          <TextEquiv>
            <Unicode>ا</Unicode>
          </TextEquiv>
        </Word>
        <Word id="w217">
          <Coords points="708,2275 829,2275 829,2388 708,2388"/>
          <TextEquiv>
            <Unicode>لهد</Unicode>
          </TextEquiv>
        </Word>
        <Word id="w218">
          <Coords points="645,2315 716,2315 716,2387 645,2387"/>
          <TextEquiv>
            <Unicode>ى</Unicode>
          </TextEquiv>
        </Word>
        <Word id="w219">
          <Coords points="550,2306 653,2306 653,2368 550,2368"/>
          <TextEquiv>
            <Unicode>هد</Unicode>
          </TextEquiv>
        </Word>
        <Word id="w220">
          <Coords points="487,2266 498,2266 498,2351 487,2351"/>
          <TextEquiv>
            <Unicode>ا</Unicode>
          </TextEquiv>
        </Word>
        <Word id="w221">
          <Coords points="483,2334 553,2334 553,2398 483,2398"/>
          <TextEquiv>
            <Unicode>ى</Unicode>
          </TextEquiv>
        </Word>
        <Word id="w222">
          <Coords points="411,2316 478,2316 478,2369 411,2369"/>
          <TextEquiv>
            <Unicode>لله</Unicode>
          </TextEquiv>
        </Word>
        <Word id="w223">
          <Coords points="377,2278 390,2278 390,2364 377,2364"/>
          <TextEquiv>
            <Unicode>ا</Unicode>
          </TextEquiv>
        </Word>
        <Word id="w224">
          <Coords points="306,2326 358,2326 358,2386 306,2386"/>
          <TextEquiv>
            <Unicode>ن</Unicode>
          </TextEquiv>
        </Word>
        <Word id="w225">
          <Coords points="236,2276 296,2276 296,2385 236,2385"/>
          <TextEquiv>
            <Unicode>يؤ</Unicode>
          </TextEquiv>
        </Word>
        <Word id="w226">
          <Coords points="151,2258 244,2258 244,2358 151,2358"/>
          <TextEquiv>
            <Unicode>تى</Unicode>
          </TextEquiv>
        </Word>
        <TextEquiv>
          <Unicode> تؤ منو ا ا لا لمن تبع د ينكم قل ا ن ا لهد ى هد ا ى لله ا ن يؤ تى</Unicode>
        </TextEquiv>
      </TextLine>
      <TextLine id="l11">
        <Coords points="130,2470 1704,2470 1704,2662 130,2662"/>
        <Word id="w227">
          <Coords points="1691,2480 1703,2480 1703,2573 1691,2573"/>
          <TextEquiv>
            <Unicode>ا</Unicode>
          </TextEquiv>
        </Word>
        <Word id="w228">
          <Coords points="1593,2519 1680,2519 1680,2575 1593,2575"/>
          <TextEquiv>
            <Unicode>خد</Unicode>
          </TextEquiv>
        </Word>
        <Word id="w229">
          <Coords points="1450,2474 1585,2474 1585,2610 1450,2610"/>
          <TextEquiv>
            <Unicode>مثل</Unicode>
          </TextEquiv>
        </Word>
        <Word id="w230">
          <Coords points="1406,2483 1456,2483 1456,2577 1406,2577"/>
          <TextEquiv>
            <Unicode>ما</Unicode>
          </TextEquiv>
        </Word>
        <Word id="w231">
          <Coords points="1372,2493 1383,2493 1383,2576 1372,2576"/>
          <TextEquiv>
            <Unicode>ا</Unicode>
          </TextEquiv>
        </Word>
        <Word id="w232">
          <Coords points="1311,2547 1360,2547 1360,2594 1311,2594"/>
          <TextEquiv>
            <Unicode>و</Unicode>
          </TextEquiv>
        </Word>
        <Word id="w233">
          <Coords points="1213,2488 1325,2488 1325,2637 1213,2637"/>
          <TextEquiv>
            <Unicode>تيتم</Unicode>
          </TextEquiv>
        </Word>
        <Word id="w234">
          <Coords points="1181,2492 1192,2492 1192,2582 1181,2582"/>
          <TextEquiv>
            <Unicode>ا</Unicode>
          </TextEquiv>
        </Word>
        <Word id="w235">
          <Coords points="1126,2559 1170,2559 1170,2608 1126,2608"/>
          <TextEquiv>
            <Unicode>و</Unicode>
          </TextEquiv>
        </Word>
        <Word id="w236">
          <Coords points="1056,2485 1125,2485 1125,2618 1056,2618"/>
          <TextEquiv>
            <Unicode>يحا</Unicode>
          </TextEquiv>
        </Word>
        <Word id="w237">
          <Coords points="955,2549 1053,2549 1053,2611 955,2611"/>
          <TextEquiv>
            <Unicode>حو</Unicode>
          </TextEquiv>
        </Word>
        <Word id="w238">
          <Coords points="741,2519 972,2519 972,2612 741,2612"/>
          <TextEquiv>
            <Unicode>كم</Unicode>
          </TextEquiv>
        </Word>
        <Word id="w239">
          <Coords points="648,2538 758,2538 758,2602 648,2602"/>
          <TextEquiv>
            <Unicode>عند</Unicode>
          </TextEquiv>
        </Word>
        <Word id="w240">
          <Coords points="584,2562 626,2562 626,2612 584,2612"/>
          <TextEquiv>
            <Unicode>ر</Unicode>
          </TextEquiv>
        </Word>
        <Word id="w241">
          <Coords points="501,2470 605,2470 605,2661 501,2661"/>
          <TextEquiv>
            <Unicode>بكم</Unicode>
          </TextEquiv>
        </Word>
        <Word id="w242">
          <Coords points="390,2506 468,2506 468,2635 390,2635"/>
          <TextEquiv>
            <Unicode>قل</Unicode>
          </TextEquiv>
        </Word>
        <Word id="w243">
          <Coords points="379,2507 391,2507 391,2593 379,2593"/>
          <TextEquiv>
            <Unicode>ا</Unicode>
          </TextEquiv>
        </Word>
        <Word id="w244">
          <Coords points="316,2549 373,2549 373,2616 316,2616"/>
          <TextEquiv>
            <Unicode>ن</Unicode>
          </TextEquiv>
        </Word>
        <Word id="w245">
          <Coords points="299,2498 314,2498 314,2591 299,2591"/>
          <TextEquiv>
            <Unicode>ا</Unicode>
          </TextEquiv>
        </Word>
        <Word id="w246">
          <Coords points="130,2502 282,2502 282,2621 130,2621"/>
          <TextEquiv>
            <Unicode>لفضل</Unicode>
          </TextEquiv>
        </Word>
        <TextEquiv>
          <Unicode> ا خد مثل ما ا و تيتم ا و يحا حو كم عند ر بكم قل ا ن ا لفضل</Unicode>
        </TextEquiv>
      </TextLine>
      <TextLine id="l12">
        <Coords points="150,2682 1711,2682 1711,2875 150,2875"/>
        <Word id="w247">
          <Coords points="1625,2721 1710,2721 1710,2811 1625,2811"/>
          <TextEquiv>
            <Unicode>بيد</Unicode>
          </TextEquiv>
        </Word>
        <Word id="w248">
          <Coords points="1603,2682 1616,2682 1616,2768 1603,2768"/>
          <TextEquiv>
            <Unicode>ا</Unicode>
          </TextEquiv>
        </Word>
        <Word id="w249">
          <Coords points="1529,2727 1593,2727 1593,2782 1529,2782"/>
          <TextEquiv>
            <Unicode>لله</Unicode>
          </TextEquiv>
        </Word>
        <Word id="w250">
          <Coords points="1441,2703 1520,2703 1520,2807 1441,2807"/>
          <TextEquiv>
            <Unicode>يؤ</Unicode>
          </TextEquiv>
        </Word>
        <Word id="w251">
          <Coords points="1351,2723 1451,2723 1451,2808 1351,2808"/>
          <TextEquiv>
            <Unicode>تيه</Unicode>
          </TextEquiv>
        </Word>
        <Word id="w252">
          <Coords points="1173,2698 1259,2698 1259,2799 1173,2799"/>
          <TextEquiv>
            <Unicode>يشا</Unicode>
          </TextEquiv>
        </Word>
        <Word id="w253">
          <Coords points="1130,2749 1339,2749 1339,2834 1130,2834"/>
          <TextEquiv>
            <Unicode>من</Unicode>
          </TextEquiv>
        </Word>
        <Word id="w254">
          <Coords points="1054,2762 1102,2762 1102,2821 1054,2821"/>
          <TextEquiv>
            <Unicode>و</Unicode>
          </TextEquiv>
        </Word>
        <Word id="w255">
          <Coords points="1042,2707 1059,2707 1059,2789 1042,2789"/>
          <TextEquiv>
            <Unicode>ا</Unicode>
          </TextEquiv>
        </Word>
        <Word id="w256">
          <Coords points="963,2747 1033,2747 1033,2805 963,2805"/>
          <TextEquiv>
            <Unicode>لله</Unicode>
          </TextEquiv>
        </Word>
        <Word id="w257">
          <Coords points="882,2704 896,2704 896,2795 882,2795"/>
          <TextEquiv>
            <Unicode>ا</Unicode>
          </TextEquiv>
        </Word>
        <Word id="w258">
          <Coords points="882,2769 934,2769 934,2821 882,2821"/>
          <TextEquiv>
            <Unicode>و</Unicode>
          </TextEquiv>
        </Word>
        <Word id="w259">
          <Coords points="784,2768 874,2768 874,2874 784,2874"/>
          <TextEquiv>
            <Unicode>سع</Unicode>
          </TextEquiv>
        </Word>
        <Word id="w260">
          <Coords points="653,2710 774,2710 774,2868 653,2868"/>
          <TextEquiv>
            <Unicode>عليم</Unicode>
          </TextEquiv>
        </Word>
        <Word id="w261">
          <Coords points="407,2752 587,2752 587,2850 407,2850"/>
          <TextEquiv>
            <Unicode>يختص</Unicode>
          </TextEquiv>
        </Word>
        <Word id="w262">
          <Coords points="344,2771 403,2771 403,2831 344,2831"/>
          <TextEquiv>
            <Unicode>بر</Unicode>
          </TextEquiv>
        </Word>
        <Word id="w263">
          <Coords points="225,2762 361,2762 361,2821 225,2821"/>
          <TextEquiv>
            <Unicode>حمته</Unicode>
          </TextEquiv>
        </Word>
        <Word id="w264">
          <Coords points="150,2764 227,2764 227,2832 150,2832"/>
          <TextEquiv>
            <Unicode>من</Unicode>
          </TextEquiv>
        </Word>
        <TextEquiv>
          <Unicode> بيد ا لله يؤ تيه يشا من و ا لله ا و سع عليم يختص بر حمته من</Unicode>
        </TextEquiv>
      </TextLine>
      <TextLine id="l13">
        <Coords points="169,2925 1714,2925 1714,3093 169,3093"/>
        <Word id="w265">
          <Coords points="1626,2933 1713,2933 1713,3063 1626,3063"/>
          <TextEquiv>
            <Unicode>يشا</Unicode>
          </TextEquiv>
        </Word>
        <Word id="w266">
          <Coords points="1588,2992 1614,2992 1614,3022 1588,3022"/>
          <TextEquiv>
            <Unicode>ء</Unicode>
          </TextEquiv>
        </Word>
        <Word id="w267">
          <Coords points="1516,2989 1563,2989 1563,3045 1516,3045"/>
          <TextEquiv>
            <Unicode>و</Unicode>
          </TextEquiv>
        </Word>
        <Word id="w268">
          <Coords points="1509,2925 1522,2925 1522,3008 1509,3008"/>
          <TextEquiv>
            <Unicode>ا</Unicode>
          </TextEquiv>
        </Word>
        <Word id="w269">
          <Coords points="1436,2972 1499,2972 1499,3028 1436,3028"/>
          <TextEquiv>
            <Unicode>لله</Unicode>
          </TextEquiv>
        </Word>
        <Word id="w270">
          <Coords points="1375,2943 1413,2943 1413,3035 1375,3035"/>
          <TextEquiv>
            <Unicode>ذ</Unicode>
          </TextEquiv>
        </Word>
        <Word id="w271">
          <Coords points="1319,2988 1366,2988 1366,3052 1319,3052"/>
          <TextEquiv>
            <Unicode>و</Unicode>
          </TextEquiv>
        </Word>
        <Word id="w272">
          <Coords points="1310,2928 1325,2928 1325,3011 1310,3011"/>
          <TextEquiv>
            <Unicode>ا</Unicode>
          </TextEquiv>
        </Word>
        <Word id="w273">
          <Coords points="1127,2930 1295,2930 1295,3071 1127,3071"/>
          <TextEquiv>
            <Unicode>لفضل</Unicode>
          </TextEquiv>
        </Word>
        <Word id="w274">
          <Coords points="1116,2944 1137,2944 1137,3018 1116,3018"/>
          <TextEquiv>
            <Unicode>ا</Unicode>
          </TextEquiv>
        </Word>
        <Word id="w275">
          <Coords points="940,2944 1109,2944 1109,3092 940,3092"/>
          <TextEquiv>
            <Unicode>لعظيم</Unicode>
          </TextEquiv>
        </Word>
        <Word id="w276">
          <Coords points="851,2998 893,2998 893,3053 851,3053"/>
          <TextEquiv>
            <Unicode>و</Unicode>
          </TextEquiv>
        </Word>
        <Word id="w277">
          <Coords points="763,3000 854,3000 854,3067 763,3067"/>
          <TextEquiv>
            <Unicode>من</Unicode>
          </TextEquiv>
        </Word>
        <Word id="w278">
          <Coords points="743,2952 755,2952 755,3046 743,3046"/>
          <TextEquiv>
            <Unicode>ا</Unicode>
          </TextEquiv>
        </Word>
        <Word id="w279">
          <Coords points="614,2950 728,2950 728,3078 614,3078"/>
          <TextEquiv>
            <Unicode>هل</Unicode>
          </TextEquiv>
        </Word>
        <Word id="w280">
          <Coords points="596,2947 621,2947 621,3051 596,3051"/>
          <TextEquiv>
            <Unicode>ا</Unicode>
          </TextEquiv>
        </Word>
        <Word id="w281">
          <Coords points="481,2927 602,2927 602,3050 481,3050"/>
          <TextEquiv>
            <Unicode>لكتا</Unicode>
          </TextEquiv>
        </Word>
        <Word id="w282">
          <Coords points="268,2996 363,2996 363,3068 268,3068"/>
          <TextEquiv>
            <Unicode>من</Unicode>
          </TextEquiv>
        </Word>
        <Word id="w283">
          <Coords points="233,2946 257,2946 257,3042 233,3042"/>
          <TextEquiv>
            <Unicode>ا</Unicode>
          </TextEquiv>
        </Word>
        <Word id="w284">
          <Coords points="169,2991 221,2991 221,3054 169,3054"/>
          <TextEquiv>
            <Unicode>ن</Unicode>
          </TextEquiv>
        </Word>
        <TextEquiv>
          <Unicode> يشا ء و ا لله ذ و ا لفضل ا لعظيم و من ا هل ا لكتا من ا ن</Unicode>
        </TextEquiv>
      </TextLine>
    </TextRegion>
  </Page>
</PcGts>
