<?xml version='1.0' encoding='utf-8'?>
<PcGts xmlns:xsi="http://www.w3.org/2001/XMLSchema-instance" xmlns="http://schema.primaresearch.org/PAGE/gts/pagecontent/2019-07-15" xsi:schemaLocation="http://schema.primaresearch.org/PAGE/gts/pagecontent/2019-07-15 http://schema.primaresearch.org/PAGE/gts/pagecontent/2019-07-15/pagecontent.xsd" pcGtsId="pc-aletheiaexamplepage">
  <Metadata>
    <Creator>PRImA Research Lab</Creator>
    <Created>2015-07-17T15:27:13</Created>
    <LastChange>2017-07-14T10:03:33</LastChange>
    <Comments>Example Page</Comments>
  </Metadata>
  <Page imageFilename="3249138/0042-1.png" imageWidth="1665" imageHeight="3201">
    <TextRegion id="r0" type="paragraph">
      <Coords points="1,1 1663,1 1663,3199 1,3199"/>
      <TextLine id="l0">
        <Coords points="63,62 1595,62 1595,204 63,204"/>
        <Word id="w0">
          <Coords points="1460,68 1594,68 1594,176 1460,176"/>
          <TextEquiv>
            <Unicode>فقنا</Unicode>
          </TextEquiv>
        </Word>
        <Word id="w1">
          <Coords points="1364,95 1444,95 1444,179 1364,179"/>
          <TextEquiv>
            <Unicode>عذ</Unicode>
          </TextEquiv>
        </Word>
        <Word id="w2">
          <Coords points="1357,62 1381,62 1381,146 1357,146"/>
          <TextEquiv>
            <Unicode>ا</Unicode>
          </TextEquiv>
        </Word>
        <Word id="w3">
          <Coords points="1248,130 1350,130 1350,189 1248,189"/>
          <TextEquiv>
            <Unicode>ب</Unicode>
          </TextEquiv>
        </Word>
        <Word id="w4">
          <Coords points="1244,70 1261,70 1261,145 1244,145"/>
          <TextEquiv>
            <Unicode>ا</Unicode>
          </TextEquiv>
        </Word>
        <Word id="w5">
          <Coords points="1166,74 1231,74 1231,171 1166,171"/>
          <TextEquiv>
            <Unicode>لنا</Unicode>
          </TextEquiv>
        </Word>
        <Word id="w6">
          <Coords points="1117,130 1152,130 1152,176 1117,176"/>
          <TextEquiv>
            <Unicode>ر</Unicode>
          </TextEquiv>
        </Word>
        <Word id="w7">
          <Coords points="1021,136 1059,136 1059,183 1021,183"/>
          <TextEquiv>
            <Unicode>ر</Unicode>
          </TextEquiv>
        </Word>
        <Word id="w8">
          <Coords points="954,67 1025,67 1025,197 954,197"/>
          <TextEquiv>
            <Unicode>بنا</Unicode>
          </TextEquiv>
        </Word>
        <Word id="w9">
          <Coords points="911,75 925,75 925,166 911,166"/>
          <TextEquiv>
            <Unicode>ا</Unicode>
          </TextEquiv>
        </Word>
        <Word id="w10">
          <Coords points="785,70 888,70 888,173 785,173"/>
          <TextEquiv>
            <Unicode>نك</Unicode>
          </TextEquiv>
        </Word>
        <Word id="w11">
          <Coords points="676,128 776,128 776,195 676,195"/>
          <TextEquiv>
            <Unicode>من</Unicode>
          </TextEquiv>
        </Word>
        <Word id="w12">
          <Coords points="604,110 668,110 668,180 604,180"/>
          <TextEquiv>
            <Unicode>تد</Unicode>
          </TextEquiv>
        </Word>
        <Word id="w13">
          <Coords points="502,70 607,70 607,198 502,198"/>
          <TextEquiv>
            <Unicode>خل</Unicode>
          </TextEquiv>
        </Word>
        <Word id="w14">
          <Coords points="501,66 516,66 516,146 501,146"/>
          <TextEquiv>
            <Unicode>ا</Unicode>
          </TextEquiv>
        </Word>
        <Word id="w15">
          <Coords points="433,76 493,76 493,172 433,172"/>
          <TextEquiv>
            <Unicode>لنا</Unicode>
          </TextEquiv>
        </Word>
        <Word id="w16">
          <Coords points="375,127 417,127 417,176 375,176"/>
          <TextEquiv>
            <Unicode>ر</Unicode>
          </TextEquiv>
        </Word>
        <Word id="w17">
          <Coords points="265,71 374,71 374,174 265,174"/>
          <TextEquiv>
            <Unicode>فقد</Unicode>
          </TextEquiv>
        </Word>
        <Word id="w18">
          <Coords points="236,64 253,64 253,165 236,165"/>
          <TextEquiv>
            <Unicode>ا</Unicode>
          </TextEquiv>
        </Word>
        <Word id="w19">
          <Coords points="146,79 237,79 237,185 146,185"/>
          <TextEquiv>
            <Unicode>خز</Unicode>
          </TextEquiv>
        </Word>
        <Word id="w20">
          <Coords points="63,100 157,100 157,203 63,203"/>
          <TextEquiv>
            <Unicode>يته</Unicode>
          </TextEquiv>
        </Word>
        <TextEquiv>
          <Unicode> فقنا عذ ا ب ا لنا ر ر بنا ا نك من تد خل ا لنا ر فقد ا خز يته</Unicode>
        </TextEquiv>
      </TextLine>
      <TextLine id="l1">
        <Coords points="61,271 1583,271 1583,433 61,433"/>
        <Word id="w21">
          <Coords points="1538,361 1582,361 1582,413 1538,413"/>
          <TextEquiv>
            <Unicode>و</Unicode>
          </TextEquiv>
        </Word>
        <Word id="w22">
          <Coords points="1493,289 1542,289 1542,398 1493,398"/>
          <TextEquiv>
            <Unicode>ما</Unicode>
          </TextEquiv>
        </Word>
        <Word id="w23">
          <Coords points="1355,292 1463,292 1463,403 1355,403"/>
          <TextEquiv>
            <Unicode>للظا</Unicode>
          </TextEquiv>
        </Word>
        <Word id="w24">
          <Coords points="1217,301 1337,301 1337,432 1217,432"/>
          <TextEquiv>
            <Unicode>لمين</Unicode>
          </TextEquiv>
        </Word>
        <Word id="w25">
          <Coords points="1110,360 1207,360 1207,426 1110,426"/>
          <TextEquiv>
            <Unicode>من</Unicode>
          </TextEquiv>
        </Word>
        <Word id="w26">
          <Coords points="1097,297 1108,297 1108,388 1097,388"/>
          <TextEquiv>
            <Unicode>ا</Unicode>
          </TextEquiv>
        </Word>
        <Word id="w27">
          <Coords points="991,293 1083,293 1083,399 991,399"/>
          <TextEquiv>
            <Unicode>نصا</Unicode>
          </TextEquiv>
        </Word>
        <Word id="w28">
          <Coords points="928,349 971,349 971,401 928,401"/>
          <TextEquiv>
            <Unicode>ر</Unicode>
          </TextEquiv>
        </Word>
        <Word id="w29">
          <Coords points="824,357 862,357 862,406 824,406"/>
          <TextEquiv>
            <Unicode>ر</Unicode>
          </TextEquiv>
        </Word>
        <Word id="w30">
          <Coords points="759,286 823,286 823,425 759,425"/>
          <TextEquiv>
            <Unicode>بنا</Unicode>
          </TextEquiv>
        </Word>
        <Word id="w31">
          <Coords points="713,299 731,299 731,379 713,379"/>
          <TextEquiv>
            <Unicode>ا</Unicode>
          </TextEquiv>
        </Word>
        <Word id="w32">
          <Coords points="624,288 700,288 700,389 624,389"/>
          <TextEquiv>
            <Unicode>ننا</Unicode>
          </TextEquiv>
        </Word>
        <Word id="w33">
          <Coords points="452,277 606,277 606,387 452,387"/>
          <TextEquiv>
            <Unicode>سمعنا</Unicode>
          </TextEquiv>
        </Word>
        <Word id="w34">
          <Coords points="357,281 437,281 437,384 357,384"/>
          <TextEquiv>
            <Unicode>منا</Unicode>
          </TextEquiv>
        </Word>
        <Word id="w35">
          <Coords points="300,337 337,337 337,392 300,392"/>
          <TextEquiv>
            <Unicode>د</Unicode>
          </TextEquiv>
        </Word>
        <Word id="w36">
          <Coords points="262,280 286,280 286,407 262,407"/>
          <TextEquiv>
            <Unicode>يا</Unicode>
          </TextEquiv>
        </Word>
        <Word id="w37">
          <Coords points="174,271 236,271 236,417 174,417"/>
          <TextEquiv>
            <Unicode>ينا</Unicode>
          </TextEquiv>
        </Word>
        <Word id="w38">
          <Coords points="124,323 162,323 162,372 124,372"/>
          <TextEquiv>
            <Unicode>د</Unicode>
          </TextEquiv>
        </Word>
        <Word id="w39">
          <Coords points="61,298 130,298 130,365 61,365"/>
          <TextEquiv>
            <Unicode>ى</Unicode>
          </TextEquiv>
        </Word>
        <TextEquiv>
          <Unicode> و ما للظا لمين من ا نصا ر ر بنا ا ننا سمعنا منا د يا ينا د ى</Unicode>
        </TextEquiv>
      </TextLine>
      <TextLine id="l2">
        <Coords points="71,488 1591,488 1591,654 71,654"/>
        <Word id="w40">
          <Coords points="1502,530 1590,530 1590,628 1502,628"/>
          <TextEquiv>
            <Unicode>للا</Unicode>
          </TextEquiv>
        </Word>
        <Word id="w41">
          <Coords points="1442,524 1507,524 1507,653 1442,653"/>
          <TextEquiv>
            <Unicode>يم</Unicode>
          </TextEquiv>
        </Word>
        <Word id="w42">
          <Coords points="1371,577 1423,577 1423,638 1371,638"/>
          <TextEquiv>
            <Unicode>ن</Unicode>
          </TextEquiv>
        </Word>
        <Word id="w43">
          <Coords points="1349,524 1360,524 1360,613 1349,613"/>
          <TextEquiv>
            <Unicode>ا</Unicode>
          </TextEquiv>
        </Word>
        <Word id="w44">
          <Coords points="1278,580 1330,580 1330,645 1278,645"/>
          <TextEquiv>
            <Unicode>ن</Unicode>
          </TextEquiv>
        </Word>
        <Word id="w45">
          <Coords points="1255,527 1265,527 1265,612 1255,612"/>
          <TextEquiv>
            <Unicode>ا</Unicode>
          </TextEquiv>
        </Word>
        <Word id="w46">
          <Coords points="1141,523 1147,523 1147,607 1141,607"/>
          <TextEquiv>
            <Unicode>ا</Unicode>
          </TextEquiv>
        </Word>
        <Word id="w47">
          <Coords points="1134,563 1240,563 1240,647 1134,647"/>
          <TextEquiv>
            <Unicode>منو</Unicode>
          </TextEquiv>
        </Word>
        <Word id="w48">
          <Coords points="1061,582 1119,582 1119,630 1061,630"/>
          <TextEquiv>
            <Unicode>بر</Unicode>
          </TextEquiv>
        </Word>
        <Word id="w49">
          <Coords points="795,531 1061,531 1061,643 795,643"/>
          <TextEquiv>
            <Unicode>بكم</Unicode>
          </TextEquiv>
        </Word>
        <Word id="w50">
          <Coords points="766,508 799,508 799,617 766,617"/>
          <TextEquiv>
            <Unicode>فا</Unicode>
          </TextEquiv>
        </Word>
        <Word id="w51">
          <Coords points="654,503 742,503 742,610 654,610"/>
          <TextEquiv>
            <Unicode>منا</Unicode>
          </TextEquiv>
        </Word>
        <Word id="w52">
          <Coords points="586,575 625,575 625,620 586,620"/>
          <TextEquiv>
            <Unicode>ر</Unicode>
          </TextEquiv>
        </Word>
        <Word id="w53">
          <Coords points="522,504 584,504 584,638 522,638"/>
          <TextEquiv>
            <Unicode>نب</Unicode>
          </TextEquiv>
        </Word>
        <Word id="w54">
          <Coords points="462,506 496,506 496,611 462,611"/>
          <TextEquiv>
            <Unicode>فا</Unicode>
          </TextEquiv>
        </Word>
        <Word id="w55">
          <Coords points="300,528 447,528 447,627 300,627"/>
          <TextEquiv>
            <Unicode>غفل</Unicode>
          </TextEquiv>
        </Word>
        <Word id="w56">
          <Coords points="247,507 307,507 307,607 247,607"/>
          <TextEquiv>
            <Unicode>لنا</Unicode>
          </TextEquiv>
        </Word>
        <Word id="w57">
          <Coords points="186,500 226,500 226,603 186,603"/>
          <TextEquiv>
            <Unicode>ذ</Unicode>
          </TextEquiv>
        </Word>
        <Word id="w58">
          <Coords points="115,513 171,513 171,615 115,615"/>
          <TextEquiv>
            <Unicode>نو</Unicode>
          </TextEquiv>
        </Word>
        <Word id="w59">
          <Coords points="71,488 127,488 127,615 71,615"/>
          <TextEquiv>
            <Unicode>بنا</Unicode>
          </TextEquiv>
        </Word>
        <TextEquiv>
          <Unicode> للا يم ن ا ن ا ا منو بر بكم فا منا ر نب فا غفل لنا ذ نو بنا</Unicode>
        </TextEquiv>
      </TextLine>
      <TextLine id="l3">
        <Coords points="68,708 1590,708 1590,899 68,899"/>
        <Word id="w60">
          <Coords points="1545,811 1589,811 1589,865 1545,865"/>
          <TextEquiv>
            <Unicode>و</Unicode>
          </TextEquiv>
        </Word>
        <Word id="w61">
          <Coords points="1299,769 1560,769 1560,871 1299,871"/>
          <TextEquiv>
            <Unicode>كفر</Unicode>
          </TextEquiv>
        </Word>
        <Word id="w62">
          <Coords points="1213,746 1307,746 1307,850 1213,850"/>
          <TextEquiv>
            <Unicode>عنا</Unicode>
          </TextEquiv>
        </Word>
        <Word id="w63">
          <Coords points="1074,737 1190,737 1190,859 1074,859"/>
          <TextEquiv>
            <Unicode>سيا</Unicode>
          </TextEquiv>
        </Word>
        <Word id="w64">
          <Coords points="991,733 1049,733 1049,840 991,840"/>
          <TextEquiv>
            <Unicode>تن</Unicode>
          </TextEquiv>
        </Word>
        <Word id="w65">
          <Coords points="918,801 961,801 961,855 918,855"/>
          <TextEquiv>
            <Unicode>و</Unicode>
          </TextEquiv>
        </Word>
        <Word id="w66">
          <Coords points="845,732 911,732 911,859 845,859"/>
          <TextEquiv>
            <Unicode>تو</Unicode>
          </TextEquiv>
        </Word>
        <Word id="w67">
          <Coords points="761,727 835,727 835,838 761,838"/>
          <TextEquiv>
            <Unicode>فنا</Unicode>
          </TextEquiv>
        </Word>
        <Word id="w68">
          <Coords points="648,794 735,794 735,898 648,898"/>
          <TextEquiv>
            <Unicode>مع</Unicode>
          </TextEquiv>
        </Word>
        <Word id="w69">
          <Coords points="633,726 642,726 642,816 633,816"/>
          <TextEquiv>
            <Unicode>ا</Unicode>
          </TextEquiv>
        </Word>
        <Word id="w70">
          <Coords points="547,731 625,731 625,833 547,833"/>
          <TextEquiv>
            <Unicode>لا</Unicode>
          </TextEquiv>
        </Word>
        <Word id="w71">
          <Coords points="486,796 538,796 538,860 486,860"/>
          <TextEquiv>
            <Unicode>بر</Unicode>
          </TextEquiv>
        </Word>
        <Word id="w72">
          <Coords points="482,729 491,729 491,817 482,817"/>
          <TextEquiv>
            <Unicode>ا</Unicode>
          </TextEquiv>
        </Word>
        <Word id="w73">
          <Coords points="424,785 464,785 464,832 424,832"/>
          <TextEquiv>
            <Unicode>ر</Unicode>
          </TextEquiv>
        </Word>
        <Word id="w74">
          <Coords points="334,786 375,786 375,835 334,835"/>
          <TextEquiv>
            <Unicode>ر</Unicode>
          </TextEquiv>
        </Word>
        <Word id="w75">
          <Coords points="271,710 339,710 339,856 271,856"/>
          <TextEquiv>
            <Unicode>بنا</Unicode>
          </TextEquiv>
        </Word>
        <Word id="w76">
          <Coords points="200,782 240,782 240,834 200,834"/>
          <TextEquiv>
            <Unicode>و</Unicode>
          </TextEquiv>
        </Word>
        <Word id="w77">
          <Coords points="190,720 198,720 198,805 190,805"/>
          <TextEquiv>
            <Unicode>ا</Unicode>
          </TextEquiv>
        </Word>
        <Word id="w78">
          <Coords points="125,708 180,708 180,815 125,815"/>
          <TextEquiv>
            <Unicode>تنا</Unicode>
          </TextEquiv>
        </Word>
        <Word id="w79">
          <Coords points="68,715 111,715 111,812 68,812"/>
          <TextEquiv>
            <Unicode>م</Unicode>
          </TextEquiv>
        </Word>
        <TextEquiv>
          <Unicode> و كفر عنا سيا تن و تو فنا مع ا لا بر ا ر ر بنا و ا تنا م</Unicode>
        </TextEquiv>
      </TextLine>
      <TextLine id="l4">
        <Coords points="55,935 1591,935 1591,1101 55,1101"/>
        <Word id="w80">
          <Coords points="1550,1014 1590,1014 1590,1069 1550,1069"/>
          <TextEquiv>
            <Unicode>و</Unicode>
          </TextEquiv>
        </Word>
        <Word id="w81">
          <Coords points="1466,997 1545,997 1545,1057 1466,1057"/>
          <TextEquiv>
            <Unicode>عد</Unicode>
          </TextEquiv>
        </Word>
        <Word id="w82">
          <Coords points="1371,939 1457,939 1457,1051 1371,1051"/>
          <TextEquiv>
            <Unicode>تن</Unicode>
          </TextEquiv>
        </Word>
        <Word id="w83">
          <Coords points="1251,957 1349,957 1349,1100 1251,1100"/>
          <TextEquiv>
            <Unicode>على</Unicode>
          </TextEquiv>
        </Word>
        <Word id="w84">
          <Coords points="1219,1020 1252,1020 1252,1069 1219,1069"/>
          <TextEquiv>
            <Unicode>ر</Unicode>
          </TextEquiv>
        </Word>
        <Word id="w85">
          <Coords points="1039,964 1217,964 1217,1076 1039,1076"/>
          <TextEquiv>
            <Unicode>سلك</Unicode>
          </TextEquiv>
        </Word>
        <Word id="w86">
          <Coords points="979,1020 1020,1020 1020,1078 979,1078"/>
          <TextEquiv>
            <Unicode>و</Unicode>
          </TextEquiv>
        </Word>
        <Word id="w87">
          <Coords points="926,969 1029,969 1029,1060 926,1060"/>
          <TextEquiv>
            <Unicode>لا</Unicode>
          </TextEquiv>
        </Word>
        <Word id="w88">
          <Coords points="773,991 934,991 934,1074 773,1074"/>
          <TextEquiv>
            <Unicode>تخز</Unicode>
          </TextEquiv>
        </Word>
        <Word id="w89">
          <Coords points="746,939 776,939 776,1052 746,1052"/>
          <TextEquiv>
            <Unicode>نا</Unicode>
          </TextEquiv>
        </Word>
        <Word id="w90">
          <Coords points="656,1000 732,1000 732,1093 656,1093"/>
          <TextEquiv>
            <Unicode>يو</Unicode>
          </TextEquiv>
        </Word>
        <Word id="w91">
          <Coords points="583,951 594,951 594,1041 583,1041"/>
          <TextEquiv>
            <Unicode>ا</Unicode>
          </TextEquiv>
        </Word>
        <Word id="w92">
          <Coords points="579,1015 661,1015 661,1060 579,1060"/>
          <TextEquiv>
            <Unicode>م</Unicode>
          </TextEquiv>
        </Word>
        <Word id="w93">
          <Coords points="424,953 561,953 561,1083 424,1083"/>
          <TextEquiv>
            <Unicode>لقيمة</Unicode>
          </TextEquiv>
        </Word>
        <Word id="w94">
          <Coords points="390,948 401,948 401,1039 390,1039"/>
          <TextEquiv>
            <Unicode>ا</Unicode>
          </TextEquiv>
        </Word>
        <Word id="w95">
          <Coords points="261,946 369,946 369,1049 261,1049"/>
          <TextEquiv>
            <Unicode>نك</Unicode>
          </TextEquiv>
        </Word>
        <Word id="w96">
          <Coords points="202,942 257,942 257,1040 202,1040"/>
          <TextEquiv>
            <Unicode>ل</Unicode>
          </TextEquiv>
        </Word>
        <Word id="w97">
          <Coords points="55,935 214,935 214,1033 55,1033"/>
          <TextEquiv>
            <Unicode>تخلف</Unicode>
          </TextEquiv>
        </Word>
        <TextEquiv>
          <Unicode> و عد تن على ر سلك و لا تخز نا يو ا م لقيمة ا نك ل تخلف</Unicode>
        </TextEquiv>
      </TextLine>
      <TextLine id="l5">
        <Coords points="44,1151 1596,1151 1596,1330 44,1330"/>
        <Word id="w98">
          <Coords points="1579,1166 1595,1166 1595,1251 1579,1251"/>
          <TextEquiv>
            <Unicode>ا</Unicode>
          </TextEquiv>
        </Word>
        <Word id="w99">
          <Coords points="1419,1155 1569,1155 1569,1290 1419,1290"/>
          <TextEquiv>
            <Unicode>لميعا</Unicode>
          </TextEquiv>
        </Word>
        <Word id="w100">
          <Coords points="1354,1217 1396,1217 1396,1266 1354,1266"/>
          <TextEquiv>
            <Unicode>د</Unicode>
          </TextEquiv>
        </Word>
        <Word id="w101">
          <Coords points="1238,1165 1271,1165 1271,1267 1238,1267"/>
          <TextEquiv>
            <Unicode>فا</Unicode>
          </TextEquiv>
        </Word>
        <Word id="w102">
          <Coords points="1083,1162 1220,1162 1220,1273 1083,1273"/>
          <TextEquiv>
            <Unicode>ستجا</Unicode>
          </TextEquiv>
        </Word>
        <Word id="w103">
          <Coords points="960,1225 1067,1225 1067,1285 960,1285"/>
          <TextEquiv>
            <Unicode>ب</Unicode>
          </TextEquiv>
        </Word>
        <Word id="w104">
          <Coords points="879,1162 950,1162 950,1327 879,1327"/>
          <TextEquiv>
            <Unicode>له</Unicode>
          </TextEquiv>
        </Word>
        <Word id="w105">
          <Coords points="822,1222 859,1222 859,1270 822,1270"/>
          <TextEquiv>
            <Unicode>ر</Unicode>
          </TextEquiv>
        </Word>
        <Word id="w106">
          <Coords points="651,1169 663,1169 663,1249 651,1249"/>
          <TextEquiv>
            <Unicode>ا</Unicode>
          </TextEquiv>
        </Word>
        <Word id="w107">
          <Coords points="644,1214 815,1214 815,1291 644,1291"/>
          <TextEquiv>
            <Unicode>بهم</Unicode>
          </TextEquiv>
        </Word>
        <Word id="w108">
          <Coords points="563,1192 633,1192 633,1282 563,1282"/>
          <TextEquiv>
            <Unicode>نى</Unicode>
          </TextEquiv>
        </Word>
        <Word id="w109">
          <Coords points="498,1172 554,1172 554,1269 498,1269"/>
          <TextEquiv>
            <Unicode>لا</Unicode>
          </TextEquiv>
        </Word>
        <Word id="w110">
          <Coords points="470,1173 481,1173 481,1260 470,1260"/>
          <TextEquiv>
            <Unicode>ا</Unicode>
          </TextEquiv>
        </Word>
        <Word id="w111">
          <Coords points="335,1197 459,1197 459,1329 335,1329"/>
          <TextEquiv>
            <Unicode>ضيع</Unicode>
          </TextEquiv>
        </Word>
        <Word id="w112">
          <Coords points="166,1164 338,1164 338,1293 166,1293"/>
          <TextEquiv>
            <Unicode>عمل</Unicode>
          </TextEquiv>
        </Word>
        <Word id="w113">
          <Coords points="135,1154 181,1154 181,1253 135,1253"/>
          <TextEquiv>
            <Unicode>عا</Unicode>
          </TextEquiv>
        </Word>
        <Word id="w114">
          <Coords points="44,1151 119,1151 119,1262 44,1262"/>
          <TextEquiv>
            <Unicode>مل</Unicode>
          </TextEquiv>
        </Word>
        <TextEquiv>
          <Unicode> ا لميعا د فا ستجا ب له ر ا بهم نى لا ا ضيع عمل عا مل</Unicode>
        </TextEquiv>
      </TextLine>
      <TextLine id="l6">
        <Coords points="69,1364 1595,1364 1595,1538 69,1538"/>
        <Word id="w115">
          <Coords points="1463,1367 1594,1367 1594,1535 1463,1535"/>
          <TextEquiv>
            <Unicode>منكم</Unicode>
          </TextEquiv>
        </Word>
        <Word id="w116">
          <Coords points="1327,1410 1371,1410 1371,1487 1327,1487"/>
          <TextEquiv>
            <Unicode>ذ</Unicode>
          </TextEquiv>
        </Word>
        <Word id="w117">
          <Coords points="1210,1433 1447,1433 1447,1528 1210,1528"/>
          <TextEquiv>
            <Unicode>من</Unicode>
          </TextEquiv>
        </Word>
        <Word id="w118">
          <Coords points="1117,1406 1318,1406 1318,1529 1117,1529"/>
          <TextEquiv>
            <Unicode>كر</Unicode>
          </TextEquiv>
        </Word>
        <Word id="w119">
          <Coords points="1098,1386 1109,1386 1109,1477 1098,1477"/>
          <TextEquiv>
            <Unicode>ا</Unicode>
          </TextEquiv>
        </Word>
        <Word id="w120">
          <Coords points="1038,1454 1085,1454 1085,1508 1038,1508"/>
          <TextEquiv>
            <Unicode>و</Unicode>
          </TextEquiv>
        </Word>
        <Word id="w121">
          <Coords points="1027,1390 1036,1390 1036,1474 1027,1474"/>
          <TextEquiv>
            <Unicode>ا</Unicode>
          </TextEquiv>
        </Word>
        <Word id="w122">
          <Coords points="907,1395 1006,1395 1006,1520 907,1520"/>
          <TextEquiv>
            <Unicode>نثى</Unicode>
          </TextEquiv>
        </Word>
        <Word id="w123">
          <Coords points="719,1364 902,1364 902,1537 719,1537"/>
          <TextEquiv>
            <Unicode>بعضكم</Unicode>
          </TextEquiv>
        </Word>
        <Word id="w124">
          <Coords points="607,1447 703,1447 703,1524 607,1524"/>
          <TextEquiv>
            <Unicode>من</Unicode>
          </TextEquiv>
        </Word>
        <Word id="w125">
          <Coords points="431,1381 607,1381 607,1520 431,1520"/>
          <TextEquiv>
            <Unicode>بعض</Unicode>
          </TextEquiv>
        </Word>
        <Word id="w126">
          <Coords points="429,1376 469,1376 469,1492 429,1492"/>
          <TextEquiv>
            <Unicode>فا</Unicode>
          </TextEquiv>
        </Word>
        <Word id="w127">
          <Coords points="349,1389 407,1389 407,1492 349,1492"/>
          <TextEquiv>
            <Unicode>لذ</Unicode>
          </TextEquiv>
        </Word>
        <Word id="w128">
          <Coords points="276,1441 348,1441 348,1520 276,1520"/>
          <TextEquiv>
            <Unicode>ين</Unicode>
          </TextEquiv>
        </Word>
        <Word id="w129">
          <Coords points="192,1376 258,1376 258,1482 192,1482"/>
          <TextEquiv>
            <Unicode>ها</Unicode>
          </TextEquiv>
        </Word>
        <Word id="w130">
          <Coords points="100,1435 185,1435 185,1497 100,1497"/>
          <TextEquiv>
            <Unicode>ج</Unicode>
          </TextEquiv>
        </Word>
        <Word id="w131">
          <Coords points="69,1369 77,1369 77,1453 69,1453"/>
          <TextEquiv>
            <Unicode>ا</Unicode>
          </TextEquiv>
        </Word>
        <Word id="w132">
          <Coords points="69,1433 108,1433 108,1483 69,1483"/>
          <TextEquiv>
            <Unicode>و</Unicode>
          </TextEquiv>
        </Word>
        <TextEquiv>
          <Unicode> منكم ذ من كر ا و ا نثى بعضكم من بعض فا لذ ين ها ج ا و</Unicode>
        </TextEquiv>
      </TextLine>
      <TextLine id="l7">
        <Coords points="68,1605 1592,1605 1592,1778 68,1778"/>
        <Word id="w133">
          <Coords points="1547,1690 1591,1690 1591,1745 1547,1745"/>
          <TextEquiv>
            <Unicode>و</Unicode>
          </TextEquiv>
        </Word>
        <Word id="w134">
          <Coords points="1535,1626 1547,1626 1547,1718 1535,1718"/>
          <TextEquiv>
            <Unicode>ا</Unicode>
          </TextEquiv>
        </Word>
        <Word id="w135">
          <Coords points="1445,1658 1533,1658 1533,1745 1445,1745"/>
          <TextEquiv>
            <Unicode>خر</Unicode>
          </TextEquiv>
        </Word>
        <Word id="w136">
          <Coords points="1346,1613 1352,1613 1352,1702 1346,1702"/>
          <TextEquiv>
            <Unicode>ا</Unicode>
          </TextEquiv>
        </Word>
        <Word id="w137">
          <Coords points="1342,1682 1446,1682 1446,1744 1342,1744"/>
          <TextEquiv>
            <Unicode>جو</Unicode>
          </TextEquiv>
        </Word>
        <Word id="w138">
          <Coords points="1228,1679 1330,1679 1330,1749 1228,1749"/>
          <TextEquiv>
            <Unicode>من</Unicode>
          </TextEquiv>
        </Word>
        <Word id="w139">
          <Coords points="1187,1672 1226,1672 1226,1722 1187,1722"/>
          <TextEquiv>
            <Unicode>د</Unicode>
          </TextEquiv>
        </Word>
        <Word id="w140">
          <Coords points="1145,1607 1169,1607 1169,1747 1145,1747"/>
          <TextEquiv>
            <Unicode>يا</Unicode>
          </TextEquiv>
        </Word>
        <Word id="w141">
          <Coords points="1088,1683 1123,1683 1123,1726 1088,1726"/>
          <TextEquiv>
            <Unicode>ر</Unicode>
          </TextEquiv>
        </Word>
        <Word id="w142">
          <Coords points="1020,1650 1088,1650 1088,1777 1020,1777"/>
          <TextEquiv>
            <Unicode>هم</Unicode>
          </TextEquiv>
        </Word>
        <Word id="w143">
          <Coords points="946,1614 956,1614 956,1708 946,1708"/>
          <TextEquiv>
            <Unicode>ا</Unicode>
          </TextEquiv>
        </Word>
        <Word id="w144">
          <Coords points="941,1684 996,1684 996,1741 941,1741"/>
          <TextEquiv>
            <Unicode>و</Unicode>
          </TextEquiv>
        </Word>
        <Word id="w145">
          <Coords points="874,1683 924,1683 924,1744 874,1744"/>
          <TextEquiv>
            <Unicode>و</Unicode>
          </TextEquiv>
        </Word>
        <Word id="w146">
          <Coords points="839,1624 876,1624 876,1725 839,1725"/>
          <TextEquiv>
            <Unicode>ذ</Unicode>
          </TextEquiv>
        </Word>
        <Word id="w147">
          <Coords points="775,1610 781,1610 781,1706 775,1706"/>
          <TextEquiv>
            <Unicode>ا</Unicode>
          </TextEquiv>
        </Word>
        <Word id="w148">
          <Coords points="765,1683 814,1683 814,1743 765,1743"/>
          <TextEquiv>
            <Unicode>و</Unicode>
          </TextEquiv>
        </Word>
        <Word id="w149">
          <Coords points="681,1627 751,1627 751,1739 681,1739"/>
          <TextEquiv>
            <Unicode>فى</Unicode>
          </TextEquiv>
        </Word>
        <Word id="w150">
          <Coords points="465,1611 677,1611 677,1751 465,1751"/>
          <TextEquiv>
            <Unicode>سبيليي</Unicode>
          </TextEquiv>
        </Word>
        <Word id="w151">
          <Coords points="421,1673 465,1673 465,1731 421,1731"/>
          <TextEquiv>
            <Unicode>و</Unicode>
          </TextEquiv>
        </Word>
        <Word id="w152">
          <Coords points="391,1608 425,1608 425,1719 391,1719"/>
          <TextEquiv>
            <Unicode>قا</Unicode>
          </TextEquiv>
        </Word>
        <Word id="w153">
          <Coords points="273,1612 287,1612 287,1711 273,1711"/>
          <TextEquiv>
            <Unicode>ا</Unicode>
          </TextEquiv>
        </Word>
        <Word id="w154">
          <Coords points="267,1612 356,1612 356,1735 267,1735"/>
          <TextEquiv>
            <Unicode>تلو</Unicode>
          </TextEquiv>
        </Word>
        <Word id="w155">
          <Coords points="199,1675 246,1675 246,1729 199,1729"/>
          <TextEquiv>
            <Unicode>و</Unicode>
          </TextEquiv>
        </Word>
        <Word id="w156">
          <Coords points="74,1607 90,1607 90,1703 74,1703"/>
          <TextEquiv>
            <Unicode>ا</Unicode>
          </TextEquiv>
        </Word>
        <Word id="w157">
          <Coords points="68,1605 202,1605 202,1724 68,1724"/>
          <TextEquiv>
            <Unicode>قتلو</Unicode>
          </TextEquiv>
        </Word>
        <TextEquiv>
          <Unicode> و ا خر ا جو من د يا ر هم ا و و ذ ا و فى سبيليي و قا ا تلو و ا قتلو</Unicode>
        </TextEquiv>
      </TextLine>
      <TextLine id="l8">
        <Coords points="58,1816 1594,1816 1594,2014 58,2014"/>
        <Word id="w158">
          <Coords points="1541,1866 1593,1866 1593,1965 1541,1965"/>
          <TextEquiv>
            <Unicode>لا</Unicode>
          </TextEquiv>
        </Word>
        <Word id="w159">
          <Coords points="1292,1882 1548,1882 1548,1981 1292,1981"/>
          <TextEquiv>
            <Unicode>كفر</Unicode>
          </TextEquiv>
        </Word>
        <Word id="w160">
          <Coords points="1239,1906 1292,1906 1292,1968 1239,1968"/>
          <TextEquiv>
            <Unicode>ن</Unicode>
          </TextEquiv>
        </Word>
        <Word id="w161">
          <Coords points="1065,1874 1222,1874 1222,2013 1065,2013"/>
          <TextEquiv>
            <Unicode>عنهم</Unicode>
          </TextEquiv>
        </Word>
        <Word id="w162">
          <Coords points="925,1846 1053,1846 1053,1972 925,1972"/>
          <TextEquiv>
            <Unicode>سيا</Unicode>
          </TextEquiv>
        </Word>
        <Word id="w163">
          <Coords points="791,1868 905,1868 905,2005 791,2005"/>
          <TextEquiv>
            <Unicode>تهم</Unicode>
          </TextEquiv>
        </Word>
        <Word id="w164">
          <Coords points="716,1918 765,1918 765,1973 716,1973"/>
          <TextEquiv>
            <Unicode>و</Unicode>
          </TextEquiv>
        </Word>
        <Word id="w165">
          <Coords points="674,1816 758,1816 758,1946 674,1946"/>
          <TextEquiv>
            <Unicode>لا</Unicode>
          </TextEquiv>
        </Word>
        <Word id="w166">
          <Coords points="627,1900 666,1900 666,1951 627,1951"/>
          <TextEquiv>
            <Unicode>د</Unicode>
          </TextEquiv>
        </Word>
        <Word id="w167">
          <Coords points="438,1845 613,1845 613,1998 438,1998"/>
          <TextEquiv>
            <Unicode>خلنهم</Unicode>
          </TextEquiv>
        </Word>
        <Word id="w168">
          <Coords points="331,1834 433,1834 433,1964 331,1964"/>
          <TextEquiv>
            <Unicode>جنا</Unicode>
          </TextEquiv>
        </Word>
        <Word id="w169">
          <Coords points="208,1857 314,1857 314,1961 208,1961"/>
          <TextEquiv>
            <Unicode>ت</Unicode>
          </TextEquiv>
        </Word>
        <Word id="w170">
          <Coords points="118,1831 230,1831 230,1963 118,1963"/>
          <TextEquiv>
            <Unicode>تجر</Unicode>
          </TextEquiv>
        </Word>
        <Word id="w171">
          <Coords points="58,1863 135,1863 135,1931 58,1931"/>
          <TextEquiv>
            <Unicode>ى</Unicode>
          </TextEquiv>
        </Word>
        <TextEquiv>
          <Unicode> لا كفر ن عنهم سيا تهم و لا د خلنهم جنا ت تجر ى</Unicode>
        </TextEquiv>
      </TextLine>
      <TextLine id="l9">
        <Coords points="38,2058 1601,2058 1601,2210 38,2210"/>
        <Word id="w172">
          <Coords points="1503,2111 1600,2111 1600,2205 1503,2205"/>
          <TextEquiv>
            <Unicode>من</Unicode>
          </TextEquiv>
        </Word>
        <Word id="w173">
          <Coords points="1351,2063 1530,2063 1530,2199 1351,2199"/>
          <TextEquiv>
            <Unicode>تحته</Unicode>
          </TextEquiv>
        </Word>
        <Word id="w174">
          <Coords points="1312,2076 1318,2076 1318,2162 1312,2162"/>
          <TextEquiv>
            <Unicode>ا</Unicode>
          </TextEquiv>
        </Word>
        <Word id="w175">
          <Coords points="1235,2075 1290,2075 1290,2174 1235,2174"/>
          <TextEquiv>
            <Unicode>لا</Unicode>
          </TextEquiv>
        </Word>
        <Word id="w176">
          <Coords points="1141,2058 1221,2058 1221,2192 1141,2192"/>
          <TextEquiv>
            <Unicode>نها</Unicode>
          </TextEquiv>
        </Word>
        <Word id="w177">
          <Coords points="1073,2131 1116,2131 1116,2177 1073,2177"/>
          <TextEquiv>
            <Unicode>ر</Unicode>
          </TextEquiv>
        </Word>
        <Word id="w178">
          <Coords points="1002,2076 1060,2076 1060,2189 1002,2189"/>
          <TextEquiv>
            <Unicode>ثو</Unicode>
          </TextEquiv>
        </Word>
        <Word id="w179">
          <Coords points="997,2070 1015,2070 1015,2167 997,2167"/>
          <TextEquiv>
            <Unicode>ا</Unicode>
          </TextEquiv>
        </Word>
        <Word id="w180">
          <Coords points="937,2066 964,2066 964,2199 937,2199"/>
          <TextEquiv>
            <Unicode>با</Unicode>
          </TextEquiv>
        </Word>
        <Word id="w181">
          <Coords points="743,2094 846,2094 846,2158 743,2158"/>
          <TextEquiv>
            <Unicode>عند</Unicode>
          </TextEquiv>
        </Word>
        <Word id="w182">
          <Coords points="712,2063 722,2063 722,2152 712,2152"/>
          <TextEquiv>
            <Unicode>ا</Unicode>
          </TextEquiv>
        </Word>
        <Word id="w183">
          <Coords points="709,2112 925,2112 925,2209 709,2209"/>
          <TextEquiv>
            <Unicode>من</Unicode>
          </TextEquiv>
        </Word>
        <Word id="w184">
          <Coords points="632,2109 697,2109 697,2164 632,2164"/>
          <TextEquiv>
            <Unicode>لله</Unicode>
          </TextEquiv>
        </Word>
        <Word id="w185">
          <Coords points="566,2129 612,2129 612,2180 566,2180"/>
          <TextEquiv>
            <Unicode>و</Unicode>
          </TextEquiv>
        </Word>
        <Word id="w186">
          <Coords points="564,2061 574,2061 574,2152 564,2152"/>
          <TextEquiv>
            <Unicode>ا</Unicode>
          </TextEquiv>
        </Word>
        <Word id="w187">
          <Coords points="486,2104 548,2104 548,2163 486,2163"/>
          <TextEquiv>
            <Unicode>لله</Unicode>
          </TextEquiv>
        </Word>
        <Word id="w188">
          <Coords points="358,2101 478,2101 478,2167 358,2167"/>
          <TextEquiv>
            <Unicode>عند</Unicode>
          </TextEquiv>
        </Word>
        <Word id="w189">
          <Coords points="321,2117 355,2117 355,2194 321,2194"/>
          <TextEquiv>
            <Unicode>ه</Unicode>
          </TextEquiv>
        </Word>
        <Word id="w190">
          <Coords points="182,2066 197,2066 197,2167 182,2167"/>
          <TextEquiv>
            <Unicode>ا</Unicode>
          </TextEquiv>
        </Word>
        <Word id="w191">
          <Coords points="175,2098 323,2098 323,2209 175,2209"/>
          <TextEquiv>
            <Unicode>حس</Unicode>
          </TextEquiv>
        </Word>
        <Word id="w192">
          <Coords points="100,2061 117,2061 117,2155 100,2155"/>
          <TextEquiv>
            <Unicode>ا</Unicode>
          </TextEquiv>
        </Word>
        <Word id="w193">
          <Coords points="92,2068 168,2068 168,2180 92,2180"/>
          <TextEquiv>
            <Unicode>لقو</Unicode>
          </TextEquiv>
        </Word>
        <Word id="w194">
          <Coords points="38,2110 95,2110 95,2161 38,2161"/>
          <TextEquiv>
            <Unicode>ب</Unicode>
          </TextEquiv>
        </Word>
        <TextEquiv>
          <Unicode> من تحته ا لا نها ر ثو ا با عند ا من لله و ا لله عند ه ا حس ا لقو ب</Unicode>
        </TextEquiv>
      </TextLine>
      <TextLine id="l10">
        <Coords points="61,2266 1590,2266 1590,2430 61,2430"/>
        <Word id="w195">
          <Coords points="1536,2308 1589,2308 1589,2407 1536,2407"/>
          <TextEquiv>
            <Unicode>لا</Unicode>
          </TextEquiv>
        </Word>
        <Word id="w196">
          <Coords points="1393,2317 1524,2317 1524,2429 1393,2429"/>
          <TextEquiv>
            <Unicode>يغر</Unicode>
          </TextEquiv>
        </Word>
        <Word id="w197">
          <Coords points="1275,2283 1383,2283 1383,2394 1275,2394"/>
          <TextEquiv>
            <Unicode>نك</Unicode>
          </TextEquiv>
        </Word>
        <Word id="w198">
          <Coords points="1078,2289 1258,2289 1258,2426 1078,2426"/>
          <TextEquiv>
            <Unicode>تقلب</Unicode>
          </TextEquiv>
        </Word>
        <Word id="w199">
          <Coords points="1043,2283 1063,2283 1063,2390 1043,2390"/>
          <TextEquiv>
            <Unicode>ا</Unicode>
          </TextEquiv>
        </Word>
        <Word id="w200">
          <Coords points="971,2291 1033,2291 1033,2396 971,2396"/>
          <TextEquiv>
            <Unicode>لذ</Unicode>
          </TextEquiv>
        </Word>
        <Word id="w201">
          <Coords points="898,2344 967,2344 967,2419 898,2419"/>
          <TextEquiv>
            <Unicode>ين</Unicode>
          </TextEquiv>
        </Word>
        <Word id="w202">
          <Coords points="646,2308 893,2308 893,2402 646,2402"/>
          <TextEquiv>
            <Unicode>كف</Unicode>
          </TextEquiv>
        </Word>
        <Word id="w203">
          <Coords points="606,2286 615,2286 615,2372 606,2372"/>
          <TextEquiv>
            <Unicode>ا</Unicode>
          </TextEquiv>
        </Word>
        <Word id="w204">
          <Coords points="606,2349 644,2349 644,2403 606,2403"/>
          <TextEquiv>
            <Unicode>و</Unicode>
          </TextEquiv>
        </Word>
        <Word id="w205">
          <Coords points="496,2286 591,2286 591,2386 496,2386"/>
          <TextEquiv>
            <Unicode>فى</Unicode>
          </TextEquiv>
        </Word>
        <Word id="w206">
          <Coords points="470,2290 481,2290 481,2378 470,2378"/>
          <TextEquiv>
            <Unicode>ا</Unicode>
          </TextEquiv>
        </Word>
        <Word id="w207">
          <Coords points="333,2289 449,2289 449,2415 333,2415"/>
          <TextEquiv>
            <Unicode>لبلا</Unicode>
          </TextEquiv>
        </Word>
        <Word id="w208">
          <Coords points="295,2337 334,2337 334,2383 295,2383"/>
          <TextEquiv>
            <Unicode>د</Unicode>
          </TextEquiv>
        </Word>
        <Word id="w209">
          <Coords points="130,2266 227,2266 227,2381 130,2381"/>
          <TextEquiv>
            <Unicode>متا</Unicode>
          </TextEquiv>
        </Word>
        <Word id="w210">
          <Coords points="61,2321 128,2321 128,2428 61,2428"/>
          <TextEquiv>
            <Unicode>ع</Unicode>
          </TextEquiv>
        </Word>
        <TextEquiv>
          <Unicode> لا يغر نك تقلب ا لذ ين كف ا و فى ا لبلا د متا ع</Unicode>
        </TextEquiv>
      </TextLine>
      <TextLine id="l11">
        <Coords points="44,2490 1591,2490 1591,2675 44,2675"/>
        <Word id="w211">
          <Coords points="1441,2525 1590,2525 1590,2652 1441,2652"/>
          <TextEquiv>
            <Unicode>قليل</Unicode>
          </TextEquiv>
        </Word>
        <Word id="w212">
          <Coords points="1346,2545 1430,2545 1430,2651 1346,2651"/>
          <TextEquiv>
            <Unicode>ثم</Unicode>
          </TextEquiv>
        </Word>
        <Word id="w213">
          <Coords points="1303,2516 1347,2516 1347,2621 1303,2621"/>
          <TextEquiv>
            <Unicode>م</Unicode>
          </TextEquiv>
        </Word>
        <Word id="w214">
          <Coords points="1231,2582 1274,2582 1274,2634 1231,2634"/>
          <TextEquiv>
            <Unicode>و</Unicode>
          </TextEquiv>
        </Word>
        <Word id="w215">
          <Coords points="1133,2566 1232,2566 1232,2674 1133,2674"/>
          <TextEquiv>
            <Unicode>هم</Unicode>
          </TextEquiv>
        </Word>
        <Word id="w216">
          <Coords points="920,2549 1142,2549 1142,2630 920,2630"/>
          <TextEquiv>
            <Unicode>جهنم</Unicode>
          </TextEquiv>
        </Word>
        <Word id="w217">
          <Coords points="875,2575 923,2575 923,2629 875,2629"/>
          <TextEquiv>
            <Unicode>و</Unicode>
          </TextEquiv>
        </Word>
        <Word id="w218">
          <Coords points="751,2512 765,2512 765,2591 751,2591"/>
          <TextEquiv>
            <Unicode>ا</Unicode>
          </TextEquiv>
        </Word>
        <Word id="w219">
          <Coords points="638,2507 737,2507 737,2621 638,2621"/>
          <TextEquiv>
            <Unicode>لمها</Unicode>
          </TextEquiv>
        </Word>
        <Word id="w220">
          <Coords points="623,2527 873,2527 873,2656 623,2656"/>
          <TextEquiv>
            <Unicode>بئس</Unicode>
          </TextEquiv>
        </Word>
        <Word id="w221">
          <Coords points="569,2512 609,2512 609,2637 569,2637"/>
          <TextEquiv>
            <Unicode>د</Unicode>
          </TextEquiv>
        </Word>
        <Word id="w222">
          <Coords points="251,2500 267,2500 267,2588 251,2588"/>
          <TextEquiv>
            <Unicode>ا</Unicode>
          </TextEquiv>
        </Word>
        <Word id="w223">
          <Coords points="242,2494 499,2494 499,2637 242,2637"/>
          <TextEquiv>
            <Unicode>لكن</Unicode>
          </TextEquiv>
        </Word>
        <Word id="w224">
          <Coords points="180,2504 233,2504 233,2610 180,2610"/>
          <TextEquiv>
            <Unicode>لذ</Unicode>
          </TextEquiv>
        </Word>
        <Word id="w225">
          <Coords points="130,2498 148,2498 148,2589 130,2589"/>
          <TextEquiv>
            <Unicode>ا</Unicode>
          </TextEquiv>
        </Word>
        <Word id="w226">
          <Coords points="116,2515 182,2515 182,2646 116,2646"/>
          <TextEquiv>
            <Unicode>ين</Unicode>
          </TextEquiv>
        </Word>
        <Word id="w227">
          <Coords points="48,2490 66,2490 66,2572 48,2572"/>
          <TextEquiv>
            <Unicode>ا</Unicode>
          </TextEquiv>
        </Word>
        <Word id="w228">
          <Coords points="44,2510 125,2510 125,2600 44,2600"/>
          <TextEquiv>
            <Unicode>تقو</Unicode>
          </TextEquiv>
        </Word>
        <TextEquiv>
          <Unicode> قليل ثم م و هم جهنم و ا لمها بئس د ا لكن لذ ا ين ا تقو</Unicode>
        </TextEquiv>
      </TextLine>
      <TextLine id="l12">
        <Coords points="24,2677 121,2677 121,2735 24,2735"/>
        <Word id="w229">
          <Coords points="24,2677 120,2677 120,2734 24,2734"/>
          <TextEquiv>
            <Unicode>عند</Unicode>
          </TextEquiv>
        </Word>
        <TextEquiv>
          <Unicode> عند</Unicode>
        </TextEquiv>
      </TextLine>
      <TextLine id="l13">
        <Coords points="114,2705 1595,2705 1595,2914 114,2914"/>
        <Word id="w230">
          <Coords points="1549,2819 1594,2819 1594,2869 1549,2869"/>
          <TextEquiv>
            <Unicode>ر</Unicode>
          </TextEquiv>
        </Word>
        <Word id="w231">
          <Coords points="1399,2811 1557,2811 1557,2871 1399,2871"/>
          <TextEquiv>
            <Unicode>يهم</Unicode>
          </TextEquiv>
        </Word>
        <Word id="w232">
          <Coords points="1345,2744 1420,2744 1420,2913 1345,2913"/>
          <TextEquiv>
            <Unicode>لهم</Unicode>
          </TextEquiv>
        </Word>
        <Word id="w233">
          <Coords points="1238,2737 1336,2737 1336,2861 1238,2861"/>
          <TextEquiv>
            <Unicode>جنا</Unicode>
          </TextEquiv>
        </Word>
        <Word id="w234">
          <Coords points="1105,2772 1222,2772 1222,2834 1105,2834"/>
          <TextEquiv>
            <Unicode>ت</Unicode>
          </TextEquiv>
        </Word>
        <Word id="w235">
          <Coords points="991,2736 1092,2736 1092,2858 991,2858"/>
          <TextEquiv>
            <Unicode>تجر</Unicode>
          </TextEquiv>
        </Word>
        <Word id="w236">
          <Coords points="929,2787 997,2787 997,2852 929,2852"/>
          <TextEquiv>
            <Unicode>ي</Unicode>
          </TextEquiv>
        </Word>
        <Word id="w237">
          <Coords points="835,2722 932,2722 932,2857 835,2857"/>
          <TextEquiv>
            <Unicode>من</Unicode>
          </TextEquiv>
        </Word>
        <Word id="w238">
          <Coords points="669,2705 847,2705 847,2857 669,2857"/>
          <TextEquiv>
            <Unicode>تحتها</Unicode>
          </TextEquiv>
        </Word>
        <Word id="w239">
          <Coords points="631,2734 639,2734 639,2818 631,2818"/>
          <TextEquiv>
            <Unicode>ا</Unicode>
          </TextEquiv>
        </Word>
        <Word id="w240">
          <Coords points="556,2736 609,2736 609,2832 556,2832"/>
          <TextEquiv>
            <Unicode>لا</Unicode>
          </TextEquiv>
        </Word>
        <Word id="w241">
          <Coords points="473,2724 544,2724 544,2849 473,2849"/>
          <TextEquiv>
            <Unicode>نها</Unicode>
          </TextEquiv>
        </Word>
        <Word id="w242">
          <Coords points="376,2722 436,2722 436,2837 376,2837"/>
          <TextEquiv>
            <Unicode>خا</Unicode>
          </TextEquiv>
        </Word>
        <Word id="w243">
          <Coords points="307,2730 363,2730 363,2830 307,2830"/>
          <TextEquiv>
            <Unicode>لد</Unicode>
          </TextEquiv>
        </Word>
        <Word id="w244">
          <Coords points="251,2755 326,2755 326,2859 251,2859"/>
          <TextEquiv>
            <Unicode>ين</Unicode>
          </TextEquiv>
        </Word>
        <Word id="w245">
          <Coords points="192,2715 271,2715 271,2848 192,2848"/>
          <TextEquiv>
            <Unicode>فيها</Unicode>
          </TextEquiv>
        </Word>
        <Word id="w246">
          <Coords points="128,2740 199,2740 199,2832 128,2832"/>
          <TextEquiv>
            <Unicode>نز</Unicode>
          </TextEquiv>
        </Word>
        <Word id="w247">
          <Coords points="114,2727 164,2727 164,2825 114,2825"/>
          <TextEquiv>
            <Unicode>لا</Unicode>
          </TextEquiv>
        </Word>
        <TextEquiv>
          <Unicode> ر يهم لهم جنا ت تجر ي من تحتها ا لا نها خا لد ين فيها نز لا</Unicode>
        </TextEquiv>
      </TextLine>
      <TextLine id="l14">
        <Coords points="42,2933 1596,2933 1596,3098 42,3098"/>
        <Word id="w248">
          <Coords points="1581,2987 1595,2987 1595,3082 1581,3082"/>
          <TextEquiv>
            <Unicode>ا</Unicode>
          </TextEquiv>
        </Word>
        <Word id="w249">
          <Coords points="1498,3023 1565,3023 1565,3077 1498,3077"/>
          <TextEquiv>
            <Unicode>لله</Unicode>
          </TextEquiv>
        </Word>
        <Word id="w250">
          <Coords points="1376,2957 1429,2957 1429,3067 1376,3067"/>
          <TextEquiv>
            <Unicode>ما</Unicode>
          </TextEquiv>
        </Word>
        <Word id="w251">
          <Coords points="1226,3006 1350,3006 1350,3073 1226,3073"/>
          <TextEquiv>
            <Unicode>عند</Unicode>
          </TextEquiv>
        </Word>
        <Word id="w252">
          <Coords points="1211,2957 1220,2957 1220,3048 1211,3048"/>
          <TextEquiv>
            <Unicode>ا</Unicode>
          </TextEquiv>
        </Word>
        <Word id="w253">
          <Coords points="1127,3004 1195,3004 1195,3061 1127,3061"/>
          <TextEquiv>
            <Unicode>لله</Unicode>
          </TextEquiv>
        </Word>
        <Word id="w254">
          <Coords points="979,2996 1109,2996 1109,3091 979,3091"/>
          <TextEquiv>
            <Unicode>خير</Unicode>
          </TextEquiv>
        </Word>
        <Word id="w255">
          <Coords points="870,2962 966,2962 966,3068 870,3068"/>
          <TextEquiv>
            <Unicode>للا</Unicode>
          </TextEquiv>
        </Word>
        <Word id="w256">
          <Coords points="812,2955 822,2955 822,3043 812,3043"/>
          <TextEquiv>
            <Unicode>ا</Unicode>
          </TextEquiv>
        </Word>
        <Word id="w257">
          <Coords points="811,3025 867,3025 867,3097 811,3097"/>
          <TextEquiv>
            <Unicode>بر</Unicode>
          </TextEquiv>
        </Word>
        <Word id="w258">
          <Coords points="756,3014 794,3014 794,3064 756,3064"/>
          <TextEquiv>
            <Unicode>ر</Unicode>
          </TextEquiv>
        </Word>
        <Word id="w259">
          <Coords points="645,3012 691,3012 691,3067 645,3067"/>
          <TextEquiv>
            <Unicode>و</Unicode>
          </TextEquiv>
        </Word>
        <Word id="w260">
          <Coords points="635,2944 647,2944 647,3041 635,3041"/>
          <TextEquiv>
            <Unicode>ا</Unicode>
          </TextEquiv>
        </Word>
        <Word id="w261">
          <Coords points="571,3001 621,3001 621,3069 571,3069"/>
          <TextEquiv>
            <Unicode>ن</Unicode>
          </TextEquiv>
        </Word>
        <Word id="w262">
          <Coords points="461,3010 558,3010 558,3076 461,3076"/>
          <TextEquiv>
            <Unicode>من</Unicode>
          </TextEquiv>
        </Word>
        <Word id="w263">
          <Coords points="442,2958 450,2958 450,3050 442,3050"/>
          <TextEquiv>
            <Unicode>ا</Unicode>
          </TextEquiv>
        </Word>
        <Word id="w264">
          <Coords points="312,2952 426,2952 426,3083 312,3083"/>
          <TextEquiv>
            <Unicode>ه</Unicode>
          </TextEquiv>
        </Word>
        <Word id="w265">
          <Coords points="301,2954 319,2954 319,3048 301,3048"/>
          <TextEquiv>
            <Unicode>ا</Unicode>
          </TextEquiv>
        </Word>
        <Word id="w266">
          <Coords points="189,2933 312,2933 312,3054 189,3054"/>
          <TextEquiv>
            <Unicode>لكت</Unicode>
          </TextEquiv>
        </Word>
        <Word id="w267">
          <Coords points="88,3014 182,3014 182,3051 88,3051"/>
          <TextEquiv>
            <Unicode>ب</Unicode>
          </TextEquiv>
        </Word>
        <Word id="w268">
          <Coords points="42,2935 123,2935 123,3042 42,3042"/>
          <TextEquiv>
            <Unicode>لمن</Unicode>
          </TextEquiv>
        </Word>
        <TextEquiv>
          <Unicode> ا لله ما عند ا لله خير للا ا بر ر و ا ن من ا ه ا لكت ب لمن</Unicode>
        </TextEquiv>
      </TextLine>
    </TextRegion>
  </Page>
</PcGts>
