<?xml version='1.0' encoding='utf-8'?>
<PcGts xmlns:xsi="http://www.w3.org/2001/XMLSchema-instance" xmlns="http://schema.primaresearch.org/PAGE/gts/pagecontent/2019-07-15" xsi:schemaLocation="http://schema.primaresearch.org/PAGE/gts/pagecontent/2019-07-15 http://schema.primaresearch.org/PAGE/gts/pagecontent/2019-07-15/pagecontent.xsd" pcGtsId="pc-aletheiaexamplepage">
  <Metadata>
    <Creator>PRImA Research Lab</Creator>
    <Created>2015-07-17T15:27:13</Created>
    <LastChange>2017-07-14T10:03:33</LastChange>
    <Comments>Example Page</Comments>
  </Metadata>
  <Page imageFilename="3249138/0042-2.png" imageWidth="1705" imageHeight="3089">
    <TextRegion id="r0" type="paragraph">
      <Coords points="1,1 1703,1 1703,3087 1,3087"/>
      <TextLine id="l0">
        <Coords points="60,2 1608,2 1608,188 60,188"/>
        <Word id="w0">
          <Coords points="1541,16 1607,16 1607,129 1541,129"/>
          <TextEquiv>
            <Unicode>يؤ</Unicode>
          </TextEquiv>
        </Word>
        <Word id="w1">
          <Coords points="1446,55 1541,55 1541,126 1446,126"/>
          <TextEquiv>
            <Unicode>من</Unicode>
          </TextEquiv>
        </Word>
        <Word id="w2">
          <Coords points="1399,7 1434,7 1434,122 1399,122"/>
          <TextEquiv>
            <Unicode>با</Unicode>
          </TextEquiv>
        </Word>
        <Word id="w3">
          <Coords points="1314,40 1383,40 1383,99 1314,99"/>
          <TextEquiv>
            <Unicode>لله</Unicode>
          </TextEquiv>
        </Word>
        <Word id="w4">
          <Coords points="1236,63 1291,63 1291,120 1236,120"/>
          <TextEquiv>
            <Unicode>و</Unicode>
          </TextEquiv>
        </Word>
        <Word id="w5">
          <Coords points="1187,3 1245,3 1245,107 1187,107"/>
          <TextEquiv>
            <Unicode>ما</Unicode>
          </TextEquiv>
        </Word>
        <Word id="w6">
          <Coords points="1143,7 1161,7 1161,103 1143,103"/>
          <TextEquiv>
            <Unicode>ا</Unicode>
          </TextEquiv>
        </Word>
        <Word id="w7">
          <Coords points="1051,6 1138,6 1138,141 1051,141"/>
          <TextEquiv>
            <Unicode>نز</Unicode>
          </TextEquiv>
        </Word>
        <Word id="w8">
          <Coords points="1022,2 1077,2 1077,118 1022,118"/>
          <TextEquiv>
            <Unicode>ل</Unicode>
          </TextEquiv>
        </Word>
        <Word id="w9">
          <Coords points="992,5 1011,5 1011,98 992,98"/>
          <TextEquiv>
            <Unicode>ا</Unicode>
          </TextEquiv>
        </Word>
        <Word id="w10">
          <Coords points="688,9 977,9 977,131 688,131"/>
          <TextEquiv>
            <Unicode>ليكم</Unicode>
          </TextEquiv>
        </Word>
        <Word id="w11">
          <Coords points="640,70 687,70 687,129 640,129"/>
          <TextEquiv>
            <Unicode>و</Unicode>
          </TextEquiv>
        </Word>
        <Word id="w12">
          <Coords points="590,5 651,5 651,114 590,114"/>
          <TextEquiv>
            <Unicode>ما</Unicode>
          </TextEquiv>
        </Word>
        <Word id="w13">
          <Coords points="548,19 561,19 561,107 548,107"/>
          <TextEquiv>
            <Unicode>ا</Unicode>
          </TextEquiv>
        </Word>
        <Word id="w14">
          <Coords points="484,47 534,47 534,138 484,138"/>
          <TextEquiv>
            <Unicode>نز</Unicode>
          </TextEquiv>
        </Word>
        <Word id="w15">
          <Coords points="434,14 484,14 484,132 434,132"/>
          <TextEquiv>
            <Unicode>ل</Unicode>
          </TextEquiv>
        </Word>
        <Word id="w16">
          <Coords points="416,21 433,21 433,104 416,104"/>
          <TextEquiv>
            <Unicode>ا</Unicode>
          </TextEquiv>
        </Word>
        <Word id="w17">
          <Coords points="281,25 401,25 401,187 281,187"/>
          <TextEquiv>
            <Unicode>ليهم</Unicode>
          </TextEquiv>
        </Word>
        <Word id="w18">
          <Coords points="226,25 287,25 287,126 226,126"/>
          <TextEquiv>
            <Unicode>خا</Unicode>
          </TextEquiv>
        </Word>
        <Word id="w19">
          <Coords points="60,49 217,49 217,133 60,133"/>
          <TextEquiv>
            <Unicode>شعين</Unicode>
          </TextEquiv>
        </Word>
        <TextEquiv>
          <Unicode> يؤ من با لله و ما ا نز ل ا ليكم و ما ا نز ل ا ليهم خا شعين</Unicode>
        </TextEquiv>
      </TextLine>
      <TextLine id="l1">
        <Coords points="70,215 1597,215 1597,409 70,409"/>
        <Word id="w20">
          <Coords points="1527,249 1596,249 1596,306 1527,306"/>
          <TextEquiv>
            <Unicode>لله</Unicode>
          </TextEquiv>
        </Word>
        <Word id="w21">
          <Coords points="1449,215 1502,215 1502,310 1449,310"/>
          <TextEquiv>
            <Unicode>لا</Unicode>
          </TextEquiv>
        </Word>
        <Word id="w22">
          <Coords points="1284,238 1437,238 1437,331 1284,331"/>
          <TextEquiv>
            <Unicode>يشتر</Unicode>
          </TextEquiv>
        </Word>
        <Word id="w23">
          <Coords points="1234,266 1282,266 1282,322 1234,322"/>
          <TextEquiv>
            <Unicode>و</Unicode>
          </TextEquiv>
        </Word>
        <Word id="w24">
          <Coords points="1181,258 1232,258 1232,323 1181,323"/>
          <TextEquiv>
            <Unicode>ن</Unicode>
          </TextEquiv>
        </Word>
        <Word id="w25">
          <Coords points="1130,216 1156,216 1156,335 1130,335"/>
          <TextEquiv>
            <Unicode>با</Unicode>
          </TextEquiv>
        </Word>
        <Word id="w26">
          <Coords points="1072,222 1100,222 1100,342 1072,342"/>
          <TextEquiv>
            <Unicode>يا</Unicode>
          </TextEquiv>
        </Word>
        <Word id="w27">
          <Coords points="951,284 1053,284 1053,330 951,330"/>
          <TextEquiv>
            <Unicode>ت</Unicode>
          </TextEquiv>
        </Word>
        <Word id="w28">
          <Coords points="921,224 945,224 945,305 921,305"/>
          <TextEquiv>
            <Unicode>ا</Unicode>
          </TextEquiv>
        </Word>
        <Word id="w29">
          <Coords points="847,269 917,269 917,327 847,327"/>
          <TextEquiv>
            <Unicode>لله</Unicode>
          </TextEquiv>
        </Word>
        <Word id="w30">
          <Coords points="705,226 831,226 831,343 705,343"/>
          <TextEquiv>
            <Unicode>ثمنا</Unicode>
          </TextEquiv>
        </Word>
        <Word id="w31">
          <Coords points="528,238 688,238 688,354 528,354"/>
          <TextEquiv>
            <Unicode>قليلا</Unicode>
          </TextEquiv>
        </Word>
        <Word id="w32">
          <Coords points="495,254 508,254 508,342 495,342"/>
          <TextEquiv>
            <Unicode>ا</Unicode>
          </TextEquiv>
        </Word>
        <Word id="w33">
          <Coords points="441,318 483,318 483,373 441,373"/>
          <TextEquiv>
            <Unicode>و</Unicode>
          </TextEquiv>
        </Word>
        <Word id="w34">
          <Coords points="303,249 442,249 442,360 303,360"/>
          <TextEquiv>
            <Unicode>لئك</Unicode>
          </TextEquiv>
        </Word>
        <Word id="w35">
          <Coords points="233,255 303,255 303,406 233,406"/>
          <TextEquiv>
            <Unicode>لهم</Unicode>
          </TextEquiv>
        </Word>
        <Word id="w36">
          <Coords points="199,257 211,257 211,341 199,341"/>
          <TextEquiv>
            <Unicode>ا</Unicode>
          </TextEquiv>
        </Word>
        <Word id="w37">
          <Coords points="115,313 198,313 198,376 115,376"/>
          <TextEquiv>
            <Unicode>جر</Unicode>
          </TextEquiv>
        </Word>
        <Word id="w38">
          <Coords points="70,285 125,285 125,408 70,408"/>
          <TextEquiv>
            <Unicode>هم</Unicode>
          </TextEquiv>
        </Word>
        <TextEquiv>
          <Unicode> لله لا يشتر و ن با يا ت ا لله ثمنا قليلا ا و لئك لهم ا جر هم</Unicode>
        </TextEquiv>
      </TextLine>
      <TextLine id="l2">
        <Coords points="65,445 1603,445 1603,615 65,615"/>
        <Word id="w39">
          <Coords points="1468,481 1602,481 1602,545 1468,545"/>
          <TextEquiv>
            <Unicode>عند</Unicode>
          </TextEquiv>
        </Word>
        <Word id="w40">
          <Coords points="1406,500 1447,500 1447,552 1406,552"/>
          <TextEquiv>
            <Unicode>ر</Unicode>
          </TextEquiv>
        </Word>
        <Word id="w41">
          <Coords points="1232,492 1403,492 1403,560 1232,560"/>
          <TextEquiv>
            <Unicode>بهم</Unicode>
          </TextEquiv>
        </Word>
        <Word id="w42">
          <Coords points="1217,445 1231,445 1231,532 1217,532"/>
          <TextEquiv>
            <Unicode>ا</Unicode>
          </TextEquiv>
        </Word>
        <Word id="w43">
          <Coords points="1146,501 1200,501 1200,564 1146,564"/>
          <TextEquiv>
            <Unicode>ن</Unicode>
          </TextEquiv>
        </Word>
        <Word id="w44">
          <Coords points="1116,450 1128,450 1128,534 1116,534"/>
          <TextEquiv>
            <Unicode>ا</Unicode>
          </TextEquiv>
        </Word>
        <Word id="w45">
          <Coords points="1024,492 1103,492 1103,549 1024,549"/>
          <TextEquiv>
            <Unicode>لله</Unicode>
          </TextEquiv>
        </Word>
        <Word id="w46">
          <Coords points="909,512 1009,512 1009,569 909,569"/>
          <TextEquiv>
            <Unicode>سر</Unicode>
          </TextEquiv>
        </Word>
        <Word id="w47">
          <Coords points="852,497 933,497 933,614 852,614"/>
          <TextEquiv>
            <Unicode>يع</Unicode>
          </TextEquiv>
        </Word>
        <Word id="w48">
          <Coords points="826,458 840,458 840,546 826,546"/>
          <TextEquiv>
            <Unicode>ا</Unicode>
          </TextEquiv>
        </Word>
        <Word id="w49">
          <Coords points="688,461 812,461 812,566 688,566"/>
          <TextEquiv>
            <Unicode>لحسا</Unicode>
          </TextEquiv>
        </Word>
        <Word id="w50">
          <Coords points="565,522 673,522 673,585 565,585"/>
          <TextEquiv>
            <Unicode>ب</Unicode>
          </TextEquiv>
        </Word>
        <Word id="w51">
          <Coords points="502,461 537,461 537,598 502,598"/>
          <TextEquiv>
            <Unicode>يا</Unicode>
          </TextEquiv>
        </Word>
        <Word id="w52">
          <Coords points="472,468 493,468 493,559 472,559"/>
          <TextEquiv>
            <Unicode>ا</Unicode>
          </TextEquiv>
        </Word>
        <Word id="w53">
          <Coords points="385,459 459,459 459,593 385,593"/>
          <TextEquiv>
            <Unicode>يها</Unicode>
          </TextEquiv>
        </Word>
        <Word id="w54">
          <Coords points="341,473 362,473 362,573 341,573"/>
          <TextEquiv>
            <Unicode>ا</Unicode>
          </TextEquiv>
        </Word>
        <Word id="w55">
          <Coords points="265,478 325,478 325,583 265,583"/>
          <TextEquiv>
            <Unicode>لذ</Unicode>
          </TextEquiv>
        </Word>
        <Word id="w56">
          <Coords points="196,531 264,531 264,600 196,600"/>
          <TextEquiv>
            <Unicode>ين</Unicode>
          </TextEquiv>
        </Word>
        <Word id="w57">
          <Coords points="175,478 189,478 189,569 175,569"/>
          <TextEquiv>
            <Unicode>ا</Unicode>
          </TextEquiv>
        </Word>
        <Word id="w58">
          <Coords points="71,475 84,475 84,566 71,566"/>
          <TextEquiv>
            <Unicode>ا</Unicode>
          </TextEquiv>
        </Word>
        <Word id="w59">
          <Coords points="65,500 168,500 168,598 65,598"/>
          <TextEquiv>
            <Unicode>منو</Unicode>
          </TextEquiv>
        </Word>
        <TextEquiv>
          <Unicode> عند ر بهم ا ن ا لله سر يع ا لحسا ب يا ا يها ا لذ ين ا ا منو</Unicode>
        </TextEquiv>
      </TextLine>
      <TextLine id="l3">
        <Coords points="131,662 1603,662 1603,835 131,835"/>
        <Word id="w60">
          <Coords points="1593,669 1602,669 1602,761 1593,761"/>
          <TextEquiv>
            <Unicode>ا</Unicode>
          </TextEquiv>
        </Word>
        <Word id="w61">
          <Coords points="1440,729 1583,729 1583,805 1440,805"/>
          <TextEquiv>
            <Unicode>صبر</Unicode>
          </TextEquiv>
        </Word>
        <Word id="w62">
          <Coords points="1405,662 1416,662 1416,754 1405,754"/>
          <TextEquiv>
            <Unicode>ا</Unicode>
          </TextEquiv>
        </Word>
        <Word id="w63">
          <Coords points="1392,725 1453,725 1453,792 1392,792"/>
          <TextEquiv>
            <Unicode>و</Unicode>
          </TextEquiv>
        </Word>
        <Word id="w64">
          <Coords points="1332,733 1383,733 1383,789 1332,789"/>
          <TextEquiv>
            <Unicode>و</Unicode>
          </TextEquiv>
        </Word>
        <Word id="w65">
          <Coords points="1268,668 1343,668 1343,774 1268,774"/>
          <TextEquiv>
            <Unicode>صا</Unicode>
          </TextEquiv>
        </Word>
        <Word id="w66">
          <Coords points="1190,730 1250,730 1250,789 1190,789"/>
          <TextEquiv>
            <Unicode>بر</Unicode>
          </TextEquiv>
        </Word>
        <Word id="w67">
          <Coords points="1160,673 1170,673 1170,754 1160,754"/>
          <TextEquiv>
            <Unicode>ا</Unicode>
          </TextEquiv>
        </Word>
        <Word id="w68">
          <Coords points="1148,731 1205,731 1205,788 1148,788"/>
          <TextEquiv>
            <Unicode>و</Unicode>
          </TextEquiv>
        </Word>
        <Word id="w69">
          <Coords points="1088,736 1131,736 1131,792 1088,792"/>
          <TextEquiv>
            <Unicode>و</Unicode>
          </TextEquiv>
        </Word>
        <Word id="w70">
          <Coords points="1042,738 1084,738 1084,787 1042,787"/>
          <TextEquiv>
            <Unicode>ر</Unicode>
          </TextEquiv>
        </Word>
        <Word id="w71">
          <Coords points="1041,669 1055,669 1055,758 1041,758"/>
          <TextEquiv>
            <Unicode>ا</Unicode>
          </TextEquiv>
        </Word>
        <Word id="w72">
          <Coords points="890,676 1029,676 1029,806 890,806"/>
          <TextEquiv>
            <Unicode>بطو</Unicode>
          </TextEquiv>
        </Word>
        <Word id="w73">
          <Coords points="883,683 908,683 908,771 883,771"/>
          <TextEquiv>
            <Unicode>ا</Unicode>
          </TextEquiv>
        </Word>
        <Word id="w74">
          <Coords points="822,743 866,743 866,801 822,801"/>
          <TextEquiv>
            <Unicode>و</Unicode>
          </TextEquiv>
        </Word>
        <Word id="w75">
          <Coords points="806,676 820,676 820,784 806,784"/>
          <TextEquiv>
            <Unicode>ا</Unicode>
          </TextEquiv>
        </Word>
        <Word id="w76">
          <Coords points="687,683 698,683 698,771 687,771"/>
          <TextEquiv>
            <Unicode>ا</Unicode>
          </TextEquiv>
        </Word>
        <Word id="w77">
          <Coords points="680,697 794,697 794,807 680,807"/>
          <TextEquiv>
            <Unicode>تقو</Unicode>
          </TextEquiv>
        </Word>
        <Word id="w78">
          <Coords points="649,683 669,683 669,782 649,782"/>
          <TextEquiv>
            <Unicode>ا</Unicode>
          </TextEquiv>
        </Word>
        <Word id="w79">
          <Coords points="579,735 646,735 646,790 579,790"/>
          <TextEquiv>
            <Unicode>لله</Unicode>
          </TextEquiv>
        </Word>
        <Word id="w80">
          <Coords points="382,663 559,663 559,834 382,834"/>
          <TextEquiv>
            <Unicode>لعلكم</Unicode>
          </TextEquiv>
        </Word>
        <Word id="w81">
          <Coords points="186,684 349,684 349,824 186,824"/>
          <TextEquiv>
            <Unicode>تفلحو</Unicode>
          </TextEquiv>
        </Word>
        <Word id="w82">
          <Coords points="131,745 184,745 184,804 131,804"/>
          <TextEquiv>
            <Unicode>ن</Unicode>
          </TextEquiv>
        </Word>
        <TextEquiv>
          <Unicode> ا صبر ا و و صا بر ا و و ر ا بطو ا و ا ا تقو ا لله لعلكم تفلحو ن</Unicode>
        </TextEquiv>
      </TextLine>
      <TextLine id="l4">
        <Coords points="70,1127 1628,1127 1628,1281 70,1281"/>
        <Word id="w83">
          <Coords points="457,1141 469,1141 469,1226 457,1226"/>
          <TextEquiv>
            <Unicode>ا</Unicode>
          </TextEquiv>
        </Word>
        <Word id="w84">
          <Coords points="451,1127 1627,1127 1627,1265 451,1265"/>
          <TextEquiv>
            <Unicode>بسم</Unicode>
          </TextEquiv>
        </Word>
        <Word id="w85">
          <Coords points="388,1184 450,1184 450,1238 388,1238"/>
          <TextEquiv>
            <Unicode>لله</Unicode>
          </TextEquiv>
        </Word>
        <Word id="w86">
          <Coords points="357,1137 384,1137 384,1225 357,1225"/>
          <TextEquiv>
            <Unicode>ا</Unicode>
          </TextEquiv>
        </Word>
        <Word id="w87">
          <Coords points="298,1143 347,1143 347,1250 298,1250"/>
          <TextEquiv>
            <Unicode>لر</Unicode>
          </TextEquiv>
        </Word>
        <Word id="w88">
          <Coords points="205,1137 223,1137 223,1218 205,1218"/>
          <TextEquiv>
            <Unicode>ا</Unicode>
          </TextEquiv>
        </Word>
        <Word id="w89">
          <Coords points="200,1183 330,1183 330,1276 200,1276"/>
          <TextEquiv>
            <Unicode>حمن</Unicode>
          </TextEquiv>
        </Word>
        <Word id="w90">
          <Coords points="132,1137 189,1137 189,1266 132,1266"/>
          <TextEquiv>
            <Unicode>لر</Unicode>
          </TextEquiv>
        </Word>
        <Word id="w91">
          <Coords points="70,1185 165,1185 165,1280 70,1280"/>
          <TextEquiv>
            <Unicode>حيم</Unicode>
          </TextEquiv>
        </Word>
        <TextEquiv>
          <Unicode> ا بسم لله ا لر ا حمن لر حيم</Unicode>
        </TextEquiv>
      </TextLine>
      <TextLine id="l5">
        <Coords points="71,1330 1604,1330 1604,1500 71,1500"/>
        <Word id="w92">
          <Coords points="1576,1341 1603,1341 1603,1473 1576,1473"/>
          <TextEquiv>
            <Unicode>يا</Unicode>
          </TextEquiv>
        </Word>
        <Word id="w93">
          <Coords points="1536,1347 1549,1347 1549,1438 1536,1438"/>
          <TextEquiv>
            <Unicode>ا</Unicode>
          </TextEquiv>
        </Word>
        <Word id="w94">
          <Coords points="1429,1342 1512,1342 1512,1466 1429,1466"/>
          <TextEquiv>
            <Unicode>يها</Unicode>
          </TextEquiv>
        </Word>
        <Word id="w95">
          <Coords points="1385,1342 1401,1342 1401,1446 1385,1446"/>
          <TextEquiv>
            <Unicode>ا</Unicode>
          </TextEquiv>
        </Word>
        <Word id="w96">
          <Coords points="1292,1349 1367,1349 1367,1455 1292,1455"/>
          <TextEquiv>
            <Unicode>لنا</Unicode>
          </TextEquiv>
        </Word>
        <Word id="w97">
          <Coords points="1192,1414 1275,1414 1275,1484 1192,1484"/>
          <TextEquiv>
            <Unicode>س</Unicode>
          </TextEquiv>
        </Word>
        <Word id="w98">
          <Coords points="1177,1351 1189,1351 1189,1444 1177,1444"/>
          <TextEquiv>
            <Unicode>ا</Unicode>
          </TextEquiv>
        </Word>
        <Word id="w99">
          <Coords points="1053,1380 1156,1380 1156,1471 1053,1471"/>
          <TextEquiv>
            <Unicode>تقو</Unicode>
          </TextEquiv>
        </Word>
        <Word id="w100">
          <Coords points="1052,1352 1065,1352 1065,1434 1052,1434"/>
          <TextEquiv>
            <Unicode>ا</Unicode>
          </TextEquiv>
        </Word>
        <Word id="w101">
          <Coords points="995,1413 1035,1413 1035,1459 995,1459"/>
          <TextEquiv>
            <Unicode>ر</Unicode>
          </TextEquiv>
        </Word>
        <Word id="w102">
          <Coords points="722,1370 988,1370 988,1468 722,1468"/>
          <TextEquiv>
            <Unicode>بكم</Unicode>
          </TextEquiv>
        </Word>
        <Word id="w103">
          <Coords points="711,1357 726,1357 726,1448 711,1448"/>
          <TextEquiv>
            <Unicode>ا</Unicode>
          </TextEquiv>
        </Word>
        <Word id="w104">
          <Coords points="642,1330 699,1330 699,1498 642,1498"/>
          <TextEquiv>
            <Unicode>لذ</Unicode>
          </TextEquiv>
        </Word>
        <Word id="w105">
          <Coords points="571,1410 650,1410 650,1475 571,1475"/>
          <TextEquiv>
            <Unicode>ى</Unicode>
          </TextEquiv>
        </Word>
        <Word id="w106">
          <Coords points="412,1332 602,1332 602,1499 412,1499"/>
          <TextEquiv>
            <Unicode>خلكم</Unicode>
          </TextEquiv>
        </Word>
        <Word id="w107">
          <Coords points="308,1414 410,1414 410,1492 308,1492"/>
          <TextEquiv>
            <Unicode>من</Unicode>
          </TextEquiv>
        </Word>
        <Word id="w108">
          <Coords points="222,1386 348,1386 348,1499 222,1499"/>
          <TextEquiv>
            <Unicode>نفس</Unicode>
          </TextEquiv>
        </Word>
        <Word id="w109">
          <Coords points="181,1350 197,1350 197,1433 181,1433"/>
          <TextEquiv>
            <Unicode>ا</Unicode>
          </TextEquiv>
        </Word>
        <Word id="w110">
          <Coords points="179,1386 223,1386 223,1492 179,1492"/>
          <TextEquiv>
            <Unicode>و</Unicode>
          </TextEquiv>
        </Word>
        <Word id="w111">
          <Coords points="79,1402 179,1402 179,1462 79,1462"/>
          <TextEquiv>
            <Unicode>حد</Unicode>
          </TextEquiv>
        </Word>
        <Word id="w112">
          <Coords points="71,1382 107,1382 107,1440 71,1440"/>
          <TextEquiv>
            <Unicode>ة</Unicode>
          </TextEquiv>
        </Word>
        <TextEquiv>
          <Unicode> يا ا يها ا لنا س ا تقو ا ر بكم ا لذ ى خلكم من نفس ا و حد ة</Unicode>
        </TextEquiv>
      </TextLine>
      <TextLine id="l6">
        <Coords points="92,1545 1610,1545 1610,1714 92,1714"/>
        <Word id="w113">
          <Coords points="1560,1622 1609,1622 1609,1672 1560,1672"/>
          <TextEquiv>
            <Unicode>و</Unicode>
          </TextEquiv>
        </Word>
        <Word id="w114">
          <Coords points="1436,1557 1573,1557 1573,1685 1436,1685"/>
          <TextEquiv>
            <Unicode>خلق</Unicode>
          </TextEquiv>
        </Word>
        <Word id="w115">
          <Coords points="1310,1545 1429,1545 1429,1684 1310,1684"/>
          <TextEquiv>
            <Unicode>منها</Unicode>
          </TextEquiv>
        </Word>
        <Word id="w116">
          <Coords points="1257,1605 1293,1605 1293,1673 1257,1673"/>
          <TextEquiv>
            <Unicode>ز</Unicode>
          </TextEquiv>
        </Word>
        <Word id="w117">
          <Coords points="1200,1622 1252,1622 1252,1676 1200,1676"/>
          <TextEquiv>
            <Unicode>و</Unicode>
          </TextEquiv>
        </Word>
        <Word id="w118">
          <Coords points="1116,1561 1215,1561 1215,1668 1116,1668"/>
          <TextEquiv>
            <Unicode>حها</Unicode>
          </TextEquiv>
        </Word>
        <Word id="w119">
          <Coords points="1044,1626 1090,1626 1090,1679 1044,1679"/>
          <TextEquiv>
            <Unicode>و</Unicode>
          </TextEquiv>
        </Word>
        <Word id="w120">
          <Coords points="917,1599 1041,1599 1041,1685 917,1685"/>
          <TextEquiv>
            <Unicode>بث</Unicode>
          </TextEquiv>
        </Word>
        <Word id="w121">
          <Coords points="730,1562 905,1562 905,1688 730,1688"/>
          <TextEquiv>
            <Unicode>منهما</Unicode>
          </TextEquiv>
        </Word>
        <Word id="w122">
          <Coords points="670,1636 701,1636 701,1685 670,1685"/>
          <TextEquiv>
            <Unicode>ر</Unicode>
          </TextEquiv>
        </Word>
        <Word id="w123">
          <Coords points="605,1568 668,1568 668,1706 605,1706"/>
          <TextEquiv>
            <Unicode>جا</Unicode>
          </TextEquiv>
        </Word>
        <Word id="w124">
          <Coords points="513,1583 603,1583 603,1682 513,1682"/>
          <TextEquiv>
            <Unicode>ل</Unicode>
          </TextEquiv>
        </Word>
        <Word id="w125">
          <Coords points="267,1575 284,1575 284,1666 267,1666"/>
          <TextEquiv>
            <Unicode>ا</Unicode>
          </TextEquiv>
        </Word>
        <Word id="w126">
          <Coords points="250,1608 518,1608 518,1713 250,1713"/>
          <TextEquiv>
            <Unicode>كثير</Unicode>
          </TextEquiv>
        </Word>
        <Word id="w127">
          <Coords points="209,1644 245,1644 245,1695 209,1695"/>
          <TextEquiv>
            <Unicode>و</Unicode>
          </TextEquiv>
        </Word>
        <Word id="w128">
          <Coords points="125,1577 207,1577 207,1680 125,1680"/>
          <TextEquiv>
            <Unicode>نسا</Unicode>
          </TextEquiv>
        </Word>
        <Word id="w129">
          <Coords points="92,1639 115,1639 115,1668 92,1668"/>
          <TextEquiv>
            <Unicode>ء</Unicode>
          </TextEquiv>
        </Word>
        <TextEquiv>
          <Unicode> و خلق منها ز و حها و بث منهما ر جا ل ا كثير و نسا ء</Unicode>
        </TextEquiv>
      </TextLine>
      <TextLine id="l7">
        <Coords points="86,1786 1611,1786 1611,1923 86,1923"/>
        <Word id="w130">
          <Coords points="1563,1853 1610,1853 1610,1907 1563,1907"/>
          <TextEquiv>
            <Unicode>و</Unicode>
          </TextEquiv>
        </Word>
        <Word id="w131">
          <Coords points="1557,1786 1571,1786 1571,1877 1557,1877"/>
          <TextEquiv>
            <Unicode>ا</Unicode>
          </TextEquiv>
        </Word>
        <Word id="w132">
          <Coords points="1440,1809 1535,1809 1535,1911 1440,1911"/>
          <TextEquiv>
            <Unicode>ت</Unicode>
          </TextEquiv>
        </Word>
        <Word id="w133">
          <Coords points="1435,1787 1455,1787 1455,1875 1435,1875"/>
          <TextEquiv>
            <Unicode>ا</Unicode>
          </TextEquiv>
        </Word>
        <Word id="w134">
          <Coords points="1413,1786 1424,1786 1424,1872 1413,1872"/>
          <TextEquiv>
            <Unicode>ا</Unicode>
          </TextEquiv>
        </Word>
        <Word id="w135">
          <Coords points="1339,1834 1401,1834 1401,1888 1339,1888"/>
          <TextEquiv>
            <Unicode>لله</Unicode>
          </TextEquiv>
        </Word>
        <Word id="w136">
          <Coords points="1302,1794 1312,1794 1312,1880 1302,1880"/>
          <TextEquiv>
            <Unicode>ا</Unicode>
          </TextEquiv>
        </Word>
        <Word id="w137">
          <Coords points="1229,1797 1285,1797 1285,1897 1229,1897"/>
          <TextEquiv>
            <Unicode>لذ</Unicode>
          </TextEquiv>
        </Word>
        <Word id="w138">
          <Coords points="1145,1841 1218,1841 1218,1910 1145,1910"/>
          <TextEquiv>
            <Unicode>ى</Unicode>
          </TextEquiv>
        </Word>
        <Word id="w139">
          <Coords points="1031,1792 1138,1792 1138,1892 1031,1892"/>
          <TextEquiv>
            <Unicode>تسا</Unicode>
          </TextEquiv>
        </Word>
        <Word id="w140">
          <Coords points="1000,1857 1026,1857 1026,1890 1000,1890"/>
          <TextEquiv>
            <Unicode>ء</Unicode>
          </TextEquiv>
        </Word>
        <Word id="w141">
          <Coords points="919,1791 978,1791 978,1916 919,1916"/>
          <TextEquiv>
            <Unicode>لو</Unicode>
          </TextEquiv>
        </Word>
        <Word id="w142">
          <Coords points="863,1839 917,1839 917,1903 863,1903"/>
          <TextEquiv>
            <Unicode>ن</Unicode>
          </TextEquiv>
        </Word>
        <Word id="w143">
          <Coords points="784,1832 841,1832 841,1922 784,1922"/>
          <TextEquiv>
            <Unicode>به</Unicode>
          </TextEquiv>
        </Word>
        <Word id="w144">
          <Coords points="703,1855 758,1855 758,1911 703,1911"/>
          <TextEquiv>
            <Unicode>و</Unicode>
          </TextEquiv>
        </Word>
        <Word id="w145">
          <Coords points="702,1793 712,1793 712,1881 702,1881"/>
          <TextEquiv>
            <Unicode>ا</Unicode>
          </TextEquiv>
        </Word>
        <Word id="w146">
          <Coords points="622,1798 682,1798 682,1902 622,1902"/>
          <TextEquiv>
            <Unicode>لا</Unicode>
          </TextEquiv>
        </Word>
        <Word id="w147">
          <Coords points="577,1862 619,1862 619,1911 577,1911"/>
          <TextEquiv>
            <Unicode>ر</Unicode>
          </TextEquiv>
        </Word>
        <Word id="w148">
          <Coords points="521,1791 591,1791 591,1896 521,1896"/>
          <TextEquiv>
            <Unicode>حا</Unicode>
          </TextEquiv>
        </Word>
        <Word id="w149">
          <Coords points="433,1792 444,1792 444,1875 433,1875"/>
          <TextEquiv>
            <Unicode>ا</Unicode>
          </TextEquiv>
        </Word>
        <Word id="w150">
          <Coords points="432,1864 506,1864 506,1911 432,1911"/>
          <TextEquiv>
            <Unicode>م</Unicode>
          </TextEquiv>
        </Word>
        <Word id="w151">
          <Coords points="364,1848 417,1848 417,1912 364,1912"/>
          <TextEquiv>
            <Unicode>ن</Unicode>
          </TextEquiv>
        </Word>
        <Word id="w152">
          <Coords points="339,1800 350,1800 350,1885 339,1885"/>
          <TextEquiv>
            <Unicode>ا</Unicode>
          </TextEquiv>
        </Word>
        <Word id="w153">
          <Coords points="257,1842 324,1842 324,1897 257,1897"/>
          <TextEquiv>
            <Unicode>لله</Unicode>
          </TextEquiv>
        </Word>
        <Word id="w154">
          <Coords points="158,1790 246,1790 246,1901 158,1901"/>
          <TextEquiv>
            <Unicode>كا</Unicode>
          </TextEquiv>
        </Word>
        <Word id="w155">
          <Coords points="86,1844 136,1844 136,1900 86,1900"/>
          <TextEquiv>
            <Unicode>ن</Unicode>
          </TextEquiv>
        </Word>
        <TextEquiv>
          <Unicode> و ا ت ا ا لله ا لذ ى تسا ء لو ن به و ا لا ر حا ا م ن ا لله كا ن</Unicode>
        </TextEquiv>
      </TextLine>
      <TextLine id="l8">
        <Coords points="91,2001 1609,2001 1609,2156 91,2156"/>
        <Word id="w156">
          <Coords points="1261,2017 1608,2017 1608,2155 1261,2155"/>
          <TextEquiv>
            <Unicode>عليكم</Unicode>
          </TextEquiv>
        </Word>
        <Word id="w157">
          <Coords points="1227,2079 1264,2079 1264,2126 1227,2126"/>
          <TextEquiv>
            <Unicode>ر</Unicode>
          </TextEquiv>
        </Word>
        <Word id="w158">
          <Coords points="1107,2020 1224,2020 1224,2134 1107,2134"/>
          <TextEquiv>
            <Unicode>قيبا</Unicode>
          </TextEquiv>
        </Word>
        <Word id="w159">
          <Coords points="976,2020 990,2020 990,2105 976,2105"/>
          <TextEquiv>
            <Unicode>ا</Unicode>
          </TextEquiv>
        </Word>
        <Word id="w160">
          <Coords points="976,2087 1024,2087 1024,2142 976,2142"/>
          <TextEquiv>
            <Unicode>و</Unicode>
          </TextEquiv>
        </Word>
        <Word id="w161">
          <Coords points="903,2021 914,2021 914,2105 903,2105"/>
          <TextEquiv>
            <Unicode>ا</Unicode>
          </TextEquiv>
        </Word>
        <Word id="w162">
          <Coords points="901,2053 960,2053 960,2143 901,2143"/>
          <TextEquiv>
            <Unicode>تو</Unicode>
          </TextEquiv>
        </Word>
        <Word id="w163">
          <Coords points="870,2023 884,2023 884,2108 870,2108"/>
          <TextEquiv>
            <Unicode>ا</Unicode>
          </TextEquiv>
        </Word>
        <Word id="w164">
          <Coords points="759,2026 846,2026 846,2151 759,2151"/>
          <TextEquiv>
            <Unicode>ليتا</Unicode>
          </TextEquiv>
        </Word>
        <Word id="w165">
          <Coords points="665,2073 747,2073 747,2151 665,2151"/>
          <TextEquiv>
            <Unicode>مى</Unicode>
          </TextEquiv>
        </Word>
        <Word id="w166">
          <Coords points="647,2014 665,2014 665,2109 647,2109"/>
          <TextEquiv>
            <Unicode>ا</Unicode>
          </TextEquiv>
        </Word>
        <Word id="w167">
          <Coords points="557,2085 641,2085 641,2141 557,2141"/>
          <TextEquiv>
            <Unicode>مو</Unicode>
          </TextEquiv>
        </Word>
        <Word id="w168">
          <Coords points="556,2016 575,2016 575,2108 556,2108"/>
          <TextEquiv>
            <Unicode>ا</Unicode>
          </TextEquiv>
        </Word>
        <Word id="w169">
          <Coords points="413,2029 551,2029 551,2138 413,2138"/>
          <TextEquiv>
            <Unicode>لهم</Unicode>
          </TextEquiv>
        </Word>
        <Word id="w170">
          <Coords points="366,2083 412,2083 412,2139 366,2139"/>
          <TextEquiv>
            <Unicode>و</Unicode>
          </TextEquiv>
        </Word>
        <Word id="w171">
          <Coords points="314,2026 419,2026 419,2122 314,2122"/>
          <TextEquiv>
            <Unicode>لا</Unicode>
          </TextEquiv>
        </Word>
        <Word id="w172">
          <Coords points="158,2044 312,2044 312,2148 158,2148"/>
          <TextEquiv>
            <Unicode>تتبد</Unicode>
          </TextEquiv>
        </Word>
        <Word id="w173">
          <Coords points="95,2009 152,2009 152,2125 95,2125"/>
          <TextEquiv>
            <Unicode>لو</Unicode>
          </TextEquiv>
        </Word>
        <Word id="w174">
          <Coords points="91,2001 109,2001 109,2093 91,2093"/>
          <TextEquiv>
            <Unicode>ا</Unicode>
          </TextEquiv>
        </Word>
        <TextEquiv>
          <Unicode> عليكم ر قيبا ا و ا تو ا ليتا مى ا مو ا لهم و لا تتبد لو ا</Unicode>
        </TextEquiv>
      </TextLine>
      <TextLine id="l9">
        <Coords points="66,2223 1633,2223 1633,2394 66,2394"/>
        <Word id="w175">
          <Coords points="1614,2230 1632,2230 1632,2323 1614,2323"/>
          <TextEquiv>
            <Unicode>ا</Unicode>
          </TextEquiv>
        </Word>
        <Word id="w176">
          <Coords points="1377,2236 1601,2236 1601,2383 1377,2383"/>
          <TextEquiv>
            <Unicode>لخبيث</Unicode>
          </TextEquiv>
        </Word>
        <Word id="w177">
          <Coords points="1331,2223 1361,2223 1361,2359 1331,2359"/>
          <TextEquiv>
            <Unicode>با</Unicode>
          </TextEquiv>
        </Word>
        <Word id="w178">
          <Coords points="1100,2232 1309,2232 1309,2364 1100,2364"/>
          <TextEquiv>
            <Unicode>لطيب</Unicode>
          </TextEquiv>
        </Word>
        <Word id="w179">
          <Coords points="1043,2301 1085,2301 1085,2358 1043,2358"/>
          <TextEquiv>
            <Unicode>و</Unicode>
          </TextEquiv>
        </Word>
        <Word id="w180">
          <Coords points="996,2251 1095,2251 1095,2339 996,2339"/>
          <TextEquiv>
            <Unicode>لا</Unicode>
          </TextEquiv>
        </Word>
        <Word id="w181">
          <Coords points="950,2247 975,2247 975,2342 950,2342"/>
          <TextEquiv>
            <Unicode>تا</Unicode>
          </TextEquiv>
        </Word>
        <Word id="w182">
          <Coords points="823,2243 946,2243 946,2364 823,2364"/>
          <TextEquiv>
            <Unicode>كلو</Unicode>
          </TextEquiv>
        </Word>
        <Word id="w183">
          <Coords points="821,2247 836,2247 836,2327 821,2327"/>
          <TextEquiv>
            <Unicode>ا</Unicode>
          </TextEquiv>
        </Word>
        <Word id="w184">
          <Coords points="784,2251 802,2251 802,2350 784,2350"/>
          <TextEquiv>
            <Unicode>ا</Unicode>
          </TextEquiv>
        </Word>
        <Word id="w185">
          <Coords points="690,2252 702,2252 702,2337 690,2337"/>
          <TextEquiv>
            <Unicode>ا</Unicode>
          </TextEquiv>
        </Word>
        <Word id="w186">
          <Coords points="687,2312 771,2312 771,2371 687,2371"/>
          <TextEquiv>
            <Unicode>مو</Unicode>
          </TextEquiv>
        </Word>
        <Word id="w187">
          <Coords points="574,2258 678,2258 678,2393 574,2393"/>
          <TextEquiv>
            <Unicode>لهم</Unicode>
          </TextEquiv>
        </Word>
        <Word id="w188">
          <Coords points="545,2249 565,2249 565,2343 545,2343"/>
          <TextEquiv>
            <Unicode>ا</Unicode>
          </TextEquiv>
        </Word>
        <Word id="w189">
          <Coords points="465,2247 531,2247 531,2375 465,2375"/>
          <TextEquiv>
            <Unicode>لى</Unicode>
          </TextEquiv>
        </Word>
        <Word id="w190">
          <Coords points="451,2255 460,2255 460,2343 451,2343"/>
          <TextEquiv>
            <Unicode>ا</Unicode>
          </TextEquiv>
        </Word>
        <Word id="w191">
          <Coords points="351,2252 362,2252 362,2342 351,2342"/>
          <TextEquiv>
            <Unicode>ا</Unicode>
          </TextEquiv>
        </Word>
        <Word id="w192">
          <Coords points="351,2311 437,2311 437,2370 351,2370"/>
          <TextEquiv>
            <Unicode>مو</Unicode>
          </TextEquiv>
        </Word>
        <Word id="w193">
          <Coords points="66,2251 329,2251 329,2359 66,2359"/>
          <TextEquiv>
            <Unicode>لكم</Unicode>
          </TextEquiv>
        </Word>
        <TextEquiv>
          <Unicode> ا لخبيث با لطيب و لا تا كلو ا ا ا مو لهم ا لى ا ا مو لكم</Unicode>
        </TextEquiv>
      </TextLine>
      <TextLine id="l10">
        <Coords points="81,2449 1627,2449 1627,2623 81,2623"/>
        <Word id="w194">
          <Coords points="1615,2464 1626,2464 1626,2547 1615,2547"/>
          <TextEquiv>
            <Unicode>ا</Unicode>
          </TextEquiv>
        </Word>
        <Word id="w195">
          <Coords points="1543,2504 1593,2504 1593,2559 1543,2559"/>
          <TextEquiv>
            <Unicode>نه</Unicode>
          </TextEquiv>
        </Word>
        <Word id="w196">
          <Coords points="1468,2460 1539,2460 1539,2559 1468,2559"/>
          <TextEquiv>
            <Unicode>كا</Unicode>
          </TextEquiv>
        </Word>
        <Word id="w197">
          <Coords points="1391,2509 1441,2509 1441,2569 1391,2569"/>
          <TextEquiv>
            <Unicode>ن</Unicode>
          </TextEquiv>
        </Word>
        <Word id="w198">
          <Coords points="1275,2514 1380,2514 1380,2580 1275,2580"/>
          <TextEquiv>
            <Unicode>خو</Unicode>
          </TextEquiv>
        </Word>
        <Word id="w199">
          <Coords points="1235,2449 1273,2449 1273,2581 1235,2581"/>
          <TextEquiv>
            <Unicode>با</Unicode>
          </TextEquiv>
        </Word>
        <Word id="w200">
          <Coords points="964,2450 980,2450 980,2545 964,2545"/>
          <TextEquiv>
            <Unicode>ا</Unicode>
          </TextEquiv>
        </Word>
        <Word id="w201">
          <Coords points="963,2489 1235,2489 1235,2578 963,2578"/>
          <TextEquiv>
            <Unicode>كبير</Unicode>
          </TextEquiv>
        </Word>
        <Word id="w202">
          <Coords points="847,2464 859,2464 859,2551 847,2551"/>
          <TextEquiv>
            <Unicode>ا</Unicode>
          </TextEquiv>
        </Word>
        <Word id="w203">
          <Coords points="845,2538 900,2538 900,2593 845,2593"/>
          <TextEquiv>
            <Unicode>و</Unicode>
          </TextEquiv>
        </Word>
        <Word id="w204">
          <Coords points="778,2521 836,2521 836,2622 778,2622"/>
          <TextEquiv>
            <Unicode>ن</Unicode>
          </TextEquiv>
        </Word>
        <Word id="w205">
          <Coords points="627,2504 785,2504 785,2622 627,2622"/>
          <TextEquiv>
            <Unicode>خفتم</Unicode>
          </TextEquiv>
        </Word>
        <Word id="w206">
          <Coords points="597,2479 608,2479 608,2566 597,2566"/>
          <TextEquiv>
            <Unicode>ا</Unicode>
          </TextEquiv>
        </Word>
        <Word id="w207">
          <Coords points="521,2483 583,2483 583,2579 521,2579"/>
          <TextEquiv>
            <Unicode>لا</Unicode>
          </TextEquiv>
        </Word>
        <Word id="w208">
          <Coords points="326,2474 351,2474 351,2572 326,2572"/>
          <TextEquiv>
            <Unicode>ا</Unicode>
          </TextEquiv>
        </Word>
        <Word id="w209">
          <Coords points="326,2475 518,2475 518,2600 326,2600"/>
          <TextEquiv>
            <Unicode>تقسطو</Unicode>
          </TextEquiv>
        </Word>
        <Word id="w210">
          <Coords points="247,2474 267,2474 267,2559 247,2559"/>
          <TextEquiv>
            <Unicode>ا</Unicode>
          </TextEquiv>
        </Word>
        <Word id="w211">
          <Coords points="244,2515 321,2515 321,2593 244,2593"/>
          <TextEquiv>
            <Unicode>في</Unicode>
          </TextEquiv>
        </Word>
        <Word id="w212">
          <Coords points="153,2473 242,2473 242,2595 153,2595"/>
          <TextEquiv>
            <Unicode>ليتا</Unicode>
          </TextEquiv>
        </Word>
        <Word id="w213">
          <Coords points="81,2502 142,2502 142,2573 81,2573"/>
          <TextEquiv>
            <Unicode>مى</Unicode>
          </TextEquiv>
        </Word>
        <TextEquiv>
          <Unicode> ا نه كا ن خو با ا كبير ا و ن خفتم ا لا ا تقسطو ا في ليتا مى</Unicode>
        </TextEquiv>
      </TextLine>
      <TextLine id="l11">
        <Coords points="75,2635 1625,2635 1625,2854 75,2854"/>
        <Word id="w214">
          <Coords points="1585,2677 1624,2677 1624,2783 1585,2783"/>
          <TextEquiv>
            <Unicode>فا</Unicode>
          </TextEquiv>
        </Word>
        <Word id="w215">
          <Coords points="1434,2635 1589,2635 1589,2807 1434,2807"/>
          <TextEquiv>
            <Unicode>نكحو</Unicode>
          </TextEquiv>
        </Word>
        <Word id="w216">
          <Coords points="1425,2682 1440,2682 1440,2777 1425,2777"/>
          <TextEquiv>
            <Unicode>ا</Unicode>
          </TextEquiv>
        </Word>
        <Word id="w217">
          <Coords points="1358,2674 1440,2674 1440,2784 1358,2784"/>
          <TextEquiv>
            <Unicode>ما</Unicode>
          </TextEquiv>
        </Word>
        <Word id="w218">
          <Coords points="1280,2678 1354,2678 1354,2782 1280,2782"/>
          <TextEquiv>
            <Unicode>طا</Unicode>
          </TextEquiv>
        </Word>
        <Word id="w219">
          <Coords points="1155,2646 1270,2646 1270,2832 1155,2832"/>
          <TextEquiv>
            <Unicode>ب</Unicode>
          </TextEquiv>
        </Word>
        <Word id="w220">
          <Coords points="1070,2646 1189,2646 1189,2852 1070,2852"/>
          <TextEquiv>
            <Unicode>لكم</Unicode>
          </TextEquiv>
        </Word>
        <Word id="w221">
          <Coords points="953,2677 976,2677 976,2780 953,2780"/>
          <TextEquiv>
            <Unicode>ا</Unicode>
          </TextEquiv>
        </Word>
        <Word id="w222">
          <Coords points="843,2718 1067,2718 1067,2826 843,2826"/>
          <TextEquiv>
            <Unicode>من</Unicode>
          </TextEquiv>
        </Word>
        <Word id="w223">
          <Coords points="822,2683 940,2683 940,2785 822,2785"/>
          <TextEquiv>
            <Unicode>لنسا</Unicode>
          </TextEquiv>
        </Word>
        <Word id="w224">
          <Coords points="778,2745 808,2745 808,2780 778,2780"/>
          <TextEquiv>
            <Unicode>ء</Unicode>
          </TextEquiv>
        </Word>
        <Word id="w225">
          <Coords points="587,2711 755,2711 755,2822 587,2822"/>
          <TextEquiv>
            <Unicode>مثنى</Unicode>
          </TextEquiv>
        </Word>
        <Word id="w226">
          <Coords points="541,2753 587,2753 587,2806 541,2806"/>
          <TextEquiv>
            <Unicode>و</Unicode>
          </TextEquiv>
        </Word>
        <Word id="w227">
          <Coords points="392,2694 542,2694 542,2803 392,2803"/>
          <TextEquiv>
            <Unicode>ثلث</Unicode>
          </TextEquiv>
        </Word>
        <Word id="w228">
          <Coords points="327,2747 384,2747 384,2808 327,2808"/>
          <TextEquiv>
            <Unicode>و</Unicode>
          </TextEquiv>
        </Word>
        <Word id="w229">
          <Coords points="282,2749 328,2749 328,2800 282,2800"/>
          <TextEquiv>
            <Unicode>ر</Unicode>
          </TextEquiv>
        </Word>
        <Word id="w230">
          <Coords points="253,2683 285,2683 285,2806 253,2806"/>
          <TextEquiv>
            <Unicode>با</Unicode>
          </TextEquiv>
        </Word>
        <Word id="w231">
          <Coords points="198,2748 278,2748 278,2853 198,2853"/>
          <TextEquiv>
            <Unicode>ع</Unicode>
          </TextEquiv>
        </Word>
        <Word id="w232">
          <Coords points="145,2681 187,2681 187,2794 145,2794"/>
          <TextEquiv>
            <Unicode>فا</Unicode>
          </TextEquiv>
        </Word>
        <Word id="w233">
          <Coords points="75,2723 136,2723 136,2795 75,2795"/>
          <TextEquiv>
            <Unicode>ن</Unicode>
          </TextEquiv>
        </Word>
        <TextEquiv>
          <Unicode> فا نكحو ا ما طا ب لكم ا من لنسا ء مثنى و ثلث و ر با ع فا ن</Unicode>
        </TextEquiv>
      </TextLine>
      <TextLine id="l12">
        <Coords points="69,2888 1652,2888 1652,3051 69,3051"/>
        <Word id="w234">
          <Coords points="1451,2915 1651,2915 1651,3050 1451,3050"/>
          <TextEquiv>
            <Unicode>خفتم</Unicode>
          </TextEquiv>
        </Word>
        <Word id="w235">
          <Coords points="1414,2900 1431,2900 1431,2994 1414,2994"/>
          <TextEquiv>
            <Unicode>ا</Unicode>
          </TextEquiv>
        </Word>
        <Word id="w236">
          <Coords points="1345,2909 1400,2909 1400,3005 1345,3005"/>
          <TextEquiv>
            <Unicode>لا</Unicode>
          </TextEquiv>
        </Word>
        <Word id="w237">
          <Coords points="1222,2929 1340,2929 1340,3005 1222,3005"/>
          <TextEquiv>
            <Unicode>تعد</Unicode>
          </TextEquiv>
        </Word>
        <Word id="w238">
          <Coords points="1152,2903 1211,2903 1211,3018 1152,3018"/>
          <TextEquiv>
            <Unicode>لو</Unicode>
          </TextEquiv>
        </Word>
        <Word id="w239">
          <Coords points="1147,2898 1167,2898 1167,2988 1147,2988"/>
          <TextEquiv>
            <Unicode>ا</Unicode>
          </TextEquiv>
        </Word>
        <Word id="w240">
          <Coords points="1058,2924 1128,2924 1128,3029 1058,3029"/>
          <TextEquiv>
            <Unicode>فو</Unicode>
          </TextEquiv>
        </Word>
        <Word id="w241">
          <Coords points="1054,2905 1071,2905 1071,2999 1054,2999"/>
          <TextEquiv>
            <Unicode>ا</Unicode>
          </TextEquiv>
        </Word>
        <Word id="w242">
          <Coords points="954,2950 1049,2950 1049,3012 954,3012"/>
          <TextEquiv>
            <Unicode>حد</Unicode>
          </TextEquiv>
        </Word>
        <Word id="w243">
          <Coords points="918,2936 940,2936 940,3007 918,3007"/>
          <TextEquiv>
            <Unicode>ة</Unicode>
          </TextEquiv>
        </Word>
        <Word id="w244">
          <Coords points="873,2912 886,2912 886,3002 873,3002"/>
          <TextEquiv>
            <Unicode>ا</Unicode>
          </TextEquiv>
        </Word>
        <Word id="w245">
          <Coords points="759,2907 811,2907 811,3010 759,3010"/>
          <TextEquiv>
            <Unicode>ما</Unicode>
          </TextEquiv>
        </Word>
        <Word id="w246">
          <Coords points="527,2888 740,2888 740,3018 527,3018"/>
          <TextEquiv>
            <Unicode>ملكت</Unicode>
          </TextEquiv>
        </Word>
        <Word id="w247">
          <Coords points="510,2910 527,2910 527,3005 510,3005"/>
          <TextEquiv>
            <Unicode>ا</Unicode>
          </TextEquiv>
        </Word>
        <Word id="w248">
          <Coords points="429,2908 499,2908 499,3047 429,3047"/>
          <TextEquiv>
            <Unicode>يما</Unicode>
          </TextEquiv>
        </Word>
        <Word id="w249">
          <Coords points="175,2931 419,2931 419,3016 175,3016"/>
          <TextEquiv>
            <Unicode>نكم</Unicode>
          </TextEquiv>
        </Word>
        <Word id="w250">
          <Coords points="148,2920 182,2920 182,3009 148,3009"/>
          <TextEquiv>
            <Unicode>ذ</Unicode>
          </TextEquiv>
        </Word>
        <Word id="w251">
          <Coords points="69,2910 141,2910 141,3013 69,3013"/>
          <TextEquiv>
            <Unicode>لك</Unicode>
          </TextEquiv>
        </Word>
        <TextEquiv>
          <Unicode> خفتم ا لا تعد لو ا فو ا حد ة ا ما ملكت ا يما نكم ذ لك</Unicode>
        </TextEquiv>
      </TextLine>
    </TextRegion>
  </Page>
</PcGts>
