<?xml version='1.0' encoding='utf-8'?>
<PcGts xmlns:xsi="http://www.w3.org/2001/XMLSchema-instance" xmlns="http://schema.primaresearch.org/PAGE/gts/pagecontent/2019-07-15" xsi:schemaLocation="http://schema.primaresearch.org/PAGE/gts/pagecontent/2019-07-15 http://schema.primaresearch.org/PAGE/gts/pagecontent/2019-07-15/pagecontent.xsd" pcGtsId="pc-aletheiaexamplepage">
  <Metadata>
    <Creator>PRImA Research Lab</Creator>
    <Created>2015-07-17T15:27:13</Created>
    <LastChange>2017-07-14T10:03:33</LastChange>
    <Comments>Example Page</Comments>
  </Metadata>
  <Page imageFilename="3249138/0047-2.png" imageWidth="1729" imageHeight="3113">
    <TextRegion id="r0" type="paragraph">
      <Coords points="1,1 1727,1 1727,3111 1,3111"/>
      <TextLine id="l0">
        <Coords points="75,22 1623,22 1623,224 75,224"/>
        <Word id="w0">
          <Coords points="1596,30 1622,30 1622,120 1596,120"/>
          <TextEquiv>
            <Unicode>ا</Unicode>
          </TextEquiv>
        </Word>
        <Word id="w1">
          <Coords points="1497,28 1587,28 1587,141 1497,141"/>
          <TextEquiv>
            <Unicode>ثما</Unicode>
          </TextEquiv>
        </Word>
        <Word id="w2">
          <Coords points="1317,22 1491,22 1491,158 1317,158"/>
          <TextEquiv>
            <Unicode>عظيما</Unicode>
          </TextEquiv>
        </Word>
        <Word id="w3">
          <Coords points="1214,34 1232,34 1232,124 1214,124"/>
          <TextEquiv>
            <Unicode>ا</Unicode>
          </TextEquiv>
        </Word>
        <Word id="w4">
          <Coords points="1164,39 1197,39 1197,186 1164,186"/>
          <TextEquiv>
            <Unicode>لم</Unicode>
          </TextEquiv>
        </Word>
        <Word id="w5">
          <Coords points="1077,68 1128,68 1128,156 1077,156"/>
          <TextEquiv>
            <Unicode>نر</Unicode>
          </TextEquiv>
        </Word>
        <Word id="w6">
          <Coords points="1055,44 1078,44 1078,131 1055,131"/>
          <TextEquiv>
            <Unicode>ا</Unicode>
          </TextEquiv>
        </Word>
        <Word id="w7">
          <Coords points="989,48 1058,48 1058,163 989,163"/>
          <TextEquiv>
            <Unicode>لى</Unicode>
          </TextEquiv>
        </Word>
        <Word id="w8">
          <Coords points="971,46 991,46 991,128 971,128"/>
          <TextEquiv>
            <Unicode>ا</Unicode>
          </TextEquiv>
        </Word>
        <Word id="w9">
          <Coords points="903,51 959,51 959,147 903,147"/>
          <TextEquiv>
            <Unicode>لد</Unicode>
          </TextEquiv>
        </Word>
        <Word id="w10">
          <Coords points="835,104 901,104 901,168 835,168"/>
          <TextEquiv>
            <Unicode>ين</Unicode>
          </TextEquiv>
        </Word>
        <Word id="w11">
          <Coords points="769,82 830,82 830,178 769,178"/>
          <TextEquiv>
            <Unicode>يز</Unicode>
          </TextEquiv>
        </Word>
        <Word id="w12">
          <Coords points="582,79 774,79 774,180 582,180"/>
          <TextEquiv>
            <Unicode>كو</Unicode>
          </TextEquiv>
        </Word>
        <Word id="w13">
          <Coords points="532,109 580,109 580,169 532,169"/>
          <TextEquiv>
            <Unicode>ن</Unicode>
          </TextEquiv>
        </Word>
        <Word id="w14">
          <Coords points="507,64 523,64 523,160 507,160"/>
          <TextEquiv>
            <Unicode>ا</Unicode>
          </TextEquiv>
        </Word>
        <Word id="w15">
          <Coords points="332,101 498,101 498,223 332,223"/>
          <TextEquiv>
            <Unicode>نفسهم</Unicode>
          </TextEquiv>
        </Word>
        <Word id="w16">
          <Coords points="254,66 330,66 330,204 254,204"/>
          <TextEquiv>
            <Unicode>بل</Unicode>
          </TextEquiv>
        </Word>
        <Word id="w17">
          <Coords points="250,65 277,65 277,152 250,152"/>
          <TextEquiv>
            <Unicode>ا</Unicode>
          </TextEquiv>
        </Word>
        <Word id="w18">
          <Coords points="189,113 252,113 252,167 189,167"/>
          <TextEquiv>
            <Unicode>لله</Unicode>
          </TextEquiv>
        </Word>
        <Word id="w19">
          <Coords points="126,108 178,108 178,187 126,187"/>
          <TextEquiv>
            <Unicode>يز</Unicode>
          </TextEquiv>
        </Word>
        <Word id="w20">
          <Coords points="75,41 177,41 177,180 75,180"/>
          <TextEquiv>
            <Unicode>كى</Unicode>
          </TextEquiv>
        </Word>
        <TextEquiv>
          <Unicode> ا ثما عظيما ا لم نر ا لى ا لد ين يز كو ن ا نفسهم بل ا لله يز كى</Unicode>
        </TextEquiv>
      </TextLine>
      <TextLine id="l1">
        <Coords points="82,252 1620,252 1620,412 82,412"/>
        <Word id="w21">
          <Coords points="1444,253 1533,253 1533,372 1444,372"/>
          <TextEquiv>
            <Unicode>يشا</Unicode>
          </TextEquiv>
        </Word>
        <Word id="w22">
          <Coords points="1402,311 1431,311 1431,348 1402,348"/>
          <TextEquiv>
            <Unicode>ء</Unicode>
          </TextEquiv>
        </Word>
        <Word id="w23">
          <Coords points="1388,303 1619,303 1619,408 1388,408"/>
          <TextEquiv>
            <Unicode>من</Unicode>
          </TextEquiv>
        </Word>
        <Word id="w24">
          <Coords points="1311,313 1373,313 1373,376 1311,376"/>
          <TextEquiv>
            <Unicode>و</Unicode>
          </TextEquiv>
        </Word>
        <Word id="w25">
          <Coords points="1272,252 1334,252 1334,382 1272,382"/>
          <TextEquiv>
            <Unicode>لا</Unicode>
          </TextEquiv>
        </Word>
        <Word id="w26">
          <Coords points="1099,252 1272,252 1272,395 1099,395"/>
          <TextEquiv>
            <Unicode>يظلمو</Unicode>
          </TextEquiv>
        </Word>
        <Word id="w27">
          <Coords points="1056,312 1112,312 1112,374 1056,374"/>
          <TextEquiv>
            <Unicode>ن</Unicode>
          </TextEquiv>
        </Word>
        <Word id="w28">
          <Coords points="871,265 1037,265 1037,391 871,391"/>
          <TextEquiv>
            <Unicode>فتيلا</Unicode>
          </TextEquiv>
        </Word>
        <Word id="w29">
          <Coords points="789,272 802,272 802,360 789,360"/>
          <TextEquiv>
            <Unicode>ا</Unicode>
          </TextEquiv>
        </Word>
        <Word id="w30">
          <Coords points="659,265 775,265 775,387 659,387"/>
          <TextEquiv>
            <Unicode>نظر</Unicode>
          </TextEquiv>
        </Word>
        <Word id="w31">
          <Coords points="384,294 667,294 667,407 384,407"/>
          <TextEquiv>
            <Unicode>كيف</Unicode>
          </TextEquiv>
        </Word>
        <Word id="w32">
          <Coords points="235,304 377,304 377,411 235,411"/>
          <TextEquiv>
            <Unicode>يفت</Unicode>
          </TextEquiv>
        </Word>
        <Word id="w33">
          <Coords points="233,338 273,338 273,402 233,402"/>
          <TextEquiv>
            <Unicode>و</Unicode>
          </TextEquiv>
        </Word>
        <Word id="w34">
          <Coords points="182,332 236,332 236,394 182,394"/>
          <TextEquiv>
            <Unicode>ن</Unicode>
          </TextEquiv>
        </Word>
        <Word id="w35">
          <Coords points="82,277 176,277 176,406 82,406"/>
          <TextEquiv>
            <Unicode>على</Unicode>
          </TextEquiv>
        </Word>
        <TextEquiv>
          <Unicode> يشا ء من و لا يظلمو ن فتيلا ا نظر كيف يفت و ن على</Unicode>
        </TextEquiv>
      </TextLine>
      <TextLine id="l2">
        <Coords points="85,449 1628,449 1628,622 85,622"/>
        <Word id="w36">
          <Coords points="1607,473 1627,473 1627,566 1607,566"/>
          <TextEquiv>
            <Unicode>ا</Unicode>
          </TextEquiv>
        </Word>
        <Word id="w37">
          <Coords points="1534,518 1601,518 1601,573 1534,573"/>
          <TextEquiv>
            <Unicode>لله</Unicode>
          </TextEquiv>
        </Word>
        <Word id="w38">
          <Coords points="1500,476 1520,476 1520,569 1500,569"/>
          <TextEquiv>
            <Unicode>ا</Unicode>
          </TextEquiv>
        </Word>
        <Word id="w39">
          <Coords points="1381,449 1514,449 1514,577 1381,577"/>
          <TextEquiv>
            <Unicode>لكذ</Unicode>
          </TextEquiv>
        </Word>
        <Word id="w40">
          <Coords points="1287,527 1396,527 1396,601 1287,601"/>
          <TextEquiv>
            <Unicode>ب</Unicode>
          </TextEquiv>
        </Word>
        <Word id="w41">
          <Coords points="1225,535 1277,535 1277,591 1225,591"/>
          <TextEquiv>
            <Unicode>و</Unicode>
          </TextEquiv>
        </Word>
        <Word id="w42">
          <Coords points="988,499 1240,499 1240,614 988,614"/>
          <TextEquiv>
            <Unicode>كفى</Unicode>
          </TextEquiv>
        </Word>
        <Word id="w43">
          <Coords points="926,528 976,528 976,612 926,612"/>
          <TextEquiv>
            <Unicode>به</Unicode>
          </TextEquiv>
        </Word>
        <Word id="w44">
          <Coords points="885,487 906,487 906,578 885,578"/>
          <TextEquiv>
            <Unicode>ا</Unicode>
          </TextEquiv>
        </Word>
        <Word id="w45">
          <Coords points="794,489 880,489 880,595 794,595"/>
          <TextEquiv>
            <Unicode>ثما</Unicode>
          </TextEquiv>
        </Word>
        <Word id="w46">
          <Coords points="627,485 775,485 775,618 627,618"/>
          <TextEquiv>
            <Unicode>مبينا</Unicode>
          </TextEquiv>
        </Word>
        <Word id="w47">
          <Coords points="529,499 550,499 550,586 529,586"/>
          <TextEquiv>
            <Unicode>ا</Unicode>
          </TextEquiv>
        </Word>
        <Word id="w48">
          <Coords points="438,503 514,503 514,620 438,620"/>
          <TextEquiv>
            <Unicode>لم</Unicode>
          </TextEquiv>
        </Word>
        <Word id="w49">
          <Coords points="388,518 443,518 443,614 388,614"/>
          <TextEquiv>
            <Unicode>تر</Unicode>
          </TextEquiv>
        </Word>
        <Word id="w50">
          <Coords points="374,499 392,499 392,588 374,588"/>
          <TextEquiv>
            <Unicode>ا</Unicode>
          </TextEquiv>
        </Word>
        <Word id="w51">
          <Coords points="289,501 362,501 362,619 289,619"/>
          <TextEquiv>
            <Unicode>لى</Unicode>
          </TextEquiv>
        </Word>
        <Word id="w52">
          <Coords points="262,507 275,507 275,593 262,593"/>
          <TextEquiv>
            <Unicode>ا</Unicode>
          </TextEquiv>
        </Word>
        <Word id="w53">
          <Coords points="176,507 248,507 248,606 176,606"/>
          <TextEquiv>
            <Unicode>لذ</Unicode>
          </TextEquiv>
        </Word>
        <Word id="w54">
          <Coords points="85,548 170,548 170,621 85,621"/>
          <TextEquiv>
            <Unicode>ين</Unicode>
          </TextEquiv>
        </Word>
        <TextEquiv>
          <Unicode> ا لله ا لكذ ب و كفى به ا ثما مبينا ا لم تر ا لى ا لذ ين</Unicode>
        </TextEquiv>
      </TextLine>
      <TextLine id="l3">
        <Coords points="76,677 1631,677 1631,874 76,874"/>
        <Word id="w55">
          <Coords points="1614,689 1630,689 1630,786 1614,786"/>
          <TextEquiv>
            <Unicode>ا</Unicode>
          </TextEquiv>
        </Word>
        <Word id="w56">
          <Coords points="1551,752 1598,752 1598,807 1551,807"/>
          <TextEquiv>
            <Unicode>و</Unicode>
          </TextEquiv>
        </Word>
        <Word id="w57">
          <Coords points="1485,677 1501,677 1501,781 1485,781"/>
          <TextEquiv>
            <Unicode>ا</Unicode>
          </TextEquiv>
        </Word>
        <Word id="w58">
          <Coords points="1481,716 1551,716 1551,814 1481,814"/>
          <TextEquiv>
            <Unicode>تو</Unicode>
          </TextEquiv>
        </Word>
        <Word id="w59">
          <Coords points="1312,680 1471,680 1471,836 1312,836"/>
          <TextEquiv>
            <Unicode>نصيبا</Unicode>
          </TextEquiv>
        </Word>
        <Word id="w60">
          <Coords points="1210,757 1297,757 1297,826 1210,826"/>
          <TextEquiv>
            <Unicode>من</Unicode>
          </TextEquiv>
        </Word>
        <Word id="w61">
          <Coords points="1186,701 1210,701 1210,783 1186,783"/>
          <TextEquiv>
            <Unicode>ا</Unicode>
          </TextEquiv>
        </Word>
        <Word id="w62">
          <Coords points="1072,680 1205,680 1205,812 1072,812"/>
          <TextEquiv>
            <Unicode>لكت</Unicode>
          </TextEquiv>
        </Word>
        <Word id="w63">
          <Coords points="968,772 1063,772 1063,832 968,832"/>
          <TextEquiv>
            <Unicode>ب</Unicode>
          </TextEquiv>
        </Word>
        <Word id="w64">
          <Coords points="886,727 951,727 951,860 886,860"/>
          <TextEquiv>
            <Unicode>يؤ</Unicode>
          </TextEquiv>
        </Word>
        <Word id="w65">
          <Coords points="776,725 893,725 893,838 776,838"/>
          <TextEquiv>
            <Unicode>منو</Unicode>
          </TextEquiv>
        </Word>
        <Word id="w66">
          <Coords points="732,764 789,764 789,825 732,825"/>
          <TextEquiv>
            <Unicode>ن</Unicode>
          </TextEquiv>
        </Word>
        <Word id="w67">
          <Coords points="681,717 709,717 709,873 681,873"/>
          <TextEquiv>
            <Unicode>با</Unicode>
          </TextEquiv>
        </Word>
        <Word id="w68">
          <Coords points="481,722 666,722 666,853 481,853"/>
          <TextEquiv>
            <Unicode>لجبت</Unicode>
          </TextEquiv>
        </Word>
        <Word id="w69">
          <Coords points="415,788 468,788 468,846 415,846"/>
          <TextEquiv>
            <Unicode>و</Unicode>
          </TextEquiv>
        </Word>
        <Word id="w70">
          <Coords points="414,723 429,723 429,818 414,818"/>
          <TextEquiv>
            <Unicode>ا</Unicode>
          </TextEquiv>
        </Word>
        <Word id="w71">
          <Coords points="309,724 393,724 393,837 309,837"/>
          <TextEquiv>
            <Unicode>لطا</Unicode>
          </TextEquiv>
        </Word>
        <Word id="w72">
          <Coords points="197,752 294,752 294,857 197,857"/>
          <TextEquiv>
            <Unicode>غو</Unicode>
          </TextEquiv>
        </Word>
        <Word id="w73">
          <Coords points="121,786 214,786 214,833 121,833"/>
          <TextEquiv>
            <Unicode>ت</Unicode>
          </TextEquiv>
        </Word>
        <Word id="w74">
          <Coords points="76,767 125,767 125,820 76,820"/>
          <TextEquiv>
            <Unicode>و</Unicode>
          </TextEquiv>
        </Word>
        <TextEquiv>
          <Unicode> ا و ا تو نصيبا من ا لكت ب يؤ منو ن با لجبت و ا لطا غو ت و</Unicode>
        </TextEquiv>
      </TextLine>
      <TextLine id="l4">
        <Coords points="100,916 1623,916 1623,1082 100,1082"/>
        <Word id="w75">
          <Coords points="1533,953 1622,953 1622,1061 1533,1061"/>
          <TextEquiv>
            <Unicode>يقو</Unicode>
          </TextEquiv>
        </Word>
        <Word id="w76">
          <Coords points="1466,916 1527,916 1527,1040 1466,1040"/>
          <TextEquiv>
            <Unicode>لو</Unicode>
          </TextEquiv>
        </Word>
        <Word id="w77">
          <Coords points="1414,968 1468,968 1468,1030 1414,1030"/>
          <TextEquiv>
            <Unicode>ن</Unicode>
          </TextEquiv>
        </Word>
        <Word id="w78">
          <Coords points="1316,929 1402,929 1402,1029 1316,1029"/>
          <TextEquiv>
            <Unicode>للذ</Unicode>
          </TextEquiv>
        </Word>
        <Word id="w79">
          <Coords points="1243,987 1315,987 1315,1045 1243,1045"/>
          <TextEquiv>
            <Unicode>ين</Unicode>
          </TextEquiv>
        </Word>
        <Word id="w80">
          <Coords points="1001,953 1235,953 1235,1054 1001,1054"/>
          <TextEquiv>
            <Unicode>كفر</Unicode>
          </TextEquiv>
        </Word>
        <Word id="w81">
          <Coords points="957,934 970,934 970,1020 957,1020"/>
          <TextEquiv>
            <Unicode>ا</Unicode>
          </TextEquiv>
        </Word>
        <Word id="w82">
          <Coords points="952,997 1000,997 1000,1049 952,1049"/>
          <TextEquiv>
            <Unicode>و</Unicode>
          </TextEquiv>
        </Word>
        <Word id="w83">
          <Coords points="839,959 940,959 940,1059 839,1059"/>
          <TextEquiv>
            <Unicode>هؤ</Unicode>
          </TextEquiv>
        </Word>
        <Word id="w84">
          <Coords points="803,940 856,940 856,1035 803,1035"/>
          <TextEquiv>
            <Unicode>لا</Unicode>
          </TextEquiv>
        </Word>
        <Word id="w85">
          <Coords points="777,1001 802,1001 802,1031 777,1031"/>
          <TextEquiv>
            <Unicode>ء</Unicode>
          </TextEquiv>
        </Word>
        <Word id="w86">
          <Coords points="739,952 753,952 753,1032 739,1032"/>
          <TextEquiv>
            <Unicode>ا</Unicode>
          </TextEquiv>
        </Word>
        <Word id="w87">
          <Coords points="626,987 728,987 728,1046 626,1046"/>
          <TextEquiv>
            <Unicode>هد</Unicode>
          </TextEquiv>
        </Word>
        <Word id="w88">
          <Coords points="548,1001 619,1001 619,1066 548,1066"/>
          <TextEquiv>
            <Unicode>ى</Unicode>
          </TextEquiv>
        </Word>
        <Word id="w89">
          <Coords points="455,1003 553,1003 553,1069 455,1069"/>
          <TextEquiv>
            <Unicode>من</Unicode>
          </TextEquiv>
        </Word>
        <Word id="w90">
          <Coords points="428,955 441,955 441,1046 428,1046"/>
          <TextEquiv>
            <Unicode>ا</Unicode>
          </TextEquiv>
        </Word>
        <Word id="w91">
          <Coords points="350,956 410,956 410,1061 350,1061"/>
          <TextEquiv>
            <Unicode>لذ</Unicode>
          </TextEquiv>
        </Word>
        <Word id="w92">
          <Coords points="273,1013 347,1013 347,1081 273,1081"/>
          <TextEquiv>
            <Unicode>ين</Unicode>
          </TextEquiv>
        </Word>
        <Word id="w93">
          <Coords points="236,957 249,957 249,1049 236,1049"/>
          <TextEquiv>
            <Unicode>ا</Unicode>
          </TextEquiv>
        </Word>
        <Word id="w94">
          <Coords points="101,992 211,992 211,1070 101,1070"/>
          <TextEquiv>
            <Unicode>منو</Unicode>
          </TextEquiv>
        </Word>
        <Word id="w95">
          <Coords points="100,951 119,951 119,1041 100,1041"/>
          <TextEquiv>
            <Unicode>ا</Unicode>
          </TextEquiv>
        </Word>
        <TextEquiv>
          <Unicode> يقو لو ن للذ ين كفر ا و هؤ لا ء ا هد ى من ا لذ ين ا منو ا</Unicode>
        </TextEquiv>
      </TextLine>
      <TextLine id="l5">
        <Coords points="91,1146 1636,1146 1636,1310 91,1310"/>
        <Word id="w96">
          <Coords points="1417,1149 1635,1149 1635,1274 1417,1274"/>
          <TextEquiv>
            <Unicode>سبيلا</Unicode>
          </TextEquiv>
        </Word>
        <Word id="w97">
          <Coords points="1342,1150 1359,1150 1359,1244 1342,1244"/>
          <TextEquiv>
            <Unicode>ا</Unicode>
          </TextEquiv>
        </Word>
        <Word id="w98">
          <Coords points="1290,1216 1336,1216 1336,1264 1290,1264"/>
          <TextEquiv>
            <Unicode>و</Unicode>
          </TextEquiv>
        </Word>
        <Word id="w99">
          <Coords points="1161,1146 1298,1146 1298,1251 1161,1251"/>
          <TextEquiv>
            <Unicode>لئك</Unicode>
          </TextEquiv>
        </Word>
        <Word id="w100">
          <Coords points="1135,1153 1147,1153 1147,1237 1135,1237"/>
          <TextEquiv>
            <Unicode>ا</Unicode>
          </TextEquiv>
        </Word>
        <Word id="w101">
          <Coords points="1062,1154 1118,1154 1118,1254 1062,1254"/>
          <TextEquiv>
            <Unicode>لذ</Unicode>
          </TextEquiv>
        </Word>
        <Word id="w102">
          <Coords points="985,1208 1059,1208 1059,1271 985,1271"/>
          <TextEquiv>
            <Unicode>ين</Unicode>
          </TextEquiv>
        </Word>
        <Word id="w103">
          <Coords points="786,1161 976,1161 976,1309 786,1309"/>
          <TextEquiv>
            <Unicode>لعنهم</Unicode>
          </TextEquiv>
        </Word>
        <Word id="w104">
          <Coords points="745,1164 762,1164 762,1263 745,1263"/>
          <TextEquiv>
            <Unicode>ا</Unicode>
          </TextEquiv>
        </Word>
        <Word id="w105">
          <Coords points="673,1202 737,1202 737,1260 673,1260"/>
          <TextEquiv>
            <Unicode>لله</Unicode>
          </TextEquiv>
        </Word>
        <Word id="w106">
          <Coords points="599,1226 648,1226 648,1281 599,1281"/>
          <TextEquiv>
            <Unicode>و</Unicode>
          </TextEquiv>
        </Word>
        <Word id="w107">
          <Coords points="513,1220 609,1220 609,1291 513,1291"/>
          <TextEquiv>
            <Unicode>من</Unicode>
          </TextEquiv>
        </Word>
        <Word id="w108">
          <Coords points="354,1163 500,1163 500,1300 354,1300"/>
          <TextEquiv>
            <Unicode>يلعن</Unicode>
          </TextEquiv>
        </Word>
        <Word id="w109">
          <Coords points="336,1161 356,1161 356,1264 336,1264"/>
          <TextEquiv>
            <Unicode>ا</Unicode>
          </TextEquiv>
        </Word>
        <Word id="w110">
          <Coords points="254,1205 326,1205 326,1263 254,1263"/>
          <TextEquiv>
            <Unicode>لله</Unicode>
          </TextEquiv>
        </Word>
        <Word id="w111">
          <Coords points="149,1162 243,1162 243,1306 149,1306"/>
          <TextEquiv>
            <Unicode>فلن</Unicode>
          </TextEquiv>
        </Word>
        <Word id="w112">
          <Coords points="91,1160 189,1160 189,1261 91,1261"/>
          <TextEquiv>
            <Unicode>نجد</Unicode>
          </TextEquiv>
        </Word>
        <TextEquiv>
          <Unicode> سبيلا ا و لئك ا لذ ين لعنهم ا لله و من يلعن ا لله فلن نجد</Unicode>
        </TextEquiv>
      </TextLine>
      <TextLine id="l6">
        <Coords points="85,1339 1642,1339 1642,1528 85,1528"/>
        <Word id="w113">
          <Coords points="1591,1364 1641,1364 1641,1468 1591,1468"/>
          <TextEquiv>
            <Unicode>له</Unicode>
          </TextEquiv>
        </Word>
        <Word id="w114">
          <Coords points="1413,1339 1431,1339 1431,1452 1413,1452"/>
          <TextEquiv>
            <Unicode>ا</Unicode>
          </TextEquiv>
        </Word>
        <Word id="w115">
          <Coords points="1393,1365 1570,1365 1570,1499 1393,1499"/>
          <TextEquiv>
            <Unicode>نصير</Unicode>
          </TextEquiv>
        </Word>
        <Word id="w116">
          <Coords points="1321,1362 1338,1362 1338,1453 1321,1453"/>
          <TextEquiv>
            <Unicode>ا</Unicode>
          </TextEquiv>
        </Word>
        <Word id="w117">
          <Coords points="1246,1432 1317,1432 1317,1478 1246,1478"/>
          <TextEquiv>
            <Unicode>م</Unicode>
          </TextEquiv>
        </Word>
        <Word id="w118">
          <Coords points="1198,1371 1267,1371 1267,1527 1198,1527"/>
          <TextEquiv>
            <Unicode>لهم</Unicode>
          </TextEquiv>
        </Word>
        <Word id="w119">
          <Coords points="954,1397 1172,1397 1172,1502 954,1502"/>
          <TextEquiv>
            <Unicode>نصيب</Unicode>
          </TextEquiv>
        </Word>
        <Word id="w120">
          <Coords points="853,1376 870,1376 870,1476 853,1476"/>
          <TextEquiv>
            <Unicode>ا</Unicode>
          </TextEquiv>
        </Word>
        <Word id="w121">
          <Coords points="725,1419 946,1419 946,1524 725,1524"/>
          <TextEquiv>
            <Unicode>من</Unicode>
          </TextEquiv>
        </Word>
        <Word id="w122">
          <Coords points="670,1383 842,1383 842,1492 670,1492"/>
          <TextEquiv>
            <Unicode>لملك</Unicode>
          </TextEquiv>
        </Word>
        <Word id="w123">
          <Coords points="620,1384 658,1384 658,1492 620,1492"/>
          <TextEquiv>
            <Unicode>فا</Unicode>
          </TextEquiv>
        </Word>
        <Word id="w124">
          <Coords points="558,1416 604,1416 604,1497 558,1497"/>
          <TextEquiv>
            <Unicode>ذ</Unicode>
          </TextEquiv>
        </Word>
        <Word id="w125">
          <Coords points="541,1388 553,1388 553,1481 541,1481"/>
          <TextEquiv>
            <Unicode>ا</Unicode>
          </TextEquiv>
        </Word>
        <Word id="w126">
          <Coords points="452,1392 515,1392 515,1494 452,1494"/>
          <TextEquiv>
            <Unicode>لا</Unicode>
          </TextEquiv>
        </Word>
        <Word id="w127">
          <Coords points="385,1423 450,1423 450,1525 385,1525"/>
          <TextEquiv>
            <Unicode>يؤ</Unicode>
          </TextEquiv>
        </Word>
        <Word id="w128">
          <Coords points="328,1420 389,1420 389,1514 328,1514"/>
          <TextEquiv>
            <Unicode>تو</Unicode>
          </TextEquiv>
        </Word>
        <Word id="w129">
          <Coords points="274,1436 330,1436 330,1501 274,1501"/>
          <TextEquiv>
            <Unicode>ن</Unicode>
          </TextEquiv>
        </Word>
        <Word id="w130">
          <Coords points="232,1394 247,1394 247,1483 232,1483"/>
          <TextEquiv>
            <Unicode>ا</Unicode>
          </TextEquiv>
        </Word>
        <Word id="w131">
          <Coords points="153,1392 215,1392 215,1498 153,1498"/>
          <TextEquiv>
            <Unicode>لنا</Unicode>
          </TextEquiv>
        </Word>
        <Word id="w132">
          <Coords points="85,1455 151,1455 151,1512 85,1512"/>
          <TextEquiv>
            <Unicode>س</Unicode>
          </TextEquiv>
        </Word>
        <TextEquiv>
          <Unicode> له ا نصير ا م لهم نصيب ا من لملك فا ذ ا لا يؤ تو ن ا لنا س</Unicode>
        </TextEquiv>
      </TextLine>
      <TextLine id="l7">
        <Coords points="95,1580 1649,1580 1649,1775 95,1775"/>
        <Word id="w133">
          <Coords points="1496,1611 1648,1611 1648,1715 1496,1715"/>
          <TextEquiv>
            <Unicode>نقير</Unicode>
          </TextEquiv>
        </Word>
        <Word id="w134">
          <Coords points="1488,1580 1509,1580 1509,1676 1488,1676"/>
          <TextEquiv>
            <Unicode>ا</Unicode>
          </TextEquiv>
        </Word>
        <Word id="w135">
          <Coords points="1389,1597 1400,1597 1400,1682 1389,1682"/>
          <TextEquiv>
            <Unicode>ا</Unicode>
          </TextEquiv>
        </Word>
        <Word id="w136">
          <Coords points="1338,1657 1373,1657 1373,1751 1338,1751"/>
          <TextEquiv>
            <Unicode>م</Unicode>
          </TextEquiv>
        </Word>
        <Word id="w137">
          <Coords points="1162,1629 1330,1629 1330,1723 1162,1723"/>
          <TextEquiv>
            <Unicode>يحسد</Unicode>
          </TextEquiv>
        </Word>
        <Word id="w138">
          <Coords points="1110,1656 1153,1656 1153,1713 1110,1713"/>
          <TextEquiv>
            <Unicode>و</Unicode>
          </TextEquiv>
        </Word>
        <Word id="w139">
          <Coords points="1048,1645 1102,1645 1102,1711 1048,1711"/>
          <TextEquiv>
            <Unicode>ن</Unicode>
          </TextEquiv>
        </Word>
        <Word id="w140">
          <Coords points="1012,1604 1026,1604 1026,1697 1012,1697"/>
          <TextEquiv>
            <Unicode>ا</Unicode>
          </TextEquiv>
        </Word>
        <Word id="w141">
          <Coords points="931,1605 997,1605 997,1713 931,1713"/>
          <TextEquiv>
            <Unicode>لنا</Unicode>
          </TextEquiv>
        </Word>
        <Word id="w142">
          <Coords points="829,1676 914,1676 914,1743 829,1743"/>
          <TextEquiv>
            <Unicode>س</Unicode>
          </TextEquiv>
        </Word>
        <Word id="w143">
          <Coords points="727,1626 832,1626 832,1756 727,1756"/>
          <TextEquiv>
            <Unicode>على</Unicode>
          </TextEquiv>
        </Word>
        <Word id="w144">
          <Coords points="680,1613 735,1613 735,1717 680,1717"/>
          <TextEquiv>
            <Unicode>ما</Unicode>
          </TextEquiv>
        </Word>
        <Word id="w145">
          <Coords points="634,1623 649,1623 649,1706 634,1706"/>
          <TextEquiv>
            <Unicode>ا</Unicode>
          </TextEquiv>
        </Word>
        <Word id="w146">
          <Coords points="498,1641 616,1641 616,1774 498,1774"/>
          <TextEquiv>
            <Unicode>تهم</Unicode>
          </TextEquiv>
        </Word>
        <Word id="w147">
          <Coords points="465,1609 482,1609 482,1702 465,1702"/>
          <TextEquiv>
            <Unicode>ا</Unicode>
          </TextEquiv>
        </Word>
        <Word id="w148">
          <Coords points="384,1660 451,1660 451,1716 384,1716"/>
          <TextEquiv>
            <Unicode>لله</Unicode>
          </TextEquiv>
        </Word>
        <Word id="w149">
          <Coords points="267,1677 362,1677 362,1752 267,1752"/>
          <TextEquiv>
            <Unicode>من</Unicode>
          </TextEquiv>
        </Word>
        <Word id="w150">
          <Coords points="95,1626 248,1626 248,1729 95,1729"/>
          <TextEquiv>
            <Unicode>فضله</Unicode>
          </TextEquiv>
        </Word>
        <TextEquiv>
          <Unicode> نقير ا ا م يحسد و ن ا لنا س على ما ا تهم ا لله من فضله</Unicode>
        </TextEquiv>
      </TextLine>
      <TextLine id="l8">
        <Coords points="105,1808 1652,1808 1652,1989 105,1989"/>
        <Word id="w151">
          <Coords points="1529,1825 1651,1825 1651,1918 1529,1918"/>
          <TextEquiv>
            <Unicode>ففد</Unicode>
          </TextEquiv>
        </Word>
        <Word id="w152">
          <Coords points="1507,1812 1517,1812 1517,1902 1507,1902"/>
          <TextEquiv>
            <Unicode>ا</Unicode>
          </TextEquiv>
        </Word>
        <Word id="w153">
          <Coords points="1380,1808 1489,1808 1489,1940 1380,1940"/>
          <TextEquiv>
            <Unicode>تينا</Unicode>
          </TextEquiv>
        </Word>
        <Word id="w154">
          <Coords points="1340,1817 1352,1817 1352,1911 1340,1911"/>
          <TextEquiv>
            <Unicode>ا</Unicode>
          </TextEquiv>
        </Word>
        <Word id="w155">
          <Coords points="1275,1819 1318,1819 1318,1939 1275,1939"/>
          <TextEquiv>
            <Unicode>ل</Unicode>
          </TextEquiv>
        </Word>
        <Word id="w156">
          <Coords points="1253,1822 1279,1822 1279,1896 1253,1896"/>
          <TextEquiv>
            <Unicode>ا</Unicode>
          </TextEquiv>
        </Word>
        <Word id="w157">
          <Coords points="1179,1887 1255,1887 1255,1944 1179,1944"/>
          <TextEquiv>
            <Unicode>بر</Unicode>
          </TextEquiv>
        </Word>
        <Word id="w158">
          <Coords points="1073,1860 1193,1860 1193,1971 1073,1971"/>
          <TextEquiv>
            <Unicode>هيم</Unicode>
          </TextEquiv>
        </Word>
        <Word id="w159">
          <Coords points="1053,1824 1069,1824 1069,1906 1053,1906"/>
          <TextEquiv>
            <Unicode>ا</Unicode>
          </TextEquiv>
        </Word>
        <Word id="w160">
          <Coords points="943,1808 1047,1808 1047,1930 943,1930"/>
          <TextEquiv>
            <Unicode>لكتا</Unicode>
          </TextEquiv>
        </Word>
        <Word id="w161">
          <Coords points="826,1888 934,1888 934,1962 826,1962"/>
          <TextEquiv>
            <Unicode>ب</Unicode>
          </TextEquiv>
        </Word>
        <Word id="w162">
          <Coords points="766,1890 811,1890 811,1948 766,1948"/>
          <TextEquiv>
            <Unicode>و</Unicode>
          </TextEquiv>
        </Word>
        <Word id="w163">
          <Coords points="757,1826 778,1826 778,1924 757,1924"/>
          <TextEquiv>
            <Unicode>ا</Unicode>
          </TextEquiv>
        </Word>
        <Word id="w164">
          <Coords points="575,1810 751,1810 751,1943 575,1943"/>
          <TextEquiv>
            <Unicode>لحكمة</Unicode>
          </TextEquiv>
        </Word>
        <Word id="w165">
          <Coords points="508,1900 547,1900 547,1954 508,1954"/>
          <TextEquiv>
            <Unicode>و</Unicode>
          </TextEquiv>
        </Word>
        <Word id="w166">
          <Coords points="496,1835 508,1835 508,1931 496,1931"/>
          <TextEquiv>
            <Unicode>ا</Unicode>
          </TextEquiv>
        </Word>
        <Word id="w167">
          <Coords points="379,1825 478,1825 478,1956 379,1956"/>
          <TextEquiv>
            <Unicode>تينا</Unicode>
          </TextEquiv>
        </Word>
        <Word id="w168">
          <Coords points="254,1882 359,1882 359,1988 254,1988"/>
          <TextEquiv>
            <Unicode>هم</Unicode>
          </TextEquiv>
        </Word>
        <Word id="w169">
          <Coords points="105,1823 240,1823 240,1942 105,1942"/>
          <TextEquiv>
            <Unicode>ملكا</Unicode>
          </TextEquiv>
        </Word>
        <TextEquiv>
          <Unicode> ففد ا تينا ا ل ا بر هيم ا لكتا ب و ا لحكمة و ا تينا هم ملكا</Unicode>
        </TextEquiv>
      </TextLine>
      <TextLine id="l9">
        <Coords points="104,2026 1654,2026 1654,2224 104,2224"/>
        <Word id="w170">
          <Coords points="1479,2028 1653,2028 1653,2148 1479,2148"/>
          <TextEquiv>
            <Unicode>عظيما</Unicode>
          </TextEquiv>
        </Word>
        <Word id="w171">
          <Coords points="1255,2026 1396,2026 1396,2196 1255,2196"/>
          <TextEquiv>
            <Unicode>فمهم</Unicode>
          </TextEquiv>
        </Word>
        <Word id="w172">
          <Coords points="1152,2101 1246,2101 1246,2166 1152,2166"/>
          <TextEquiv>
            <Unicode>من</Unicode>
          </TextEquiv>
        </Word>
        <Word id="w173">
          <Coords points="1135,2042 1147,2042 1147,2127 1135,2127"/>
          <TextEquiv>
            <Unicode>ا</Unicode>
          </TextEquiv>
        </Word>
        <Word id="w174">
          <Coords points="1032,2102 1125,2102 1125,2168 1032,2168"/>
          <TextEquiv>
            <Unicode>من</Unicode>
          </TextEquiv>
        </Word>
        <Word id="w175">
          <Coords points="967,2091 1018,2091 1018,2179 967,2179"/>
          <TextEquiv>
            <Unicode>به</Unicode>
          </TextEquiv>
        </Word>
        <Word id="w176">
          <Coords points="894,2108 946,2108 946,2165 894,2165"/>
          <TextEquiv>
            <Unicode>و</Unicode>
          </TextEquiv>
        </Word>
        <Word id="w177">
          <Coords points="730,2076 901,2076 901,2223 730,2223"/>
          <TextEquiv>
            <Unicode>منهم</Unicode>
          </TextEquiv>
        </Word>
        <Word id="w178">
          <Coords points="622,2116 720,2116 720,2185 622,2185"/>
          <TextEquiv>
            <Unicode>من</Unicode>
          </TextEquiv>
        </Word>
        <Word id="w179">
          <Coords points="513,2104 621,2104 621,2166 513,2166"/>
          <TextEquiv>
            <Unicode>صد</Unicode>
          </TextEquiv>
        </Word>
        <Word id="w180">
          <Coords points="392,2107 519,2107 519,2161 392,2161"/>
          <TextEquiv>
            <Unicode>عنهه</Unicode>
          </TextEquiv>
        </Word>
        <Word id="w181">
          <Coords points="328,2128 377,2128 377,2182 328,2182"/>
          <TextEquiv>
            <Unicode>و</Unicode>
          </TextEquiv>
        </Word>
        <Word id="w182">
          <Coords points="104,2084 342,2084 342,2194 104,2194"/>
          <TextEquiv>
            <Unicode>كفى</Unicode>
          </TextEquiv>
        </Word>
        <TextEquiv>
          <Unicode> عظيما فمهم من ا من به و منهم من صد عنهه و كفى</Unicode>
        </TextEquiv>
      </TextLine>
      <TextLine id="l10">
        <Coords points="111,2254 1673,2254 1673,2444 111,2444"/>
        <Word id="w183">
          <Coords points="1490,2287 1672,2287 1672,2415 1490,2415"/>
          <TextEquiv>
            <Unicode>بجهنم</Unicode>
          </TextEquiv>
        </Word>
        <Word id="w184">
          <Coords points="1328,2254 1349,2254 1349,2351 1328,2351"/>
          <TextEquiv>
            <Unicode>ا</Unicode>
          </TextEquiv>
        </Word>
        <Word id="w185">
          <Coords points="1303,2319 1479,2319 1479,2396 1303,2396"/>
          <TextEquiv>
            <Unicode>سعير</Unicode>
          </TextEquiv>
        </Word>
        <Word id="w186">
          <Coords points="1232,2265 1251,2265 1251,2356 1232,2356"/>
          <TextEquiv>
            <Unicode>ا</Unicode>
          </TextEquiv>
        </Word>
        <Word id="w187">
          <Coords points="1168,2321 1222,2321 1222,2383 1168,2383"/>
          <TextEquiv>
            <Unicode>ن</Unicode>
          </TextEquiv>
        </Word>
        <Word id="w188">
          <Coords points="1147,2270 1160,2270 1160,2357 1147,2357"/>
          <TextEquiv>
            <Unicode>ا</Unicode>
          </TextEquiv>
        </Word>
        <Word id="w189">
          <Coords points="1077,2270 1137,2270 1137,2375 1077,2375"/>
          <TextEquiv>
            <Unicode>لذ</Unicode>
          </TextEquiv>
        </Word>
        <Word id="w190">
          <Coords points="1009,2327 1081,2327 1081,2398 1009,2398"/>
          <TextEquiv>
            <Unicode>ين</Unicode>
          </TextEquiv>
        </Word>
        <Word id="w191">
          <Coords points="752,2296 1004,2296 1004,2397 752,2397"/>
          <TextEquiv>
            <Unicode>كفر</Unicode>
          </TextEquiv>
        </Word>
        <Word id="w192">
          <Coords points="713,2277 727,2277 727,2364 713,2364"/>
          <TextEquiv>
            <Unicode>ا</Unicode>
          </TextEquiv>
        </Word>
        <Word id="w193">
          <Coords points="711,2343 757,2343 757,2393 711,2393"/>
          <TextEquiv>
            <Unicode>و</Unicode>
          </TextEquiv>
        </Word>
        <Word id="w194">
          <Coords points="665,2276 695,2276 695,2406 665,2406"/>
          <TextEquiv>
            <Unicode>با</Unicode>
          </TextEquiv>
        </Word>
        <Word id="w195">
          <Coords points="616,2278 643,2278 643,2429 616,2429"/>
          <TextEquiv>
            <Unicode>يا</Unicode>
          </TextEquiv>
        </Word>
        <Word id="w196">
          <Coords points="537,2270 595,2270 595,2382 537,2382"/>
          <TextEquiv>
            <Unicode>تنا</Unicode>
          </TextEquiv>
        </Word>
        <Word id="w197">
          <Coords points="427,2352 517,2352 517,2406 427,2406"/>
          <TextEquiv>
            <Unicode>سو</Unicode>
          </TextEquiv>
        </Word>
        <Word id="w198">
          <Coords points="326,2337 442,2337 442,2391 326,2391"/>
          <TextEquiv>
            <Unicode>ف</Unicode>
          </TextEquiv>
        </Word>
        <Word id="w199">
          <Coords points="111,2280 317,2280 317,2443 111,2443"/>
          <TextEquiv>
            <Unicode>تصليهم</Unicode>
          </TextEquiv>
        </Word>
        <TextEquiv>
          <Unicode> بجهنم ا سعير ا ن ا لذ ين كفر ا و با يا تنا سو ف تصليهم</Unicode>
        </TextEquiv>
      </TextLine>
      <TextLine id="l11">
        <Coords points="119,2480 1626,2480 1626,2686 119,2686"/>
        <Word id="w200">
          <Coords points="1575,2482 1625,2482 1625,2571 1575,2571"/>
          <TextEquiv>
            <Unicode>ا</Unicode>
          </TextEquiv>
        </Word>
        <Word id="w201">
          <Coords points="1572,2548 1616,2548 1616,2595 1572,2595"/>
          <TextEquiv>
            <Unicode>ر</Unicode>
          </TextEquiv>
        </Word>
        <Word id="w202">
          <Coords points="1336,2490 1563,2490 1563,2602 1336,2602"/>
          <TextEquiv>
            <Unicode>كلما</Unicode>
          </TextEquiv>
        </Word>
        <Word id="w203">
          <Coords points="1101,2490 1311,2490 1311,2616 1101,2616"/>
          <TextEquiv>
            <Unicode>نضجتت</Unicode>
          </TextEquiv>
        </Word>
        <Word id="w204">
          <Coords points="958,2480 1088,2480 1088,2611 958,2611"/>
          <TextEquiv>
            <Unicode>جلو</Unicode>
          </TextEquiv>
        </Word>
        <Word id="w205">
          <Coords points="920,2546 959,2546 959,2596 920,2596"/>
          <TextEquiv>
            <Unicode>د</Unicode>
          </TextEquiv>
        </Word>
        <Word id="w206">
          <Coords points="827,2540 893,2540 893,2685 827,2685"/>
          <TextEquiv>
            <Unicode>هم</Unicode>
          </TextEquiv>
        </Word>
        <Word id="w207">
          <Coords points="743,2548 806,2548 806,2630 743,2630"/>
          <TextEquiv>
            <Unicode>بد</Unicode>
          </TextEquiv>
        </Word>
        <Word id="w208">
          <Coords points="667,2500 736,2500 736,2608 667,2608"/>
          <TextEquiv>
            <Unicode>لنا</Unicode>
          </TextEquiv>
        </Word>
        <Word id="w209">
          <Coords points="484,2548 640,2548 640,2625 484,2625"/>
          <TextEquiv>
            <Unicode>هم</Unicode>
          </TextEquiv>
        </Word>
        <Word id="w210">
          <Coords points="377,2491 517,2491 517,2642 377,2642"/>
          <TextEquiv>
            <Unicode>جلو</Unicode>
          </TextEquiv>
        </Word>
        <Word id="w211">
          <Coords points="336,2565 378,2565 378,2615 336,2615"/>
          <TextEquiv>
            <Unicode>د</Unicode>
          </TextEquiv>
        </Word>
        <Word id="w212">
          <Coords points="307,2498 333,2498 333,2614 307,2614"/>
          <TextEquiv>
            <Unicode>ا</Unicode>
          </TextEquiv>
        </Word>
        <Word id="w213">
          <Coords points="169,2533 298,2533 298,2644 169,2644"/>
          <TextEquiv>
            <Unicode>غير</Unicode>
          </TextEquiv>
        </Word>
        <Word id="w214">
          <Coords points="119,2497 182,2497 182,2609 119,2609"/>
          <TextEquiv>
            <Unicode>ها</Unicode>
          </TextEquiv>
        </Word>
        <TextEquiv>
          <Unicode> ا ر كلما نضجتت جلو د هم بد لنا هم جلو د ا غير ها</Unicode>
        </TextEquiv>
      </TextLine>
      <TextLine id="l12">
        <Coords points="97,2689 1677,2689 1677,2883 97,2883"/>
        <Word id="w215">
          <Coords points="1586,2691 1676,2691 1676,2825 1586,2825"/>
          <TextEquiv>
            <Unicode>ليد</Unicode>
          </TextEquiv>
        </Word>
        <Word id="w216">
          <Coords points="1536,2756 1574,2756 1574,2806 1536,2806"/>
          <TextEquiv>
            <Unicode>و</Unicode>
          </TextEquiv>
        </Word>
        <Word id="w217">
          <Coords points="1458,2696 1470,2696 1470,2783 1458,2783"/>
          <TextEquiv>
            <Unicode>ا</Unicode>
          </TextEquiv>
        </Word>
        <Word id="w218">
          <Coords points="1458,2715 1526,2715 1526,2817 1458,2817"/>
          <TextEquiv>
            <Unicode>قو</Unicode>
          </TextEquiv>
        </Word>
        <Word id="w219">
          <Coords points="1423,2702 1437,2702 1437,2789 1423,2789"/>
          <TextEquiv>
            <Unicode>ا</Unicode>
          </TextEquiv>
        </Word>
        <Word id="w220">
          <Coords points="1299,2697 1404,2697 1404,2807 1299,2807"/>
          <TextEquiv>
            <Unicode>لعذ</Unicode>
          </TextEquiv>
        </Word>
        <Word id="w221">
          <Coords points="1280,2690 1300,2690 1300,2801 1280,2801"/>
          <TextEquiv>
            <Unicode>ا</Unicode>
          </TextEquiv>
        </Word>
        <Word id="w222">
          <Coords points="1172,2699 1186,2699 1186,2779 1172,2779"/>
          <TextEquiv>
            <Unicode>ا</Unicode>
          </TextEquiv>
        </Word>
        <Word id="w223">
          <Coords points="1172,2764 1275,2764 1275,2833 1172,2833"/>
          <TextEquiv>
            <Unicode>ب</Unicode>
          </TextEquiv>
        </Word>
        <Word id="w224">
          <Coords points="1106,2757 1158,2757 1158,2820 1106,2820"/>
          <TextEquiv>
            <Unicode>ن</Unicode>
          </TextEquiv>
        </Word>
        <Word id="w225">
          <Coords points="1079,2706 1094,2706 1094,2797 1079,2797"/>
          <TextEquiv>
            <Unicode>ا</Unicode>
          </TextEquiv>
        </Word>
        <Word id="w226">
          <Coords points="1002,2756 1068,2756 1068,2813 1002,2813"/>
          <TextEquiv>
            <Unicode>لله</Unicode>
          </TextEquiv>
        </Word>
        <Word id="w227">
          <Coords points="921,2709 1013,2709 1013,2822 921,2822"/>
          <TextEquiv>
            <Unicode>كا</Unicode>
          </TextEquiv>
        </Word>
        <Word id="w228">
          <Coords points="846,2769 901,2769 901,2832 846,2832"/>
          <TextEquiv>
            <Unicode>ن</Unicode>
          </TextEquiv>
        </Word>
        <Word id="w229">
          <Coords points="746,2743 849,2743 849,2856 746,2856"/>
          <TextEquiv>
            <Unicode>عز</Unicode>
          </TextEquiv>
        </Word>
        <Word id="w230">
          <Coords points="708,2704 729,2704 729,2799 708,2799"/>
          <TextEquiv>
            <Unicode>ا</Unicode>
          </TextEquiv>
        </Word>
        <Word id="w231">
          <Coords points="707,2715 766,2715 766,2830 707,2830"/>
          <TextEquiv>
            <Unicode>يز</Unicode>
          </TextEquiv>
        </Word>
        <Word id="w232">
          <Coords points="527,2689 699,2689 699,2853 527,2853"/>
          <TextEquiv>
            <Unicode>خكيما</Unicode>
          </TextEquiv>
        </Word>
        <Word id="w233">
          <Coords points="412,2802 458,2802 458,2861 412,2861"/>
          <TextEquiv>
            <Unicode>و</Unicode>
          </TextEquiv>
        </Word>
        <Word id="w234">
          <Coords points="411,2736 426,2736 426,2828 411,2828"/>
          <TextEquiv>
            <Unicode>ا</Unicode>
          </TextEquiv>
        </Word>
        <Word id="w235">
          <Coords points="337,2722 395,2722 395,2846 337,2846"/>
          <TextEquiv>
            <Unicode>لذ</Unicode>
          </TextEquiv>
        </Word>
        <Word id="w236">
          <Coords points="274,2800 342,2800 342,2878 274,2878"/>
          <TextEquiv>
            <Unicode>ين</Unicode>
          </TextEquiv>
        </Word>
        <Word id="w237">
          <Coords points="250,2748 275,2748 275,2831 250,2831"/>
          <TextEquiv>
            <Unicode>ا</Unicode>
          </TextEquiv>
        </Word>
        <Word id="w238">
          <Coords points="141,2788 277,2788 277,2882 141,2882"/>
          <TextEquiv>
            <Unicode>منو</Unicode>
          </TextEquiv>
        </Word>
        <Word id="w239">
          <Coords points="139,2753 159,2753 159,2842 139,2842"/>
          <TextEquiv>
            <Unicode>ا</Unicode>
          </TextEquiv>
        </Word>
        <Word id="w240">
          <Coords points="97,2812 145,2812 145,2870 97,2870"/>
          <TextEquiv>
            <Unicode>و</Unicode>
          </TextEquiv>
        </Word>
        <TextEquiv>
          <Unicode> ليد و ا قو ا لعذ ا ا ب ن ا لله كا ن عز ا يز خكيما و ا لذ ين ا منو ا و</Unicode>
        </TextEquiv>
      </TextLine>
      <TextLine id="l13">
        <Coords points="192,2929 1681,2929 1681,3092 192,3092"/>
        <Word id="w241">
          <Coords points="1567,2929 1590,2929 1590,3036 1567,3036"/>
          <TextEquiv>
            <Unicode>ا</Unicode>
          </TextEquiv>
        </Word>
        <Word id="w242">
          <Coords points="1561,2932 1680,2932 1680,3063 1561,3063"/>
          <TextEquiv>
            <Unicode>علمو</Unicode>
          </TextEquiv>
        </Word>
        <Word id="w243">
          <Coords points="1540,2943 1551,2943 1551,3026 1540,3026"/>
          <TextEquiv>
            <Unicode>ا</Unicode>
          </TextEquiv>
        </Word>
        <Word id="w244">
          <Coords points="1439,2945 1524,2945 1524,3042 1439,3042"/>
          <TextEquiv>
            <Unicode>لصا</Unicode>
          </TextEquiv>
        </Word>
        <Word id="w245">
          <Coords points="1359,2948 1426,2948 1426,3041 1359,3041"/>
          <TextEquiv>
            <Unicode>لحا</Unicode>
          </TextEquiv>
        </Word>
        <Word id="w246">
          <Coords points="1256,3003 1350,3003 1350,3042 1256,3042"/>
          <TextEquiv>
            <Unicode>ت</Unicode>
          </TextEquiv>
        </Word>
        <Word id="w247">
          <Coords points="1110,2950 1251,2950 1251,3091 1110,3091"/>
          <TextEquiv>
            <Unicode>سند</Unicode>
          </TextEquiv>
        </Word>
        <Word id="w248">
          <Coords points="956,2930 1117,2930 1117,3091 956,3091"/>
          <TextEquiv>
            <Unicode>خلهم</Unicode>
          </TextEquiv>
        </Word>
        <Word id="w249">
          <Coords points="856,2957 944,2957 944,3067 856,3067"/>
          <TextEquiv>
            <Unicode>جنا</Unicode>
          </TextEquiv>
        </Word>
        <Word id="w250">
          <Coords points="758,2987 850,2987 850,3078 758,3078"/>
          <TextEquiv>
            <Unicode>ت</Unicode>
          </TextEquiv>
        </Word>
        <Word id="w251">
          <Coords points="677,2958 766,2958 766,3078 677,3078"/>
          <TextEquiv>
            <Unicode>تجر</Unicode>
          </TextEquiv>
        </Word>
        <Word id="w252">
          <Coords points="614,3010 682,3010 682,3078 614,3078"/>
          <TextEquiv>
            <Unicode>ى</Unicode>
          </TextEquiv>
        </Word>
        <Word id="w253">
          <Coords points="534,3014 622,3014 622,3084 534,3084"/>
          <TextEquiv>
            <Unicode>من</Unicode>
          </TextEquiv>
        </Word>
        <Word id="w254">
          <Coords points="402,2960 538,2960 538,3084 402,3084"/>
          <TextEquiv>
            <Unicode>تحتها</Unicode>
          </TextEquiv>
        </Word>
        <Word id="w255">
          <Coords points="365,2972 384,2972 384,3060 365,3060"/>
          <TextEquiv>
            <Unicode>ا</Unicode>
          </TextEquiv>
        </Word>
        <Word id="w256">
          <Coords points="300,2976 352,2976 352,3068 300,3068"/>
          <TextEquiv>
            <Unicode>لا</Unicode>
          </TextEquiv>
        </Word>
        <Word id="w257">
          <Coords points="192,2972 287,2972 287,3085 192,3085"/>
          <TextEquiv>
            <Unicode>نها</Unicode>
          </TextEquiv>
        </Word>
        <TextEquiv>
          <Unicode> ا علمو ا لصا لحا ت سند خلهم جنا ت تجر ى من تحتها ا لا نها</Unicode>
        </TextEquiv>
      </TextLine>
    </TextRegion>
  </Page>
</PcGts>
