<?xml version='1.0' encoding='utf-8'?>
<PcGts xmlns:xsi="http://www.w3.org/2001/XMLSchema-instance" xmlns="http://schema.primaresearch.org/PAGE/gts/pagecontent/2019-07-15" xsi:schemaLocation="http://schema.primaresearch.org/PAGE/gts/pagecontent/2019-07-15 http://schema.primaresearch.org/PAGE/gts/pagecontent/2019-07-15/pagecontent.xsd" pcGtsId="pc-aletheiaexamplepage">
  <Metadata>
    <Creator>PRImA Research Lab</Creator>
    <Created>2015-07-17T15:27:13</Created>
    <LastChange>2017-07-14T10:03:33</LastChange>
    <Comments>Example Page</Comments>
  </Metadata>
  <Page imageFilename="3249138/0051-2.png" imageWidth="1737" imageHeight="3089">
    <TextRegion id="r0" type="paragraph">
      <Coords points="1,1 1735,1 1735,3087 1,3087"/>
      <TextLine id="l0">
        <Coords points="65,3 1605,3 1605,188 65,188"/>
        <Word id="w0">
          <Coords points="1565,30 1604,30 1604,128 1565,128"/>
          <TextEquiv>
            <Unicode>قا</Unicode>
          </TextEquiv>
        </Word>
        <Word id="w1">
          <Coords points="1483,4 1506,4 1506,103 1483,103"/>
          <TextEquiv>
            <Unicode>ا</Unicode>
          </TextEquiv>
        </Word>
        <Word id="w2">
          <Coords points="1483,5 1559,5 1559,132 1483,132"/>
          <TextEquiv>
            <Unicode>لو</Unicode>
          </TextEquiv>
        </Word>
        <Word id="w3">
          <Coords points="1447,3 1472,3 1472,118 1447,118"/>
          <TextEquiv>
            <Unicode>ا</Unicode>
          </TextEquiv>
        </Word>
        <Word id="w4">
          <Coords points="1358,12 1440,12 1440,132 1358,132"/>
          <TextEquiv>
            <Unicode>لم</Unicode>
          </TextEquiv>
        </Word>
        <Word id="w5">
          <Coords points="1104,22 1370,22 1370,131 1104,131"/>
          <TextEquiv>
            <Unicode>تكن</Unicode>
          </TextEquiv>
        </Word>
        <Word id="w6">
          <Coords points="1077,23 1103,23 1103,114 1077,114"/>
          <TextEquiv>
            <Unicode>ا</Unicode>
          </TextEquiv>
        </Word>
        <Word id="w7">
          <Coords points="1020,86 1071,86 1071,138 1020,138"/>
          <TextEquiv>
            <Unicode>ر</Unicode>
          </TextEquiv>
        </Word>
        <Word id="w8">
          <Coords points="940,73 1046,73 1046,163 940,163"/>
          <TextEquiv>
            <Unicode>ض</Unicode>
          </TextEquiv>
        </Word>
        <Word id="w9">
          <Coords points="915,25 938,25 938,115 915,115"/>
          <TextEquiv>
            <Unicode>ا</Unicode>
          </TextEquiv>
        </Word>
        <Word id="w10">
          <Coords points="843,75 913,75 913,140 843,140"/>
          <TextEquiv>
            <Unicode>لله</Unicode>
          </TextEquiv>
        </Word>
        <Word id="w11">
          <Coords points="759,91 817,91 817,155 759,155"/>
          <TextEquiv>
            <Unicode>و</Unicode>
          </TextEquiv>
        </Word>
        <Word id="w12">
          <Coords points="758,22 775,22 775,129 758,129"/>
          <TextEquiv>
            <Unicode>ا</Unicode>
          </TextEquiv>
        </Word>
        <Word id="w13">
          <Coords points="606,61 750,61 750,143 606,143"/>
          <TextEquiv>
            <Unicode>سعة</Unicode>
          </TextEquiv>
        </Word>
        <Word id="w14">
          <Coords points="508,47 600,47 600,187 508,187"/>
          <TextEquiv>
            <Unicode>فتها</Unicode>
          </TextEquiv>
        </Word>
        <Word id="w15">
          <Coords points="430,112 505,112 505,169 430,169"/>
          <TextEquiv>
            <Unicode>جر</Unicode>
          </TextEquiv>
        </Word>
        <Word id="w16">
          <Coords points="386,115 426,115 426,167 386,167"/>
          <TextEquiv>
            <Unicode>و</Unicode>
          </TextEquiv>
        </Word>
        <Word id="w17">
          <Coords points="379,43 399,43 399,141 379,141"/>
          <TextEquiv>
            <Unicode>ا</Unicode>
          </TextEquiv>
        </Word>
        <Word id="w18">
          <Coords points="275,59 374,59 374,177 275,177"/>
          <TextEquiv>
            <Unicode>فيها</Unicode>
          </TextEquiv>
        </Word>
        <Word id="w19">
          <Coords points="219,60 260,60 260,165 219,165"/>
          <TextEquiv>
            <Unicode>فا</Unicode>
          </TextEquiv>
        </Word>
        <Word id="w20">
          <Coords points="168,127 207,127 207,185 168,185"/>
          <TextEquiv>
            <Unicode>و</Unicode>
          </TextEquiv>
        </Word>
        <Word id="w21">
          <Coords points="65,32 216,32 216,172 65,172"/>
          <TextEquiv>
            <Unicode>لئك</Unicode>
          </TextEquiv>
        </Word>
        <TextEquiv>
          <Unicode> قا ا لو ا لم تكن ا ر ض ا لله و ا سعة فتها جر و ا فيها فا و لئك</Unicode>
        </TextEquiv>
      </TextLine>
      <TextLine id="l1">
        <Coords points="74,235 1608,235 1608,405 74,405"/>
        <Word id="w22">
          <Coords points="1550,238 1607,238 1607,335 1550,335"/>
          <TextEquiv>
            <Unicode>ما</Unicode>
          </TextEquiv>
        </Word>
        <Word id="w23">
          <Coords points="1477,298 1531,298 1531,350 1477,350"/>
          <TextEquiv>
            <Unicode>و</Unicode>
          </TextEquiv>
        </Word>
        <Word id="w24">
          <Coords points="1328,289 1484,289 1484,350 1328,350"/>
          <TextEquiv>
            <Unicode>بهم</Unicode>
          </TextEquiv>
        </Word>
        <Word id="w25">
          <Coords points="1188,279 1354,279 1354,404 1188,404"/>
          <TextEquiv>
            <Unicode>جهنم</Unicode>
          </TextEquiv>
        </Word>
        <Word id="w26">
          <Coords points="1105,306 1161,306 1161,365 1105,365"/>
          <TextEquiv>
            <Unicode>و</Unicode>
          </TextEquiv>
        </Word>
        <Word id="w27">
          <Coords points="1043,235 1119,235 1119,343 1043,343"/>
          <TextEquiv>
            <Unicode>سا</Unicode>
          </TextEquiv>
        </Word>
        <Word id="w28">
          <Coords points="919,260 1028,260 1028,357 919,357"/>
          <TextEquiv>
            <Unicode>ئت</Unicode>
          </TextEquiv>
        </Word>
        <Word id="w29">
          <Coords points="734,240 757,240 757,344 734,344"/>
          <TextEquiv>
            <Unicode>ا</Unicode>
          </TextEquiv>
        </Word>
        <Word id="w30">
          <Coords points="718,314 903,314 903,392 718,392"/>
          <TextEquiv>
            <Unicode>مصير</Unicode>
          </TextEquiv>
        </Word>
        <Word id="w31">
          <Coords points="629,263 646,263 646,348 629,348"/>
          <TextEquiv>
            <Unicode>ا</Unicode>
          </TextEquiv>
        </Word>
        <Word id="w32">
          <Coords points="558,265 616,265 616,366 558,366"/>
          <TextEquiv>
            <Unicode>لا</Unicode>
          </TextEquiv>
        </Word>
        <Word id="w33">
          <Coords points="533,262 551,262 551,365 533,365"/>
          <TextEquiv>
            <Unicode>ا</Unicode>
          </TextEquiv>
        </Word>
        <Word id="w34">
          <Coords points="159,271 528,271 528,393 159,393"/>
          <TextEquiv>
            <Unicode>لمستضعفين</Unicode>
          </TextEquiv>
        </Word>
        <Word id="w35">
          <Coords points="74,309 157,309 157,374 74,374"/>
          <TextEquiv>
            <Unicode>من</Unicode>
          </TextEquiv>
        </Word>
        <TextEquiv>
          <Unicode> ما و بهم جهنم و سا ئت ا مصير ا لا ا لمستضعفين من</Unicode>
        </TextEquiv>
      </TextLine>
      <TextLine id="l2">
        <Coords points="65,446 1612,446 1612,635 65,635"/>
        <Word id="w36">
          <Coords points="1591,446 1611,446 1611,544 1591,544"/>
          <TextEquiv>
            <Unicode>ا</Unicode>
          </TextEquiv>
        </Word>
        <Word id="w37">
          <Coords points="1525,454 1584,454 1584,572 1525,572"/>
          <TextEquiv>
            <Unicode>لر</Unicode>
          </TextEquiv>
        </Word>
        <Word id="w38">
          <Coords points="1469,447 1537,447 1537,583 1469,583"/>
          <TextEquiv>
            <Unicode>جا</Unicode>
          </TextEquiv>
        </Word>
        <Word id="w39">
          <Coords points="1391,456 1442,456 1442,585 1391,585"/>
          <TextEquiv>
            <Unicode>ل</Unicode>
          </TextEquiv>
        </Word>
        <Word id="w40">
          <Coords points="1337,525 1384,525 1384,578 1337,578"/>
          <TextEquiv>
            <Unicode>و</Unicode>
          </TextEquiv>
        </Word>
        <Word id="w41">
          <Coords points="1323,453 1340,453 1340,553 1323,553"/>
          <TextEquiv>
            <Unicode>ا</Unicode>
          </TextEquiv>
        </Word>
        <Word id="w42">
          <Coords points="1163,460 1312,460 1312,571 1163,571"/>
          <TextEquiv>
            <Unicode>لنسا</Unicode>
          </TextEquiv>
        </Word>
        <Word id="w43">
          <Coords points="1148,530 1174,530 1174,562 1148,562"/>
          <TextEquiv>
            <Unicode>ء</Unicode>
          </TextEquiv>
        </Word>
        <Word id="w44">
          <Coords points="1075,533 1119,533 1119,588 1075,588"/>
          <TextEquiv>
            <Unicode>و</Unicode>
          </TextEquiv>
        </Word>
        <Word id="w45">
          <Coords points="1060,463 1075,463 1075,560 1060,560"/>
          <TextEquiv>
            <Unicode>ا</Unicode>
          </TextEquiv>
        </Word>
        <Word id="w46">
          <Coords points="979,467 1040,467 1040,596 979,596"/>
          <TextEquiv>
            <Unicode>لو</Unicode>
          </TextEquiv>
        </Word>
        <Word id="w47">
          <Coords points="926,476 980,476 980,587 926,587"/>
          <TextEquiv>
            <Unicode>لد</Unicode>
          </TextEquiv>
        </Word>
        <Word id="w48">
          <Coords points="907,471 927,471 927,580 907,580"/>
          <TextEquiv>
            <Unicode>ا</Unicode>
          </TextEquiv>
        </Word>
        <Word id="w49">
          <Coords points="842,528 894,528 894,588 842,588"/>
          <TextEquiv>
            <Unicode>ن</Unicode>
          </TextEquiv>
        </Word>
        <Word id="w50">
          <Coords points="769,477 830,477 830,582 769,582"/>
          <TextEquiv>
            <Unicode>لا</Unicode>
          </TextEquiv>
        </Word>
        <Word id="w51">
          <Coords points="502,479 763,479 763,614 502,614"/>
          <TextEquiv>
            <Unicode>يستطيعو</Unicode>
          </TextEquiv>
        </Word>
        <Word id="w52">
          <Coords points="458,537 512,537 512,599 458,599"/>
          <TextEquiv>
            <Unicode>ن</Unicode>
          </TextEquiv>
        </Word>
        <Word id="w53">
          <Coords points="308,489 446,489 446,632 308,632"/>
          <TextEquiv>
            <Unicode>جيلة</Unicode>
          </TextEquiv>
        </Word>
        <Word id="w54">
          <Coords points="241,561 289,561 289,617 241,617"/>
          <TextEquiv>
            <Unicode>و</Unicode>
          </TextEquiv>
        </Word>
        <Word id="w55">
          <Coords points="197,491 257,491 257,598 197,598"/>
          <TextEquiv>
            <Unicode>لا</Unicode>
          </TextEquiv>
        </Word>
        <Word id="w56">
          <Coords points="113,557 215,557 215,634 113,634"/>
          <TextEquiv>
            <Unicode>يهتد</Unicode>
          </TextEquiv>
        </Word>
        <Word id="w57">
          <Coords points="73,514 122,514 122,567 73,567"/>
          <TextEquiv>
            <Unicode>ن</Unicode>
          </TextEquiv>
        </Word>
        <Word id="w58">
          <Coords points="65,572 106,572 106,618 65,618"/>
          <TextEquiv>
            <Unicode>و</Unicode>
          </TextEquiv>
        </Word>
        <TextEquiv>
          <Unicode> ا لر جا ل و ا لنسا ء و ا لو لد ا ن لا يستطيعو ن جيلة و لا يهتد ن و</Unicode>
        </TextEquiv>
      </TextLine>
      <TextLine id="l3">
        <Coords points="77,657 1619,657 1619,880 77,880"/>
        <Word id="w59">
          <Coords points="1404,684 1618,684 1618,810 1404,810"/>
          <TextEquiv>
            <Unicode>سبيلا</Unicode>
          </TextEquiv>
        </Word>
        <Word id="w60">
          <Coords points="1288,685 1327,685 1327,791 1288,791"/>
          <TextEquiv>
            <Unicode>فا</Unicode>
          </TextEquiv>
        </Word>
        <Word id="w61">
          <Coords points="1229,754 1272,754 1272,810 1229,810"/>
          <TextEquiv>
            <Unicode>و</Unicode>
          </TextEquiv>
        </Word>
        <Word id="w62">
          <Coords points="1088,657 1230,657 1230,803 1088,803"/>
          <TextEquiv>
            <Unicode>لئك</Unicode>
          </TextEquiv>
        </Word>
        <Word id="w63">
          <Coords points="948,691 965,691 965,785 948,785"/>
          <TextEquiv>
            <Unicode>ا</Unicode>
          </TextEquiv>
        </Word>
        <Word id="w64">
          <Coords points="947,747 1082,747 1082,838 947,838"/>
          <TextEquiv>
            <Unicode>عسى</Unicode>
          </TextEquiv>
        </Word>
        <Word id="w65">
          <Coords points="866,744 938,744 938,803 866,803"/>
          <TextEquiv>
            <Unicode>لله</Unicode>
          </TextEquiv>
        </Word>
        <Word id="w66">
          <Coords points="827,701 842,701 842,801 827,801"/>
          <TextEquiv>
            <Unicode>ا</Unicode>
          </TextEquiv>
        </Word>
        <Word id="w67">
          <Coords points="761,753 813,753 813,822 761,822"/>
          <TextEquiv>
            <Unicode>ن</Unicode>
          </TextEquiv>
        </Word>
        <Word id="w68">
          <Coords points="571,724 747,724 747,836 571,836"/>
          <TextEquiv>
            <Unicode>يعفو</Unicode>
          </TextEquiv>
        </Word>
        <Word id="w69">
          <Coords points="425,749 582,749 582,879 425,879"/>
          <TextEquiv>
            <Unicode>عنهم</Unicode>
          </TextEquiv>
        </Word>
        <Word id="w70">
          <Coords points="362,783 409,783 409,837 362,837"/>
          <TextEquiv>
            <Unicode>و</Unicode>
          </TextEquiv>
        </Word>
        <Word id="w71">
          <Coords points="185,717 373,717 373,824 185,824"/>
          <TextEquiv>
            <Unicode>كا</Unicode>
          </TextEquiv>
        </Word>
        <Word id="w72">
          <Coords points="135,784 182,784 182,846 135,846"/>
          <TextEquiv>
            <Unicode>ن</Unicode>
          </TextEquiv>
        </Word>
        <Word id="w73">
          <Coords points="133,711 148,711 148,815 133,815"/>
          <TextEquiv>
            <Unicode>ا</Unicode>
          </TextEquiv>
        </Word>
        <Word id="w74">
          <Coords points="77,765 134,765 134,813 77,813"/>
          <TextEquiv>
            <Unicode>لله</Unicode>
          </TextEquiv>
        </Word>
        <TextEquiv>
          <Unicode> سبيلا فا و لئك ا عسى لله ا ن يعفو عنهم و كا ن ا لله</Unicode>
        </TextEquiv>
      </TextLine>
      <TextLine id="l4">
        <Coords points="81,896 1630,896 1630,1059 81,1059"/>
        <Word id="w75">
          <Coords points="1485,932 1629,932 1629,1027 1485,1027"/>
          <TextEquiv>
            <Unicode>عفو</Unicode>
          </TextEquiv>
        </Word>
        <Word id="w76">
          <Coords points="1467,896 1484,896 1484,1000 1467,1000"/>
          <TextEquiv>
            <Unicode>ا</Unicode>
          </TextEquiv>
        </Word>
        <Word id="w77">
          <Coords points="1299,932 1458,932 1458,1034 1299,1034"/>
          <TextEquiv>
            <Unicode>غفو</Unicode>
          </TextEquiv>
        </Word>
        <Word id="w78">
          <Coords points="1254,902 1269,902 1269,997 1254,997"/>
          <TextEquiv>
            <Unicode>ا</Unicode>
          </TextEquiv>
        </Word>
        <Word id="w79">
          <Coords points="1243,976 1297,976 1297,1031 1243,1031"/>
          <TextEquiv>
            <Unicode>ر</Unicode>
          </TextEquiv>
        </Word>
        <Word id="w80">
          <Coords points="1103,969 1164,969 1164,1036 1103,1036"/>
          <TextEquiv>
            <Unicode>و</Unicode>
          </TextEquiv>
        </Word>
        <Word id="w81">
          <Coords points="1030,967 1124,967 1124,1039 1030,1039"/>
          <TextEquiv>
            <Unicode>من</Unicode>
          </TextEquiv>
        </Word>
        <Word id="w82">
          <Coords points="950,903 1023,903 1023,1046 950,1046"/>
          <TextEquiv>
            <Unicode>يها</Unicode>
          </TextEquiv>
        </Word>
        <Word id="w83">
          <Coords points="870,975 951,975 951,1033 870,1033"/>
          <TextEquiv>
            <Unicode>جر</Unicode>
          </TextEquiv>
        </Word>
        <Word id="w84">
          <Coords points="768,912 865,912 865,1023 768,1023"/>
          <TextEquiv>
            <Unicode>في</Unicode>
          </TextEquiv>
        </Word>
        <Word id="w85">
          <Coords points="567,921 752,921 752,1058 567,1058"/>
          <TextEquiv>
            <Unicode>سبيل</Unicode>
          </TextEquiv>
        </Word>
        <Word id="w86">
          <Coords points="553,928 566,928 566,1019 553,1019"/>
          <TextEquiv>
            <Unicode>ا</Unicode>
          </TextEquiv>
        </Word>
        <Word id="w87">
          <Coords points="476,978 545,978 545,1038 476,1038"/>
          <TextEquiv>
            <Unicode>لله</Unicode>
          </TextEquiv>
        </Word>
        <Word id="w88">
          <Coords points="356,971 468,971 468,1056 356,1056"/>
          <TextEquiv>
            <Unicode>يجد</Unicode>
          </TextEquiv>
        </Word>
        <Word id="w89">
          <Coords points="278,923 343,923 343,1053 278,1053"/>
          <TextEquiv>
            <Unicode>في</Unicode>
          </TextEquiv>
        </Word>
        <Word id="w90">
          <Coords points="263,931 277,931 277,1024 263,1024"/>
          <TextEquiv>
            <Unicode>ا</Unicode>
          </TextEquiv>
        </Word>
        <Word id="w91">
          <Coords points="182,945 265,945 265,1046 182,1046"/>
          <TextEquiv>
            <Unicode>لا</Unicode>
          </TextEquiv>
        </Word>
        <Word id="w92">
          <Coords points="132,991 177,991 177,1038 132,1038"/>
          <TextEquiv>
            <Unicode>ر</Unicode>
          </TextEquiv>
        </Word>
        <Word id="w93">
          <Coords points="81,953 157,953 157,1030 81,1030"/>
          <TextEquiv>
            <Unicode>ض</Unicode>
          </TextEquiv>
        </Word>
        <TextEquiv>
          <Unicode> عفو ا غفو ا ر و من يها جر في سبيل ا لله يجد في ا لا ر ض</Unicode>
        </TextEquiv>
      </TextLine>
      <TextLine id="l5">
        <Coords points="79,1121 1633,1121 1633,1305 79,1305"/>
        <Word id="w94">
          <Coords points="1555,1121 1565,1121 1565,1218 1555,1218"/>
          <TextEquiv>
            <Unicode>ا</Unicode>
          </TextEquiv>
        </Word>
        <Word id="w95">
          <Coords points="1551,1192 1632,1192 1632,1254 1551,1254"/>
          <TextEquiv>
            <Unicode>مر</Unicode>
          </TextEquiv>
        </Word>
        <Word id="w96">
          <Coords points="1446,1122 1542,1122 1542,1239 1446,1239"/>
          <TextEquiv>
            <Unicode>عما</Unicode>
          </TextEquiv>
        </Word>
        <Word id="w97">
          <Coords points="1162,1132 1180,1132 1180,1223 1162,1223"/>
          <TextEquiv>
            <Unicode>ا</Unicode>
          </TextEquiv>
        </Word>
        <Word id="w98">
          <Coords points="1143,1158 1437,1158 1437,1271 1143,1271"/>
          <TextEquiv>
            <Unicode>كثير</Unicode>
          </TextEquiv>
        </Word>
        <Word id="w99">
          <Coords points="1094,1205 1135,1205 1135,1260 1094,1260"/>
          <TextEquiv>
            <Unicode>و</Unicode>
          </TextEquiv>
        </Word>
        <Word id="w100">
          <Coords points="947,1147 1095,1147 1095,1244 947,1244"/>
          <TextEquiv>
            <Unicode>سعة</Unicode>
          </TextEquiv>
        </Word>
        <Word id="w101">
          <Coords points="870,1204 919,1204 919,1262 870,1262"/>
          <TextEquiv>
            <Unicode>و</Unicode>
          </TextEquiv>
        </Word>
        <Word id="w102">
          <Coords points="783,1194 882,1194 882,1264 783,1264"/>
          <TextEquiv>
            <Unicode>من</Unicode>
          </TextEquiv>
        </Word>
        <Word id="w103">
          <Coords points="662,1176 772,1176 772,1287 662,1287"/>
          <TextEquiv>
            <Unicode>يخر</Unicode>
          </TextEquiv>
        </Word>
        <Word id="w104">
          <Coords points="617,1201 699,1201 699,1304 617,1304"/>
          <TextEquiv>
            <Unicode>ج</Unicode>
          </TextEquiv>
        </Word>
        <Word id="w105">
          <Coords points="407,1193 608,1193 608,1302 407,1302"/>
          <TextEquiv>
            <Unicode>من</Unicode>
          </TextEquiv>
        </Word>
        <Word id="w106">
          <Coords points="377,1179 521,1179 521,1270 377,1270"/>
          <TextEquiv>
            <Unicode>بيته</Unicode>
          </TextEquiv>
        </Word>
        <Word id="w107">
          <Coords points="279,1156 356,1156 356,1294 279,1294"/>
          <TextEquiv>
            <Unicode>مها</Unicode>
          </TextEquiv>
        </Word>
        <Word id="w108">
          <Coords points="192,1228 274,1228 274,1289 192,1289"/>
          <TextEquiv>
            <Unicode>جر</Unicode>
          </TextEquiv>
        </Word>
        <Word id="w109">
          <Coords points="188,1163 203,1163 203,1260 188,1260"/>
          <TextEquiv>
            <Unicode>ا</Unicode>
          </TextEquiv>
        </Word>
        <Word id="w110">
          <Coords points="152,1166 169,1166 169,1257 152,1257"/>
          <TextEquiv>
            <Unicode>ا</Unicode>
          </TextEquiv>
        </Word>
        <Word id="w111">
          <Coords points="79,1165 147,1165 147,1290 79,1290"/>
          <TextEquiv>
            <Unicode>لى</Unicode>
          </TextEquiv>
        </Word>
        <TextEquiv>
          <Unicode> ا مر عما ا كثير و سعة و من يخر ج من بيته مها جر ا ا لى</Unicode>
        </TextEquiv>
      </TextLine>
      <TextLine id="l6">
        <Coords points="93,1347 1637,1347 1637,1543 93,1543"/>
        <Word id="w112">
          <Coords points="1625,1348 1636,1348 1636,1440 1625,1440"/>
          <TextEquiv>
            <Unicode>ا</Unicode>
          </TextEquiv>
        </Word>
        <Word id="w113">
          <Coords points="1546,1389 1616,1389 1616,1451 1546,1451"/>
          <TextEquiv>
            <Unicode>لله</Unicode>
          </TextEquiv>
        </Word>
        <Word id="w114">
          <Coords points="1485,1406 1529,1406 1529,1467 1485,1467"/>
          <TextEquiv>
            <Unicode>و</Unicode>
          </TextEquiv>
        </Word>
        <Word id="w115">
          <Coords points="1436,1415 1482,1415 1482,1467 1436,1467"/>
          <TextEquiv>
            <Unicode>ر</Unicode>
          </TextEquiv>
        </Word>
        <Word id="w116">
          <Coords points="1354,1417 1444,1417 1444,1476 1354,1476"/>
          <TextEquiv>
            <Unicode>سو</Unicode>
          </TextEquiv>
        </Word>
        <Word id="w117">
          <Coords points="1301,1347 1359,1347 1359,1457 1301,1457"/>
          <TextEquiv>
            <Unicode>له</Unicode>
          </TextEquiv>
        </Word>
        <Word id="w118">
          <Coords points="1218,1371 1280,1371 1280,1532 1218,1532"/>
          <TextEquiv>
            <Unicode>ثم</Unicode>
          </TextEquiv>
        </Word>
        <Word id="w119">
          <Coords points="1123,1406 1185,1406 1185,1507 1123,1507"/>
          <TextEquiv>
            <Unicode>يد</Unicode>
          </TextEquiv>
        </Word>
        <Word id="w120">
          <Coords points="1059,1426 1111,1426 1111,1476 1059,1476"/>
          <TextEquiv>
            <Unicode>ر</Unicode>
          </TextEquiv>
        </Word>
        <Word id="w121">
          <Coords points="870,1392 1084,1392 1084,1476 870,1476"/>
          <TextEquiv>
            <Unicode>كه</Unicode>
          </TextEquiv>
        </Word>
        <Word id="w122">
          <Coords points="833,1373 847,1373 847,1463 833,1463"/>
          <TextEquiv>
            <Unicode>ا</Unicode>
          </TextEquiv>
        </Word>
        <Word id="w123">
          <Coords points="745,1374 823,1374 823,1495 745,1495"/>
          <TextEquiv>
            <Unicode>لمو</Unicode>
          </TextEquiv>
        </Word>
        <Word id="w124">
          <Coords points="642,1433 757,1433 757,1477 642,1477"/>
          <TextEquiv>
            <Unicode>ت</Unicode>
          </TextEquiv>
        </Word>
        <Word id="w125">
          <Coords points="504,1403 628,1403 628,1484 504,1484"/>
          <TextEquiv>
            <Unicode>فقد</Unicode>
          </TextEquiv>
        </Word>
        <Word id="w126">
          <Coords points="440,1440 491,1440 491,1491 440,1491"/>
          <TextEquiv>
            <Unicode>و</Unicode>
          </TextEquiv>
        </Word>
        <Word id="w127">
          <Coords points="374,1405 448,1405 448,1542 374,1542"/>
          <TextEquiv>
            <Unicode>قع</Unicode>
          </TextEquiv>
        </Word>
        <Word id="w128">
          <Coords points="338,1376 352,1376 352,1475 338,1475"/>
          <TextEquiv>
            <Unicode>ا</Unicode>
          </TextEquiv>
        </Word>
        <Word id="w129">
          <Coords points="243,1446 338,1446 338,1511 243,1511"/>
          <TextEquiv>
            <Unicode>جر</Unicode>
          </TextEquiv>
        </Word>
        <Word id="w130">
          <Coords points="221,1450 243,1450 243,1483 221,1483"/>
          <TextEquiv>
            <Unicode>ه</Unicode>
          </TextEquiv>
        </Word>
        <Word id="w131">
          <Coords points="93,1384 187,1384 187,1511 93,1511"/>
          <TextEquiv>
            <Unicode>على</Unicode>
          </TextEquiv>
        </Word>
        <TextEquiv>
          <Unicode> ا لله و ر سو له ثم يد ر كه ا لمو ت فقد و قع ا جر ه على</Unicode>
        </TextEquiv>
      </TextLine>
      <TextLine id="l7">
        <Coords points="73,1576 1640,1576 1640,1765 73,1765"/>
        <Word id="w132">
          <Coords points="1625,1576 1639,1576 1639,1664 1625,1664"/>
          <TextEquiv>
            <Unicode>ا</Unicode>
          </TextEquiv>
        </Word>
        <Word id="w133">
          <Coords points="1545,1618 1616,1618 1616,1674 1545,1674"/>
          <TextEquiv>
            <Unicode>لله</Unicode>
          </TextEquiv>
        </Word>
        <Word id="w134">
          <Coords points="1487,1637 1530,1637 1530,1695 1487,1695"/>
          <TextEquiv>
            <Unicode>و</Unicode>
          </TextEquiv>
        </Word>
        <Word id="w135">
          <Coords points="1291,1581 1492,1581 1492,1690 1291,1690"/>
          <TextEquiv>
            <Unicode>كا</Unicode>
          </TextEquiv>
        </Word>
        <Word id="w136">
          <Coords points="1225,1638 1277,1638 1277,1699 1225,1699"/>
          <TextEquiv>
            <Unicode>ن</Unicode>
          </TextEquiv>
        </Word>
        <Word id="w137">
          <Coords points="1194,1586 1210,1586 1210,1678 1194,1678"/>
          <TextEquiv>
            <Unicode>ا</Unicode>
          </TextEquiv>
        </Word>
        <Word id="w138">
          <Coords points="1116,1632 1186,1632 1186,1688 1116,1688"/>
          <TextEquiv>
            <Unicode>لله</Unicode>
          </TextEquiv>
        </Word>
        <Word id="w139">
          <Coords points="945,1608 1105,1608 1105,1716 945,1716"/>
          <TextEquiv>
            <Unicode>غفو</Unicode>
          </TextEquiv>
        </Word>
        <Word id="w140">
          <Coords points="899,1584 915,1584 915,1681 899,1681"/>
          <TextEquiv>
            <Unicode>ا</Unicode>
          </TextEquiv>
        </Word>
        <Word id="w141">
          <Coords points="898,1662 943,1662 943,1715 898,1715"/>
          <TextEquiv>
            <Unicode>ر</Unicode>
          </TextEquiv>
        </Word>
        <Word id="w142">
          <Coords points="831,1659 885,1659 885,1708 831,1708"/>
          <TextEquiv>
            <Unicode>ر</Unicode>
          </TextEquiv>
        </Word>
        <Word id="w143">
          <Coords points="726,1587 853,1587 853,1729 726,1729"/>
          <TextEquiv>
            <Unicode>حيما</Unicode>
          </TextEquiv>
        </Word>
        <Word id="w144">
          <Coords points="599,1666 634,1666 634,1722 599,1722"/>
          <TextEquiv>
            <Unicode>و</Unicode>
          </TextEquiv>
        </Word>
        <Word id="w145">
          <Coords points="583,1598 598,1598 598,1685 583,1685"/>
          <TextEquiv>
            <Unicode>ا</Unicode>
          </TextEquiv>
        </Word>
        <Word id="w146">
          <Coords points="537,1623 574,1623 574,1708 537,1708"/>
          <TextEquiv>
            <Unicode>ذ</Unicode>
          </TextEquiv>
        </Word>
        <Word id="w147">
          <Coords points="515,1606 531,1606 531,1703 515,1703"/>
          <TextEquiv>
            <Unicode>ا</Unicode>
          </TextEquiv>
        </Word>
        <Word id="w148">
          <Coords points="408,1620 505,1620 505,1722 408,1722"/>
          <TextEquiv>
            <Unicode>ضر</Unicode>
          </TextEquiv>
        </Word>
        <Word id="w149">
          <Coords points="329,1638 409,1638 409,1764 329,1764"/>
          <TextEquiv>
            <Unicode>بتم</Unicode>
          </TextEquiv>
        </Word>
        <Word id="w150">
          <Coords points="258,1591 277,1591 277,1687 258,1687"/>
          <TextEquiv>
            <Unicode>ا</Unicode>
          </TextEquiv>
        </Word>
        <Word id="w151">
          <Coords points="254,1615 329,1615 329,1735 254,1735"/>
          <TextEquiv>
            <Unicode>في</Unicode>
          </TextEquiv>
        </Word>
        <Word id="w152">
          <Coords points="189,1602 244,1602 244,1706 189,1706"/>
          <TextEquiv>
            <Unicode>لا</Unicode>
          </TextEquiv>
        </Word>
        <Word id="w153">
          <Coords points="137,1661 180,1661 180,1707 137,1707"/>
          <TextEquiv>
            <Unicode>ر</Unicode>
          </TextEquiv>
        </Word>
        <Word id="w154">
          <Coords points="73,1621 157,1621 157,1698 73,1698"/>
          <TextEquiv>
            <Unicode>ض</Unicode>
          </TextEquiv>
        </Word>
        <TextEquiv>
          <Unicode> ا لله و كا ن ا لله غفو ا ر ر حيما و ا ذ ا ضر بتم ا في لا ر ض</Unicode>
        </TextEquiv>
      </TextLine>
      <TextLine id="l8">
        <Coords points="105,1791 1642,1791 1642,1982 105,1982"/>
        <Word id="w155">
          <Coords points="1493,1791 1641,1791 1641,1936 1493,1936"/>
          <TextEquiv>
            <Unicode>فليس</Unicode>
          </TextEquiv>
        </Word>
        <Word id="w156">
          <Coords points="1184,1802 1504,1802 1504,1919 1184,1919"/>
          <TextEquiv>
            <Unicode>عليكم</Unicode>
          </TextEquiv>
        </Word>
        <Word id="w157">
          <Coords points="1092,1796 1193,1796 1193,1911 1092,1911"/>
          <TextEquiv>
            <Unicode>جنا</Unicode>
          </TextEquiv>
        </Word>
        <Word id="w158">
          <Coords points="1019,1877 1088,1877 1088,1963 1019,1963"/>
          <TextEquiv>
            <Unicode>ح</Unicode>
          </TextEquiv>
        </Word>
        <Word id="w159">
          <Coords points="981,1808 997,1808 997,1901 981,1901"/>
          <TextEquiv>
            <Unicode>ا</Unicode>
          </TextEquiv>
        </Word>
        <Word id="w160">
          <Coords points="916,1862 969,1862 969,1928 916,1928"/>
          <TextEquiv>
            <Unicode>ن</Unicode>
          </TextEquiv>
        </Word>
        <Word id="w161">
          <Coords points="752,1817 901,1817 901,1933 752,1933"/>
          <TextEquiv>
            <Unicode>تقصر</Unicode>
          </TextEquiv>
        </Word>
        <Word id="w162">
          <Coords points="697,1880 744,1880 744,1938 697,1938"/>
          <TextEquiv>
            <Unicode>و</Unicode>
          </TextEquiv>
        </Word>
        <Word id="w163">
          <Coords points="695,1806 707,1806 707,1918 695,1918"/>
          <TextEquiv>
            <Unicode>ا</Unicode>
          </TextEquiv>
        </Word>
        <Word id="w164">
          <Coords points="578,1878 681,1878 681,1948 578,1948"/>
          <TextEquiv>
            <Unicode>من</Unicode>
          </TextEquiv>
        </Word>
        <Word id="w165">
          <Coords points="569,1812 583,1812 583,1907 569,1907"/>
          <TextEquiv>
            <Unicode>ا</Unicode>
          </TextEquiv>
        </Word>
        <Word id="w166">
          <Coords points="406,1814 551,1814 551,1939 406,1939"/>
          <TextEquiv>
            <Unicode>لصلو</Unicode>
          </TextEquiv>
        </Word>
        <Word id="w167">
          <Coords points="375,1862 401,1862 401,1924 375,1924"/>
          <TextEquiv>
            <Unicode>ة</Unicode>
          </TextEquiv>
        </Word>
        <Word id="w168">
          <Coords points="335,1825 347,1825 347,1932 335,1932"/>
          <TextEquiv>
            <Unicode>ا</Unicode>
          </TextEquiv>
        </Word>
        <Word id="w169">
          <Coords points="268,1880 321,1880 321,1947 268,1947"/>
          <TextEquiv>
            <Unicode>ن</Unicode>
          </TextEquiv>
        </Word>
        <Word id="w170">
          <Coords points="105,1825 283,1825 283,1981 105,1981"/>
          <TextEquiv>
            <Unicode>خفتم</Unicode>
          </TextEquiv>
        </Word>
        <TextEquiv>
          <Unicode> فليس عليكم جنا ح ا ن تقصر و ا من ا لصلو ة ا ن خفتم</Unicode>
        </TextEquiv>
      </TextLine>
      <TextLine id="l9">
        <Coords points="98,1989 1652,1989 1652,2195 98,2195"/>
        <Word id="w171">
          <Coords points="1638,2018 1651,2018 1651,2110 1638,2110"/>
          <TextEquiv>
            <Unicode>ا</Unicode>
          </TextEquiv>
        </Word>
        <Word id="w172">
          <Coords points="1574,2070 1625,2070 1625,2133 1574,2133"/>
          <TextEquiv>
            <Unicode>ن</Unicode>
          </TextEquiv>
        </Word>
        <Word id="w173">
          <Coords points="1341,1989 1551,1989 1551,2170 1341,2170"/>
          <TextEquiv>
            <Unicode>يفتنكم</Unicode>
          </TextEquiv>
        </Word>
        <Word id="w174">
          <Coords points="1291,2021 1312,2021 1312,2112 1291,2112"/>
          <TextEquiv>
            <Unicode>ا</Unicode>
          </TextEquiv>
        </Word>
        <Word id="w175">
          <Coords points="1220,2025 1282,2025 1282,2132 1220,2132"/>
          <TextEquiv>
            <Unicode>لذ</Unicode>
          </TextEquiv>
        </Word>
        <Word id="w176">
          <Coords points="1146,2026 1225,2026 1225,2154 1146,2154"/>
          <TextEquiv>
            <Unicode>ين</Unicode>
          </TextEquiv>
        </Word>
        <Word id="w177">
          <Coords points="886,2050 1142,2050 1142,2147 886,2147"/>
          <TextEquiv>
            <Unicode>كفر</Unicode>
          </TextEquiv>
        </Word>
        <Word id="w178">
          <Coords points="840,2101 887,2101 887,2154 840,2154"/>
          <TextEquiv>
            <Unicode>و</Unicode>
          </TextEquiv>
        </Word>
        <Word id="w179">
          <Coords points="837,2033 848,2033 848,2127 837,2127"/>
          <TextEquiv>
            <Unicode>ا</Unicode>
          </TextEquiv>
        </Word>
        <Word id="w180">
          <Coords points="794,2040 807,2040 807,2129 794,2129"/>
          <TextEquiv>
            <Unicode>ا</Unicode>
          </TextEquiv>
        </Word>
        <Word id="w181">
          <Coords points="730,2092 789,2092 789,2156 730,2156"/>
          <TextEquiv>
            <Unicode>ن</Unicode>
          </TextEquiv>
        </Word>
        <Word id="w182">
          <Coords points="710,2034 731,2034 731,2125 710,2125"/>
          <TextEquiv>
            <Unicode>ا</Unicode>
          </TextEquiv>
        </Word>
        <Word id="w183">
          <Coords points="603,2017 710,2017 710,2149 603,2149"/>
          <TextEquiv>
            <Unicode>لكا</Unicode>
          </TextEquiv>
        </Word>
        <Word id="w184">
          <Coords points="510,2062 579,2062 579,2165 510,2165"/>
          <TextEquiv>
            <Unicode>فر</Unicode>
          </TextEquiv>
        </Word>
        <Word id="w185">
          <Coords points="457,2094 523,2094 523,2160 457,2160"/>
          <TextEquiv>
            <Unicode>ين</Unicode>
          </TextEquiv>
        </Word>
        <Word id="w186">
          <Coords points="377,2037 472,2037 472,2152 377,2152"/>
          <TextEquiv>
            <Unicode>كا</Unicode>
          </TextEquiv>
        </Word>
        <Word id="w187">
          <Coords points="290,2037 308,2037 308,2146 290,2146"/>
          <TextEquiv>
            <Unicode>ا</Unicode>
          </TextEquiv>
        </Word>
        <Word id="w188">
          <Coords points="285,2068 358,2068 358,2169 285,2169"/>
          <TextEquiv>
            <Unicode>نو</Unicode>
          </TextEquiv>
        </Word>
        <Word id="w189">
          <Coords points="98,2045 276,2045 276,2194 98,2194"/>
          <TextEquiv>
            <Unicode>لكم</Unicode>
          </TextEquiv>
        </Word>
        <TextEquiv>
          <Unicode> ا ن يفتنكم ا لذ ين كفر و ا ا ن ا لكا فر ين كا ا نو لكم</Unicode>
        </TextEquiv>
      </TextLine>
      <TextLine id="l10">
        <Coords points="116,2205 1654,2205 1654,2448 116,2448"/>
        <Word id="w190">
          <Coords points="1569,2288 1653,2288 1653,2349 1569,2349"/>
          <TextEquiv>
            <Unicode>عد</Unicode>
          </TextEquiv>
        </Word>
        <Word id="w191">
          <Coords points="1508,2289 1559,2289 1559,2363 1508,2363"/>
          <TextEquiv>
            <Unicode>و</Unicode>
          </TextEquiv>
        </Word>
        <Word id="w192">
          <Coords points="1502,2237 1518,2237 1518,2335 1502,2335"/>
          <TextEquiv>
            <Unicode>ا</Unicode>
          </TextEquiv>
        </Word>
        <Word id="w193">
          <Coords points="1322,2232 1495,2232 1495,2381 1322,2381"/>
          <TextEquiv>
            <Unicode>مبينا</Unicode>
          </TextEquiv>
        </Word>
        <Word id="w194">
          <Coords points="1171,2314 1215,2314 1215,2370 1171,2370"/>
          <TextEquiv>
            <Unicode>و</Unicode>
          </TextEquiv>
        </Word>
        <Word id="w195">
          <Coords points="1164,2240 1176,2240 1176,2331 1164,2331"/>
          <TextEquiv>
            <Unicode>ا</Unicode>
          </TextEquiv>
        </Word>
        <Word id="w196">
          <Coords points="1118,2259 1157,2259 1157,2352 1118,2352"/>
          <TextEquiv>
            <Unicode>ذ</Unicode>
          </TextEquiv>
        </Word>
        <Word id="w197">
          <Coords points="1098,2245 1114,2245 1114,2351 1098,2351"/>
          <TextEquiv>
            <Unicode>ا</Unicode>
          </TextEquiv>
        </Word>
        <Word id="w198">
          <Coords points="919,2205 1139,2205 1139,2356 919,2356"/>
          <TextEquiv>
            <Unicode>كنت</Unicode>
          </TextEquiv>
        </Word>
        <Word id="w199">
          <Coords points="779,2275 910,2275 910,2421 779,2421"/>
          <TextEquiv>
            <Unicode>فيهم</Unicode>
          </TextEquiv>
        </Word>
        <Word id="w200">
          <Coords points="726,2249 769,2249 769,2361 726,2361"/>
          <TextEquiv>
            <Unicode>فا</Unicode>
          </TextEquiv>
        </Word>
        <Word id="w201">
          <Coords points="551,2258 703,2258 703,2364 551,2364"/>
          <TextEquiv>
            <Unicode>قمت</Unicode>
          </TextEquiv>
        </Word>
        <Word id="w202">
          <Coords points="467,2257 545,2257 545,2435 467,2435"/>
          <TextEquiv>
            <Unicode>لهم</Unicode>
          </TextEquiv>
        </Word>
        <Word id="w203">
          <Coords points="439,2260 463,2260 463,2354 439,2354"/>
          <TextEquiv>
            <Unicode>ا</Unicode>
          </TextEquiv>
        </Word>
        <Word id="w204">
          <Coords points="287,2265 423,2265 423,2382 287,2382"/>
          <TextEquiv>
            <Unicode>لصلو</Unicode>
          </TextEquiv>
        </Word>
        <Word id="w205">
          <Coords points="265,2316 290,2316 290,2368 265,2368"/>
          <TextEquiv>
            <Unicode>ة</Unicode>
          </TextEquiv>
        </Word>
        <Word id="w206">
          <Coords points="116,2259 263,2259 263,2447 116,2447"/>
          <TextEquiv>
            <Unicode>فلتقم</Unicode>
          </TextEquiv>
        </Word>
        <TextEquiv>
          <Unicode> عد و ا مبينا و ا ذ ا كنت فيهم فا قمت لهم ا لصلو ة فلتقم</Unicode>
        </TextEquiv>
      </TextLine>
      <TextLine id="l11">
        <Coords points="103,2453 1672,2453 1672,2645 103,2645"/>
        <Word id="w207">
          <Coords points="1602,2466 1671,2466 1671,2573 1602,2573"/>
          <TextEquiv>
            <Unicode>طا</Unicode>
          </TextEquiv>
        </Word>
        <Word id="w208">
          <Coords points="1463,2493 1584,2493 1584,2572 1463,2572"/>
          <TextEquiv>
            <Unicode>ئفة</Unicode>
          </TextEquiv>
        </Word>
        <Word id="w209">
          <Coords points="1302,2470 1440,2470 1440,2641 1302,2641"/>
          <TextEquiv>
            <Unicode>منهم</Unicode>
          </TextEquiv>
        </Word>
        <Word id="w210">
          <Coords points="1106,2453 1301,2453 1301,2578 1106,2578"/>
          <TextEquiv>
            <Unicode>معك</Unicode>
          </TextEquiv>
        </Word>
        <Word id="w211">
          <Coords points="1050,2536 1100,2536 1100,2598 1050,2598"/>
          <TextEquiv>
            <Unicode>و</Unicode>
          </TextEquiv>
        </Word>
        <Word id="w212">
          <Coords points="980,2470 1053,2470 1053,2617 980,2617"/>
          <TextEquiv>
            <Unicode>ليا</Unicode>
          </TextEquiv>
        </Word>
        <Word id="w213">
          <Coords points="866,2506 969,2506 969,2607 866,2607"/>
          <TextEquiv>
            <Unicode>خذ</Unicode>
          </TextEquiv>
        </Word>
        <Word id="w214">
          <Coords points="823,2475 836,2475 836,2570 823,2570"/>
          <TextEquiv>
            <Unicode>ا</Unicode>
          </TextEquiv>
        </Word>
        <Word id="w215">
          <Coords points="815,2528 864,2528 864,2621 815,2621"/>
          <TextEquiv>
            <Unicode>و</Unicode>
          </TextEquiv>
        </Word>
        <Word id="w216">
          <Coords points="785,2480 805,2480 805,2575 785,2575"/>
          <TextEquiv>
            <Unicode>ا</Unicode>
          </TextEquiv>
        </Word>
        <Word id="w217">
          <Coords points="557,2475 771,2475 771,2644 557,2644"/>
          <TextEquiv>
            <Unicode>سلحتهم</Unicode>
          </TextEquiv>
        </Word>
        <Word id="w218">
          <Coords points="502,2483 541,2483 541,2596 502,2596"/>
          <TextEquiv>
            <Unicode>فا</Unicode>
          </TextEquiv>
        </Word>
        <Word id="w219">
          <Coords points="444,2522 485,2522 485,2608 444,2608"/>
          <TextEquiv>
            <Unicode>ذ</Unicode>
          </TextEquiv>
        </Word>
        <Word id="w220">
          <Coords points="410,2482 433,2482 433,2593 410,2593"/>
          <TextEquiv>
            <Unicode>ا</Unicode>
          </TextEquiv>
        </Word>
        <Word id="w221">
          <Coords points="317,2493 435,2493 435,2622 317,2622"/>
          <TextEquiv>
            <Unicode>سجد</Unicode>
          </TextEquiv>
        </Word>
        <Word id="w222">
          <Coords points="266,2494 282,2494 282,2578 266,2578"/>
          <TextEquiv>
            <Unicode>ا</Unicode>
          </TextEquiv>
        </Word>
        <Word id="w223">
          <Coords points="257,2564 311,2564 311,2618 257,2618"/>
          <TextEquiv>
            <Unicode>و</Unicode>
          </TextEquiv>
        </Word>
        <Word id="w224">
          <Coords points="149,2470 265,2470 265,2618 149,2618"/>
          <TextEquiv>
            <Unicode>فليكو</Unicode>
          </TextEquiv>
        </Word>
        <Word id="w225">
          <Coords points="103,2470 159,2470 159,2643 103,2643"/>
          <TextEquiv>
            <Unicode>نو</Unicode>
          </TextEquiv>
        </Word>
        <Word id="w226">
          <Coords points="103,2497 127,2497 127,2595 103,2595"/>
          <TextEquiv>
            <Unicode>ا</Unicode>
          </TextEquiv>
        </Word>
        <TextEquiv>
          <Unicode> طا ئفة منهم معك و ليا خذ ا و ا سلحتهم فا ذ ا سجد ا و فليكو نو ا</Unicode>
        </TextEquiv>
      </TextLine>
      <TextLine id="l12">
        <Coords points="133,2680 1675,2680 1675,2849 133,2849"/>
        <Word id="w227">
          <Coords points="1587,2747 1674,2747 1674,2814 1587,2814"/>
          <TextEquiv>
            <Unicode>من</Unicode>
          </TextEquiv>
        </Word>
        <Word id="w228">
          <Coords points="1525,2755 1573,2755 1573,2806 1525,2806"/>
          <TextEquiv>
            <Unicode>و</Unicode>
          </TextEquiv>
        </Word>
        <Word id="w229">
          <Coords points="1481,2680 1494,2680 1494,2774 1481,2774"/>
          <TextEquiv>
            <Unicode>ا</Unicode>
          </TextEquiv>
        </Word>
        <Word id="w230">
          <Coords points="1479,2757 1523,2757 1523,2805 1479,2805"/>
          <TextEquiv>
            <Unicode>ر</Unicode>
          </TextEquiv>
        </Word>
        <Word id="w231">
          <Coords points="1208,2704 1464,2704 1464,2810 1208,2810"/>
          <TextEquiv>
            <Unicode>ئكم</Unicode>
          </TextEquiv>
        </Word>
        <Word id="w232">
          <Coords points="1156,2762 1198,2762 1198,2814 1156,2814"/>
          <TextEquiv>
            <Unicode>و</Unicode>
          </TextEquiv>
        </Word>
        <Word id="w233">
          <Coords points="1092,2692 1163,2692 1163,2801 1092,2801"/>
          <TextEquiv>
            <Unicode>لتا</Unicode>
          </TextEquiv>
        </Word>
        <Word id="w234">
          <Coords points="966,2755 1083,2755 1083,2800 966,2800"/>
          <TextEquiv>
            <Unicode>ت</Unicode>
          </TextEquiv>
        </Word>
        <Word id="w235">
          <Coords points="883,2697 954,2697 954,2804 883,2804"/>
          <TextEquiv>
            <Unicode>طا</Unicode>
          </TextEquiv>
        </Word>
        <Word id="w236">
          <Coords points="744,2709 870,2709 870,2809 744,2809"/>
          <TextEquiv>
            <Unicode>ئفة</Unicode>
          </TextEquiv>
        </Word>
        <Word id="w237">
          <Coords points="702,2715 714,2715 714,2816 702,2816"/>
          <TextEquiv>
            <Unicode>ا</Unicode>
          </TextEquiv>
        </Word>
        <Word id="w238">
          <Coords points="613,2722 697,2722 697,2832 613,2832"/>
          <TextEquiv>
            <Unicode>خر</Unicode>
          </TextEquiv>
        </Word>
        <Word id="w239">
          <Coords points="535,2762 625,2762 625,2834 535,2834"/>
          <TextEquiv>
            <Unicode>ى</Unicode>
          </TextEquiv>
        </Word>
        <Word id="w240">
          <Coords points="517,2689 570,2689 570,2848 517,2848"/>
          <TextEquiv>
            <Unicode>لم</Unicode>
          </TextEquiv>
        </Word>
        <Word id="w241">
          <Coords points="366,2709 513,2709 513,2836 366,2836"/>
          <TextEquiv>
            <Unicode>يصلو</Unicode>
          </TextEquiv>
        </Word>
        <Word id="w242">
          <Coords points="361,2711 384,2711 384,2809 361,2809"/>
          <TextEquiv>
            <Unicode>ا</Unicode>
          </TextEquiv>
        </Word>
        <Word id="w243">
          <Coords points="138,2716 159,2716 159,2814 138,2814"/>
          <TextEquiv>
            <Unicode>ا</Unicode>
          </TextEquiv>
        </Word>
        <Word id="w244">
          <Coords points="133,2700 345,2700 345,2846 133,2846"/>
          <TextEquiv>
            <Unicode>فليصلو</Unicode>
          </TextEquiv>
        </Word>
        <TextEquiv>
          <Unicode> من و ا ر ئكم و لتا ت طا ئفة ا خر ى لم يصلو ا ا فليصلو</Unicode>
        </TextEquiv>
      </TextLine>
      <TextLine id="l13">
        <Coords points="96,2909 1681,2909 1681,3087 96,3087"/>
        <Word id="w245">
          <Coords points="1504,2909 1680,2909 1680,3018 1504,3018"/>
          <TextEquiv>
            <Unicode>معك</Unicode>
          </TextEquiv>
        </Word>
        <Word id="w246">
          <Coords points="1432,2977 1488,2977 1488,3042 1432,3042"/>
          <TextEquiv>
            <Unicode>و</Unicode>
          </TextEquiv>
        </Word>
        <Word id="w247">
          <Coords points="1377,2918 1450,2918 1450,3059 1377,3059"/>
          <TextEquiv>
            <Unicode>ليا</Unicode>
          </TextEquiv>
        </Word>
        <Word id="w248">
          <Coords points="1267,2932 1368,2932 1368,3029 1267,3029"/>
          <TextEquiv>
            <Unicode>خذ</Unicode>
          </TextEquiv>
        </Word>
        <Word id="w249">
          <Coords points="1210,2917 1264,2917 1264,3049 1210,3049"/>
          <TextEquiv>
            <Unicode>و</Unicode>
          </TextEquiv>
        </Word>
        <Word id="w250">
          <Coords points="1103,2936 1202,2936 1202,3036 1103,3036"/>
          <TextEquiv>
            <Unicode>حذ</Unicode>
          </TextEquiv>
        </Word>
        <Word id="w251">
          <Coords points="1055,2991 1094,2991 1094,3044 1055,3044"/>
          <TextEquiv>
            <Unicode>ر</Unicode>
          </TextEquiv>
        </Word>
        <Word id="w252">
          <Coords points="988,2966 1055,2966 1055,3086 988,3086"/>
          <TextEquiv>
            <Unicode>هم</Unicode>
          </TextEquiv>
        </Word>
        <Word id="w253">
          <Coords points="913,2994 969,2994 969,3064 913,3064"/>
          <TextEquiv>
            <Unicode>و</Unicode>
          </TextEquiv>
        </Word>
        <Word id="w254">
          <Coords points="912,2916 925,2916 925,3006 912,3006"/>
          <TextEquiv>
            <Unicode>ا</Unicode>
          </TextEquiv>
        </Word>
        <Word id="w255">
          <Coords points="677,2914 909,2914 909,3077 677,3077"/>
          <TextEquiv>
            <Unicode>سلحتهم</Unicode>
          </TextEquiv>
        </Word>
        <Word id="w256">
          <Coords points="585,2989 624,2989 624,3042 585,3042"/>
          <TextEquiv>
            <Unicode>د</Unicode>
          </TextEquiv>
        </Word>
        <Word id="w257">
          <Coords points="551,2933 568,2933 568,3038 551,3038"/>
          <TextEquiv>
            <Unicode>ا</Unicode>
          </TextEquiv>
        </Word>
        <Word id="w258">
          <Coords points="476,2943 540,2943 540,3047 476,3047"/>
          <TextEquiv>
            <Unicode>لذ</Unicode>
          </TextEquiv>
        </Word>
        <Word id="w259">
          <Coords points="418,2971 485,2971 485,3075 418,3075"/>
          <TextEquiv>
            <Unicode>ين</Unicode>
          </TextEquiv>
        </Word>
        <Word id="w260">
          <Coords points="166,2925 177,2925 177,3018 166,3018"/>
          <TextEquiv>
            <Unicode>ا</Unicode>
          </TextEquiv>
        </Word>
        <Word id="w261">
          <Coords points="159,2950 439,2950 439,3065 159,3065"/>
          <TextEquiv>
            <Unicode>كفر</Unicode>
          </TextEquiv>
        </Word>
        <Word id="w262">
          <Coords points="157,2988 214,2988 214,3059 157,3059"/>
          <TextEquiv>
            <Unicode>و</Unicode>
          </TextEquiv>
        </Word>
        <Word id="w263">
          <Coords points="96,2928 158,2928 158,3054 96,3054"/>
          <TextEquiv>
            <Unicode>ل</Unicode>
          </TextEquiv>
        </Word>
        <TextEquiv>
          <Unicode> معك و ليا خذ و حذ ر هم و ا سلحتهم د ا لذ ين ا كفر و ل</Unicode>
        </TextEquiv>
      </TextLine>
    </TextRegion>
  </Page>
</PcGts>
