<?xml version='1.0' encoding='utf-8'?>
<PcGts xmlns:xsi="http://www.w3.org/2001/XMLSchema-instance" xmlns="http://schema.primaresearch.org/PAGE/gts/pagecontent/2019-07-15" xsi:schemaLocation="http://schema.primaresearch.org/PAGE/gts/pagecontent/2019-07-15 http://schema.primaresearch.org/PAGE/gts/pagecontent/2019-07-15/pagecontent.xsd" pcGtsId="pc-aletheiaexamplepage">
  <Metadata>
    <Creator>PRImA Research Lab</Creator>
    <Created>2015-07-17T15:27:13</Created>
    <LastChange>2017-07-14T10:03:33</LastChange>
    <Comments>Example Page</Comments>
  </Metadata>
  <Page imageFilename="3158466/_005-1.png" imageWidth="1336" imageHeight="2523">
    <TextRegion id="r0" type="paragraph">
      <Coords points="1,1 1334,1 1334,2521 1,2521"/>
      <TextLine id="l0">
        <Coords points="197,77 1308,77 1308,190 197,190"/>
        <Word id="w0">
          <Coords points="1296,89 1307,89 1307,150 1296,150"/>
          <TextEquiv>
            <Unicode>ا</Unicode>
          </TextEquiv>
        </Word>
        <Word id="w1">
          <Coords points="1242,125 1284,125 1284,173 1242,173"/>
          <TextEquiv>
            <Unicode> و</Unicode>
          </TextEquiv>
        </Word>
        <Word id="w2">
          <Coords points="1129,77 1240,77 1240,159 1129,159"/>
          <TextEquiv>
            <Unicode>لئك</Unicode>
          </TextEquiv>
        </Word>
        <Word id="w3">
          <Coords points="1026,86 1121,86 1121,189 1026,189"/>
          <TextEquiv>
            <Unicode>على</Unicode>
          </TextEquiv>
        </Word>
        <Word id="w4">
          <Coords points="961,106 1045,106 1045,152 961,152"/>
          <TextEquiv>
            <Unicode>هد</Unicode>
          </TextEquiv>
        </Word>
        <Word id="w5">
          <Coords points="890,105 950,105 950,158 890,158"/>
          <TextEquiv>
            <Unicode>ى</Unicode>
          </TextEquiv>
        </Word>
        <Word id="w6">
          <Coords points="796,96 875,96 875,175 796,175"/>
          <TextEquiv>
            <Unicode>من</Unicode>
          </TextEquiv>
        </Word>
        <Word id="w7">
          <Coords points="749,121 793,121 793,163 749,163"/>
          <TextEquiv>
            <Unicode>ر</Unicode>
          </TextEquiv>
        </Word>
        <Word id="w8">
          <Coords points="681,122 758,122 758,187 681,187"/>
          <TextEquiv>
            <Unicode>بهم</Unicode>
          </TextEquiv>
        </Word>
        <Word id="w9">
          <Coords points="620,122 670,122 670,170 620,170"/>
          <TextEquiv>
            <Unicode>و</Unicode>
          </TextEquiv>
        </Word>
        <Word id="w10">
          <Coords points="611,83 627,83 627,150 611,150"/>
          <TextEquiv>
            <Unicode>ا</Unicode>
          </TextEquiv>
        </Word>
        <Word id="w11">
          <Coords points="562,123 607,123 607,171 562,171"/>
          <TextEquiv>
            <Unicode>و</Unicode>
          </TextEquiv>
        </Word>
        <Word id="w12">
          <Coords points="452,91 561,91 561,153 452,153"/>
          <TextEquiv>
            <Unicode>لئك</Unicode>
          </TextEquiv>
        </Word>
        <Word id="w13">
          <Coords points="379,107 440,107 440,162 379,162"/>
          <TextEquiv>
            <Unicode>هم</Unicode>
          </TextEquiv>
        </Word>
        <Word id="w14">
          <Coords points="368,81 380,81 380,132 368,132"/>
          <TextEquiv>
            <Unicode>اس</Unicode>
          </TextEquiv>
        </Word>
        <Word id="w15">
          <Coords points="217,78 361,78 361,187 217,187"/>
          <TextEquiv>
            <Unicode>لمفلحو</Unicode>
          </TextEquiv>
        </Word>
        <Word id="w16">
          <Coords points="197,88 237,88 237,155 197,155"/>
          <TextEquiv>
            <Unicode>ن</Unicode>
          </TextEquiv>
        </Word>
        <TextEquiv>
          <Unicode> ا  و لئك على هد ى من ر بهم و ا و لئك هم اس لمفلحو ن</Unicode>
        </TextEquiv>
      </TextLine>
      <TextLine id="l1">
        <Coords points="26,206 1316,206 1316,356 26,356"/>
        <Word id="w17">
          <Coords points="1297,258 1315,258 1315,317 1297,317"/>
          <TextEquiv>
            <Unicode>ا</Unicode>
          </TextEquiv>
        </Word>
        <Word id="w18">
          <Coords points="1246,261 1287,261 1287,335 1246,335"/>
          <TextEquiv>
            <Unicode>ن</Unicode>
          </TextEquiv>
        </Word>
        <Word id="w19">
          <Coords points="1217,258 1237,258 1237,320 1217,320"/>
          <TextEquiv>
            <Unicode>ا</Unicode>
          </TextEquiv>
        </Word>
        <Word id="w20">
          <Coords points="1154,255 1210,255 1210,336 1154,336"/>
          <TextEquiv>
            <Unicode>لذ</Unicode>
          </TextEquiv>
        </Word>
        <Word id="w21">
          <Coords points="1091,243 1161,243 1161,355 1091,355"/>
          <TextEquiv>
            <Unicode>ين</Unicode>
          </TextEquiv>
        </Word>
        <Word id="w22">
          <Coords points="870,254 1105,254 1105,333 870,333"/>
          <TextEquiv>
            <Unicode>كفر</Unicode>
          </TextEquiv>
        </Word>
        <Word id="w23">
          <Coords points="836,242 851,242 851,301 836,301"/>
          <TextEquiv>
            <Unicode>ا</Unicode>
          </TextEquiv>
        </Word>
        <Word id="w24">
          <Coords points="722,283 828,283 828,330 722,330"/>
          <TextEquiv>
            <Unicode>سو</Unicode>
          </TextEquiv>
        </Word>
        <Word id="w25">
          <Coords points="721,248 734,248 734,301 721,301"/>
          <TextEquiv>
            <Unicode>ا</Unicode>
          </TextEquiv>
        </Word>
        <Word id="w26">
          <Coords points="696,282 719,282 719,304 696,304"/>
          <TextEquiv>
            <Unicode>ء</Unicode>
          </TextEquiv>
        </Word>
        <Word id="w27">
          <Coords points="504,235 676,235 676,336 504,336"/>
          <TextEquiv>
            <Unicode>عليهم</Unicode>
          </TextEquiv>
        </Word>
        <Word id="w28">
          <Coords points="475,269 499,269 499,297 475,297"/>
          <TextEquiv>
            <Unicode>ء</Unicode>
          </TextEquiv>
        </Word>
        <Word id="w29">
          <Coords points="443,242 456,242 456,294 443,294"/>
          <TextEquiv>
            <Unicode>ا</Unicode>
          </TextEquiv>
        </Word>
        <Word id="w30">
          <Coords points="386,264 437,264 437,309 386,309"/>
          <TextEquiv>
            <Unicode>ند</Unicode>
          </TextEquiv>
        </Word>
        <Word id="w31">
          <Coords points="342,273 379,273 379,315 342,315"/>
          <TextEquiv>
            <Unicode>ر</Unicode>
          </TextEquiv>
        </Word>
        <Word id="w32">
          <Coords points="276,243 341,243 341,342 276,342"/>
          <TextEquiv>
            <Unicode>تهم</Unicode>
          </TextEquiv>
        </Word>
        <Word id="w33">
          <Coords points="247,235 260,235 260,295 247,295"/>
          <TextEquiv>
            <Unicode>ا</Unicode>
          </TextEquiv>
        </Word>
        <Word id="w34">
          <Coords points="193,276 246,276 246,318 193,318"/>
          <TextEquiv>
            <Unicode>م</Unicode>
          </TextEquiv>
        </Word>
        <Word id="w35">
          <Coords points="165,222 206,222 206,315 165,315"/>
          <TextEquiv>
            <Unicode>لم</Unicode>
          </TextEquiv>
        </Word>
        <Word id="w36">
          <Coords points="79,234 164,234 164,302 79,302"/>
          <TextEquiv>
            <Unicode>تنذ</Unicode>
          </TextEquiv>
        </Word>
        <Word id="w37">
          <Coords points="49,258 80,258 80,296 49,296"/>
          <TextEquiv>
            <Unicode>ر</Unicode>
          </TextEquiv>
        </Word>
        <Word id="w38">
          <Coords points="26,206 86,206 86,267 26,267"/>
          <TextEquiv>
            <Unicode>هم</Unicode>
          </TextEquiv>
        </Word>
        <TextEquiv>
          <Unicode> ا ن ا لذ ين كفر ا سو ا ء عليهم ء ا ند ر تهم ا م لم تنذ ر هم</Unicode>
        </TextEquiv>
      </TextLine>
      <TextLine id="l2">
        <Coords points="49,383 1316,383 1316,529 49,529"/>
        <Word id="w39">
          <Coords points="1262,408 1315,408 1315,493 1262,493"/>
          <TextEquiv>
            <Unicode>لا</Unicode>
          </TextEquiv>
        </Word>
        <Word id="w40">
          <Coords points="1188,450 1207,450 1207,470 1188,470"/>
          <TextEquiv>
            <Unicode>ء</Unicode>
          </TextEquiv>
        </Word>
        <Word id="w41">
          <Coords points="1183,446 1252,446 1252,510 1183,510"/>
          <TextEquiv>
            <Unicode>يو</Unicode>
          </TextEquiv>
        </Word>
        <Word id="w42">
          <Coords points="1060,437 1173,437 1173,502 1060,502"/>
          <TextEquiv>
            <Unicode>منو</Unicode>
          </TextEquiv>
        </Word>
        <Word id="w43">
          <Coords points="1028,420 1067,420 1067,482 1028,482"/>
          <TextEquiv>
            <Unicode>ن</Unicode>
          </TextEquiv>
        </Word>
        <Word id="w44">
          <Coords points="766,415 908,415 908,480 766,480"/>
          <TextEquiv>
            <Unicode>ختم</Unicode>
          </TextEquiv>
        </Word>
        <Word id="w45">
          <Coords points="737,417 760,417 760,470 737,470"/>
          <TextEquiv>
            <Unicode>ا</Unicode>
          </TextEquiv>
        </Word>
        <Word id="w46">
          <Coords points="667,436 728,436 728,476 667,476"/>
          <TextEquiv>
            <Unicode>لله</Unicode>
          </TextEquiv>
        </Word>
        <Word id="w47">
          <Coords points="577,399 654,399 654,507 577,507"/>
          <TextEquiv>
            <Unicode>على</Unicode>
          </TextEquiv>
        </Word>
        <Word id="w48">
          <Coords points="501,407 591,407 591,528 501,528"/>
          <TextEquiv>
            <Unicode>قلو</Unicode>
          </TextEquiv>
        </Word>
        <Word id="w49">
          <Coords points="444,440 511,440 511,503 444,503"/>
          <TextEquiv>
            <Unicode>بهم</Unicode>
          </TextEquiv>
        </Word>
        <Word id="w50">
          <Coords points="372,440 427,440 427,485 372,485"/>
          <TextEquiv>
            <Unicode>و</Unicode>
          </TextEquiv>
        </Word>
        <Word id="w51">
          <Coords points="300,400 382,400 382,505 300,505"/>
          <TextEquiv>
            <Unicode>على</Unicode>
          </TextEquiv>
        </Word>
        <Word id="w52">
          <Coords points="170,426 325,426 325,509 170,509"/>
          <TextEquiv>
            <Unicode>سمعهم</Unicode>
          </TextEquiv>
        </Word>
        <Word id="w53">
          <Coords points="118,430 163,430 163,478 118,478"/>
          <TextEquiv>
            <Unicode>و</Unicode>
          </TextEquiv>
        </Word>
        <Word id="w54">
          <Coords points="49,383 135,383 135,490 49,490"/>
          <TextEquiv>
            <Unicode>على</Unicode>
          </TextEquiv>
        </Word>
        <TextEquiv>
          <Unicode> لا ء يو منو ن ختم ا لله على قلو بهم و على سمعهم و على</Unicode>
        </TextEquiv>
      </TextLine>
      <TextLine id="l3">
        <Coords points="66,562 1308,562 1308,673 66,673"/>
        <Word id="w55">
          <Coords points="1298,583 1307,583 1307,638 1298,638"/>
          <TextEquiv>
            <Unicode>ا</Unicode>
          </TextEquiv>
        </Word>
        <Word id="w56">
          <Coords points="1180,567 1285,567 1285,672 1180,672"/>
          <TextEquiv>
            <Unicode>بصا</Unicode>
          </TextEquiv>
        </Word>
        <Word id="w57">
          <Coords points="1134,615 1171,615 1171,656 1134,656"/>
          <TextEquiv>
            <Unicode>ر</Unicode>
          </TextEquiv>
        </Word>
        <Word id="w58">
          <Coords points="1075,605 1144,605 1144,666 1075,666"/>
          <TextEquiv>
            <Unicode>هم</Unicode>
          </TextEquiv>
        </Word>
        <Word id="w59">
          <Coords points="918,562 1102,562 1102,643 918,643"/>
          <TextEquiv>
            <Unicode>غشا</Unicode>
          </TextEquiv>
        </Word>
        <Word id="w60">
          <Coords points="861,599 910,599 910,656 861,656"/>
          <TextEquiv>
            <Unicode>ه</Unicode>
          </TextEquiv>
        </Word>
        <Word id="w61">
          <Coords points="791,609 841,609 841,655 791,655"/>
          <TextEquiv>
            <Unicode>و</Unicode>
          </TextEquiv>
        </Word>
        <Word id="w62">
          <Coords points="700,563 804,563 804,655 700,655"/>
          <TextEquiv>
            <Unicode>لهم</Unicode>
          </TextEquiv>
        </Word>
        <Word id="w63">
          <Coords points="612,578 696,578 696,646 612,646"/>
          <TextEquiv>
            <Unicode>عذ</Unicode>
          </TextEquiv>
        </Word>
        <Word id="w64">
          <Coords points="597,573 609,573 609,628 597,628"/>
          <TextEquiv>
            <Unicode>ا</Unicode>
          </TextEquiv>
        </Word>
        <Word id="w65">
          <Coords points="515,607 586,607 586,668 515,668"/>
          <TextEquiv>
            <Unicode>ب</Unicode>
          </TextEquiv>
        </Word>
        <Word id="w66">
          <Coords points="283,565 510,565 510,657 283,657"/>
          <TextEquiv>
            <Unicode>عظيم</Unicode>
          </TextEquiv>
        </Word>
        <Word id="w67">
          <Coords points="132,602 185,602 185,649 132,649"/>
          <TextEquiv>
            <Unicode>و</Unicode>
          </TextEquiv>
        </Word>
        <Word id="w68">
          <Coords points="66,588 147,588 147,656 66,656"/>
          <TextEquiv>
            <Unicode>من</Unicode>
          </TextEquiv>
        </Word>
        <TextEquiv>
          <Unicode> ا بصا ر هم غشا ه و لهم عذ ا ب عظيم و من</Unicode>
        </TextEquiv>
      </TextLine>
      <TextLine id="l4">
        <Coords points="32,720 1304,720 1304,838 32,838"/>
        <Word id="w69">
          <Coords points="1289,749 1303,749 1303,800 1289,800"/>
          <TextEquiv>
            <Unicode>ا</Unicode>
          </TextEquiv>
        </Word>
        <Word id="w70">
          <Coords points="1217,748 1279,748 1279,817 1217,817"/>
          <TextEquiv>
            <Unicode>لنا</Unicode>
          </TextEquiv>
        </Word>
        <Word id="w71">
          <Coords points="1137,785 1217,785 1217,837 1137,837"/>
          <TextEquiv>
            <Unicode>س</Unicode>
          </TextEquiv>
        </Word>
        <Word id="w72">
          <Coords points="1061,770 1143,770 1143,836 1061,836"/>
          <TextEquiv>
            <Unicode>من</Unicode>
          </TextEquiv>
        </Word>
        <Word id="w73">
          <Coords points="968,765 1063,765 1063,837 968,837"/>
          <TextEquiv>
            <Unicode>يقو</Unicode>
          </TextEquiv>
        </Word>
        <Word id="w74">
          <Coords points="931,735 987,735 987,822 931,822"/>
          <TextEquiv>
            <Unicode>ل</Unicode>
          </TextEquiv>
        </Word>
        <Word id="w75">
          <Coords points="893,737 918,737 918,807 893,807"/>
          <TextEquiv>
            <Unicode>ا</Unicode>
          </TextEquiv>
        </Word>
        <Word id="w76">
          <Coords points="810,730 896,730 896,825 810,825"/>
          <TextEquiv>
            <Unicode>منا</Unicode>
          </TextEquiv>
        </Word>
        <Word id="w77">
          <Coords points="767,740 797,740 797,826 767,826"/>
          <TextEquiv>
            <Unicode>با</Unicode>
          </TextEquiv>
        </Word>
        <Word id="w78">
          <Coords points="686,760 752,760 752,805 686,805"/>
          <TextEquiv>
            <Unicode>لله</Unicode>
          </TextEquiv>
        </Word>
        <Word id="w79">
          <Coords points="628,772 679,772 679,823 628,823"/>
          <TextEquiv>
            <Unicode>و</Unicode>
          </TextEquiv>
        </Word>
        <Word id="w80">
          <Coords points="595,735 629,735 629,831 595,831"/>
          <TextEquiv>
            <Unicode>با</Unicode>
          </TextEquiv>
        </Word>
        <Word id="w81">
          <Coords points="497,733 588,733 588,825 497,825"/>
          <TextEquiv>
            <Unicode>ليو</Unicode>
          </TextEquiv>
        </Word>
        <Word id="w82">
          <Coords points="467,769 512,769 512,808 467,808"/>
          <TextEquiv>
            <Unicode>م</Unicode>
          </TextEquiv>
        </Word>
        <Word id="w83">
          <Coords points="391,741 454,741 454,798 391,798"/>
          <TextEquiv>
            <Unicode>لا</Unicode>
          </TextEquiv>
        </Word>
        <Word id="w84">
          <Coords points="311,727 402,727 402,817 311,817"/>
          <TextEquiv>
            <Unicode>خر</Unicode>
          </TextEquiv>
        </Word>
        <Word id="w85">
          <Coords points="272,762 327,762 327,809 272,809"/>
          <TextEquiv>
            <Unicode>و</Unicode>
          </TextEquiv>
        </Word>
        <Word id="w86">
          <Coords points="242,720 287,720 287,792 242,792"/>
          <TextEquiv>
            <Unicode>ما</Unicode>
          </TextEquiv>
        </Word>
        <Word id="w87">
          <Coords points="32,749 220,749 220,792 32,792"/>
          <TextEquiv>
            <Unicode>هم</Unicode>
          </TextEquiv>
        </Word>
        <TextEquiv>
          <Unicode> ا لنا س من يقو ل ا منا با لله و با ليو م لا خر و ما هم</Unicode>
        </TextEquiv>
      </TextLine>
      <TextLine id="l5">
        <Coords points="45,871 1301,871 1301,1007 45,1007"/>
        <Word id="w88">
          <Coords points="1209,932 1300,932 1300,993 1209,993"/>
          <TextEquiv>
            <Unicode>بمؤ</Unicode>
          </TextEquiv>
        </Word>
        <Word id="w89">
          <Coords points="1062,933 1201,933 1201,1006 1062,1006"/>
          <TextEquiv>
            <Unicode>منين</Unicode>
          </TextEquiv>
        </Word>
        <Word id="w90">
          <Coords points="847,891 932,891 932,991 847,991"/>
          <TextEquiv>
            <Unicode>يخا</Unicode>
          </TextEquiv>
        </Word>
        <Word id="w91">
          <Coords points="810,940 841,940 841,976 810,976"/>
          <TextEquiv>
            <Unicode>د</Unicode>
          </TextEquiv>
        </Word>
        <Word id="w92">
          <Coords points="703,930 805,930 805,990 703,990"/>
          <TextEquiv>
            <Unicode>عو</Unicode>
          </TextEquiv>
        </Word>
        <Word id="w93">
          <Coords points="670,913 712,913 712,978 670,978"/>
          <TextEquiv>
            <Unicode>ن</Unicode>
          </TextEquiv>
        </Word>
        <Word id="w94">
          <Coords points="643,911 653,911 653,966 643,966"/>
          <TextEquiv>
            <Unicode>ا</Unicode>
          </TextEquiv>
        </Word>
        <Word id="w95">
          <Coords points="561,929 623,929 623,966 561,966"/>
          <TextEquiv>
            <Unicode>لله</Unicode>
          </TextEquiv>
        </Word>
        <Word id="w96">
          <Coords points="491,904 502,904 502,954 491,954"/>
          <TextEquiv>
            <Unicode>ا</Unicode>
          </TextEquiv>
        </Word>
        <Word id="w97">
          <Coords points="489,934 540,934 540,979 489,979"/>
          <TextEquiv>
            <Unicode>و</Unicode>
          </TextEquiv>
        </Word>
        <Word id="w98">
          <Coords points="430,888 481,888 481,967 430,967"/>
          <TextEquiv>
            <Unicode>لذ</Unicode>
          </TextEquiv>
        </Word>
        <Word id="w99">
          <Coords points="372,916 433,916 433,981 372,981"/>
          <TextEquiv>
            <Unicode>ين</Unicode>
          </TextEquiv>
        </Word>
        <Word id="w100">
          <Coords points="342,905 352,905 352,960 342,960"/>
          <TextEquiv>
            <Unicode>ا</Unicode>
          </TextEquiv>
        </Word>
        <Word id="w101">
          <Coords points="227,891 236,891 236,954 227,954"/>
          <TextEquiv>
            <Unicode>ا</Unicode>
          </TextEquiv>
        </Word>
        <Word id="w102">
          <Coords points="226,917 336,917 336,978 226,978"/>
          <TextEquiv>
            <Unicode>منو</Unicode>
          </TextEquiv>
        </Word>
        <Word id="w103">
          <Coords points="147,926 206,926 206,972 147,972"/>
          <TextEquiv>
            <Unicode>و</Unicode>
          </TextEquiv>
        </Word>
        <Word id="w104">
          <Coords points="45,871 168,871 168,956 45,956"/>
          <TextEquiv>
            <Unicode>ما</Unicode>
          </TextEquiv>
        </Word>
        <TextEquiv>
          <Unicode> بمؤ منين يخا د عو ن ا لله ا و لذ ين ا ا منو و ما</Unicode>
        </TextEquiv>
      </TextLine>
      <TextLine id="l6">
        <Coords points="23,1054 1299,1054 1299,1163 23,1163"/>
        <Word id="w105">
          <Coords points="1196,1089 1298,1089 1298,1154 1196,1154"/>
          <TextEquiv>
            <Unicode>يخد</Unicode>
          </TextEquiv>
        </Word>
        <Word id="w106">
          <Coords points="1099,1098 1198,1098 1198,1162 1099,1162"/>
          <TextEquiv>
            <Unicode>عو</Unicode>
          </TextEquiv>
        </Word>
        <Word id="w107">
          <Coords points="1056,1083 1107,1083 1107,1151 1056,1151"/>
          <TextEquiv>
            <Unicode>ن</Unicode>
          </TextEquiv>
        </Word>
        <Word id="w108">
          <Coords points="1036,1080 1046,1080 1046,1144 1036,1144"/>
          <TextEquiv>
            <Unicode>ا</Unicode>
          </TextEquiv>
        </Word>
        <Word id="w109">
          <Coords points="978,1079 1035,1079 1035,1153 978,1153"/>
          <TextEquiv>
            <Unicode>لا</Unicode>
          </TextEquiv>
        </Word>
        <Word id="w110">
          <Coords points="956,1087 966,1087 966,1136 956,1136"/>
          <TextEquiv>
            <Unicode>ا</Unicode>
          </TextEquiv>
        </Word>
        <Word id="w111">
          <Coords points="757,1077 937,1077 937,1152 757,1152"/>
          <TextEquiv>
            <Unicode>نفسهم</Unicode>
          </TextEquiv>
        </Word>
        <Word id="w112">
          <Coords points="703,1108 757,1108 757,1160 703,1160"/>
          <TextEquiv>
            <Unicode>و</Unicode>
          </TextEquiv>
        </Word>
        <Word id="w113">
          <Coords points="660,1060 715,1060 715,1134 660,1134"/>
          <TextEquiv>
            <Unicode>ما</Unicode>
          </TextEquiv>
        </Word>
        <Word id="w114">
          <Coords points="488,1089 654,1089 654,1156 488,1156"/>
          <TextEquiv>
            <Unicode>يشع</Unicode>
          </TextEquiv>
        </Word>
        <Word id="w115">
          <Coords points="461,1091 507,1091 507,1138 461,1138"/>
          <TextEquiv>
            <Unicode>و</Unicode>
          </TextEquiv>
        </Word>
        <Word id="w116">
          <Coords points="417,1070 458,1070 458,1140 417,1140"/>
          <TextEquiv>
            <Unicode>ن</Unicode>
          </TextEquiv>
        </Word>
        <Word id="w117">
          <Coords points="226,1056 323,1056 323,1144 226,1144"/>
          <TextEquiv>
            <Unicode>في</Unicode>
          </TextEquiv>
        </Word>
        <Word id="w118">
          <Coords points="112,1054 213,1054 213,1151 112,1151"/>
          <TextEquiv>
            <Unicode>قلو</Unicode>
          </TextEquiv>
        </Word>
        <Word id="w119">
          <Coords points="23,1083 132,1083 132,1160 23,1160"/>
          <TextEquiv>
            <Unicode>بهم</Unicode>
          </TextEquiv>
        </Word>
        <TextEquiv>
          <Unicode> يخد عو ن ا لا ا نفسهم و ما يشع و ن في قلو بهم</Unicode>
        </TextEquiv>
      </TextLine>
      <TextLine id="l7">
        <Coords points="68,1215 1299,1215 1299,1337 68,1337"/>
        <Word id="w120">
          <Coords points="1224,1281 1298,1281 1298,1336 1224,1336"/>
          <TextEquiv>
            <Unicode>مر</Unicode>
          </TextEquiv>
        </Word>
        <Word id="w121">
          <Coords points="1160,1280 1250,1280 1250,1334 1160,1334"/>
          <TextEquiv>
            <Unicode>ض</Unicode>
          </TextEquiv>
        </Word>
        <Word id="w122">
          <Coords points="1098,1275 1156,1275 1156,1335 1098,1335"/>
          <TextEquiv>
            <Unicode>فر</Unicode>
          </TextEquiv>
        </Word>
        <Word id="w123">
          <Coords points="1093,1248 1108,1248 1108,1306 1093,1306"/>
          <TextEquiv>
            <Unicode>ا</Unicode>
          </TextEquiv>
        </Word>
        <Word id="w124">
          <Coords points="1051,1279 1084,1279 1084,1315 1051,1315"/>
          <TextEquiv>
            <Unicode>د</Unicode>
          </TextEquiv>
        </Word>
        <Word id="w125">
          <Coords points="966,1271 1048,1271 1048,1334 966,1334"/>
          <TextEquiv>
            <Unicode>هم</Unicode>
          </TextEquiv>
        </Word>
        <Word id="w126">
          <Coords points="965,1250 980,1250 980,1312 965,1312"/>
          <TextEquiv>
            <Unicode>ا</Unicode>
          </TextEquiv>
        </Word>
        <Word id="w127">
          <Coords points="890,1264 956,1264 956,1311 890,1311"/>
          <TextEquiv>
            <Unicode>لله</Unicode>
          </TextEquiv>
        </Word>
        <Word id="w128">
          <Coords points="802,1263 882,1263 882,1329 802,1329"/>
          <TextEquiv>
            <Unicode>مر</Unicode>
          </TextEquiv>
        </Word>
        <Word id="w129">
          <Coords points="726,1221 817,1221 817,1299 726,1299"/>
          <TextEquiv>
            <Unicode>ضال</Unicode>
          </TextEquiv>
        </Word>
        <Word id="w130">
          <Coords points="673,1267 738,1267 738,1319 673,1319"/>
          <TextEquiv>
            <Unicode>و</Unicode>
          </TextEquiv>
        </Word>
        <Word id="w131">
          <Coords points="584,1218 685,1218 685,1311 584,1311"/>
          <TextEquiv>
            <Unicode>لهم</Unicode>
          </TextEquiv>
        </Word>
        <Word id="w132">
          <Coords points="490,1236 570,1236 570,1307 490,1307"/>
          <TextEquiv>
            <Unicode>عذ</Unicode>
          </TextEquiv>
        </Word>
        <Word id="w133">
          <Coords points="479,1238 488,1238 488,1292 479,1292"/>
          <TextEquiv>
            <Unicode>ا</Unicode>
          </TextEquiv>
        </Word>
        <Word id="w134">
          <Coords points="398,1270 469,1270 469,1333 398,1333"/>
          <TextEquiv>
            <Unicode>ب</Unicode>
          </TextEquiv>
        </Word>
        <Word id="w135">
          <Coords points="374,1229 387,1229 387,1290 374,1290"/>
          <TextEquiv>
            <Unicode>ا</Unicode>
          </TextEquiv>
        </Word>
        <Word id="w136">
          <Coords points="245,1225 366,1225 366,1322 245,1322"/>
          <TextEquiv>
            <Unicode>ليم</Unicode>
          </TextEquiv>
        </Word>
        <Word id="w137">
          <Coords points="68,1215 125,1215 125,1309 68,1309"/>
          <TextEquiv>
            <Unicode>بما</Unicode>
          </TextEquiv>
        </Word>
        <TextEquiv>
          <Unicode> مر ض فر ا د هم ا لله مر ضال و لهم عذ ا ب ا ليم بما</Unicode>
        </TextEquiv>
      </TextLine>
      <TextLine id="l8">
        <Coords points="37,1350 1303,1350 1303,1507 37,1507"/>
        <Word id="w138">
          <Coords points="1115,1405 1302,1405 1302,1480 1115,1480"/>
          <TextEquiv>
            <Unicode>كا</Unicode>
          </TextEquiv>
        </Word>
        <Word id="w139">
          <Coords points="1043,1409 1100,1409 1100,1489 1043,1489"/>
          <TextEquiv>
            <Unicode>نو</Unicode>
          </TextEquiv>
        </Word>
        <Word id="w140">
          <Coords points="1032,1410 1045,1410 1045,1464 1032,1464"/>
          <TextEquiv>
            <Unicode>ا</Unicode>
          </TextEquiv>
        </Word>
        <Word id="w141">
          <Coords points="938,1350 1061,1350 1061,1489 938,1489"/>
          <TextEquiv>
            <Unicode>يكذ</Unicode>
          </TextEquiv>
        </Word>
        <Word id="w142">
          <Coords points="872,1431 941,1431 941,1506 872,1506"/>
          <TextEquiv>
            <Unicode>بو</Unicode>
          </TextEquiv>
        </Word>
        <Word id="w143">
          <Coords points="835,1404 875,1404 875,1476 835,1476"/>
          <TextEquiv>
            <Unicode>ن</Unicode>
          </TextEquiv>
        </Word>
        <Word id="w144">
          <Coords points="661,1436 708,1436 708,1482 661,1482"/>
          <TextEquiv>
            <Unicode>و</Unicode>
          </TextEquiv>
        </Word>
        <Word id="w145">
          <Coords points="616,1398 648,1398 648,1466 616,1466"/>
          <TextEquiv>
            <Unicode>ذ</Unicode>
          </TextEquiv>
        </Word>
        <Word id="w146">
          <Coords points="593,1400 608,1400 608,1455 593,1455"/>
          <TextEquiv>
            <Unicode>ا</Unicode>
          </TextEquiv>
        </Word>
        <Word id="w147">
          <Coords points="487,1391 583,1391 583,1487 487,1487"/>
          <TextEquiv>
            <Unicode>قيل</Unicode>
          </TextEquiv>
        </Word>
        <Word id="w148">
          <Coords points="393,1384 493,1384 493,1473 393,1473"/>
          <TextEquiv>
            <Unicode>لهم</Unicode>
          </TextEquiv>
        </Word>
        <Word id="w149">
          <Coords points="339,1402 380,1402 380,1467 339,1467"/>
          <TextEquiv>
            <Unicode>لا</Unicode>
          </TextEquiv>
        </Word>
        <Word id="w150">
          <Coords points="183,1409 334,1409 334,1465 183,1465"/>
          <TextEquiv>
            <Unicode>تفسد</Unicode>
          </TextEquiv>
        </Word>
        <Word id="w151">
          <Coords points="128,1388 139,1388 139,1443 128,1443"/>
          <TextEquiv>
            <Unicode>ا</Unicode>
          </TextEquiv>
        </Word>
        <Word id="w152">
          <Coords points="122,1426 177,1426 177,1474 122,1474"/>
          <TextEquiv>
            <Unicode>و</Unicode>
          </TextEquiv>
        </Word>
        <Word id="w153">
          <Coords points="37,1362 125,1362 125,1456 37,1456"/>
          <TextEquiv>
            <Unicode>فى</Unicode>
          </TextEquiv>
        </Word>
        <TextEquiv>
          <Unicode> كا نو ا يكذ بو ن و ذ ا قيل لهم لا تفسد ا و فى</Unicode>
        </TextEquiv>
      </TextLine>
      <TextLine id="l9">
        <Coords points="36,1551 1298,1551 1298,1686 36,1686"/>
        <Word id="w154">
          <Coords points="1289,1584 1297,1584 1297,1633 1289,1633"/>
          <TextEquiv>
            <Unicode>ا</Unicode>
          </TextEquiv>
        </Word>
        <Word id="w155">
          <Coords points="1229,1579 1271,1579 1271,1645 1229,1645"/>
          <TextEquiv>
            <Unicode>لا</Unicode>
          </TextEquiv>
        </Word>
        <Word id="w156">
          <Coords points="1162,1600 1233,1600 1233,1658 1162,1658"/>
          <TextEquiv>
            <Unicode>ر</Unicode>
          </TextEquiv>
        </Word>
        <Word id="w157">
          <Coords points="1109,1588 1193,1588 1193,1685 1109,1685"/>
          <TextEquiv>
            <Unicode>ص</Unicode>
          </TextEquiv>
        </Word>
        <Word id="w158">
          <Coords points="1055,1569 1104,1569 1104,1638 1055,1638"/>
          <TextEquiv>
            <Unicode>قا</Unicode>
          </TextEquiv>
        </Word>
        <Word id="w159">
          <Coords points="971,1573 985,1573 985,1631 971,1631"/>
          <TextEquiv>
            <Unicode>ا</Unicode>
          </TextEquiv>
        </Word>
        <Word id="w160">
          <Coords points="970,1566 1035,1566 1035,1659 970,1659"/>
          <TextEquiv>
            <Unicode>لو</Unicode>
          </TextEquiv>
        </Word>
        <Word id="w161">
          <Coords points="939,1570 952,1570 952,1621 939,1621"/>
          <TextEquiv>
            <Unicode>ا</Unicode>
          </TextEquiv>
        </Word>
        <Word id="w162">
          <Coords points="881,1559 923,1559 923,1629 881,1629"/>
          <TextEquiv>
            <Unicode>نما</Unicode>
          </TextEquiv>
        </Word>
        <Word id="w163">
          <Coords points="760,1573 867,1573 867,1653 760,1653"/>
          <TextEquiv>
            <Unicode>نحن</Unicode>
          </TextEquiv>
        </Word>
        <Word id="w164">
          <Coords points="570,1551 757,1551 757,1662 570,1662"/>
          <TextEquiv>
            <Unicode>مصلحو</Unicode>
          </TextEquiv>
        </Word>
        <Word id="w165">
          <Coords points="542,1578 583,1578 583,1637 542,1637"/>
          <TextEquiv>
            <Unicode>ن</Unicode>
          </TextEquiv>
        </Word>
        <Word id="w166">
          <Coords points="408,1566 416,1566 416,1610 408,1610"/>
          <TextEquiv>
            <Unicode>ا</Unicode>
          </TextEquiv>
        </Word>
        <Word id="w167">
          <Coords points="341,1561 382,1561 382,1625 341,1625"/>
          <TextEquiv>
            <Unicode>لا</Unicode>
          </TextEquiv>
        </Word>
        <Word id="w168">
          <Coords points="316,1567 326,1567 326,1614 316,1614"/>
          <TextEquiv>
            <Unicode>ا</Unicode>
          </TextEquiv>
        </Word>
        <Word id="w169">
          <Coords points="158,1558 305,1558 305,1637 158,1637"/>
          <TextEquiv>
            <Unicode>نهم</Unicode>
          </TextEquiv>
        </Word>
        <Word id="w170">
          <Coords points="36,1575 159,1575 159,1652 36,1652"/>
          <TextEquiv>
            <Unicode>هم</Unicode>
          </TextEquiv>
        </Word>
        <TextEquiv>
          <Unicode> ا لا ر ص قا ا لو ا نما نحن مصلحو ن ا لا ا نهم هم</Unicode>
        </TextEquiv>
      </TextLine>
      <TextLine id="l10">
        <Coords points="52,1688 1287,1688 1287,1822 52,1822"/>
        <Word id="w171">
          <Coords points="1279,1750 1286,1750 1286,1787 1279,1787"/>
          <TextEquiv>
            <Unicode>ا</Unicode>
          </TextEquiv>
        </Word>
        <Word id="w172">
          <Coords points="1085,1736 1268,1736 1268,1809 1085,1809"/>
          <TextEquiv>
            <Unicode>لمفسد</Unicode>
          </TextEquiv>
        </Word>
        <Word id="w173">
          <Coords points="1029,1772 1077,1772 1077,1817 1029,1817"/>
          <TextEquiv>
            <Unicode>و</Unicode>
          </TextEquiv>
        </Word>
        <Word id="w174">
          <Coords points="990,1737 1031,1737 1031,1807 990,1807"/>
          <TextEquiv>
            <Unicode>ن</Unicode>
          </TextEquiv>
        </Word>
        <Word id="w175">
          <Coords points="933,1770 979,1770 979,1818 933,1818"/>
          <TextEquiv>
            <Unicode>و</Unicode>
          </TextEquiv>
        </Word>
        <Word id="w176">
          <Coords points="828,1688 954,1688 954,1819 828,1819"/>
          <TextEquiv>
            <Unicode>لكن</Unicode>
          </TextEquiv>
        </Word>
        <Word id="w177">
          <Coords points="776,1738 822,1738 822,1806 776,1806"/>
          <TextEquiv>
            <Unicode>لا</Unicode>
          </TextEquiv>
        </Word>
        <Word id="w178">
          <Coords points="611,1751 796,1751 796,1821 611,1821"/>
          <TextEquiv>
            <Unicode>يشعر</Unicode>
          </TextEquiv>
        </Word>
        <Word id="w179">
          <Coords points="582,1751 633,1751 633,1815 582,1815"/>
          <TextEquiv>
            <Unicode>و</Unicode>
          </TextEquiv>
        </Word>
        <Word id="w180">
          <Coords points="546,1736 589,1736 589,1800 546,1800"/>
          <TextEquiv>
            <Unicode>ن</Unicode>
          </TextEquiv>
        </Word>
        <Word id="w181">
          <Coords points="380,1760 432,1760 432,1810 380,1810"/>
          <TextEquiv>
            <Unicode>و</Unicode>
          </TextEquiv>
        </Word>
        <Word id="w182">
          <Coords points="376,1724 390,1724 390,1777 376,1777"/>
          <TextEquiv>
            <Unicode>ن</Unicode>
          </TextEquiv>
        </Word>
        <Word id="w183">
          <Coords points="324,1730 365,1730 365,1791 324,1791"/>
          <TextEquiv>
            <Unicode>ذ</Unicode>
          </TextEquiv>
        </Word>
        <Word id="w184">
          <Coords points="303,1726 318,1726 318,1782 303,1782"/>
          <TextEquiv>
            <Unicode>ا</Unicode>
          </TextEquiv>
        </Word>
        <Word id="w185">
          <Coords points="202,1727 299,1727 299,1817 202,1817"/>
          <TextEquiv>
            <Unicode>قيل</Unicode>
          </TextEquiv>
        </Word>
        <Word id="w186">
          <Coords points="52,1720 207,1720 207,1791 52,1791"/>
          <TextEquiv>
            <Unicode>لهم</Unicode>
          </TextEquiv>
        </Word>
        <TextEquiv>
          <Unicode> ا لمفسد و ن و لكن لا يشعر و ن و ن ذ ا قيل لهم</Unicode>
        </TextEquiv>
      </TextLine>
      <TextLine id="l11">
        <Coords points="37,1867 1301,1867 1301,2001 37,2001"/>
        <Word id="w187">
          <Coords points="1273,1867 1300,1867 1300,1952 1273,1952"/>
          <TextEquiv>
            <Unicode>ا</Unicode>
          </TextEquiv>
        </Word>
        <Word id="w188">
          <Coords points="1176,1916 1276,1916 1276,1986 1176,1986"/>
          <TextEquiv>
            <Unicode>منو</Unicode>
          </TextEquiv>
        </Word>
        <Word id="w189">
          <Coords points="1169,1901 1182,1901 1182,1955 1169,1955"/>
          <TextEquiv>
            <Unicode>ا</Unicode>
          </TextEquiv>
        </Word>
        <Word id="w190">
          <Coords points="1103,1882 1159,1882 1159,1971 1103,1971"/>
          <TextEquiv>
            <Unicode>كما</Unicode>
          </TextEquiv>
        </Word>
        <Word id="w191">
          <Coords points="1073,1895 1083,1895 1083,1948 1073,1948"/>
          <TextEquiv>
            <Unicode>ا</Unicode>
          </TextEquiv>
        </Word>
        <Word id="w192">
          <Coords points="975,1887 989,1887 989,1944 975,1944"/>
          <TextEquiv>
            <Unicode>ا</Unicode>
          </TextEquiv>
        </Word>
        <Word id="w193">
          <Coords points="848,1885 967,1885 967,1960 848,1960"/>
          <TextEquiv>
            <Unicode>لنا</Unicode>
          </TextEquiv>
        </Word>
        <Word id="w194">
          <Coords points="841,1921 1064,1921 1064,2000 841,2000"/>
          <TextEquiv>
            <Unicode>من</Unicode>
          </TextEquiv>
        </Word>
        <Word id="w195">
          <Coords points="771,1928 843,1928 843,1980 771,1980"/>
          <TextEquiv>
            <Unicode>س</Unicode>
          </TextEquiv>
        </Word>
        <Word id="w196">
          <Coords points="724,1892 767,1892 767,1958 724,1958"/>
          <TextEquiv>
            <Unicode>قا</Unicode>
          </TextEquiv>
        </Word>
        <Word id="w197">
          <Coords points="639,1886 701,1886 701,1974 639,1974"/>
          <TextEquiv>
            <Unicode>لو</Unicode>
          </TextEquiv>
        </Word>
        <Word id="w198">
          <Coords points="628,1896 642,1896 642,1952 628,1952"/>
          <TextEquiv>
            <Unicode>ا</Unicode>
          </TextEquiv>
        </Word>
        <Word id="w199">
          <Coords points="594,1889 604,1889 604,1943 594,1943"/>
          <TextEquiv>
            <Unicode>ا</Unicode>
          </TextEquiv>
        </Word>
        <Word id="w200">
          <Coords points="516,1917 578,1917 578,1977 516,1977"/>
          <TextEquiv>
            <Unicode>نو</Unicode>
          </TextEquiv>
        </Word>
        <Word id="w201">
          <Coords points="421,1918 499,1918 499,1981 421,1981"/>
          <TextEquiv>
            <Unicode>من</Unicode>
          </TextEquiv>
        </Word>
        <Word id="w202">
          <Coords points="195,1878 432,1878 432,1958 195,1958"/>
          <TextEquiv>
            <Unicode>كما</Unicode>
          </TextEquiv>
        </Word>
        <Word id="w203">
          <Coords points="172,1890 185,1890 185,1942 172,1942"/>
          <TextEquiv>
            <Unicode>ا</Unicode>
          </TextEquiv>
        </Word>
        <Word id="w204">
          <Coords points="37,1920 166,1920 166,1976 37,1976"/>
          <TextEquiv>
            <Unicode>من</Unicode>
          </TextEquiv>
        </Word>
        <TextEquiv>
          <Unicode> ا منو ا كما ا ا لنا من س قا لو ا ا نو من كما ا من</Unicode>
        </TextEquiv>
      </TextLine>
      <TextLine id="l12">
        <Coords points="138,2009 1292,2009 1292,2154 138,2154"/>
        <Word id="w205">
          <Coords points="1285,2068 1291,2068 1291,2118 1285,2118"/>
          <TextEquiv>
            <Unicode>ا</Unicode>
          </TextEquiv>
        </Word>
        <Word id="w206">
          <Coords points="1080,2036 1273,2036 1273,2129 1080,2129"/>
          <TextEquiv>
            <Unicode>لسفها</Unicode>
          </TextEquiv>
        </Word>
        <Word id="w207">
          <Coords points="1053,2094 1068,2094 1068,2115 1053,2115"/>
          <TextEquiv>
            <Unicode>ء</Unicode>
          </TextEquiv>
        </Word>
        <Word id="w208">
          <Coords points="1004,2063 1013,2063 1013,2106 1004,2106"/>
          <TextEquiv>
            <Unicode>ا</Unicode>
          </TextEquiv>
        </Word>
        <Word id="w209">
          <Coords points="932,2061 983,2061 983,2130 932,2130"/>
          <TextEquiv>
            <Unicode>لا</Unicode>
          </TextEquiv>
        </Word>
        <Word id="w210">
          <Coords points="913,2062 923,2062 923,2110 913,2110"/>
          <TextEquiv>
            <Unicode>ا</Unicode>
          </TextEquiv>
        </Word>
        <Word id="w211">
          <Coords points="815,2058 896,2058 896,2152 815,2152"/>
          <TextEquiv>
            <Unicode>نهم</Unicode>
          </TextEquiv>
        </Word>
        <Word id="w212">
          <Coords points="751,2082 816,2082 816,2140 751,2140"/>
          <TextEquiv>
            <Unicode>هم</Unicode>
          </TextEquiv>
        </Word>
        <Word id="w213">
          <Coords points="732,2063 749,2063 749,2118 732,2118"/>
          <TextEquiv>
            <Unicode>ا</Unicode>
          </TextEquiv>
        </Word>
        <Word id="w214">
          <Coords points="546,2036 718,2036 718,2145 546,2145"/>
          <TextEquiv>
            <Unicode>لسفها</Unicode>
          </TextEquiv>
        </Word>
        <Word id="w215">
          <Coords points="510,2092 535,2092 535,2116 510,2116"/>
          <TextEquiv>
            <Unicode>ء</Unicode>
          </TextEquiv>
        </Word>
        <Word id="w216">
          <Coords points="449,2091 490,2091 490,2138 449,2138"/>
          <TextEquiv>
            <Unicode>و</Unicode>
          </TextEquiv>
        </Word>
        <Word id="w217">
          <Coords points="337,2009 457,2009 457,2144 337,2144"/>
          <TextEquiv>
            <Unicode>لكن</Unicode>
          </TextEquiv>
        </Word>
        <Word id="w218">
          <Coords points="283,2051 336,2051 336,2129 283,2129"/>
          <TextEquiv>
            <Unicode>لا</Unicode>
          </TextEquiv>
        </Word>
        <Word id="w219">
          <Coords points="162,2050 281,2050 281,2153 162,2153"/>
          <TextEquiv>
            <Unicode>يعلمو</Unicode>
          </TextEquiv>
        </Word>
        <Word id="w220">
          <Coords points="138,2057 177,2057 177,2128 138,2128"/>
          <TextEquiv>
            <Unicode>ن</Unicode>
          </TextEquiv>
        </Word>
        <TextEquiv>
          <Unicode> ا لسفها ء ا لا ا نهم هم ا لسفها ء و لكن لا يعلمو ن</Unicode>
        </TextEquiv>
      </TextLine>
      <TextLine id="l13">
        <Coords points="6,2206 1300,2206 1300,2333 6,2333"/>
        <Word id="w221">
          <Coords points="1257,2254 1299,2254 1299,2305 1257,2305"/>
          <TextEquiv>
            <Unicode>و</Unicode>
          </TextEquiv>
        </Word>
        <Word id="w222">
          <Coords points="1246,2224 1267,2224 1267,2277 1246,2277"/>
          <TextEquiv>
            <Unicode>ا</Unicode>
          </TextEquiv>
        </Word>
        <Word id="w223">
          <Coords points="1210,2222 1247,2222 1247,2287 1210,2287"/>
          <TextEquiv>
            <Unicode>ذ</Unicode>
          </TextEquiv>
        </Word>
        <Word id="w224">
          <Coords points="1180,2223 1203,2223 1203,2276 1180,2276"/>
          <TextEquiv>
            <Unicode>ا</Unicode>
          </TextEquiv>
        </Word>
        <Word id="w225">
          <Coords points="1073,2221 1087,2221 1087,2269 1073,2269"/>
          <TextEquiv>
            <Unicode>ا</Unicode>
          </TextEquiv>
        </Word>
        <Word id="w226">
          <Coords points="1068,2218 1177,2218 1177,2305 1068,2305"/>
          <TextEquiv>
            <Unicode>لقو</Unicode>
          </TextEquiv>
        </Word>
        <Word id="w227">
          <Coords points="1050,2206 1065,2206 1065,2273 1050,2273"/>
          <TextEquiv>
            <Unicode>ا</Unicode>
          </TextEquiv>
        </Word>
        <Word id="w228">
          <Coords points="987,2208 1050,2208 1050,2289 987,2289"/>
          <TextEquiv>
            <Unicode>لذ</Unicode>
          </TextEquiv>
        </Word>
        <Word id="w229">
          <Coords points="915,2235 987,2235 987,2315 915,2315"/>
          <TextEquiv>
            <Unicode>ين</Unicode>
          </TextEquiv>
        </Word>
        <Word id="w230">
          <Coords points="898,2219 911,2219 911,2275 898,2275"/>
          <TextEquiv>
            <Unicode>ا</Unicode>
          </TextEquiv>
        </Word>
        <Word id="w231">
          <Coords points="777,2238 888,2238 888,2309 777,2309"/>
          <TextEquiv>
            <Unicode>منو</Unicode>
          </TextEquiv>
        </Word>
        <Word id="w232">
          <Coords points="776,2229 789,2229 789,2279 776,2279"/>
          <TextEquiv>
            <Unicode>ا</Unicode>
          </TextEquiv>
        </Word>
        <Word id="w233">
          <Coords points="720,2211 773,2211 773,2286 720,2286"/>
          <TextEquiv>
            <Unicode>قا</Unicode>
          </TextEquiv>
        </Word>
        <Word id="w234">
          <Coords points="651,2223 665,2223 665,2277 651,2277"/>
          <TextEquiv>
            <Unicode>ا</Unicode>
          </TextEquiv>
        </Word>
        <Word id="w235">
          <Coords points="649,2212 712,2212 712,2304 649,2304"/>
          <TextEquiv>
            <Unicode>لو</Unicode>
          </TextEquiv>
        </Word>
        <Word id="w236">
          <Coords points="618,2220 634,2220 634,2275 618,2275"/>
          <TextEquiv>
            <Unicode>ا</Unicode>
          </TextEquiv>
        </Word>
        <Word id="w237">
          <Coords points="521,2215 614,2215 614,2288 521,2288"/>
          <TextEquiv>
            <Unicode>منا</Unicode>
          </TextEquiv>
        </Word>
        <Word id="w238">
          <Coords points="463,2223 477,2223 477,2274 463,2274"/>
          <TextEquiv>
            <Unicode>ا</Unicode>
          </TextEquiv>
        </Word>
        <Word id="w239">
          <Coords points="462,2256 511,2256 511,2306 462,2306"/>
          <TextEquiv>
            <Unicode>و</Unicode>
          </TextEquiv>
        </Word>
        <Word id="w240">
          <Coords points="422,2227 451,2227 451,2289 422,2289"/>
          <TextEquiv>
            <Unicode>ذ</Unicode>
          </TextEquiv>
        </Word>
        <Word id="w241">
          <Coords points="394,2228 407,2228 407,2277 394,2277"/>
          <TextEquiv>
            <Unicode>ا</Unicode>
          </TextEquiv>
        </Word>
        <Word id="w242">
          <Coords points="273,2217 390,2217 390,2305 273,2305"/>
          <TextEquiv>
            <Unicode>خلو</Unicode>
          </TextEquiv>
        </Word>
        <Word id="w243">
          <Coords points="249,2220 265,2220 265,2268 249,2268"/>
          <TextEquiv>
            <Unicode>ا</Unicode>
          </TextEquiv>
        </Word>
        <Word id="w244">
          <Coords points="195,2209 256,2209 256,2303 195,2303"/>
          <TextEquiv>
            <Unicode>لي</Unicode>
          </TextEquiv>
        </Word>
        <Word id="w245">
          <Coords points="116,2209 255,2209 255,2303 116,2303"/>
          <TextEquiv>
            <Unicode>شيا</Unicode>
          </TextEquiv>
        </Word>
        <Word id="w246">
          <Coords points="6,2209 115,2209 115,2332 6,2332"/>
          <TextEquiv>
            <Unicode>طينهم</Unicode>
          </TextEquiv>
        </Word>
        <TextEquiv>
          <Unicode> و ا ذ ا ا لقو ا لذ ين ا منو ا قا ا لو ا منا ا و ذ ا خلو ا لي شيا طينهم</Unicode>
        </TextEquiv>
      </TextLine>
      <TextLine id="l14">
        <Coords points="41,2368 1303,2368 1303,2480 41,2480"/>
        <Word id="w247">
          <Coords points="1251,2390 1302,2390 1302,2458 1251,2458"/>
          <TextEquiv>
            <Unicode>قا</Unicode>
          </TextEquiv>
        </Word>
        <Word id="w248">
          <Coords points="1182,2383 1197,2383 1197,2445 1182,2445"/>
          <TextEquiv>
            <Unicode>ا</Unicode>
          </TextEquiv>
        </Word>
        <Word id="w249">
          <Coords points="1178,2379 1245,2379 1245,2478 1178,2478"/>
          <TextEquiv>
            <Unicode>لو</Unicode>
          </TextEquiv>
        </Word>
        <Word id="w250">
          <Coords points="1151,2385 1164,2385 1164,2442 1151,2442"/>
          <TextEquiv>
            <Unicode>ا</Unicode>
          </TextEquiv>
        </Word>
        <Word id="w251">
          <Coords points="1107,2376 1140,2376 1140,2449 1107,2449"/>
          <TextEquiv>
            <Unicode>نا</Unicode>
          </TextEquiv>
        </Word>
        <Word id="w252">
          <Coords points="826,2391 1102,2391 1102,2463 826,2463"/>
          <TextEquiv>
            <Unicode>معكم</Unicode>
          </TextEquiv>
        </Word>
        <Word id="w253">
          <Coords points="797,2368 823,2368 823,2445 797,2445"/>
          <TextEquiv>
            <Unicode>ا</Unicode>
          </TextEquiv>
        </Word>
        <Word id="w254">
          <Coords points="733,2376 793,2376 793,2446 733,2446"/>
          <TextEquiv>
            <Unicode>نما</Unicode>
          </TextEquiv>
        </Word>
        <Word id="w255">
          <Coords points="624,2385 730,2385 730,2474 624,2474"/>
          <TextEquiv>
            <Unicode>نحن</Unicode>
          </TextEquiv>
        </Word>
        <Word id="w256">
          <Coords points="375,2418 626,2418 626,2479 375,2479"/>
          <TextEquiv>
            <Unicode>مستهز</Unicode>
          </TextEquiv>
        </Word>
        <Word id="w257">
          <Coords points="296,2397 338,2397 338,2468 296,2468"/>
          <TextEquiv>
            <Unicode>ن</Unicode>
          </TextEquiv>
        </Word>
        <Word id="w258">
          <Coords points="114,2374 135,2374 135,2442 114,2442"/>
          <TextEquiv>
            <Unicode>ا</Unicode>
          </TextEquiv>
        </Word>
        <Word id="w259">
          <Coords points="41,2395 106,2395 106,2453 41,2453"/>
          <TextEquiv>
            <Unicode>لله</Unicode>
          </TextEquiv>
        </Word>
        <TextEquiv>
          <Unicode> قا ا لو ا نا معكم ا نما نحن مستهز ن ا لله</Unicode>
        </TextEquiv>
      </TextLine>
    </TextRegion>
  </Page>
</PcGts>
