<?xml version='1.0' encoding='utf-8'?>
<PcGts xmlns:xsi="http://www.w3.org/2001/XMLSchema-instance" xmlns="http://schema.primaresearch.org/PAGE/gts/pagecontent/2019-07-15" xsi:schemaLocation="http://schema.primaresearch.org/PAGE/gts/pagecontent/2019-07-15 http://schema.primaresearch.org/PAGE/gts/pagecontent/2019-07-15/pagecontent.xsd" pcGtsId="pc-aletheiaexamplepage">
  <Metadata>
    <Creator>PRImA Research Lab</Creator>
    <Created>2015-07-17T15:27:13</Created>
    <LastChange>2017-07-14T10:03:33</LastChange>
    <Comments>Example Page</Comments>
  </Metadata>
  <Page imageFilename="3158466/_014-2.png" imageWidth="1390" imageHeight="2561">
    <TextRegion id="r0" type="paragraph">
      <Coords points="1,1 1388,1 1388,2559 1,2559"/>
      <TextLine id="l0">
        <Coords points="93,78 1368,78 1368,242 93,242"/>
        <Word id="w0">
          <Coords points="1281,162 1367,162 1367,234 1281,234"/>
          <TextEquiv>
            <Unicode>من</Unicode>
          </TextEquiv>
        </Word>
        <Word id="w1">
          <Coords points="1272,130 1290,130 1290,192 1272,192"/>
          <TextEquiv>
            <Unicode>ا</Unicode>
          </TextEquiv>
        </Word>
        <Word id="w2">
          <Coords points="1135,132 1264,132 1264,230 1135,230"/>
          <TextEquiv>
            <Unicode>لمشر</Unicode>
          </TextEquiv>
        </Word>
        <Word id="w3">
          <Coords points="1064,78 1237,78 1237,236 1064,236"/>
          <TextEquiv>
            <Unicode>كين</Unicode>
          </TextEquiv>
        </Word>
        <Word id="w4">
          <Coords points="867,130 963,130 963,241 867,241"/>
          <TextEquiv>
            <Unicode>قو</Unicode>
          </TextEquiv>
        </Word>
        <Word id="w5">
          <Coords points="830,133 888,133 888,223 830,223"/>
          <TextEquiv>
            <Unicode>لو</Unicode>
          </TextEquiv>
        </Word>
        <Word id="w6">
          <Coords points="820,137 834,137 834,189 820,189"/>
          <TextEquiv>
            <Unicode>ا</Unicode>
          </TextEquiv>
        </Word>
        <Word id="w7">
          <Coords points="792,134 806,134 806,187 792,187"/>
          <TextEquiv>
            <Unicode>ا</Unicode>
          </TextEquiv>
        </Word>
        <Word id="w8">
          <Coords points="699,127 786,127 786,204 699,204"/>
          <TextEquiv>
            <Unicode>منا</Unicode>
          </TextEquiv>
        </Word>
        <Word id="w9">
          <Coords points="660,135 686,135 686,219 660,219"/>
          <TextEquiv>
            <Unicode>با</Unicode>
          </TextEquiv>
        </Word>
        <Word id="w10">
          <Coords points="574,160 639,160 639,205 574,205"/>
          <TextEquiv>
            <Unicode>لله</Unicode>
          </TextEquiv>
        </Word>
        <Word id="w11">
          <Coords points="512,163 558,163 558,220 512,220"/>
          <TextEquiv>
            <Unicode>و</Unicode>
          </TextEquiv>
        </Word>
        <Word id="w12">
          <Coords points="474,123 522,123 522,198 474,198"/>
          <TextEquiv>
            <Unicode>ما</Unicode>
          </TextEquiv>
        </Word>
        <Word id="w13">
          <Coords points="442,131 456,131 456,192 442,192"/>
          <TextEquiv>
            <Unicode>ا</Unicode>
          </TextEquiv>
        </Word>
        <Word id="w14">
          <Coords points="326,116 375,116 375,201 326,201"/>
          <TextEquiv>
            <Unicode>ل</Unicode>
          </TextEquiv>
        </Word>
        <Word id="w15">
          <Coords points="294,120 320,120 320,188 294,188"/>
          <TextEquiv>
            <Unicode>ا</Unicode>
          </TextEquiv>
        </Word>
        <Word id="w16">
          <Coords points="192,120 281,120 281,218 192,218"/>
          <TextEquiv>
            <Unicode>لينا</Unicode>
          </TextEquiv>
        </Word>
        <Word id="w17">
          <Coords points="125,158 173,158 173,213 125,213"/>
          <TextEquiv>
            <Unicode>و</Unicode>
          </TextEquiv>
        </Word>
        <Word id="w18">
          <Coords points="93,122 136,122 136,192 93,192"/>
          <TextEquiv>
            <Unicode>ما</Unicode>
          </TextEquiv>
        </Word>
        <TextEquiv>
          <Unicode> من ا لمشر كين قو لو ا ا منا با لله و ما ا ل ا لينا و ما</Unicode>
        </TextEquiv>
      </TextLine>
      <TextLine id="l1">
        <Coords points="66,299 1354,299 1354,408 66,408"/>
        <Word id="w19">
          <Coords points="1343,305 1353,305 1353,359 1343,359"/>
          <TextEquiv>
            <Unicode>ا</Unicode>
          </TextEquiv>
        </Word>
        <Word id="w20">
          <Coords points="1285,305 1342,305 1342,396 1285,396"/>
          <TextEquiv>
            <Unicode>نز</Unicode>
          </TextEquiv>
        </Word>
        <Word id="w21">
          <Coords points="1257,299 1293,299 1293,380 1257,380"/>
          <TextEquiv>
            <Unicode>ل</Unicode>
          </TextEquiv>
        </Word>
        <Word id="w22">
          <Coords points="1231,306 1242,306 1242,350 1231,350"/>
          <TextEquiv>
            <Unicode>ا</Unicode>
          </TextEquiv>
        </Word>
        <Word id="w23">
          <Coords points="1174,308 1230,308 1230,391 1174,391"/>
          <TextEquiv>
            <Unicode>لى</Unicode>
          </TextEquiv>
        </Word>
        <Word id="w24">
          <Coords points="1165,308 1176,308 1176,353 1165,353"/>
          <TextEquiv>
            <Unicode>ا</Unicode>
          </TextEquiv>
        </Word>
        <Word id="w25">
          <Coords points="1101,342 1166,342 1166,393 1101,393"/>
          <TextEquiv>
            <Unicode>بر</Unicode>
          </TextEquiv>
        </Word>
        <Word id="w26">
          <Coords points="960,331 1109,331 1109,407 960,407"/>
          <TextEquiv>
            <Unicode>هيم</Unicode>
          </TextEquiv>
        </Word>
        <Word id="w27">
          <Coords points="894,322 951,322 951,385 894,385"/>
          <TextEquiv>
            <Unicode>و</Unicode>
          </TextEquiv>
        </Word>
        <Word id="w28">
          <Coords points="892,299 912,299 912,357 892,357"/>
          <TextEquiv>
            <Unicode>ا</Unicode>
          </TextEquiv>
        </Word>
        <Word id="w29">
          <Coords points="710,301 879,301 879,399 710,399"/>
          <TextEquiv>
            <Unicode>سمعيل</Unicode>
          </TextEquiv>
        </Word>
        <Word id="w30">
          <Coords points="654,335 702,335 702,387 654,387"/>
          <TextEquiv>
            <Unicode>و</Unicode>
          </TextEquiv>
        </Word>
        <Word id="w31">
          <Coords points="648,303 659,303 659,345 648,345"/>
          <TextEquiv>
            <Unicode>ا</Unicode>
          </TextEquiv>
        </Word>
        <Word id="w32">
          <Coords points="473,327 521,327 521,377 473,377"/>
          <TextEquiv>
            <Unicode>و</Unicode>
          </TextEquiv>
        </Word>
        <Word id="w33">
          <Coords points="387,315 643,315 643,402 387,402"/>
          <TextEquiv>
            <Unicode>سحق</Unicode>
          </TextEquiv>
        </Word>
        <Word id="w34">
          <Coords points="286,301 487,301 487,402 286,402"/>
          <TextEquiv>
            <Unicode>يعقو</Unicode>
          </TextEquiv>
        </Word>
        <Word id="w35">
          <Coords points="66,326 297,326 297,385 66,385"/>
          <TextEquiv>
            <Unicode>ب</Unicode>
          </TextEquiv>
        </Word>
        <TextEquiv>
          <Unicode> ا نز ل ا لى ا بر هيم و ا سمعيل و ا و سحق يعقو ب</Unicode>
        </TextEquiv>
      </TextLine>
      <TextLine id="l2">
        <Coords points="94,448 1362,448 1362,565 94,565"/>
        <Word id="w36">
          <Coords points="1301,475 1309,475 1309,522 1301,522"/>
          <TextEquiv>
            <Unicode>ا</Unicode>
          </TextEquiv>
        </Word>
        <Word id="w37">
          <Coords points="1301,502 1361,502 1361,557 1301,557"/>
          <TextEquiv>
            <Unicode>و</Unicode>
          </TextEquiv>
        </Word>
        <Word id="w38">
          <Coords points="1236,468 1294,468 1294,537 1236,537"/>
          <TextEquiv>
            <Unicode>ل</Unicode>
          </TextEquiv>
        </Word>
        <Word id="w39">
          <Coords points="1115,461 1228,461 1228,564 1115,564"/>
          <TextEquiv>
            <Unicode>سبا</Unicode>
          </TextEquiv>
        </Word>
        <Word id="w40">
          <Coords points="1034,452 1104,452 1104,532 1034,532"/>
          <TextEquiv>
            <Unicode>ط</Unicode>
          </TextEquiv>
        </Word>
        <Word id="w41">
          <Coords points="978,497 1025,497 1025,549 978,549"/>
          <TextEquiv>
            <Unicode>و</Unicode>
          </TextEquiv>
        </Word>
        <Word id="w42">
          <Coords points="936,462 985,462 985,533 936,533"/>
          <TextEquiv>
            <Unicode>ما</Unicode>
          </TextEquiv>
        </Word>
        <Word id="w43">
          <Coords points="899,462 914,462 914,522 899,522"/>
          <TextEquiv>
            <Unicode>ا</Unicode>
          </TextEquiv>
        </Word>
        <Word id="w44">
          <Coords points="845,491 893,491 893,542 845,542"/>
          <TextEquiv>
            <Unicode>و</Unicode>
          </TextEquiv>
        </Word>
        <Word id="w45">
          <Coords points="781,480 847,480 847,547 781,547"/>
          <TextEquiv>
            <Unicode>تى</Unicode>
          </TextEquiv>
        </Word>
        <Word id="w46">
          <Coords points="690,491 777,491 777,549 690,549"/>
          <TextEquiv>
            <Unicode>مو</Unicode>
          </TextEquiv>
        </Word>
        <Word id="w47">
          <Coords points="601,497 702,497 702,557 601,557"/>
          <TextEquiv>
            <Unicode>سى</Unicode>
          </TextEquiv>
        </Word>
        <Word id="w48">
          <Coords points="557,494 600,494 600,541 557,541"/>
          <TextEquiv>
            <Unicode>و</Unicode>
          </TextEquiv>
        </Word>
        <Word id="w49">
          <Coords points="385,486 561,486 561,560 385,560"/>
          <TextEquiv>
            <Unicode>عيسى</Unicode>
          </TextEquiv>
        </Word>
        <Word id="w50">
          <Coords points="335,493 384,493 384,542 335,542"/>
          <TextEquiv>
            <Unicode>و</Unicode>
          </TextEquiv>
        </Word>
        <Word id="w51">
          <Coords points="305,453 350,453 350,523 305,523"/>
          <TextEquiv>
            <Unicode>ما</Unicode>
          </TextEquiv>
        </Word>
        <Word id="w52">
          <Coords points="275,456 292,456 292,517 275,517"/>
          <TextEquiv>
            <Unicode>ا</Unicode>
          </TextEquiv>
        </Word>
        <Word id="w53">
          <Coords points="208,489 271,489 271,545 208,545"/>
          <TextEquiv>
            <Unicode>و</Unicode>
          </TextEquiv>
        </Word>
        <Word id="w54">
          <Coords points="94,448 220,448 220,543 94,543"/>
          <TextEquiv>
            <Unicode>تى</Unicode>
          </TextEquiv>
        </Word>
        <TextEquiv>
          <Unicode> ا و ل سبا ط و ما ا و تى مو سى و عيسى و ما ا و تى</Unicode>
        </TextEquiv>
      </TextLine>
      <TextLine id="l3">
        <Coords points="77,591 1355,591 1355,744 77,744"/>
        <Word id="w55">
          <Coords points="1343,635 1354,635 1354,694 1343,694"/>
          <TextEquiv>
            <Unicode>ا</Unicode>
          </TextEquiv>
        </Word>
        <Word id="w56">
          <Coords points="1193,630 1329,630 1329,730 1193,730"/>
          <TextEquiv>
            <Unicode>لنبيو</Unicode>
          </TextEquiv>
        </Word>
        <Word id="w57">
          <Coords points="1144,632 1188,632 1188,713 1144,713"/>
          <TextEquiv>
            <Unicode>ن</Unicode>
          </TextEquiv>
        </Word>
        <Word id="w58">
          <Coords points="1068,652 1139,652 1139,713 1068,713"/>
          <TextEquiv>
            <Unicode>من</Unicode>
          </TextEquiv>
        </Word>
        <Word id="w59">
          <Coords points="1025,657 1064,657 1064,710 1025,710"/>
          <TextEquiv>
            <Unicode>ر</Unicode>
          </TextEquiv>
        </Word>
        <Word id="w60">
          <Coords points="950,645 1024,645 1024,743 950,743"/>
          <TextEquiv>
            <Unicode>بهم</Unicode>
          </TextEquiv>
        </Word>
        <Word id="w61">
          <Coords points="889,630 945,630 945,711 889,711"/>
          <TextEquiv>
            <Unicode>لا</Unicode>
          </TextEquiv>
        </Word>
        <Word id="w62">
          <Coords points="790,616 897,616 897,727 790,727"/>
          <TextEquiv>
            <Unicode>نفر</Unicode>
          </TextEquiv>
        </Word>
        <Word id="w63">
          <Coords points="752,632 812,632 812,727 752,727"/>
          <TextEquiv>
            <Unicode>ق</Unicode>
          </TextEquiv>
        </Word>
        <Word id="w64">
          <Coords points="660,641 749,641 749,727 660,727"/>
          <TextEquiv>
            <Unicode>بين</Unicode>
          </TextEquiv>
        </Word>
        <Word id="w65">
          <Coords points="644,628 655,628 655,673 644,673"/>
          <TextEquiv>
            <Unicode>ا</Unicode>
          </TextEquiv>
        </Word>
        <Word id="w66">
          <Coords points="541,650 636,650 636,705 541,705"/>
          <TextEquiv>
            <Unicode>حد</Unicode>
          </TextEquiv>
        </Word>
        <Word id="w67">
          <Coords points="435,638 536,638 536,737 435,737"/>
          <TextEquiv>
            <Unicode>منهم</Unicode>
          </TextEquiv>
        </Word>
        <Word id="w68">
          <Coords points="378,650 430,650 430,704 378,704"/>
          <TextEquiv>
            <Unicode>و</Unicode>
          </TextEquiv>
        </Word>
        <Word id="w69">
          <Coords points="294,617 399,617 399,718 294,718"/>
          <TextEquiv>
            <Unicode>نحن</Unicode>
          </TextEquiv>
        </Word>
        <Word id="w70">
          <Coords points="241,617 288,617 288,688 241,688"/>
          <TextEquiv>
            <Unicode>له</Unicode>
          </TextEquiv>
        </Word>
        <Word id="w71">
          <Coords points="80,591 116,591 116,665 80,665"/>
          <TextEquiv>
            <Unicode>ن</Unicode>
          </TextEquiv>
        </Word>
        <Word id="w72">
          <Coords points="77,616 238,616 238,716 77,716"/>
          <TextEquiv>
            <Unicode>مسلمو</Unicode>
          </TextEquiv>
        </Word>
        <TextEquiv>
          <Unicode> ا لنبيو ن من ر بهم لا نفر ق بين ا حد منهم و نحن له ن مسلمو</Unicode>
        </TextEquiv>
      </TextLine>
      <TextLine id="l4">
        <Coords points="120,776 1259,776 1259,890 120,890"/>
        <Word id="w73">
          <Coords points="1220,795 1258,795 1258,870 1220,870"/>
          <TextEquiv>
            <Unicode>فا</Unicode>
          </TextEquiv>
        </Word>
        <Word id="w74">
          <Coords points="1163,805 1211,805 1211,872 1163,872"/>
          <TextEquiv>
            <Unicode>ن</Unicode>
          </TextEquiv>
        </Word>
        <Word id="w75">
          <Coords points="1136,791 1155,791 1155,845 1136,845"/>
          <TextEquiv>
            <Unicode>ا</Unicode>
          </TextEquiv>
        </Word>
        <Word id="w76">
          <Coords points="1023,808 1134,808 1134,880 1023,880"/>
          <TextEquiv>
            <Unicode>منو</Unicode>
          </TextEquiv>
        </Word>
        <Word id="w77">
          <Coords points="1015,794 1033,794 1033,846 1015,846"/>
          <TextEquiv>
            <Unicode>ا</Unicode>
          </TextEquiv>
        </Word>
        <Word id="w78">
          <Coords points="885,789 1006,789 1006,889 885,889"/>
          <TextEquiv>
            <Unicode>بمثل</Unicode>
          </TextEquiv>
        </Word>
        <Word id="w79">
          <Coords points="825,779 879,779 879,859 825,859"/>
          <TextEquiv>
            <Unicode>ما</Unicode>
          </TextEquiv>
        </Word>
        <Word id="w80">
          <Coords points="787,798 822,798 822,844 787,844"/>
          <TextEquiv>
            <Unicode>ا</Unicode>
          </TextEquiv>
        </Word>
        <Word id="w81">
          <Coords points="631,801 786,801 786,875 631,875"/>
          <TextEquiv>
            <Unicode>منتم</Unicode>
          </TextEquiv>
        </Word>
        <Word id="w82">
          <Coords points="591,810 628,810 628,862 591,862"/>
          <TextEquiv>
            <Unicode>به</Unicode>
          </TextEquiv>
        </Word>
        <Word id="w83">
          <Coords points="458,797 584,797 584,858 458,858"/>
          <TextEquiv>
            <Unicode>فقد</Unicode>
          </TextEquiv>
        </Word>
        <Word id="w84">
          <Coords points="439,776 456,776 456,839 439,839"/>
          <TextEquiv>
            <Unicode>ا</Unicode>
          </TextEquiv>
        </Word>
        <Word id="w85">
          <Coords points="300,795 431,795 431,853 300,853"/>
          <TextEquiv>
            <Unicode>هتد</Unicode>
          </TextEquiv>
        </Word>
        <Word id="w86">
          <Coords points="246,809 299,809 299,862 246,862"/>
          <TextEquiv>
            <Unicode>و</Unicode>
          </TextEquiv>
        </Word>
        <Word id="w87">
          <Coords points="239,777 257,777 257,842 239,842"/>
          <TextEquiv>
            <Unicode>ا</Unicode>
          </TextEquiv>
        </Word>
        <Word id="w88">
          <Coords points="180,812 234,812 234,866 180,866"/>
          <TextEquiv>
            <Unicode>و</Unicode>
          </TextEquiv>
        </Word>
        <Word id="w89">
          <Coords points="177,783 194,783 194,838 177,838"/>
          <TextEquiv>
            <Unicode>ا</Unicode>
          </TextEquiv>
        </Word>
        <Word id="w90">
          <Coords points="120,787 162,787 162,853 120,853"/>
          <TextEquiv>
            <Unicode>ن</Unicode>
          </TextEquiv>
        </Word>
        <TextEquiv>
          <Unicode> فا ن ا منو ا بمثل ما ا منتم به فقد ا هتد و ا و ا ن</Unicode>
        </TextEquiv>
      </TextLine>
      <TextLine id="l5">
        <Coords points="88,934 1367,934 1367,1058 88,1058"/>
        <Word id="w91">
          <Coords points="1299,948 1366,948 1366,1055 1299,1055"/>
          <TextEquiv>
            <Unicode>تو</Unicode>
          </TextEquiv>
        </Word>
        <Word id="w92">
          <Coords points="1241,956 1294,956 1294,1057 1241,1057"/>
          <TextEquiv>
            <Unicode>لو</Unicode>
          </TextEquiv>
        </Word>
        <Word id="w93">
          <Coords points="1222,960 1236,960 1236,1009 1222,1009"/>
          <TextEquiv>
            <Unicode>ا</Unicode>
          </TextEquiv>
        </Word>
        <Word id="w94">
          <Coords points="1173,943 1216,943 1216,1030 1173,1030"/>
          <TextEquiv>
            <Unicode>فا</Unicode>
          </TextEquiv>
        </Word>
        <Word id="w95">
          <Coords points="1112,944 1164,944 1164,1040 1112,1040"/>
          <TextEquiv>
            <Unicode>نما</Unicode>
          </TextEquiv>
        </Word>
        <Word id="w96">
          <Coords points="1022,985 1103,985 1103,1051 1022,1051"/>
          <TextEquiv>
            <Unicode>هم</Unicode>
          </TextEquiv>
        </Word>
        <Word id="w97">
          <Coords points="941,934 1053,934 1053,1040 941,1040"/>
          <TextEquiv>
            <Unicode>في</Unicode>
          </TextEquiv>
        </Word>
        <Word id="w98">
          <Coords points="823,947 933,947 933,1030 823,1030"/>
          <TextEquiv>
            <Unicode>شقا</Unicode>
          </TextEquiv>
        </Word>
        <Word id="w99">
          <Coords points="748,963 813,963 813,1053 748,1053"/>
          <TextEquiv>
            <Unicode>ق</Unicode>
          </TextEquiv>
        </Word>
        <Word id="w100">
          <Coords points="88,945 758,945 758,1047 88,1047"/>
          <TextEquiv>
            <Unicode>فسيكفيكهم</Unicode>
          </TextEquiv>
        </Word>
        <TextEquiv>
          <Unicode> تو لو ا فا نما هم في شقا ق فسيكفيكهم</Unicode>
        </TextEquiv>
      </TextLine>
      <TextLine id="l6">
        <Coords points="92,1104 1361,1104 1361,1267 92,1267"/>
        <Word id="w101">
          <Coords points="1339,1134 1360,1134 1360,1194 1339,1194"/>
          <TextEquiv>
            <Unicode>ا</Unicode>
          </TextEquiv>
        </Word>
        <Word id="w102">
          <Coords points="1261,1148 1331,1148 1331,1198 1261,1198"/>
          <TextEquiv>
            <Unicode>لله</Unicode>
          </TextEquiv>
        </Word>
        <Word id="w103">
          <Coords points="1209,1151 1253,1151 1253,1207 1209,1207"/>
          <TextEquiv>
            <Unicode>و</Unicode>
          </TextEquiv>
        </Word>
        <Word id="w104">
          <Coords points="1105,1146 1210,1146 1210,1213 1105,1213"/>
          <TextEquiv>
            <Unicode>هو</Unicode>
          </TextEquiv>
        </Word>
        <Word id="w105">
          <Coords points="1102,1122 1115,1122 1115,1178 1102,1178"/>
          <TextEquiv>
            <Unicode>ا</Unicode>
          </TextEquiv>
        </Word>
        <Word id="w106">
          <Coords points="920,1110 1081,1110 1081,1266 920,1266"/>
          <TextEquiv>
            <Unicode>لسميع</Unicode>
          </TextEquiv>
        </Word>
        <Word id="w107">
          <Coords points="905,1119 917,1119 917,1169 905,1169"/>
          <TextEquiv>
            <Unicode>ا</Unicode>
          </TextEquiv>
        </Word>
        <Word id="w108">
          <Coords points="708,1104 885,1104 885,1203 708,1203"/>
          <TextEquiv>
            <Unicode>لعليم</Unicode>
          </TextEquiv>
        </Word>
        <Word id="w109">
          <Coords points="408,1116 591,1116 591,1213 408,1213"/>
          <TextEquiv>
            <Unicode>صبغة</Unicode>
          </TextEquiv>
        </Word>
        <Word id="w110">
          <Coords points="385,1113 407,1113 407,1179 385,1179"/>
          <TextEquiv>
            <Unicode>ا</Unicode>
          </TextEquiv>
        </Word>
        <Word id="w111">
          <Coords points="306,1135 373,1135 373,1178 306,1178"/>
          <TextEquiv>
            <Unicode>لله</Unicode>
          </TextEquiv>
        </Word>
        <Word id="w112">
          <Coords points="242,1147 296,1147 296,1203 242,1203"/>
          <TextEquiv>
            <Unicode>و</Unicode>
          </TextEquiv>
        </Word>
        <Word id="w113">
          <Coords points="92,1135 261,1135 261,1204 92,1204"/>
          <TextEquiv>
            <Unicode>من</Unicode>
          </TextEquiv>
        </Word>
        <TextEquiv>
          <Unicode> ا لله و هو ا لسميع ا لعليم صبغة ا لله و من</Unicode>
        </TextEquiv>
      </TextLine>
      <TextLine id="l7">
        <Coords points="82,1271 1349,1271 1349,1387 82,1387"/>
        <Word id="w114">
          <Coords points="1340,1304 1348,1304 1348,1349 1340,1349"/>
          <TextEquiv>
            <Unicode>ا</Unicode>
          </TextEquiv>
        </Word>
        <Word id="w115">
          <Coords points="1170,1309 1333,1309 1333,1386 1170,1386"/>
          <TextEquiv>
            <Unicode>حسن</Unicode>
          </TextEquiv>
        </Word>
        <Word id="w116">
          <Coords points="1090,1305 1172,1305 1172,1373 1090,1373"/>
          <TextEquiv>
            <Unicode>من</Unicode>
          </TextEquiv>
        </Word>
        <Word id="w117">
          <Coords points="1064,1290 1077,1290 1077,1349 1064,1349"/>
          <TextEquiv>
            <Unicode>ا</Unicode>
          </TextEquiv>
        </Word>
        <Word id="w118">
          <Coords points="985,1309 1050,1309 1050,1353 985,1353"/>
          <TextEquiv>
            <Unicode>لله</Unicode>
          </TextEquiv>
        </Word>
        <Word id="w119">
          <Coords points="789,1282 973,1282 973,1384 789,1384"/>
          <TextEquiv>
            <Unicode>صبغة</Unicode>
          </TextEquiv>
        </Word>
        <Word id="w120">
          <Coords points="730,1317 781,1317 781,1365 730,1365"/>
          <TextEquiv>
            <Unicode>و</Unicode>
          </TextEquiv>
        </Word>
        <Word id="w121">
          <Coords points="628,1294 737,1294 737,1378 628,1378"/>
          <TextEquiv>
            <Unicode>نحن</Unicode>
          </TextEquiv>
        </Word>
        <Word id="w122">
          <Coords points="574,1279 621,1279 621,1346 574,1346"/>
          <TextEquiv>
            <Unicode>له</Unicode>
          </TextEquiv>
        </Word>
        <Word id="w123">
          <Coords points="501,1271 554,1271 554,1344 501,1344"/>
          <TextEquiv>
            <Unicode>عا</Unicode>
          </TextEquiv>
        </Word>
        <Word id="w124">
          <Coords points="439,1307 496,1307 496,1372 439,1372"/>
          <TextEquiv>
            <Unicode>بد</Unicode>
          </TextEquiv>
        </Word>
        <Word id="w125">
          <Coords points="377,1314 434,1314 434,1367 377,1367"/>
          <TextEquiv>
            <Unicode>و</Unicode>
          </TextEquiv>
        </Word>
        <Word id="w126">
          <Coords points="345,1284 383,1284 383,1356 345,1356"/>
          <TextEquiv>
            <Unicode>ن</Unicode>
          </TextEquiv>
        </Word>
        <Word id="w127">
          <Coords points="82,1273 233,1273 233,1373 82,1373"/>
          <TextEquiv>
            <Unicode>قل</Unicode>
          </TextEquiv>
        </Word>
        <TextEquiv>
          <Unicode> ا حسن من ا لله صبغة و نحن له عا بد و ن قل</Unicode>
        </TextEquiv>
      </TextLine>
      <TextLine id="l8">
        <Coords points="74,1384 1346,1384 1346,1554 74,1554"/>
        <Word id="w128">
          <Coords points="1331,1459 1345,1459 1345,1513 1331,1513"/>
          <TextEquiv>
            <Unicode>ا</Unicode>
          </TextEquiv>
        </Word>
        <Word id="w129">
          <Coords points="1155,1438 1332,1438 1332,1553 1155,1553"/>
          <TextEquiv>
            <Unicode>تحلجو</Unicode>
          </TextEquiv>
        </Word>
        <Word id="w130">
          <Coords points="1090,1445 1159,1445 1159,1519 1090,1519"/>
          <TextEquiv>
            <Unicode>ننا</Unicode>
          </TextEquiv>
        </Word>
        <Word id="w131">
          <Coords points="1017,1460 1083,1460 1083,1541 1017,1541"/>
          <TextEquiv>
            <Unicode>فى</Unicode>
          </TextEquiv>
        </Word>
        <Word id="w132">
          <Coords points="1011,1441 1035,1441 1035,1509 1011,1509"/>
          <TextEquiv>
            <Unicode>ا</Unicode>
          </TextEquiv>
        </Word>
        <Word id="w133">
          <Coords points="936,1475 996,1475 996,1516 936,1516"/>
          <TextEquiv>
            <Unicode>لله</Unicode>
          </TextEquiv>
        </Word>
        <Word id="w134">
          <Coords points="871,1482 923,1482 923,1536 871,1536"/>
          <TextEquiv>
            <Unicode>و</Unicode>
          </TextEquiv>
        </Word>
        <Word id="w135">
          <Coords points="785,1476 880,1476 880,1537 785,1537"/>
          <TextEquiv>
            <Unicode>هو</Unicode>
          </TextEquiv>
        </Word>
        <Word id="w136">
          <Coords points="752,1483 793,1483 793,1524 752,1524"/>
          <TextEquiv>
            <Unicode>ر</Unicode>
          </TextEquiv>
        </Word>
        <Word id="w137">
          <Coords points="682,1434 753,1434 753,1539 682,1539"/>
          <TextEquiv>
            <Unicode>بنا</Unicode>
          </TextEquiv>
        </Word>
        <Word id="w138">
          <Coords points="635,1477 686,1477 686,1528 635,1528"/>
          <TextEquiv>
            <Unicode>و</Unicode>
          </TextEquiv>
        </Word>
        <Word id="w139">
          <Coords points="598,1481 631,1481 631,1525 598,1525"/>
          <TextEquiv>
            <Unicode>ر</Unicode>
          </TextEquiv>
        </Word>
        <Word id="w140">
          <Coords points="493,1384 640,1384 640,1536 493,1536"/>
          <TextEquiv>
            <Unicode>بكم</Unicode>
          </TextEquiv>
        </Word>
        <Word id="w141">
          <Coords points="466,1480 508,1480 508,1528 466,1528"/>
          <TextEquiv>
            <Unicode>و</Unicode>
          </TextEquiv>
        </Word>
        <Word id="w142">
          <Coords points="397,1435 463,1435 463,1509 397,1509"/>
          <TextEquiv>
            <Unicode>لنا</Unicode>
          </TextEquiv>
        </Word>
        <Word id="w143">
          <Coords points="370,1444 382,1444 382,1495 370,1495"/>
          <TextEquiv>
            <Unicode>ا</Unicode>
          </TextEquiv>
        </Word>
        <Word id="w144">
          <Coords points="246,1434 368,1434 368,1516 246,1516"/>
          <TextEquiv>
            <Unicode>عما</Unicode>
          </TextEquiv>
        </Word>
        <Word id="w145">
          <Coords points="170,1435 233,1435 233,1510 170,1510"/>
          <TextEquiv>
            <Unicode>لنا</Unicode>
          </TextEquiv>
        </Word>
        <Word id="w146">
          <Coords points="125,1475 167,1475 167,1524 125,1524"/>
          <TextEquiv>
            <Unicode>و</Unicode>
          </TextEquiv>
        </Word>
        <Word id="w147">
          <Coords points="74,1384 159,1384 159,1549 74,1549"/>
          <TextEquiv>
            <Unicode>لكم</Unicode>
          </TextEquiv>
        </Word>
        <TextEquiv>
          <Unicode> ا تحلجو ننا فى ا لله و هو ر بنا و ر بكم و لنا ا عما لنا و لكم</Unicode>
        </TextEquiv>
      </TextLine>
      <TextLine id="l9">
        <Coords points="72,1577 1350,1577 1350,1728 72,1728"/>
        <Word id="w148">
          <Coords points="1338,1637 1349,1637 1349,1696 1338,1696"/>
          <TextEquiv>
            <Unicode>ا</Unicode>
          </TextEquiv>
        </Word>
        <Word id="w149">
          <Coords points="1205,1622 1333,1622 1333,1704 1205,1704"/>
          <TextEquiv>
            <Unicode>عما</Unicode>
          </TextEquiv>
        </Word>
        <Word id="w150">
          <Coords points="1111,1577 1214,1577 1214,1705 1111,1705"/>
          <TextEquiv>
            <Unicode>لكم</Unicode>
          </TextEquiv>
        </Word>
        <Word id="w151">
          <Coords points="1051,1657 1100,1657 1100,1707 1051,1707"/>
          <TextEquiv>
            <Unicode>و</Unicode>
          </TextEquiv>
        </Word>
        <Word id="w152">
          <Coords points="956,1642 1064,1642 1064,1718 956,1718"/>
          <TextEquiv>
            <Unicode>نحن</Unicode>
          </TextEquiv>
        </Word>
        <Word id="w153">
          <Coords points="908,1621 957,1621 957,1686 908,1686"/>
          <TextEquiv>
            <Unicode>له</Unicode>
          </TextEquiv>
        </Word>
        <Word id="w154">
          <Coords points="697,1611 898,1611 898,1727 697,1727"/>
          <TextEquiv>
            <Unicode>مخلصو</Unicode>
          </TextEquiv>
        </Word>
        <Word id="w155">
          <Coords points="647,1632 705,1632 705,1701 647,1701"/>
          <TextEquiv>
            <Unicode>ن</Unicode>
          </TextEquiv>
        </Word>
        <Word id="w156">
          <Coords points="516,1617 527,1617 527,1667 516,1667"/>
          <TextEquiv>
            <Unicode>ا</Unicode>
          </TextEquiv>
        </Word>
        <Word id="w157">
          <Coords points="458,1647 508,1647 508,1694 458,1694"/>
          <TextEquiv>
            <Unicode>ن</Unicode>
          </TextEquiv>
        </Word>
        <Word id="w158">
          <Coords points="355,1616 476,1616 476,1704 355,1704"/>
          <TextEquiv>
            <Unicode>تقو</Unicode>
          </TextEquiv>
        </Word>
        <Word id="w159">
          <Coords points="306,1605 375,1605 375,1702 306,1702"/>
          <TextEquiv>
            <Unicode>لو</Unicode>
          </TextEquiv>
        </Word>
        <Word id="w160">
          <Coords points="280,1616 318,1616 318,1683 280,1683"/>
          <TextEquiv>
            <Unicode>ن</Unicode>
          </TextEquiv>
        </Word>
        <Word id="w161">
          <Coords points="254,1619 266,1619 266,1673 254,1673"/>
          <TextEquiv>
            <Unicode>ا</Unicode>
          </TextEquiv>
        </Word>
        <Word id="w162">
          <Coords points="207,1626 246,1626 246,1689 207,1689"/>
          <TextEquiv>
            <Unicode>ن</Unicode>
          </TextEquiv>
        </Word>
        <Word id="w163">
          <Coords points="191,1613 200,1613 200,1665 191,1665"/>
          <TextEquiv>
            <Unicode>ا</Unicode>
          </TextEquiv>
        </Word>
        <Word id="w164">
          <Coords points="140,1655 192,1655 192,1705 140,1705"/>
          <TextEquiv>
            <Unicode>بر</Unicode>
          </TextEquiv>
        </Word>
        <Word id="w165">
          <Coords points="72,1633 161,1633 161,1720 72,1720"/>
          <TextEquiv>
            <Unicode>هيم</Unicode>
          </TextEquiv>
        </Word>
        <TextEquiv>
          <Unicode> ا عما لكم و نحن له مخلصو ن ا ن تقو لو ن ا ن ا بر هيم</Unicode>
        </TextEquiv>
      </TextLine>
      <TextLine id="l10">
        <Coords points="97,1741 1345,1741 1345,1919 97,1919"/>
        <Word id="w166">
          <Coords points="1298,1827 1344,1827 1344,1875 1298,1875"/>
          <TextEquiv>
            <Unicode>و</Unicode>
          </TextEquiv>
        </Word>
        <Word id="w167">
          <Coords points="1296,1794 1307,1794 1307,1846 1296,1846"/>
          <TextEquiv>
            <Unicode>ا</Unicode>
          </TextEquiv>
        </Word>
        <Word id="w168">
          <Coords points="1115,1792 1288,1792 1288,1900 1115,1900"/>
          <TextEquiv>
            <Unicode>سمعيل</Unicode>
          </TextEquiv>
        </Word>
        <Word id="w169">
          <Coords points="1070,1831 1117,1831 1117,1882 1070,1882"/>
          <TextEquiv>
            <Unicode>و</Unicode>
          </TextEquiv>
        </Word>
        <Word id="w170">
          <Coords points="1062,1794 1073,1794 1073,1842 1062,1842"/>
          <TextEquiv>
            <Unicode>ا</Unicode>
          </TextEquiv>
        </Word>
        <Word id="w171">
          <Coords points="868,1825 920,1825 920,1874 868,1874"/>
          <TextEquiv>
            <Unicode>و</Unicode>
          </TextEquiv>
        </Word>
        <Word id="w172">
          <Coords points="735,1816 1051,1816 1051,1918 735,1918"/>
          <TextEquiv>
            <Unicode>سحق</Unicode>
          </TextEquiv>
        </Word>
        <Word id="w173">
          <Coords points="670,1794 878,1794 878,1876 670,1876"/>
          <TextEquiv>
            <Unicode>يعقو</Unicode>
          </TextEquiv>
        </Word>
        <Word id="w174">
          <Coords points="597,1820 668,1820 668,1883 597,1883"/>
          <TextEquiv>
            <Unicode>ب</Unicode>
          </TextEquiv>
        </Word>
        <Word id="w175">
          <Coords points="535,1771 552,1771 552,1832 535,1832"/>
          <TextEquiv>
            <Unicode>ا</Unicode>
          </TextEquiv>
        </Word>
        <Word id="w176">
          <Coords points="532,1814 593,1814 593,1875 532,1875"/>
          <TextEquiv>
            <Unicode>و</Unicode>
          </TextEquiv>
        </Word>
        <Word id="w177">
          <Coords points="477,1779 521,1779 521,1857 477,1857"/>
          <TextEquiv>
            <Unicode>لا</Unicode>
          </TextEquiv>
        </Word>
        <Word id="w178">
          <Coords points="336,1765 470,1765 470,1867 336,1867"/>
          <TextEquiv>
            <Unicode>سبا</Unicode>
          </TextEquiv>
        </Word>
        <Word id="w179">
          <Coords points="257,1783 334,1783 334,1844 257,1844"/>
          <TextEquiv>
            <Unicode>ط</Unicode>
          </TextEquiv>
        </Word>
        <Word id="w180">
          <Coords points="198,1741 294,1741 294,1851 198,1851"/>
          <TextEquiv>
            <Unicode>كا</Unicode>
          </TextEquiv>
        </Word>
        <Word id="w181">
          <Coords points="100,1796 186,1796 186,1857 100,1857"/>
          <TextEquiv>
            <Unicode>نو</Unicode>
          </TextEquiv>
        </Word>
        <Word id="w182">
          <Coords points="97,1788 114,1788 114,1832 97,1832"/>
          <TextEquiv>
            <Unicode>ا</Unicode>
          </TextEquiv>
        </Word>
        <TextEquiv>
          <Unicode> و ا سمعيل و ا و سحق يعقو ب ا و لا سبا ط كا نو ا</Unicode>
        </TextEquiv>
      </TextLine>
      <TextLine id="l11">
        <Coords points="96,1923 1338,1923 1338,2072 96,2072"/>
        <Word id="w183">
          <Coords points="1248,1984 1337,1984 1337,2047 1248,2047"/>
          <TextEquiv>
            <Unicode>هو</Unicode>
          </TextEquiv>
        </Word>
        <Word id="w184">
          <Coords points="1223,1990 1251,1990 1251,2027 1223,2027"/>
          <TextEquiv>
            <Unicode>د</Unicode>
          </TextEquiv>
        </Word>
        <Word id="w185">
          <Coords points="1189,1939 1255,1939 1255,2019 1189,2019"/>
          <TextEquiv>
            <Unicode>ا</Unicode>
          </TextEquiv>
        </Word>
        <Word id="w186">
          <Coords points="1153,1958 1172,1958 1172,2013 1153,2013"/>
          <TextEquiv>
            <Unicode>ا</Unicode>
          </TextEquiv>
        </Word>
        <Word id="w187">
          <Coords points="1104,1994 1150,1994 1150,2044 1104,2044"/>
          <TextEquiv>
            <Unicode>و</Unicode>
          </TextEquiv>
        </Word>
        <Word id="w188">
          <Coords points="1000,1950 1113,1950 1113,2033 1000,2033"/>
          <TextEquiv>
            <Unicode>نصا</Unicode>
          </TextEquiv>
        </Word>
        <Word id="w189">
          <Coords points="942,1987 987,1987 987,2033 942,2033"/>
          <TextEquiv>
            <Unicode>ر</Unicode>
          </TextEquiv>
        </Word>
        <Word id="w190">
          <Coords points="882,1980 942,1980 942,2039 882,2039"/>
          <TextEquiv>
            <Unicode>ى</Unicode>
          </TextEquiv>
        </Word>
        <Word id="w191">
          <Coords points="813,1960 895,1960 895,2053 813,2053"/>
          <TextEquiv>
            <Unicode>قل</Unicode>
          </TextEquiv>
        </Word>
        <Word id="w192">
          <Coords points="791,1986 816,1986 816,2012 791,2012"/>
          <TextEquiv>
            <Unicode>ء</Unicode>
          </TextEquiv>
        </Word>
        <Word id="w193">
          <Coords points="756,1951 777,1951 777,2012 756,2012"/>
          <TextEquiv>
            <Unicode>ا</Unicode>
          </TextEquiv>
        </Word>
        <Word id="w194">
          <Coords points="646,1973 745,1973 745,2071 646,2071"/>
          <TextEquiv>
            <Unicode>نتم</Unicode>
          </TextEquiv>
        </Word>
        <Word id="w195">
          <Coords points="608,1949 622,1949 622,2008 608,2008"/>
          <TextEquiv>
            <Unicode>ا</Unicode>
          </TextEquiv>
        </Word>
        <Word id="w196">
          <Coords points="520,1937 602,1937 602,2062 520,2062"/>
          <TextEquiv>
            <Unicode>علم</Unicode>
          </TextEquiv>
        </Word>
        <Word id="w197">
          <Coords points="493,1946 504,1946 504,2010 493,2010"/>
          <TextEquiv>
            <Unicode>ا</Unicode>
          </TextEquiv>
        </Word>
        <Word id="w198">
          <Coords points="458,1977 490,1977 490,2050 458,2050"/>
          <TextEquiv>
            <Unicode>م</Unicode>
          </TextEquiv>
        </Word>
        <Word id="w199">
          <Coords points="425,1953 448,1953 448,2013 425,2013"/>
          <TextEquiv>
            <Unicode>ا</Unicode>
          </TextEquiv>
        </Word>
        <Word id="w200">
          <Coords points="346,1972 417,1972 417,2018 346,2018"/>
          <TextEquiv>
            <Unicode>لله</Unicode>
          </TextEquiv>
        </Word>
        <Word id="w201">
          <Coords points="288,1979 335,1979 335,2026 288,2026"/>
          <TextEquiv>
            <Unicode>و</Unicode>
          </TextEquiv>
        </Word>
        <Word id="w202">
          <Coords points="223,1971 304,1971 304,2035 223,2035"/>
          <TextEquiv>
            <Unicode>من</Unicode>
          </TextEquiv>
        </Word>
        <Word id="w203">
          <Coords points="215,1935 226,1935 226,1993 215,1993"/>
          <TextEquiv>
            <Unicode>ا</Unicode>
          </TextEquiv>
        </Word>
        <Word id="w204">
          <Coords points="96,1923 213,1923 213,2053 96,2053"/>
          <TextEquiv>
            <Unicode>ظلم</Unicode>
          </TextEquiv>
        </Word>
        <TextEquiv>
          <Unicode> هو د ا ا و نصا ر ى قل ء ا نتم ا علم ا م ا لله و من ا ظلم</Unicode>
        </TextEquiv>
      </TextLine>
      <TextLine id="l12">
        <Coords points="87,2100 1344,2100 1344,2226 87,2226"/>
        <Word id="w205">
          <Coords points="1240,2126 1343,2126 1343,2225 1240,2225"/>
          <TextEquiv>
            <Unicode>ممن</Unicode>
          </TextEquiv>
        </Word>
        <Word id="w206">
          <Coords points="1048,2134 1271,2134 1271,2223 1048,2223"/>
          <TextEquiv>
            <Unicode>كتم</Unicode>
          </TextEquiv>
        </Word>
        <Word id="w207">
          <Coords points="927,2106 1046,2106 1046,2205 927,2205"/>
          <TextEquiv>
            <Unicode>شها</Unicode>
          </TextEquiv>
        </Word>
        <Word id="w208">
          <Coords points="888,2150 917,2150 917,2188 888,2188"/>
          <TextEquiv>
            <Unicode>د</Unicode>
          </TextEquiv>
        </Word>
        <Word id="w209">
          <Coords points="830,2159 858,2159 858,2186 830,2186"/>
          <TextEquiv>
            <Unicode>ه</Unicode>
          </TextEquiv>
        </Word>
        <Word id="w210">
          <Coords points="675,2130 808,2130 808,2202 675,2202"/>
          <TextEquiv>
            <Unicode>عند</Unicode>
          </TextEquiv>
        </Word>
        <Word id="w211">
          <Coords points="669,2134 692,2134 692,2162 669,2162"/>
          <TextEquiv>
            <Unicode>ه</Unicode>
          </TextEquiv>
        </Word>
        <Word id="w212">
          <Coords points="571,2125 663,2125 663,2197 571,2197"/>
          <TextEquiv>
            <Unicode>من</Unicode>
          </TextEquiv>
        </Word>
        <Word id="w213">
          <Coords points="556,2124 570,2124 570,2179 556,2179"/>
          <TextEquiv>
            <Unicode>ا</Unicode>
          </TextEquiv>
        </Word>
        <Word id="w214">
          <Coords points="463,2133 536,2133 536,2179 463,2179"/>
          <TextEquiv>
            <Unicode>لله</Unicode>
          </TextEquiv>
        </Word>
        <Word id="w215">
          <Coords points="395,2146 448,2146 448,2197 395,2197"/>
          <TextEquiv>
            <Unicode>و</Unicode>
          </TextEquiv>
        </Word>
        <Word id="w216">
          <Coords points="356,2103 407,2103 407,2179 356,2179"/>
          <TextEquiv>
            <Unicode>ما</Unicode>
          </TextEquiv>
        </Word>
        <Word id="w217">
          <Coords points="319,2113 341,2113 341,2176 319,2176"/>
          <TextEquiv>
            <Unicode>ا</Unicode>
          </TextEquiv>
        </Word>
        <Word id="w218">
          <Coords points="240,2131 323,2131 323,2176 240,2176"/>
          <TextEquiv>
            <Unicode>لله</Unicode>
          </TextEquiv>
        </Word>
        <Word id="w219">
          <Coords points="155,2100 227,2100 227,2187 155,2187"/>
          <TextEquiv>
            <Unicode>بغا</Unicode>
          </TextEquiv>
        </Word>
        <Word id="w220">
          <Coords points="87,2107 152,2107 152,2201 87,2201"/>
          <TextEquiv>
            <Unicode>فل</Unicode>
          </TextEquiv>
        </Word>
        <TextEquiv>
          <Unicode> ممن كتم شها د ه عند ه من ا لله و ما ا لله بغا فل</Unicode>
        </TextEquiv>
      </TextLine>
      <TextLine id="l13">
        <Coords points="93,2226 1348,2226 1348,2387 93,2387"/>
        <Word id="w221">
          <Coords points="1261,2286 1347,2286 1347,2378 1261,2378"/>
          <TextEquiv>
            <Unicode>عما</Unicode>
          </TextEquiv>
        </Word>
        <Word id="w222">
          <Coords points="1055,2281 1252,2281 1252,2386 1055,2386"/>
          <TextEquiv>
            <Unicode>تعملو</Unicode>
          </TextEquiv>
        </Word>
        <Word id="w223">
          <Coords points="1007,2302 1049,2302 1049,2363 1007,2363"/>
          <TextEquiv>
            <Unicode>ن</Unicode>
          </TextEquiv>
        </Word>
        <Word id="w224">
          <Coords points="746,2289 869,2289 869,2360 746,2360"/>
          <TextEquiv>
            <Unicode>تلك</Unicode>
          </TextEquiv>
        </Word>
        <Word id="w225">
          <Coords points="722,2282 736,2282 736,2337 722,2337"/>
          <TextEquiv>
            <Unicode>ا</Unicode>
          </TextEquiv>
        </Word>
        <Word id="w226">
          <Coords points="643,2299 720,2299 720,2350 643,2350"/>
          <TextEquiv>
            <Unicode>مه</Unicode>
          </TextEquiv>
        </Word>
        <Word id="w227">
          <Coords points="557,2297 636,2297 636,2365 557,2365"/>
          <TextEquiv>
            <Unicode>قد</Unicode>
          </TextEquiv>
        </Word>
        <Word id="w228">
          <Coords points="419,2280 574,2280 574,2348 419,2348"/>
          <TextEquiv>
            <Unicode>خلت</Unicode>
          </TextEquiv>
        </Word>
        <Word id="w229">
          <Coords points="327,2274 412,2274 412,2355 327,2355"/>
          <TextEquiv>
            <Unicode>لها</Unicode>
          </TextEquiv>
        </Word>
        <Word id="w230">
          <Coords points="277,2273 324,2273 324,2341 277,2341"/>
          <TextEquiv>
            <Unicode>ما</Unicode>
          </TextEquiv>
        </Word>
        <Word id="w231">
          <Coords points="93,2226 330,2226 330,2346 93,2346"/>
          <TextEquiv>
            <Unicode>كسبت</Unicode>
          </TextEquiv>
        </Word>
        <TextEquiv>
          <Unicode> عما تعملو ن تلك ا مه قد خلت لها ما كسبت</Unicode>
        </TextEquiv>
      </TextLine>
      <TextLine id="l14">
        <Coords points="162,2386 1327,2386 1327,2549 162,2549"/>
        <Word id="w232">
          <Coords points="1204,2386 1326,2386 1326,2537 1204,2537"/>
          <TextEquiv>
            <Unicode>لكم</Unicode>
          </TextEquiv>
        </Word>
        <Word id="w233">
          <Coords points="1148,2437 1205,2437 1205,2515 1148,2515"/>
          <TextEquiv>
            <Unicode>ما</Unicode>
          </TextEquiv>
        </Word>
        <Word id="w234">
          <Coords points="915,2398 1187,2398 1187,2548 915,2548"/>
          <TextEquiv>
            <Unicode>كسبتم</Unicode>
          </TextEquiv>
        </Word>
        <Word id="w235">
          <Coords points="856,2464 919,2464 919,2535 856,2535"/>
          <TextEquiv>
            <Unicode>و</Unicode>
          </TextEquiv>
        </Word>
        <Word id="w236">
          <Coords points="810,2439 868,2439 868,2517 810,2517"/>
          <TextEquiv>
            <Unicode>لا</Unicode>
          </TextEquiv>
        </Word>
        <Word id="w237">
          <Coords points="598,2431 803,2431 803,2533 598,2533"/>
          <TextEquiv>
            <Unicode>سئلو</Unicode>
          </TextEquiv>
        </Word>
        <Word id="w238">
          <Coords points="567,2438 612,2438 612,2512 567,2512"/>
          <TextEquiv>
            <Unicode>ن</Unicode>
          </TextEquiv>
        </Word>
        <Word id="w239">
          <Coords points="465,2438 563,2438 563,2530 465,2530"/>
          <TextEquiv>
            <Unicode>عما</Unicode>
          </TextEquiv>
        </Word>
        <Word id="w240">
          <Coords points="401,2406 494,2406 494,2509 401,2509"/>
          <TextEquiv>
            <Unicode>كا</Unicode>
          </TextEquiv>
        </Word>
        <Word id="w241">
          <Coords points="336,2446 396,2446 396,2529 336,2529"/>
          <TextEquiv>
            <Unicode>نو</Unicode>
          </TextEquiv>
        </Word>
        <Word id="w242">
          <Coords points="323,2437 346,2437 346,2502 323,2502"/>
          <TextEquiv>
            <Unicode>ا</Unicode>
          </TextEquiv>
        </Word>
        <Word id="w243">
          <Coords points="192,2437 315,2437 315,2531 192,2531"/>
          <TextEquiv>
            <Unicode>يعملو</Unicode>
          </TextEquiv>
        </Word>
        <Word id="w244">
          <Coords points="162,2444 197,2444 197,2510 162,2510"/>
          <TextEquiv>
            <Unicode>ن</Unicode>
          </TextEquiv>
        </Word>
        <TextEquiv>
          <Unicode> لكم ما كسبتم و لا سئلو ن عما كا نو ا يعملو ن</Unicode>
        </TextEquiv>
      </TextLine>
    </TextRegion>
  </Page>
</PcGts>
