<?xml version='1.0' encoding='utf-8'?>
<PcGts xmlns:xsi="http://www.w3.org/2001/XMLSchema-instance" xmlns="http://schema.primaresearch.org/PAGE/gts/pagecontent/2019-07-15" xsi:schemaLocation="http://schema.primaresearch.org/PAGE/gts/pagecontent/2019-07-15 http://schema.primaresearch.org/PAGE/gts/pagecontent/2019-07-15/pagecontent.xsd" pcGtsId="pc-aletheiaexamplepage">
  <Metadata>
    <Creator>PRImA Research Lab</Creator>
    <Created>2015-07-17T15:27:13</Created>
    <LastChange>2017-07-14T10:03:33</LastChange>
    <Comments>Example Page</Comments>
  </Metadata>
  <Page imageFilename="3158466/_015-2.png" imageWidth="1365" imageHeight="2610">
    <TextRegion id="r0" type="paragraph">
      <Coords points="1,1 1363,1 1363,2608 1,2608"/>
      <TextLine id="l0">
        <Coords points="100,98 1346,98 1346,239 100,239"/>
        <Word id="w0">
          <Coords points="1186,173 1345,173 1345,238 1186,238"/>
          <TextEquiv>
            <Unicode>بعض</Unicode>
          </TextEquiv>
        </Word>
        <Word id="w1">
          <Coords points="1141,171 1188,171 1188,221 1141,221"/>
          <TextEquiv>
            <Unicode>و</Unicode>
          </TextEquiv>
        </Word>
        <Word id="w2">
          <Coords points="1054,118 1138,118 1138,219 1054,219"/>
          <TextEquiv>
            <Unicode>لئن</Unicode>
          </TextEquiv>
        </Word>
        <Word id="w3">
          <Coords points="1041,118 1054,118 1054,185 1041,185"/>
          <TextEquiv>
            <Unicode>ا</Unicode>
          </TextEquiv>
        </Word>
        <Word id="w4">
          <Coords points="863,137 1033,137 1033,221 863,221"/>
          <TextEquiv>
            <Unicode>تبعت</Unicode>
          </TextEquiv>
        </Word>
        <Word id="w5">
          <Coords points="831,121 843,121 843,189 831,189"/>
          <TextEquiv>
            <Unicode>ا</Unicode>
          </TextEquiv>
        </Word>
        <Word id="w6">
          <Coords points="731,154 822,154 822,218 731,218"/>
          <TextEquiv>
            <Unicode>هو</Unicode>
          </TextEquiv>
        </Word>
        <Word id="w7">
          <Coords points="724,129 735,129 735,186 724,186"/>
          <TextEquiv>
            <Unicode>ا</Unicode>
          </TextEquiv>
        </Word>
        <Word id="w8">
          <Coords points="702,155 721,155 721,178 702,178"/>
          <TextEquiv>
            <Unicode>ء</Unicode>
          </TextEquiv>
        </Word>
        <Word id="w9">
          <Coords points="623,142 689,142 689,210 623,210"/>
          <TextEquiv>
            <Unicode>هم</Unicode>
          </TextEquiv>
        </Word>
        <Word id="w10">
          <Coords points="542,140 628,140 628,216 542,216"/>
          <TextEquiv>
            <Unicode>من</Unicode>
          </TextEquiv>
        </Word>
        <Word id="w11">
          <Coords points="422,141 533,141 533,207 422,207"/>
          <TextEquiv>
            <Unicode>بعد</Unicode>
          </TextEquiv>
        </Word>
        <Word id="w12">
          <Coords points="367,112 414,112 414,188 367,188"/>
          <TextEquiv>
            <Unicode>ما</Unicode>
          </TextEquiv>
        </Word>
        <Word id="w13">
          <Coords points="289,104 358,104 358,180 289,180"/>
          <TextEquiv>
            <Unicode>حا</Unicode>
          </TextEquiv>
        </Word>
        <Word id="w14">
          <Coords points="266,152 285,152 285,181 266,181"/>
          <TextEquiv>
            <Unicode>ء</Unicode>
          </TextEquiv>
        </Word>
        <Word id="w15">
          <Coords points="190,98 250,98 250,176 190,176"/>
          <TextEquiv>
            <Unicode>ك</Unicode>
          </TextEquiv>
        </Word>
        <Word id="w16">
          <Coords points="100,132 183,132 183,200 100,200"/>
          <TextEquiv>
            <Unicode>من</Unicode>
          </TextEquiv>
        </Word>
        <TextEquiv>
          <Unicode> بعض و لئن ا تبعت ا هو ا ء هم من بعد ما حا ء ك من</Unicode>
        </TextEquiv>
      </TextLine>
      <TextLine id="l1">
        <Coords points="76,266 1339,266 1339,425 76,425"/>
        <Word id="w17">
          <Coords points="1331,317 1338,317 1338,359 1331,359"/>
          <TextEquiv>
            <Unicode>ا</Unicode>
          </TextEquiv>
        </Word>
        <Word id="w18">
          <Coords points="1183,298 1315,298 1315,424 1183,424"/>
          <TextEquiv>
            <Unicode>لعلم</Unicode>
          </TextEquiv>
        </Word>
        <Word id="w19">
          <Coords points="1161,310 1175,310 1175,358 1161,358"/>
          <TextEquiv>
            <Unicode>ا</Unicode>
          </TextEquiv>
        </Word>
        <Word id="w20">
          <Coords points="1061,305 1151,305 1151,375 1061,375"/>
          <TextEquiv>
            <Unicode>نك</Unicode>
          </TextEquiv>
        </Word>
        <Word id="w21">
          <Coords points="1034,296 1047,296 1047,354 1034,354"/>
          <TextEquiv>
            <Unicode>ا</Unicode>
          </TextEquiv>
        </Word>
        <Word id="w22">
          <Coords points="998,304 1028,304 1028,369 998,369"/>
          <TextEquiv>
            <Unicode>ذ</Unicode>
          </TextEquiv>
        </Word>
        <Word id="w23">
          <Coords points="968,304 984,304 984,362 968,362"/>
          <TextEquiv>
            <Unicode>ا</Unicode>
          </TextEquiv>
        </Word>
        <Word id="w24">
          <Coords points="885,290 955,290 955,382 885,382"/>
          <TextEquiv>
            <Unicode>لمن</Unicode>
          </TextEquiv>
        </Word>
        <Word id="w25">
          <Coords points="860,293 870,293 870,347 860,347"/>
          <TextEquiv>
            <Unicode>ا</Unicode>
          </TextEquiv>
        </Word>
        <Word id="w26">
          <Coords points="747,288 843,288 843,356 747,356"/>
          <TextEquiv>
            <Unicode>لظا</Unicode>
          </TextEquiv>
        </Word>
        <Word id="w27">
          <Coords points="639,289 738,289 738,389 639,389"/>
          <TextEquiv>
            <Unicode>لمين</Unicode>
          </TextEquiv>
        </Word>
        <Word id="w28">
          <Coords points="495,294 509,294 509,350 495,350"/>
          <TextEquiv>
            <Unicode>ا</Unicode>
          </TextEquiv>
        </Word>
        <Word id="w29">
          <Coords points="426,296 482,296 482,357 426,357"/>
          <TextEquiv>
            <Unicode>لذ</Unicode>
          </TextEquiv>
        </Word>
        <Word id="w30">
          <Coords points="352,281 364,281 364,335 352,335"/>
          <TextEquiv>
            <Unicode>ا</Unicode>
          </TextEquiv>
        </Word>
        <Word id="w31">
          <Coords points="195,309 440,309 440,388 195,388"/>
          <TextEquiv>
            <Unicode>ين</Unicode>
          </TextEquiv>
        </Word>
        <Word id="w32">
          <Coords points="188,266 341,266 341,354 188,354"/>
          <TextEquiv>
            <Unicode>تينا</Unicode>
          </TextEquiv>
        </Word>
        <Word id="w33">
          <Coords points="76,295 175,295 175,343 76,343"/>
          <TextEquiv>
            <Unicode>هم</Unicode>
          </TextEquiv>
        </Word>
        <TextEquiv>
          <Unicode> ا لعلم ا نك ا ذ ا لمن ا لظا لمين ا لذ ا ين تينا هم</Unicode>
        </TextEquiv>
      </TextLine>
      <TextLine id="l2">
        <Coords points="59,429 1333,429 1333,566 59,566"/>
        <Word id="w34">
          <Coords points="1324,489 1332,489 1332,530 1324,530"/>
          <TextEquiv>
            <Unicode>ا</Unicode>
          </TextEquiv>
        </Word>
        <Word id="w35">
          <Coords points="1208,443 1309,443 1309,550 1208,550"/>
          <TextEquiv>
            <Unicode>لكتا</Unicode>
          </TextEquiv>
        </Word>
        <Word id="w36">
          <Coords points="1137,505 1198,505 1198,562 1137,562"/>
          <TextEquiv>
            <Unicode>ب</Unicode>
          </TextEquiv>
        </Word>
        <Word id="w37">
          <Coords points="1018,499 1123,499 1123,565 1018,565"/>
          <TextEquiv>
            <Unicode>يعر</Unicode>
          </TextEquiv>
        </Word>
        <Word id="w38">
          <Coords points="975,465 1037,465 1037,556 975,556"/>
          <TextEquiv>
            <Unicode>فو</Unicode>
          </TextEquiv>
        </Word>
        <Word id="w39">
          <Coords points="945,487 976,487 976,532 945,532"/>
          <TextEquiv>
            <Unicode>نه</Unicode>
          </TextEquiv>
        </Word>
        <Word id="w40">
          <Coords points="887,431 977,431 977,532 887,532"/>
          <TextEquiv>
            <Unicode>كما</Unicode>
          </TextEquiv>
        </Word>
        <Word id="w41">
          <Coords points="777,491 870,491 870,550 777,550"/>
          <TextEquiv>
            <Unicode>يعر</Unicode>
          </TextEquiv>
        </Word>
        <Word id="w42">
          <Coords points="726,471 778,471 778,544 726,544"/>
          <TextEquiv>
            <Unicode>فو</Unicode>
          </TextEquiv>
        </Word>
        <Word id="w43">
          <Coords points="680,473 721,473 721,528 680,528"/>
          <TextEquiv>
            <Unicode>ن</Unicode>
          </TextEquiv>
        </Word>
        <Word id="w44">
          <Coords points="645,459 659,459 659,511 645,511"/>
          <TextEquiv>
            <Unicode>ا</Unicode>
          </TextEquiv>
        </Word>
        <Word id="w45">
          <Coords points="557,450 638,450 638,547 557,547"/>
          <TextEquiv>
            <Unicode>بنا</Unicode>
          </TextEquiv>
        </Word>
        <Word id="w46">
          <Coords points="521,479 546,479 546,507 521,507"/>
          <TextEquiv>
            <Unicode>ء</Unicode>
          </TextEquiv>
        </Word>
        <Word id="w47">
          <Coords points="446,475 510,475 510,532 446,532"/>
          <TextEquiv>
            <Unicode>هم</Unicode>
          </TextEquiv>
        </Word>
        <Word id="w48">
          <Coords points="400,481 447,481 447,529 400,529"/>
          <TextEquiv>
            <Unicode>و</Unicode>
          </TextEquiv>
        </Word>
        <Word id="w49">
          <Coords points="388,450 402,450 402,503 388,503"/>
          <TextEquiv>
            <Unicode>ا</Unicode>
          </TextEquiv>
        </Word>
        <Word id="w50">
          <Coords points="334,464 374,464 374,520 334,520"/>
          <TextEquiv>
            <Unicode>ن</Unicode>
          </TextEquiv>
        </Word>
        <Word id="w51">
          <Coords points="269,463 326,463 326,528 269,528"/>
          <TextEquiv>
            <Unicode>فر</Unicode>
          </TextEquiv>
        </Word>
        <Word id="w52">
          <Coords points="194,429 282,429 282,539 194,539"/>
          <TextEquiv>
            <Unicode>يقا</Unicode>
          </TextEquiv>
        </Word>
        <Word id="w53">
          <Coords points="59,469 185,469 185,523 59,523"/>
          <TextEquiv>
            <Unicode>منهم</Unicode>
          </TextEquiv>
        </Word>
        <TextEquiv>
          <Unicode> ا لكتا ب يعر فو نه كما يعر فو ن ا بنا ء هم و ا ن فر يقا منهم</Unicode>
        </TextEquiv>
      </TextLine>
      <TextLine id="l3">
        <Coords points="85,581 1334,581 1334,741 85,741"/>
        <Word id="w54">
          <Coords points="1117,645 1333,645 1333,740 1117,740"/>
          <TextEquiv>
            <Unicode>ليكم</Unicode>
          </TextEquiv>
        </Word>
        <Word id="w55">
          <Coords points="1058,686 1105,686 1105,725 1058,725"/>
          <TextEquiv>
            <Unicode>و</Unicode>
          </TextEquiv>
        </Word>
        <Word id="w56">
          <Coords points="1023,649 1058,649 1058,707 1023,707"/>
          <TextEquiv>
            <Unicode>ن</Unicode>
          </TextEquiv>
        </Word>
        <Word id="w57">
          <Coords points="994,634 1004,634 1004,684 994,684"/>
          <TextEquiv>
            <Unicode>ا</Unicode>
          </TextEquiv>
        </Word>
        <Word id="w58">
          <Coords points="899,622 995,622 995,728 899,728"/>
          <TextEquiv>
            <Unicode>لحق</Unicode>
          </TextEquiv>
        </Word>
        <Word id="w59">
          <Coords points="846,665 892,665 892,715 846,715"/>
          <TextEquiv>
            <Unicode>و</Unicode>
          </TextEquiv>
        </Word>
        <Word id="w60">
          <Coords points="791,656 856,656 856,710 791,710"/>
          <TextEquiv>
            <Unicode>هم</Unicode>
          </TextEquiv>
        </Word>
        <Word id="w61">
          <Coords points="665,621 792,621 792,719 665,719"/>
          <TextEquiv>
            <Unicode>يعلمو</Unicode>
          </TextEquiv>
        </Word>
        <Word id="w62">
          <Coords points="634,647 672,647 672,699 634,699"/>
          <TextEquiv>
            <Unicode>ن</Unicode>
          </TextEquiv>
        </Word>
        <Word id="w63">
          <Coords points="493,616 504,616 504,668 493,668"/>
          <TextEquiv>
            <Unicode>ا</Unicode>
          </TextEquiv>
        </Word>
        <Word id="w64">
          <Coords points="397,610 494,610 494,701 397,701"/>
          <TextEquiv>
            <Unicode>لحق</Unicode>
          </TextEquiv>
        </Word>
        <Word id="w65">
          <Coords points="279,643 316,643 316,683 279,683"/>
          <TextEquiv>
            <Unicode>ر</Unicode>
          </TextEquiv>
        </Word>
        <Word id="w66">
          <Coords points="203,610 280,610 280,686 203,686"/>
          <TextEquiv>
            <Unicode>بك</Unicode>
          </TextEquiv>
        </Word>
        <Word id="w67">
          <Coords points="149,643 393,643 393,709 149,709"/>
          <TextEquiv>
            <Unicode>من</Unicode>
          </TextEquiv>
        </Word>
        <Word id="w68">
          <Coords points="112,619 199,619 199,670 112,670"/>
          <TextEquiv>
            <Unicode>ف</Unicode>
          </TextEquiv>
        </Word>
        <Word id="w69">
          <Coords points="85,581 132,581 132,652 85,652"/>
          <TextEquiv>
            <Unicode>لا</Unicode>
          </TextEquiv>
        </Word>
        <TextEquiv>
          <Unicode> ليكم و ن ا لحق و هم يعلمو ن ا لحق ر بك من ف لا</Unicode>
        </TextEquiv>
      </TextLine>
      <TextLine id="l4">
        <Coords points="82,743 1347,743 1347,904 82,904"/>
        <Word id="w70">
          <Coords points="1246,771 1346,771 1346,894 1246,894"/>
          <TextEquiv>
            <Unicode>تكو</Unicode>
          </TextEquiv>
        </Word>
        <Word id="w71">
          <Coords points="1193,827 1247,827 1247,889 1193,889"/>
          <TextEquiv>
            <Unicode>نن</Unicode>
          </TextEquiv>
        </Word>
        <Word id="w72">
          <Coords points="1110,814 1186,814 1186,893 1110,893"/>
          <TextEquiv>
            <Unicode>من</Unicode>
          </TextEquiv>
        </Word>
        <Word id="w73">
          <Coords points="1095,796 1103,796 1103,841 1095,841"/>
          <TextEquiv>
            <Unicode>ا</Unicode>
          </TextEquiv>
        </Word>
        <Word id="w74">
          <Coords points="906,793 1085,793 1085,882 906,882"/>
          <TextEquiv>
            <Unicode>لممتر</Unicode>
          </TextEquiv>
        </Word>
        <Word id="w75">
          <Coords points="845,802 906,802 906,903 845,903"/>
          <TextEquiv>
            <Unicode>ين</Unicode>
          </TextEquiv>
        </Word>
        <Word id="w76">
          <Coords points="700,823 745,823 745,874 700,874"/>
          <TextEquiv>
            <Unicode>و</Unicode>
          </TextEquiv>
        </Word>
        <Word id="w77">
          <Coords points="596,759 720,759 720,883 596,883"/>
          <TextEquiv>
            <Unicode>لكل</Unicode>
          </TextEquiv>
        </Word>
        <Word id="w78">
          <Coords points="556,815 605,815 605,867 556,867"/>
          <TextEquiv>
            <Unicode>و</Unicode>
          </TextEquiv>
        </Word>
        <Word id="w79">
          <Coords points="460,804 579,804 579,855 460,855"/>
          <TextEquiv>
            <Unicode>حهه</Unicode>
          </TextEquiv>
        </Word>
        <Word id="w80">
          <Coords points="359,810 452,810 452,863 359,863"/>
          <TextEquiv>
            <Unicode>هو</Unicode>
          </TextEquiv>
        </Word>
        <Word id="w81">
          <Coords points="285,810 365,810 365,861 285,861"/>
          <TextEquiv>
            <Unicode>مو</Unicode>
          </TextEquiv>
        </Word>
        <Word id="w82">
          <Coords points="82,743 289,743 289,864 82,864"/>
          <TextEquiv>
            <Unicode>ليها</Unicode>
          </TextEquiv>
        </Word>
        <TextEquiv>
          <Unicode> تكو نن من ا لممتر ين و لكل و حهه هو مو ليها</Unicode>
        </TextEquiv>
      </TextLine>
      <TextLine id="l5">
        <Coords points="58,899 1328,899 1328,1073 58,1073"/>
        <Word id="w83">
          <Coords points="1297,973 1327,973 1327,1046 1297,1046"/>
          <TextEquiv>
            <Unicode>فا</Unicode>
          </TextEquiv>
        </Word>
        <Word id="w84">
          <Coords points="1071,984 1286,984 1286,1072 1071,1072"/>
          <TextEquiv>
            <Unicode>ستبقو</Unicode>
          </TextEquiv>
        </Word>
        <Word id="w85">
          <Coords points="1068,969 1078,969 1078,1020 1068,1020"/>
          <TextEquiv>
            <Unicode>ا</Unicode>
          </TextEquiv>
        </Word>
        <Word id="w86">
          <Coords points="1039,967 1050,967 1050,1017 1039,1017"/>
          <TextEquiv>
            <Unicode>ا</Unicode>
          </TextEquiv>
        </Word>
        <Word id="w87">
          <Coords points="916,949 1040,949 1040,1048 916,1048"/>
          <TextEquiv>
            <Unicode>لخير</Unicode>
          </TextEquiv>
        </Word>
        <Word id="w88">
          <Coords points="908,951 926,951 926,1011 908,1011"/>
          <TextEquiv>
            <Unicode>ا</Unicode>
          </TextEquiv>
        </Word>
        <Word id="w89">
          <Coords points="826,976 898,976 898,1027 826,1027"/>
          <TextEquiv>
            <Unicode>ت</Unicode>
          </TextEquiv>
        </Word>
        <Word id="w90">
          <Coords points="798,953 807,953 807,1009 798,1009"/>
          <TextEquiv>
            <Unicode>ا</Unicode>
          </TextEquiv>
        </Word>
        <Word id="w91">
          <Coords points="729,971 798,971 798,1043 729,1043"/>
          <TextEquiv>
            <Unicode>ين</Unicode>
          </TextEquiv>
        </Word>
        <Word id="w92">
          <Coords points="672,948 719,948 719,1020 672,1020"/>
          <TextEquiv>
            <Unicode>ما</Unicode>
          </TextEquiv>
        </Word>
        <Word id="w93">
          <Coords points="552,912 685,912 685,1036 552,1036"/>
          <TextEquiv>
            <Unicode>تكو</Unicode>
          </TextEquiv>
        </Word>
        <Word id="w94">
          <Coords points="490,954 503,954 503,1005 490,1005"/>
          <TextEquiv>
            <Unicode>ا</Unicode>
          </TextEquiv>
        </Word>
        <Word id="w95">
          <Coords points="488,959 551,959 551,1033 488,1033"/>
          <TextEquiv>
            <Unicode>نو</Unicode>
          </TextEquiv>
        </Word>
        <Word id="w96">
          <Coords points="435,947 476,947 476,1038 435,1038"/>
          <TextEquiv>
            <Unicode>يا</Unicode>
          </TextEquiv>
        </Word>
        <Word id="w97">
          <Coords points="355,970 426,970 426,1016 355,1016"/>
          <TextEquiv>
            <Unicode>ت</Unicode>
          </TextEquiv>
        </Word>
        <Word id="w98">
          <Coords points="267,899 385,899 385,1022 267,1022"/>
          <TextEquiv>
            <Unicode>بكم</Unicode>
          </TextEquiv>
        </Word>
        <Word id="w99">
          <Coords points="256,956 267,956 267,1003 256,1003"/>
          <TextEquiv>
            <Unicode>ا</Unicode>
          </TextEquiv>
        </Word>
        <Word id="w100">
          <Coords points="186,965 247,965 247,1006 186,1006"/>
          <TextEquiv>
            <Unicode>لله</Unicode>
          </TextEquiv>
        </Word>
        <Word id="w101">
          <Coords points="58,924 187,924 187,1021 58,1021"/>
          <TextEquiv>
            <Unicode>جميعا</Unicode>
          </TextEquiv>
        </Word>
        <TextEquiv>
          <Unicode> فا ستبقو ا ا لخير ا ت ا ين ما تكو ا نو يا ت بكم ا لله جميعا</Unicode>
        </TextEquiv>
      </TextLine>
      <TextLine id="l6">
        <Coords points="51,1089 1332,1089 1332,1242 51,1242"/>
        <Word id="w102">
          <Coords points="1320,1135 1331,1135 1331,1192 1320,1192"/>
          <TextEquiv>
            <Unicode>ا</Unicode>
          </TextEquiv>
        </Word>
        <Word id="w103">
          <Coords points="1265,1151 1309,1151 1309,1210 1265,1210"/>
          <TextEquiv>
            <Unicode>ن</Unicode>
          </TextEquiv>
        </Word>
        <Word id="w104">
          <Coords points="1247,1148 1259,1148 1259,1202 1247,1202"/>
          <TextEquiv>
            <Unicode>ا</Unicode>
          </TextEquiv>
        </Word>
        <Word id="w105">
          <Coords points="1166,1158 1234,1158 1234,1202 1166,1202"/>
          <TextEquiv>
            <Unicode>لله</Unicode>
          </TextEquiv>
        </Word>
        <Word id="w106">
          <Coords points="1065,1124 1150,1124 1150,1241 1065,1241"/>
          <TextEquiv>
            <Unicode>على</Unicode>
          </TextEquiv>
        </Word>
        <Word id="w107">
          <Coords points="875,1113 1092,1113 1092,1224 875,1224"/>
          <TextEquiv>
            <Unicode>كل</Unicode>
          </TextEquiv>
        </Word>
        <Word id="w108">
          <Coords points="789,1162 880,1162 880,1212 789,1212"/>
          <TextEquiv>
            <Unicode>سى</Unicode>
          </TextEquiv>
        </Word>
        <Word id="w109">
          <Coords points="717,1131 780,1131 780,1189 717,1189"/>
          <TextEquiv>
            <Unicode>قد</Unicode>
          </TextEquiv>
        </Word>
        <Word id="w110">
          <Coords points="655,1152 719,1152 719,1218 655,1218"/>
          <TextEquiv>
            <Unicode>ير</Unicode>
          </TextEquiv>
        </Word>
        <Word id="w111">
          <Coords points="512,1150 557,1150 557,1195 512,1195"/>
          <TextEquiv>
            <Unicode>و</Unicode>
          </TextEquiv>
        </Word>
        <Word id="w112">
          <Coords points="453,1132 524,1132 524,1202 453,1202"/>
          <TextEquiv>
            <Unicode>من</Unicode>
          </TextEquiv>
        </Word>
        <Word id="w113">
          <Coords points="325,1138 449,1138 449,1209 325,1209"/>
          <TextEquiv>
            <Unicode>حيث</Unicode>
          </TextEquiv>
        </Word>
        <Word id="w114">
          <Coords points="242,1134 330,1134 330,1187 242,1187"/>
          <TextEquiv>
            <Unicode>حر</Unicode>
          </TextEquiv>
        </Word>
        <Word id="w115">
          <Coords points="142,1133 270,1133 270,1194 142,1194"/>
          <TextEquiv>
            <Unicode>جت</Unicode>
          </TextEquiv>
        </Word>
        <Word id="w116">
          <Coords points="66,1113 131,1113 131,1195 66,1195"/>
          <TextEquiv>
            <Unicode>فو</Unicode>
          </TextEquiv>
        </Word>
        <Word id="w117">
          <Coords points="51,1089 83,1089 83,1167 51,1167"/>
          <TextEquiv>
            <Unicode>ل</Unicode>
          </TextEquiv>
        </Word>
        <TextEquiv>
          <Unicode> ا ن ا لله على كل سى قد ير و من حيث حر جت فو ل</Unicode>
        </TextEquiv>
      </TextLine>
      <TextLine id="l7">
        <Coords points="42,1263 1321,1263 1321,1400 42,1400"/>
        <Word id="w118">
          <Coords points="1278,1339 1320,1339 1320,1392 1278,1392"/>
          <TextEquiv>
            <Unicode>و</Unicode>
          </TextEquiv>
        </Word>
        <Word id="w119">
          <Coords points="1129,1307 1294,1307 1294,1399 1129,1399"/>
          <TextEquiv>
            <Unicode>جهك</Unicode>
          </TextEquiv>
        </Word>
        <Word id="w120">
          <Coords points="970,1292 1123,1292 1123,1390 970,1390"/>
          <TextEquiv>
            <Unicode>شطر</Unicode>
          </TextEquiv>
        </Word>
        <Word id="w121">
          <Coords points="960,1295 973,1295 973,1342 960,1342"/>
          <TextEquiv>
            <Unicode>ا</Unicode>
          </TextEquiv>
        </Word>
        <Word id="w122">
          <Coords points="819,1288 949,1288 949,1381 819,1381"/>
          <TextEquiv>
            <Unicode>لمسجد</Unicode>
          </TextEquiv>
        </Word>
        <Word id="w123">
          <Coords points="803,1289 815,1289 815,1344 803,1344"/>
          <TextEquiv>
            <Unicode>ا</Unicode>
          </TextEquiv>
        </Word>
        <Word id="w124">
          <Coords points="704,1288 715,1288 715,1342 704,1342"/>
          <TextEquiv>
            <Unicode>ا</Unicode>
          </TextEquiv>
        </Word>
        <Word id="w125">
          <Coords points="692,1268 797,1268 797,1383 692,1383"/>
          <TextEquiv>
            <Unicode>لحر</Unicode>
          </TextEquiv>
        </Word>
        <Word id="w126">
          <Coords points="655,1318 696,1318 696,1354 655,1354"/>
          <TextEquiv>
            <Unicode>م</Unicode>
          </TextEquiv>
        </Word>
        <Word id="w127">
          <Coords points="611,1312 655,1312 655,1366 611,1366"/>
          <TextEquiv>
            <Unicode>و</Unicode>
          </TextEquiv>
        </Word>
        <Word id="w128">
          <Coords points="603,1270 624,1270 624,1335 603,1335"/>
          <TextEquiv>
            <Unicode>ا</Unicode>
          </TextEquiv>
        </Word>
        <Word id="w129">
          <Coords points="561,1303 595,1303 595,1348 561,1348"/>
          <TextEquiv>
            <Unicode>نه</Unicode>
          </TextEquiv>
        </Word>
        <Word id="w130">
          <Coords points="454,1273 561,1273 561,1386 454,1386"/>
          <TextEquiv>
            <Unicode>للحق</Unicode>
          </TextEquiv>
        </Word>
        <Word id="w131">
          <Coords points="362,1310 441,1310 441,1377 362,1377"/>
          <TextEquiv>
            <Unicode>من</Unicode>
          </TextEquiv>
        </Word>
        <Word id="w132">
          <Coords points="310,1307 353,1307 353,1355 310,1355"/>
          <TextEquiv>
            <Unicode>ر</Unicode>
          </TextEquiv>
        </Word>
        <Word id="w133">
          <Coords points="223,1275 315,1275 315,1364 223,1364"/>
          <TextEquiv>
            <Unicode>بك</Unicode>
          </TextEquiv>
        </Word>
        <Word id="w134">
          <Coords points="159,1306 207,1306 207,1355 159,1355"/>
          <TextEquiv>
            <Unicode>و</Unicode>
          </TextEquiv>
        </Word>
        <Word id="w135">
          <Coords points="124,1263 171,1263 171,1336 124,1336"/>
          <TextEquiv>
            <Unicode>ما</Unicode>
          </TextEquiv>
        </Word>
        <Word id="w136">
          <Coords points="103,1268 117,1268 117,1321 103,1321"/>
          <TextEquiv>
            <Unicode>ا</Unicode>
          </TextEquiv>
        </Word>
        <Word id="w137">
          <Coords points="42,1290 99,1290 99,1331 42,1331"/>
          <TextEquiv>
            <Unicode>لله</Unicode>
          </TextEquiv>
        </Word>
        <TextEquiv>
          <Unicode> و جهك شطر ا لمسجد ا ا لحر م و ا نه للحق من ر بك و ما ا لله</Unicode>
        </TextEquiv>
      </TextLine>
      <TextLine id="l8">
        <Coords points="52,1431 1317,1431 1317,1564 52,1564"/>
        <Word id="w138">
          <Coords points="1235,1458 1316,1458 1316,1553 1235,1553"/>
          <TextEquiv>
            <Unicode>بغا</Unicode>
          </TextEquiv>
        </Word>
        <Word id="w139">
          <Coords points="1169,1464 1228,1464 1228,1563 1169,1563"/>
          <TextEquiv>
            <Unicode>فل</Unicode>
          </TextEquiv>
        </Word>
        <Word id="w140">
          <Coords points="1051,1451 1186,1451 1186,1537 1051,1537"/>
          <TextEquiv>
            <Unicode>عما</Unicode>
          </TextEquiv>
        </Word>
        <Word id="w141">
          <Coords points="899,1453 1034,1453 1034,1554 899,1554"/>
          <TextEquiv>
            <Unicode>تعملو</Unicode>
          </TextEquiv>
        </Word>
        <Word id="w142">
          <Coords points="857,1477 900,1477 900,1537 857,1537"/>
          <TextEquiv>
            <Unicode>ن</Unicode>
          </TextEquiv>
        </Word>
        <Word id="w143">
          <Coords points="675,1490 729,1490 729,1544 675,1544"/>
          <TextEquiv>
            <Unicode>و</Unicode>
          </TextEquiv>
        </Word>
        <Word id="w144">
          <Coords points="461,1472 697,1472 697,1560 461,1560"/>
          <TextEquiv>
            <Unicode>من</Unicode>
          </TextEquiv>
        </Word>
        <Word id="w145">
          <Coords points="420,1461 641,1461 641,1545 420,1545"/>
          <TextEquiv>
            <Unicode>حيث</Unicode>
          </TextEquiv>
        </Word>
        <Word id="w146">
          <Coords points="342,1479 423,1479 423,1530 342,1530"/>
          <TextEquiv>
            <Unicode>حر</Unicode>
          </TextEquiv>
        </Word>
        <Word id="w147">
          <Coords points="227,1460 370,1460 370,1552 227,1552"/>
          <TextEquiv>
            <Unicode>جت</Unicode>
          </TextEquiv>
        </Word>
        <Word id="w148">
          <Coords points="158,1435 214,1435 214,1540 158,1540"/>
          <TextEquiv>
            <Unicode>فو</Unicode>
          </TextEquiv>
        </Word>
        <Word id="w149">
          <Coords points="52,1431 159,1431 159,1506 52,1506"/>
          <TextEquiv>
            <Unicode>ل</Unicode>
          </TextEquiv>
        </Word>
        <TextEquiv>
          <Unicode> بغا فل عما تعملو ن و من حيث حر جت فو ل</Unicode>
        </TextEquiv>
      </TextLine>
      <TextLine id="l9">
        <Coords points="23,1602 1321,1602 1321,1744 23,1744"/>
        <Word id="w150">
          <Coords points="1272,1674 1320,1674 1320,1726 1272,1726"/>
          <TextEquiv>
            <Unicode>و</Unicode>
          </TextEquiv>
        </Word>
        <Word id="w151">
          <Coords points="1122,1632 1294,1632 1294,1743 1122,1743"/>
          <TextEquiv>
            <Unicode>جهك</Unicode>
          </TextEquiv>
        </Word>
        <Word id="w152">
          <Coords points="951,1621 1112,1621 1112,1725 951,1725"/>
          <TextEquiv>
            <Unicode>شطر</Unicode>
          </TextEquiv>
        </Word>
        <Word id="w153">
          <Coords points="936,1627 948,1627 948,1676 936,1676"/>
          <TextEquiv>
            <Unicode>ا</Unicode>
          </TextEquiv>
        </Word>
        <Word id="w154">
          <Coords points="776,1616 920,1616 920,1724 776,1724"/>
          <TextEquiv>
            <Unicode>لمسجد</Unicode>
          </TextEquiv>
        </Word>
        <Word id="w155">
          <Coords points="764,1622 772,1622 772,1673 764,1673"/>
          <TextEquiv>
            <Unicode>ا</Unicode>
          </TextEquiv>
        </Word>
        <Word id="w156">
          <Coords points="664,1625 676,1625 676,1671 664,1671"/>
          <TextEquiv>
            <Unicode>ا</Unicode>
          </TextEquiv>
        </Word>
        <Word id="w157">
          <Coords points="660,1605 762,1605 762,1712 660,1712"/>
          <TextEquiv>
            <Unicode>لحر</Unicode>
          </TextEquiv>
        </Word>
        <Word id="w158">
          <Coords points="611,1652 658,1652 658,1690 611,1690"/>
          <TextEquiv>
            <Unicode>م</Unicode>
          </TextEquiv>
        </Word>
        <Word id="w159">
          <Coords points="416,1648 568,1648 568,1715 416,1715"/>
          <TextEquiv>
            <Unicode>حيث</Unicode>
          </TextEquiv>
        </Word>
        <Word id="w160">
          <Coords points="359,1609 409,1609 409,1681 359,1681"/>
          <TextEquiv>
            <Unicode>ما</Unicode>
          </TextEquiv>
        </Word>
        <Word id="w161">
          <Coords points="114,1617 355,1617 355,1686 114,1686"/>
          <TextEquiv>
            <Unicode>كنتم</Unicode>
          </TextEquiv>
        </Word>
        <Word id="w162">
          <Coords points="37,1608 47,1608 47,1651 37,1651"/>
          <TextEquiv>
            <Unicode>ا</Unicode>
          </TextEquiv>
        </Word>
        <Word id="w163">
          <Coords points="23,1602 80,1602 80,1686 23,1686"/>
          <TextEquiv>
            <Unicode>لو</Unicode>
          </TextEquiv>
        </Word>
        <TextEquiv>
          <Unicode> و جهك شطر ا لمسجد ا ا لحر م حيث ما كنتم ا لو</Unicode>
        </TextEquiv>
      </TextLine>
      <TextLine id="l10">
        <Coords points="44,1754 1311,1754 1311,1897 44,1897"/>
        <Word id="w164">
          <Coords points="1263,1839 1310,1839 1310,1892 1263,1892"/>
          <TextEquiv>
            <Unicode>و</Unicode>
          </TextEquiv>
        </Word>
        <Word id="w165">
          <Coords points="1195,1837 1280,1837 1280,1896 1195,1896"/>
          <TextEquiv>
            <Unicode>حو</Unicode>
          </TextEquiv>
        </Word>
        <Word id="w166">
          <Coords points="1085,1768 1199,1768 1199,1895 1085,1895"/>
          <TextEquiv>
            <Unicode>هكم</Unicode>
          </TextEquiv>
        </Word>
        <Word id="w167">
          <Coords points="902,1797 1080,1797 1080,1878 902,1878"/>
          <TextEquiv>
            <Unicode>شطر</Unicode>
          </TextEquiv>
        </Word>
        <Word id="w168">
          <Coords points="902,1825 925,1825 925,1848 902,1848"/>
          <TextEquiv>
            <Unicode>ه</Unicode>
          </TextEquiv>
        </Word>
        <Word id="w169">
          <Coords points="779,1795 876,1795 876,1856 779,1856"/>
          <TextEquiv>
            <Unicode>لئلا</Unicode>
          </TextEquiv>
        </Word>
        <Word id="w170">
          <Coords points="673,1754 772,1754 772,1884 673,1884"/>
          <TextEquiv>
            <Unicode>يكو</Unicode>
          </TextEquiv>
        </Word>
        <Word id="w171">
          <Coords points="636,1809 671,1809 671,1863 636,1863"/>
          <TextEquiv>
            <Unicode>ن</Unicode>
          </TextEquiv>
        </Word>
        <Word id="w172">
          <Coords points="527,1781 614,1781 614,1850 527,1850"/>
          <TextEquiv>
            <Unicode>للنا</Unicode>
          </TextEquiv>
        </Word>
        <Word id="w173">
          <Coords points="442,1822 519,1822 519,1869 442,1869"/>
          <TextEquiv>
            <Unicode>س</Unicode>
          </TextEquiv>
        </Word>
        <Word id="w174">
          <Coords points="129,1779 447,1779 447,1863 129,1863"/>
          <TextEquiv>
            <Unicode>عليكم</Unicode>
          </TextEquiv>
        </Word>
        <Word id="w175">
          <Coords points="44,1786 159,1786 159,1855 44,1855"/>
          <TextEquiv>
            <Unicode>حجة</Unicode>
          </TextEquiv>
        </Word>
        <TextEquiv>
          <Unicode> و حو هكم شطر ه لئلا يكو ن للنا س عليكم حجة</Unicode>
        </TextEquiv>
      </TextLine>
      <TextLine id="l11">
        <Coords points="37,1940 1310,1940 1310,2064 37,2064"/>
        <Word id="w176">
          <Coords points="1300,1977 1309,1977 1309,2027 1300,2027"/>
          <TextEquiv>
            <Unicode>ا</Unicode>
          </TextEquiv>
        </Word>
        <Word id="w177">
          <Coords points="1239,1975 1281,1975 1281,2043 1239,2043"/>
          <TextEquiv>
            <Unicode>لا</Unicode>
          </TextEquiv>
        </Word>
        <Word id="w178">
          <Coords points="1215,1975 1228,1975 1228,2021 1215,2021"/>
          <TextEquiv>
            <Unicode>ا</Unicode>
          </TextEquiv>
        </Word>
        <Word id="w179">
          <Coords points="1142,1967 1196,1967 1196,2032 1142,2032"/>
          <TextEquiv>
            <Unicode>لذ</Unicode>
          </TextEquiv>
        </Word>
        <Word id="w180">
          <Coords points="1082,2000 1153,2000 1153,2059 1082,2059"/>
          <TextEquiv>
            <Unicode>ين</Unicode>
          </TextEquiv>
        </Word>
        <Word id="w181">
          <Coords points="964,1959 1080,1959 1080,2055 964,2055"/>
          <TextEquiv>
            <Unicode>ظلمو</Unicode>
          </TextEquiv>
        </Word>
        <Word id="w182">
          <Coords points="947,1971 961,1971 961,2020 947,2020"/>
          <TextEquiv>
            <Unicode>ا</Unicode>
          </TextEquiv>
        </Word>
        <Word id="w183">
          <Coords points="815,1983 940,1983 940,2063 815,2063"/>
          <TextEquiv>
            <Unicode>منهم</Unicode>
          </TextEquiv>
        </Word>
        <Word id="w184">
          <Coords points="725,1968 811,1968 811,2034 725,2034"/>
          <TextEquiv>
            <Unicode>فلا</Unicode>
          </TextEquiv>
        </Word>
        <Word id="w185">
          <Coords points="558,1940 727,1940 727,2046 558,2046"/>
          <TextEquiv>
            <Unicode>تخشو</Unicode>
          </TextEquiv>
        </Word>
        <Word id="w186">
          <Coords points="499,1981 568,1981 568,2045 499,2045"/>
          <TextEquiv>
            <Unicode>هم</Unicode>
          </TextEquiv>
        </Word>
        <Word id="w187">
          <Coords points="456,1982 500,1982 500,2030 456,2030"/>
          <TextEquiv>
            <Unicode>و</Unicode>
          </TextEquiv>
        </Word>
        <Word id="w188">
          <Coords points="449,1948 461,1948 461,1999 449,1999"/>
          <TextEquiv>
            <Unicode>ا</Unicode>
          </TextEquiv>
        </Word>
        <Word id="w189">
          <Coords points="296,1957 450,1957 450,2033 296,2033"/>
          <TextEquiv>
            <Unicode>خشو</Unicode>
          </TextEquiv>
        </Word>
        <Word id="w190">
          <Coords points="231,1959 291,1959 291,2036 231,2036"/>
          <TextEquiv>
            <Unicode>نى</Unicode>
          </TextEquiv>
        </Word>
        <Word id="w191">
          <Coords points="179,1981 224,1981 224,2032 179,2032"/>
          <TextEquiv>
            <Unicode>و</Unicode>
          </TextEquiv>
        </Word>
        <Word id="w192">
          <Coords points="141,1945 182,1945 182,2017 141,2017"/>
          <TextEquiv>
            <Unicode>لا</Unicode>
          </TextEquiv>
        </Word>
        <Word id="w193">
          <Coords points="37,1967 142,1967 142,2047 37,2047"/>
          <TextEquiv>
            <Unicode>ت</Unicode>
          </TextEquiv>
        </Word>
        <TextEquiv>
          <Unicode> ا لا ا لذ ين ظلمو ا منهم فلا تخشو هم و ا خشو نى و لا ت</Unicode>
        </TextEquiv>
      </TextLine>
      <TextLine id="l12">
        <Coords points="38,2077 1311,2077 1311,2235 38,2235"/>
        <Word id="w194">
          <Coords points="1124,2140 1310,2140 1310,2230 1124,2230"/>
          <TextEquiv>
            <Unicode>نعمتى</Unicode>
          </TextEquiv>
        </Word>
        <Word id="w195">
          <Coords points="962,2088 1121,2088 1121,2228 962,2228"/>
          <TextEquiv>
            <Unicode>عليكم</Unicode>
          </TextEquiv>
        </Word>
        <Word id="w196">
          <Coords points="919,2166 966,2166 966,2216 919,2216"/>
          <TextEquiv>
            <Unicode>و</Unicode>
          </TextEquiv>
        </Word>
        <Word id="w197">
          <Coords points="687,2077 919,2077 919,2234 687,2234"/>
          <TextEquiv>
            <Unicode>لعلكم</Unicode>
          </TextEquiv>
        </Word>
        <Word id="w198">
          <Coords points="540,2124 677,2124 677,2209 540,2209"/>
          <TextEquiv>
            <Unicode>تهتد</Unicode>
          </TextEquiv>
        </Word>
        <Word id="w199">
          <Coords points="491,2149 534,2149 534,2198 491,2198"/>
          <TextEquiv>
            <Unicode>و</Unicode>
          </TextEquiv>
        </Word>
        <Word id="w200">
          <Coords points="452,2130 488,2130 488,2187 452,2187"/>
          <TextEquiv>
            <Unicode>ن</Unicode>
          </TextEquiv>
        </Word>
        <Word id="w201">
          <Coords points="233,2079 348,2079 348,2189 233,2189"/>
          <TextEquiv>
            <Unicode>كما</Unicode>
          </TextEquiv>
        </Word>
        <Word id="w202">
          <Coords points="213,2122 226,2122 226,2174 213,2174"/>
          <TextEquiv>
            <Unicode>ا</Unicode>
          </TextEquiv>
        </Word>
        <Word id="w203">
          <Coords points="171,2151 207,2151 207,2191 171,2191"/>
          <TextEquiv>
            <Unicode>ر</Unicode>
          </TextEquiv>
        </Word>
        <Word id="w204">
          <Coords points="38,2105 180,2105 180,2179 38,2179"/>
          <TextEquiv>
            <Unicode>سلنا</Unicode>
          </TextEquiv>
        </Word>
        <TextEquiv>
          <Unicode> نعمتى عليكم و لعلكم تهتد و ن كما ا ر سلنا</Unicode>
        </TextEquiv>
      </TextLine>
      <TextLine id="l13">
        <Coords points="8,2246 1311,2246 1311,2408 8,2408"/>
        <Word id="w205">
          <Coords points="1182,2257 1310,2257 1310,2386 1182,2386"/>
          <TextEquiv>
            <Unicode>فيكم</Unicode>
          </TextEquiv>
        </Word>
        <Word id="w206">
          <Coords points="1146,2335 1179,2335 1179,2376 1146,2376"/>
          <TextEquiv>
            <Unicode>ر</Unicode>
          </TextEquiv>
        </Word>
        <Word id="w207">
          <Coords points="1048,2336 1148,2336 1148,2385 1048,2385"/>
          <TextEquiv>
            <Unicode>سو</Unicode>
          </TextEquiv>
        </Word>
        <Word id="w208">
          <Coords points="1006,2303 1049,2303 1049,2368 1006,2368"/>
          <TextEquiv>
            <Unicode>لا</Unicode>
          </TextEquiv>
        </Word>
        <Word id="w209">
          <Coords points="892,2256 1007,2256 1007,2407 892,2407"/>
          <TextEquiv>
            <Unicode>منكم</Unicode>
          </TextEquiv>
        </Word>
        <Word id="w210">
          <Coords points="723,2286 875,2286 875,2377 723,2377"/>
          <TextEquiv>
            <Unicode>يتلو</Unicode>
          </TextEquiv>
        </Word>
        <Word id="w211">
          <Coords points="703,2288 716,2288 716,2337 703,2337"/>
          <TextEquiv>
            <Unicode>ا</Unicode>
          </TextEquiv>
        </Word>
        <Word id="w212">
          <Coords points="522,2246 689,2246 689,2371 522,2371"/>
          <TextEquiv>
            <Unicode>عليكم</Unicode>
          </TextEquiv>
        </Word>
        <Word id="w213">
          <Coords points="503,2289 515,2289 515,2336 503,2336"/>
          <TextEquiv>
            <Unicode>ا</Unicode>
          </TextEquiv>
        </Word>
        <Word id="w214">
          <Coords points="465,2279 494,2279 494,2372 465,2372"/>
          <TextEquiv>
            <Unicode>يا</Unicode>
          </TextEquiv>
        </Word>
        <Word id="w215">
          <Coords points="389,2266 455,2266 455,2343 389,2343"/>
          <TextEquiv>
            <Unicode>تنا</Unicode>
          </TextEquiv>
        </Word>
        <Word id="w216">
          <Coords points="332,2310 378,2310 378,2361 332,2361"/>
          <TextEquiv>
            <Unicode>و</Unicode>
          </TextEquiv>
        </Word>
        <Word id="w217">
          <Coords points="287,2317 339,2317 339,2380 287,2380"/>
          <TextEquiv>
            <Unicode>ير</Unicode>
          </TextEquiv>
        </Word>
        <Word id="w218">
          <Coords points="8,2272 313,2272 313,2374 8,2374"/>
          <TextEquiv>
            <Unicode>كيكم</Unicode>
          </TextEquiv>
        </Word>
        <TextEquiv>
          <Unicode> فيكم ر سو لا منكم يتلو ا عليكم ا يا تنا و ير كيكم</Unicode>
        </TextEquiv>
      </TextLine>
      <TextLine id="l14">
        <Coords points="29,2389 1270,2389 1270,2570 29,2570"/>
        <Word id="w219">
          <Coords points="1092,2422 1269,2422 1269,2569 1092,2569"/>
          <TextEquiv>
            <Unicode>يعلمكم</Unicode>
          </TextEquiv>
        </Word>
        <Word id="w220">
          <Coords points="1049,2444 1073,2444 1073,2517 1049,2517"/>
          <TextEquiv>
            <Unicode>ا</Unicode>
          </TextEquiv>
        </Word>
        <Word id="w221">
          <Coords points="946,2410 1068,2410 1068,2538 946,2538"/>
          <TextEquiv>
            <Unicode>لكتا</Unicode>
          </TextEquiv>
        </Word>
        <Word id="w222">
          <Coords points="870,2493 941,2493 941,2554 870,2554"/>
          <TextEquiv>
            <Unicode>ب</Unicode>
          </TextEquiv>
        </Word>
        <Word id="w223">
          <Coords points="813,2486 858,2486 858,2539 813,2539"/>
          <TextEquiv>
            <Unicode>و</Unicode>
          </TextEquiv>
        </Word>
        <Word id="w224">
          <Coords points="805,2447 816,2447 816,2503 805,2503"/>
          <TextEquiv>
            <Unicode>ا</Unicode>
          </TextEquiv>
        </Word>
        <Word id="w225">
          <Coords points="647,2413 804,2413 804,2531 647,2531"/>
          <TextEquiv>
            <Unicode>لحكمة</Unicode>
          </TextEquiv>
        </Word>
        <Word id="w226">
          <Coords points="589,2482 634,2482 634,2538 589,2538"/>
          <TextEquiv>
            <Unicode>و</Unicode>
          </TextEquiv>
        </Word>
        <Word id="w227">
          <Coords points="281,2442 592,2442 592,2553 281,2553"/>
          <TextEquiv>
            <Unicode>يعلمك</Unicode>
          </TextEquiv>
        </Word>
        <Word id="w228">
          <Coords points="239,2432 287,2432 287,2509 239,2509"/>
          <TextEquiv>
            <Unicode>ما</Unicode>
          </TextEquiv>
        </Word>
        <Word id="w229">
          <Coords points="179,2423 220,2423 220,2523 179,2523"/>
          <TextEquiv>
            <Unicode>لم</Unicode>
          </TextEquiv>
        </Word>
        <Word id="w230">
          <Coords points="71,2389 177,2389 177,2529 71,2529"/>
          <TextEquiv>
            <Unicode>تكو</Unicode>
          </TextEquiv>
        </Word>
        <Word id="w231">
          <Coords points="31,2448 42,2448 42,2498 31,2498"/>
          <TextEquiv>
            <Unicode>ا</Unicode>
          </TextEquiv>
        </Word>
        <Word id="w232">
          <Coords points="29,2442 86,2442 86,2522 29,2522"/>
          <TextEquiv>
            <Unicode>نو</Unicode>
          </TextEquiv>
        </Word>
        <TextEquiv>
          <Unicode> يعلمكم ا لكتا ب و ا لحكمة و يعلمك ما لم تكو ا نو</Unicode>
        </TextEquiv>
      </TextLine>
    </TextRegion>
  </Page>
</PcGts>
