<?xml version='1.0' encoding='utf-8'?>
<PcGts xmlns:xsi="http://www.w3.org/2001/XMLSchema-instance" xmlns="http://schema.primaresearch.org/PAGE/gts/pagecontent/2019-07-15" xsi:schemaLocation="http://schema.primaresearch.org/PAGE/gts/pagecontent/2019-07-15 http://schema.primaresearch.org/PAGE/gts/pagecontent/2019-07-15/pagecontent.xsd" pcGtsId="pc-aletheiaexamplepage">
  <Metadata>
    <Creator>PRImA Research Lab</Creator>
    <Created>2015-07-17T15:27:13</Created>
    <LastChange>2017-07-14T10:03:33</LastChange>
    <Comments>Example Page</Comments>
  </Metadata>
  <Page imageFilename="3158466/_017-2.png" imageWidth="1354" imageHeight="2588">
    <TextRegion id="r0" type="paragraph">
      <Coords points="1,1 1352,1 1352,2586 1,2586"/>
      <TextLine id="l0">
        <Coords points="121,83 1349,83 1349,215 121,215"/>
        <Word id="w0">
          <Coords points="1218,96 1348,96 1348,214 1218,214"/>
          <TextEquiv>
            <Unicode>يكتمو</Unicode>
          </TextEquiv>
        </Word>
        <Word id="w1">
          <Coords points="1178,116 1210,116 1210,189 1178,189"/>
          <TextEquiv>
            <Unicode>ن</Unicode>
          </TextEquiv>
        </Word>
        <Word id="w2">
          <Coords points="1133,104 1173,104 1173,176 1133,176"/>
          <TextEquiv>
            <Unicode>ما</Unicode>
          </TextEquiv>
        </Word>
        <Word id="w3">
          <Coords points="1098,106 1125,106 1125,163 1098,163"/>
          <TextEquiv>
            <Unicode>ا</Unicode>
          </TextEquiv>
        </Word>
        <Word id="w4">
          <Coords points="1024,123 1088,123 1088,202 1024,202"/>
          <TextEquiv>
            <Unicode>نز</Unicode>
          </TextEquiv>
        </Word>
        <Word id="w5">
          <Coords points="996,96 1033,96 1033,176 996,176"/>
          <TextEquiv>
            <Unicode>ل</Unicode>
          </TextEquiv>
        </Word>
        <Word id="w6">
          <Coords points="975,109 984,109 984,158 975,158"/>
          <TextEquiv>
            <Unicode>ا</Unicode>
          </TextEquiv>
        </Word>
        <Word id="w7">
          <Coords points="898,136 961,136 961,175 898,175"/>
          <TextEquiv>
            <Unicode>لله</Unicode>
          </TextEquiv>
        </Word>
        <Word id="w8">
          <Coords points="815,119 891,119 891,193 815,193"/>
          <TextEquiv>
            <Unicode>من</Unicode>
          </TextEquiv>
        </Word>
        <Word id="w9">
          <Coords points="801,116 808,116 808,163 801,163"/>
          <TextEquiv>
            <Unicode>ا</Unicode>
          </TextEquiv>
        </Word>
        <Word id="w10">
          <Coords points="698,83 795,83 795,189 698,189"/>
          <TextEquiv>
            <Unicode>لكتا</Unicode>
          </TextEquiv>
        </Word>
        <Word id="w11">
          <Coords points="621,141 689,141 689,195 621,195"/>
          <TextEquiv>
            <Unicode>ب</Unicode>
          </TextEquiv>
        </Word>
        <Word id="w12">
          <Coords points="564,135 610,135 610,186 564,186"/>
          <TextEquiv>
            <Unicode>و</Unicode>
          </TextEquiv>
        </Word>
        <Word id="w13">
          <Coords points="409,124 562,124 562,185 409,185"/>
          <TextEquiv>
            <Unicode>يشتر</Unicode>
          </TextEquiv>
        </Word>
        <Word id="w14">
          <Coords points="376,136 417,136 417,184 376,184"/>
          <TextEquiv>
            <Unicode>و</Unicode>
          </TextEquiv>
        </Word>
        <Word id="w15">
          <Coords points="338,97 375,97 375,170 338,170"/>
          <TextEquiv>
            <Unicode>ن</Unicode>
          </TextEquiv>
        </Word>
        <Word id="w16">
          <Coords points="298,139 327,139 327,175 298,175"/>
          <TextEquiv>
            <Unicode>به</Unicode>
          </TextEquiv>
        </Word>
        <Word id="w17">
          <Coords points="121,87 280,87 280,165 121,165"/>
          <TextEquiv>
            <Unicode>تمنا</Unicode>
          </TextEquiv>
        </Word>
        <TextEquiv>
          <Unicode> يكتمو ن ما ا نز ل ا لله من ا لكتا ب و يشتر و ن به تمنا</Unicode>
        </TextEquiv>
      </TextLine>
      <TextLine id="l1">
        <Coords points="85,246 1338,246 1338,388 85,388"/>
        <Word id="w18">
          <Coords points="1208,294 1337,294 1337,373 1208,373"/>
          <TextEquiv>
            <Unicode>قليلا</Unicode>
          </TextEquiv>
        </Word>
        <Word id="w19">
          <Coords points="1187,292 1201,292 1201,340 1187,340"/>
          <TextEquiv>
            <Unicode>ا</Unicode>
          </TextEquiv>
        </Word>
        <Word id="w20">
          <Coords points="1142,312 1181,312 1181,359 1142,359"/>
          <TextEquiv>
            <Unicode>و</Unicode>
          </TextEquiv>
        </Word>
        <Word id="w21">
          <Coords points="1010,270 1145,270 1145,342 1010,342"/>
          <TextEquiv>
            <Unicode>لئك</Unicode>
          </TextEquiv>
        </Word>
        <Word id="w22">
          <Coords points="956,262 1000,262 1000,342 956,342"/>
          <TextEquiv>
            <Unicode>مل</Unicode>
          </TextEquiv>
        </Word>
        <Word id="w23">
          <Coords points="908,260 951,260 951,371 908,371"/>
          <TextEquiv>
            <Unicode>يا</Unicode>
          </TextEquiv>
        </Word>
        <Word id="w24">
          <Coords points="800,272 905,272 905,367 800,367"/>
          <TextEquiv>
            <Unicode>كلو</Unicode>
          </TextEquiv>
        </Word>
        <Word id="w25">
          <Coords points="759,273 810,273 810,355 759,355"/>
          <TextEquiv>
            <Unicode>ن</Unicode>
          </TextEquiv>
        </Word>
        <Word id="w26">
          <Coords points="683,253 770,253 770,329 683,329"/>
          <TextEquiv>
            <Unicode>فى</Unicode>
          </TextEquiv>
        </Word>
        <Word id="w27">
          <Coords points="535,260 665,260 665,359 535,359"/>
          <TextEquiv>
            <Unicode>بطو</Unicode>
          </TextEquiv>
        </Word>
        <Word id="w28">
          <Coords points="470,280 546,280 546,387 470,387"/>
          <TextEquiv>
            <Unicode>نهم</Unicode>
          </TextEquiv>
        </Word>
        <Word id="w29">
          <Coords points="450,252 469,252 469,331 450,331"/>
          <TextEquiv>
            <Unicode>ا</Unicode>
          </TextEquiv>
        </Word>
        <Word id="w30">
          <Coords points="384,273 447,273 447,333 384,333"/>
          <TextEquiv>
            <Unicode>لا</Unicode>
          </TextEquiv>
        </Word>
        <Word id="w31">
          <Coords points="357,269 373,269 373,322 357,322"/>
          <TextEquiv>
            <Unicode>ا</Unicode>
          </TextEquiv>
        </Word>
        <Word id="w32">
          <Coords points="205,261 349,261 349,336 205,336"/>
          <TextEquiv>
            <Unicode>لنا</Unicode>
          </TextEquiv>
        </Word>
        <Word id="w33">
          <Coords points="156,302 194,302 194,340 156,340"/>
          <TextEquiv>
            <Unicode>ر</Unicode>
          </TextEquiv>
        </Word>
        <Word id="w34">
          <Coords points="114,294 154,294 154,338 114,338"/>
          <TextEquiv>
            <Unicode>و</Unicode>
          </TextEquiv>
        </Word>
        <Word id="w35">
          <Coords points="85,246 129,246 129,321 85,321"/>
          <TextEquiv>
            <Unicode>لا</Unicode>
          </TextEquiv>
        </Word>
        <TextEquiv>
          <Unicode> قليلا ا و لئك مل يا كلو ن فى بطو نهم ا لا ا لنا ر و لا</Unicode>
        </TextEquiv>
      </TextLine>
      <TextLine id="l2">
        <Coords points="76,393 1339,393 1339,572 76,572"/>
        <Word id="w36">
          <Coords points="1173,429 1338,429 1338,571 1173,571"/>
          <TextEquiv>
            <Unicode>يكلمهم</Unicode>
          </TextEquiv>
        </Word>
        <Word id="w37">
          <Coords points="1138,441 1155,441 1155,508 1138,508"/>
          <TextEquiv>
            <Unicode>ا</Unicode>
          </TextEquiv>
        </Word>
        <Word id="w38">
          <Coords points="1052,466 1121,466 1121,508 1052,508"/>
          <TextEquiv>
            <Unicode>لله</Unicode>
          </TextEquiv>
        </Word>
        <Word id="w39">
          <Coords points="975,464 1043,464 1043,526 975,526"/>
          <TextEquiv>
            <Unicode>يو</Unicode>
          </TextEquiv>
        </Word>
        <Word id="w40">
          <Coords points="933,477 987,477 987,517 933,517"/>
          <TextEquiv>
            <Unicode>م</Unicode>
          </TextEquiv>
        </Word>
        <Word id="w41">
          <Coords points="923,439 946,439 946,498 923,498"/>
          <TextEquiv>
            <Unicode>ا</Unicode>
          </TextEquiv>
        </Word>
        <Word id="w42">
          <Coords points="790,438 908,438 908,540 790,540"/>
          <TextEquiv>
            <Unicode>لقيمة</Unicode>
          </TextEquiv>
        </Word>
        <Word id="w43">
          <Coords points="734,470 782,470 782,524 734,524"/>
          <TextEquiv>
            <Unicode>و</Unicode>
          </TextEquiv>
        </Word>
        <Word id="w44">
          <Coords points="693,438 742,438 742,505 693,505"/>
          <TextEquiv>
            <Unicode>لا</Unicode>
          </TextEquiv>
        </Word>
        <Word id="w45">
          <Coords points="641,447 696,447 696,538 641,538"/>
          <TextEquiv>
            <Unicode>يز</Unicode>
          </TextEquiv>
        </Word>
        <Word id="w46">
          <Coords points="519,393 707,393 707,531 519,531"/>
          <TextEquiv>
            <Unicode>كيهم</Unicode>
          </TextEquiv>
        </Word>
        <Word id="w47">
          <Coords points="473,462 517,462 517,515 473,515"/>
          <TextEquiv>
            <Unicode>و</Unicode>
          </TextEquiv>
        </Word>
        <Word id="w48">
          <Coords points="379,424 477,424 477,501 379,501"/>
          <TextEquiv>
            <Unicode>لهم</Unicode>
          </TextEquiv>
        </Word>
        <Word id="w49">
          <Coords points="298,440 373,440 373,498 298,498"/>
          <TextEquiv>
            <Unicode>عذ</Unicode>
          </TextEquiv>
        </Word>
        <Word id="w50">
          <Coords points="279,433 290,433 290,479 279,479"/>
          <TextEquiv>
            <Unicode>ا</Unicode>
          </TextEquiv>
        </Word>
        <Word id="w51">
          <Coords points="215,463 272,463 272,519 215,519"/>
          <TextEquiv>
            <Unicode>ب</Unicode>
          </TextEquiv>
        </Word>
        <Word id="w52">
          <Coords points="205,411 225,411 225,469 205,469"/>
          <TextEquiv>
            <Unicode>ا</Unicode>
          </TextEquiv>
        </Word>
        <Word id="w53">
          <Coords points="76,425 198,425 198,532 76,532"/>
          <TextEquiv>
            <Unicode>ليم</Unicode>
          </TextEquiv>
        </Word>
        <TextEquiv>
          <Unicode> يكلمهم ا لله يو م ا لقيمة و لا يز كيهم و لهم عذ ا ب ا ليم</Unicode>
        </TextEquiv>
      </TextLine>
      <TextLine id="l3">
        <Coords points="88,586 1215,586 1215,699 88,699"/>
        <Word id="w54">
          <Coords points="1203,628 1214,628 1214,677 1203,677"/>
          <TextEquiv>
            <Unicode>ا</Unicode>
          </TextEquiv>
        </Word>
        <Word id="w55">
          <Coords points="1158,650 1194,650 1194,698 1158,698"/>
          <TextEquiv>
            <Unicode>و</Unicode>
          </TextEquiv>
        </Word>
        <Word id="w56">
          <Coords points="1046,614 1160,614 1160,680 1046,680"/>
          <TextEquiv>
            <Unicode>لئك</Unicode>
          </TextEquiv>
        </Word>
        <Word id="w57">
          <Coords points="1016,610 1030,610 1030,665 1016,665"/>
          <TextEquiv>
            <Unicode>ا</Unicode>
          </TextEquiv>
        </Word>
        <Word id="w58">
          <Coords points="945,600 998,600 998,673 945,673"/>
          <TextEquiv>
            <Unicode>لذ</Unicode>
          </TextEquiv>
        </Word>
        <Word id="w59">
          <Coords points="880,627 948,627 948,698 880,698"/>
          <TextEquiv>
            <Unicode>ين</Unicode>
          </TextEquiv>
        </Word>
        <Word id="w60">
          <Coords points="849,599 868,599 868,657 849,657"/>
          <TextEquiv>
            <Unicode>ا</Unicode>
          </TextEquiv>
        </Word>
        <Word id="w61">
          <Coords points="700,612 846,612 846,687 700,687"/>
          <TextEquiv>
            <Unicode>شتر</Unicode>
          </TextEquiv>
        </Word>
        <Word id="w62">
          <Coords points="663,630 710,630 710,683 663,683"/>
          <TextEquiv>
            <Unicode>و</Unicode>
          </TextEquiv>
        </Word>
        <Word id="w63">
          <Coords points="653,605 663,605 663,649 653,649"/>
          <TextEquiv>
            <Unicode>ا</Unicode>
          </TextEquiv>
        </Word>
        <Word id="w64">
          <Coords points="623,602 635,602 635,651 623,651"/>
          <TextEquiv>
            <Unicode>ا</Unicode>
          </TextEquiv>
        </Word>
        <Word id="w65">
          <Coords points="465,599 602,599 602,667 465,667"/>
          <TextEquiv>
            <Unicode>لضلا</Unicode>
          </TextEquiv>
        </Word>
        <Word id="w66">
          <Coords points="403,593 449,593 449,661 403,661"/>
          <TextEquiv>
            <Unicode>لة</Unicode>
          </TextEquiv>
        </Word>
        <Word id="w67">
          <Coords points="355,590 383,590 383,686 355,686"/>
          <TextEquiv>
            <Unicode>با</Unicode>
          </TextEquiv>
        </Word>
        <Word id="w68">
          <Coords points="160,586 345,586 345,668 160,668"/>
          <TextEquiv>
            <Unicode>لهد</Unicode>
          </TextEquiv>
        </Word>
        <Word id="w69">
          <Coords points="88,606 139,606 139,665 88,665"/>
          <TextEquiv>
            <Unicode>ى</Unicode>
          </TextEquiv>
        </Word>
        <TextEquiv>
          <Unicode> ا و لئك ا لذ ين ا شتر و ا ا لضلا لة با لهد ى</Unicode>
        </TextEquiv>
      </TextLine>
      <TextLine id="l4">
        <Coords points="71,752 1329,752 1329,866 71,866"/>
        <Word id="w70">
          <Coords points="1283,814 1328,814 1328,863 1283,863"/>
          <TextEquiv>
            <Unicode>و</Unicode>
          </TextEquiv>
        </Word>
        <Word id="w71">
          <Coords points="1282,785 1290,785 1290,837 1282,837"/>
          <TextEquiv>
            <Unicode>ا</Unicode>
          </TextEquiv>
        </Word>
        <Word id="w72">
          <Coords points="1168,776 1262,776 1262,847 1168,847"/>
          <TextEquiv>
            <Unicode>لعذ</Unicode>
          </TextEquiv>
        </Word>
        <Word id="w73">
          <Coords points="1148,774 1161,774 1161,826 1148,826"/>
          <TextEquiv>
            <Unicode>ا</Unicode>
          </TextEquiv>
        </Word>
        <Word id="w74">
          <Coords points="1073,810 1144,810 1144,864 1073,864"/>
          <TextEquiv>
            <Unicode>ب</Unicode>
          </TextEquiv>
        </Word>
        <Word id="w75">
          <Coords points="1040,770 1061,770 1061,857 1040,857"/>
          <TextEquiv>
            <Unicode>با</Unicode>
          </TextEquiv>
        </Word>
        <Word id="w76">
          <Coords points="839,793 857,793 857,810 839,810"/>
          <TextEquiv>
            <Unicode>ه</Unicode>
          </TextEquiv>
        </Word>
        <Word id="w77">
          <Coords points="838,769 1034,769 1034,861 838,861"/>
          <TextEquiv>
            <Unicode>لمغفر</Unicode>
          </TextEquiv>
        </Word>
        <Word id="w78">
          <Coords points="767,754 820,754 820,837 767,837"/>
          <TextEquiv>
            <Unicode>فما</Unicode>
          </TextEquiv>
        </Word>
        <Word id="w79">
          <Coords points="738,755 750,755 750,809 738,809"/>
          <TextEquiv>
            <Unicode>ا</Unicode>
          </TextEquiv>
        </Word>
        <Word id="w80">
          <Coords points="591,791 738,791 738,852 591,852"/>
          <TextEquiv>
            <Unicode>صبر</Unicode>
          </TextEquiv>
        </Word>
        <Word id="w81">
          <Coords points="525,782 602,782 602,849 525,849"/>
          <TextEquiv>
            <Unicode>هم</Unicode>
          </TextEquiv>
        </Word>
        <Word id="w82">
          <Coords points="443,756 534,756 534,865 443,865"/>
          <TextEquiv>
            <Unicode>على</Unicode>
          </TextEquiv>
        </Word>
        <Word id="w83">
          <Coords points="442,761 454,761 454,814 442,814"/>
          <TextEquiv>
            <Unicode>ا</Unicode>
          </TextEquiv>
        </Word>
        <Word id="w84">
          <Coords points="358,752 429,752 429,823 358,823"/>
          <TextEquiv>
            <Unicode>لنا</Unicode>
          </TextEquiv>
        </Word>
        <Word id="w85">
          <Coords points="311,792 350,792 350,837 311,837"/>
          <TextEquiv>
            <Unicode>ر</Unicode>
          </TextEquiv>
        </Word>
        <Word id="w86">
          <Coords points="188,752 215,752 215,821 188,821"/>
          <TextEquiv>
            <Unicode>ذ</Unicode>
          </TextEquiv>
        </Word>
        <Word id="w87">
          <Coords points="71,758 176,758 176,817 71,817"/>
          <TextEquiv>
            <Unicode>لك</Unicode>
          </TextEquiv>
        </Word>
        <TextEquiv>
          <Unicode> و ا لعذ ا ب با ه لمغفر فما ا صبر هم على ا لنا ر ذ لك</Unicode>
        </TextEquiv>
      </TextLine>
      <TextLine id="l5">
        <Coords points="66,910 1328,910 1328,1041 66,1041"/>
        <Word id="w88">
          <Coords points="1300,942 1327,942 1327,1028 1300,1028"/>
          <TextEquiv>
            <Unicode>با</Unicode>
          </TextEquiv>
        </Word>
        <Word id="w89">
          <Coords points="1243,964 1285,964 1285,1021 1243,1021"/>
          <TextEquiv>
            <Unicode>ن</Unicode>
          </TextEquiv>
        </Word>
        <Word id="w90">
          <Coords points="1219,950 1229,950 1229,996 1219,996"/>
          <TextEquiv>
            <Unicode>ا</Unicode>
          </TextEquiv>
        </Word>
        <Word id="w91">
          <Coords points="1135,965 1206,965 1206,1005 1135,1005"/>
          <TextEquiv>
            <Unicode>لله</Unicode>
          </TextEquiv>
        </Word>
        <Word id="w92">
          <Coords points="1050,939 1142,939 1142,1040 1050,1040"/>
          <TextEquiv>
            <Unicode>نز</Unicode>
          </TextEquiv>
        </Word>
        <Word id="w93">
          <Coords points="1025,932 1070,932 1070,1010 1025,1010"/>
          <TextEquiv>
            <Unicode>ل</Unicode>
          </TextEquiv>
        </Word>
        <Word id="w94">
          <Coords points="1000,945 1011,945 1011,991 1000,991"/>
          <TextEquiv>
            <Unicode>ا</Unicode>
          </TextEquiv>
        </Word>
        <Word id="w95">
          <Coords points="745,924 982,924 982,1004 745,1004"/>
          <TextEquiv>
            <Unicode>لكتا</Unicode>
          </TextEquiv>
        </Word>
        <Word id="w96">
          <Coords points="680,967 741,967 741,1017 680,1017"/>
          <TextEquiv>
            <Unicode>ب</Unicode>
          </TextEquiv>
        </Word>
        <Word id="w97">
          <Coords points="637,925 668,925 668,1021 637,1021"/>
          <TextEquiv>
            <Unicode>با</Unicode>
          </TextEquiv>
        </Word>
        <Word id="w98">
          <Coords points="535,921 635,921 635,1022 535,1022"/>
          <TextEquiv>
            <Unicode>لحق</Unicode>
          </TextEquiv>
        </Word>
        <Word id="w99">
          <Coords points="487,960 530,960 530,1008 487,1008"/>
          <TextEquiv>
            <Unicode>و</Unicode>
          </TextEquiv>
        </Word>
        <Word id="w100">
          <Coords points="476,939 485,939 485,985 476,985"/>
          <TextEquiv>
            <Unicode>ا</Unicode>
          </TextEquiv>
        </Word>
        <Word id="w101">
          <Coords points="420,943 457,943 457,999 420,999"/>
          <TextEquiv>
            <Unicode>ن</Unicode>
          </TextEquiv>
        </Word>
        <Word id="w102">
          <Coords points="390,923 405,923 405,985 390,985"/>
          <TextEquiv>
            <Unicode>ا</Unicode>
          </TextEquiv>
        </Word>
        <Word id="w103">
          <Coords points="320,910 378,910 378,996 320,996"/>
          <TextEquiv>
            <Unicode>لذ</Unicode>
          </TextEquiv>
        </Word>
        <Word id="w104">
          <Coords points="255,936 331,936 331,1016 255,1016"/>
          <TextEquiv>
            <Unicode>ين</Unicode>
          </TextEquiv>
        </Word>
        <Word id="w105">
          <Coords points="241,915 252,915 252,969 241,969"/>
          <TextEquiv>
            <Unicode>ا</Unicode>
          </TextEquiv>
        </Word>
        <Word id="w106">
          <Coords points="68,916 76,916 76,960 68,960"/>
          <TextEquiv>
            <Unicode>ا</Unicode>
          </TextEquiv>
        </Word>
        <Word id="w107">
          <Coords points="66,911 242,911 242,988 66,988"/>
          <TextEquiv>
            <Unicode>ختلفو</Unicode>
          </TextEquiv>
        </Word>
        <TextEquiv>
          <Unicode> با ن ا لله نز ل ا لكتا ب با لحق و ا ن ا لذ ين ا ا ختلفو</Unicode>
        </TextEquiv>
      </TextLine>
      <TextLine id="l6">
        <Coords points="74,1072 1335,1072 1335,1201 74,1201"/>
        <Word id="w108">
          <Coords points="1256,1111 1274,1111 1274,1157 1256,1157"/>
          <TextEquiv>
            <Unicode>ا</Unicode>
          </TextEquiv>
        </Word>
        <Word id="w109">
          <Coords points="1251,1111 1334,1111 1334,1200 1251,1200"/>
          <TextEquiv>
            <Unicode>في</Unicode>
          </TextEquiv>
        </Word>
        <Word id="w110">
          <Coords points="1155,1087 1245,1087 1245,1189 1155,1189"/>
          <TextEquiv>
            <Unicode>لكتا</Unicode>
          </TextEquiv>
        </Word>
        <Word id="w111">
          <Coords points="1071,1138 1141,1138 1141,1193 1071,1193"/>
          <TextEquiv>
            <Unicode>لب</Unicode>
          </TextEquiv>
        </Word>
        <Word id="w112">
          <Coords points="991,1090 1052,1090 1052,1190 991,1190"/>
          <TextEquiv>
            <Unicode>لفى</Unicode>
          </TextEquiv>
        </Word>
        <Word id="w113">
          <Coords points="868,1096 994,1096 994,1166 868,1166"/>
          <TextEquiv>
            <Unicode>شقا</Unicode>
          </TextEquiv>
        </Word>
        <Word id="w114">
          <Coords points="800,1105 858,1105 858,1177 800,1177"/>
          <TextEquiv>
            <Unicode>ق</Unicode>
          </TextEquiv>
        </Word>
        <Word id="w115">
          <Coords points="655,1116 794,1116 794,1180 655,1180"/>
          <TextEquiv>
            <Unicode>بعيد</Unicode>
          </TextEquiv>
        </Word>
        <Word id="w116">
          <Coords points="389,1086 522,1086 522,1177 389,1177"/>
          <TextEquiv>
            <Unicode>ليس</Unicode>
          </TextEquiv>
        </Word>
        <Word id="w117">
          <Coords points="381,1085 399,1085 399,1141 381,1141"/>
          <TextEquiv>
            <Unicode>ا</Unicode>
          </TextEquiv>
        </Word>
        <Word id="w118">
          <Coords points="290,1085 366,1085 366,1175 290,1175"/>
          <TextEquiv>
            <Unicode>لبر</Unicode>
          </TextEquiv>
        </Word>
        <Word id="w119">
          <Coords points="277,1088 290,1088 290,1140 277,1140"/>
          <TextEquiv>
            <Unicode>ا</Unicode>
          </TextEquiv>
        </Word>
        <Word id="w120">
          <Coords points="229,1087 267,1087 267,1158 229,1158"/>
          <TextEquiv>
            <Unicode>ن</Unicode>
          </TextEquiv>
        </Word>
        <Word id="w121">
          <Coords points="151,1084 216,1084 216,1163 151,1163"/>
          <TextEquiv>
            <Unicode>تو</Unicode>
          </TextEquiv>
        </Word>
        <Word id="w122">
          <Coords points="79,1076 164,1076 164,1158 79,1158"/>
          <TextEquiv>
            <Unicode>لو</Unicode>
          </TextEquiv>
        </Word>
        <Word id="w123">
          <Coords points="74,1072 89,1072 89,1133 74,1133"/>
          <TextEquiv>
            <Unicode>ا</Unicode>
          </TextEquiv>
        </Word>
        <TextEquiv>
          <Unicode> ا في لكتا لب لفى شقا ق بعيد ليس ا لبر ا ن تو لو ا</Unicode>
        </TextEquiv>
      </TextLine>
      <TextLine id="l7">
        <Coords points="66,1214 1320,1214 1320,1369 66,1369"/>
        <Word id="w124">
          <Coords points="1275,1313 1319,1313 1319,1362 1275,1362"/>
          <TextEquiv>
            <Unicode>و</Unicode>
          </TextEquiv>
        </Word>
        <Word id="w125">
          <Coords points="1190,1313 1285,1313 1285,1367 1190,1367"/>
          <TextEquiv>
            <Unicode>جو</Unicode>
          </TextEquiv>
        </Word>
        <Word id="w126">
          <Coords points="1084,1233 1199,1233 1199,1363 1084,1363"/>
          <TextEquiv>
            <Unicode>هكم</Unicode>
          </TextEquiv>
        </Word>
        <Word id="w127">
          <Coords points="982,1272 1086,1272 1086,1368 982,1368"/>
          <TextEquiv>
            <Unicode>قبل</Unicode>
          </TextEquiv>
        </Word>
        <Word id="w128">
          <Coords points="970,1267 982,1267 982,1317 970,1317"/>
          <TextEquiv>
            <Unicode>ا</Unicode>
          </TextEquiv>
        </Word>
        <Word id="w129">
          <Coords points="831,1266 961,1266 961,1360 831,1360"/>
          <TextEquiv>
            <Unicode>لمشر</Unicode>
          </TextEquiv>
        </Word>
        <Word id="w130">
          <Coords points="780,1272 839,1272 839,1347 780,1347"/>
          <TextEquiv>
            <Unicode>ق</Unicode>
          </TextEquiv>
        </Word>
        <Word id="w131">
          <Coords points="723,1296 774,1296 774,1345 723,1345"/>
          <TextEquiv>
            <Unicode>و</Unicode>
          </TextEquiv>
        </Word>
        <Word id="w132">
          <Coords points="715,1261 724,1261 724,1306 715,1306"/>
          <TextEquiv>
            <Unicode>ا</Unicode>
          </TextEquiv>
        </Word>
        <Word id="w133">
          <Coords points="586,1256 706,1256 706,1359 586,1359"/>
          <TextEquiv>
            <Unicode>لمغر</Unicode>
          </TextEquiv>
        </Word>
        <Word id="w134">
          <Coords points="541,1296 612,1296 612,1349 541,1349"/>
          <TextEquiv>
            <Unicode>ب</Unicode>
          </TextEquiv>
        </Word>
        <Word id="w135">
          <Coords points="484,1285 532,1285 532,1334 484,1334"/>
          <TextEquiv>
            <Unicode>و</Unicode>
          </TextEquiv>
        </Word>
        <Word id="w136">
          <Coords points="376,1214 508,1214 508,1344 376,1344"/>
          <TextEquiv>
            <Unicode>لكن</Unicode>
          </TextEquiv>
        </Word>
        <Word id="w137">
          <Coords points="351,1250 365,1250 365,1306 351,1306"/>
          <TextEquiv>
            <Unicode>ا</Unicode>
          </TextEquiv>
        </Word>
        <Word id="w138">
          <Coords points="246,1246 337,1246 337,1341 246,1341"/>
          <TextEquiv>
            <Unicode>لبر</Unicode>
          </TextEquiv>
        </Word>
        <Word id="w139">
          <Coords points="183,1249 192,1249 192,1298 183,1298"/>
          <TextEquiv>
            <Unicode>ا</Unicode>
          </TextEquiv>
        </Word>
        <Word id="w140">
          <Coords points="180,1268 259,1268 259,1340 180,1340"/>
          <TextEquiv>
            <Unicode>من</Unicode>
          </TextEquiv>
        </Word>
        <Word id="w141">
          <Coords points="66,1282 171,1282 171,1333 66,1333"/>
          <TextEquiv>
            <Unicode>من</Unicode>
          </TextEquiv>
        </Word>
        <TextEquiv>
          <Unicode> و جو هكم قبل ا لمشر ق و ا لمغر ب و لكن ا لبر ا من من</Unicode>
        </TextEquiv>
      </TextLine>
      <TextLine id="l8">
        <Coords points="46,1376 1311,1376 1311,1533 46,1533"/>
        <Word id="w142">
          <Coords points="1283,1447 1310,1447 1310,1520 1283,1520"/>
          <TextEquiv>
            <Unicode>با</Unicode>
          </TextEquiv>
        </Word>
        <Word id="w143">
          <Coords points="1200,1462 1270,1462 1270,1507 1200,1507"/>
          <TextEquiv>
            <Unicode>لله</Unicode>
          </TextEquiv>
        </Word>
        <Word id="w144">
          <Coords points="1148,1475 1193,1475 1193,1519 1148,1519"/>
          <TextEquiv>
            <Unicode>و</Unicode>
          </TextEquiv>
        </Word>
        <Word id="w145">
          <Coords points="1139,1442 1151,1442 1151,1489 1139,1489"/>
          <TextEquiv>
            <Unicode>ا</Unicode>
          </TextEquiv>
        </Word>
        <Word id="w146">
          <Coords points="1025,1440 1122,1440 1122,1532 1025,1532"/>
          <TextEquiv>
            <Unicode>ليو</Unicode>
          </TextEquiv>
        </Word>
        <Word id="w147">
          <Coords points="987,1469 1039,1469 1039,1505 987,1505"/>
          <TextEquiv>
            <Unicode>م</Unicode>
          </TextEquiv>
        </Word>
        <Word id="w148">
          <Coords points="986,1438 996,1438 996,1486 986,1486"/>
          <TextEquiv>
            <Unicode>ا</Unicode>
          </TextEquiv>
        </Word>
        <Word id="w149">
          <Coords points="922,1437 965,1437 965,1502 922,1502"/>
          <TextEquiv>
            <Unicode>لا</Unicode>
          </TextEquiv>
        </Word>
        <Word id="w150">
          <Coords points="843,1434 929,1434 929,1517 843,1517"/>
          <TextEquiv>
            <Unicode>خر</Unicode>
          </TextEquiv>
        </Word>
        <Word id="w151">
          <Coords points="805,1463 849,1463 849,1511 805,1511"/>
          <TextEquiv>
            <Unicode>و</Unicode>
          </TextEquiv>
        </Word>
        <Word id="w152">
          <Coords points="795,1440 807,1440 807,1484 795,1484"/>
          <TextEquiv>
            <Unicode>ا</Unicode>
          </TextEquiv>
        </Word>
        <Word id="w153">
          <Coords points="685,1435 778,1435 778,1494 685,1494"/>
          <TextEquiv>
            <Unicode>لملا</Unicode>
          </TextEquiv>
        </Word>
        <Word id="w154">
          <Coords points="562,1376 684,1376 684,1503 562,1503"/>
          <TextEquiv>
            <Unicode>ئكه</Unicode>
          </TextEquiv>
        </Word>
        <Word id="w155">
          <Coords points="502,1459 550,1459 550,1507 502,1507"/>
          <TextEquiv>
            <Unicode>و</Unicode>
          </TextEquiv>
        </Word>
        <Word id="w156">
          <Coords points="496,1434 506,1434 506,1480 496,1480"/>
          <TextEquiv>
            <Unicode>ا</Unicode>
          </TextEquiv>
        </Word>
        <Word id="w157">
          <Coords points="387,1390 491,1390 491,1498 387,1498"/>
          <TextEquiv>
            <Unicode>لكتا</Unicode>
          </TextEquiv>
        </Word>
        <Word id="w158">
          <Coords points="310,1455 378,1455 378,1516 310,1516"/>
          <TextEquiv>
            <Unicode>ب</Unicode>
          </TextEquiv>
        </Word>
        <Word id="w159">
          <Coords points="252,1453 298,1453 298,1504 252,1504"/>
          <TextEquiv>
            <Unicode>و</Unicode>
          </TextEquiv>
        </Word>
        <Word id="w160">
          <Coords points="251,1420 267,1420 267,1475 251,1475"/>
          <TextEquiv>
            <Unicode>ا</Unicode>
          </TextEquiv>
        </Word>
        <Word id="w161">
          <Coords points="46,1421 241,1421 241,1516 46,1516"/>
          <TextEquiv>
            <Unicode>لنبيين</Unicode>
          </TextEquiv>
        </Word>
        <TextEquiv>
          <Unicode> با لله و ا ليو م ا لا خر و ا لملا ئكه و ا لكتا ب و ا لنبيين</Unicode>
        </TextEquiv>
      </TextLine>
      <TextLine id="l9">
        <Coords points="75,1569 1312,1569 1312,1709 75,1709"/>
        <Word id="w162">
          <Coords points="1263,1647 1311,1647 1311,1694 1263,1694"/>
          <TextEquiv>
            <Unicode>و</Unicode>
          </TextEquiv>
        </Word>
        <Word id="w163">
          <Coords points="1262,1620 1273,1620 1273,1667 1262,1667"/>
          <TextEquiv>
            <Unicode>ا</Unicode>
          </TextEquiv>
        </Word>
        <Word id="w164">
          <Coords points="1193,1628 1249,1628 1249,1693 1193,1693"/>
          <TextEquiv>
            <Unicode>تى</Unicode>
          </TextEquiv>
        </Word>
        <Word id="w165">
          <Coords points="1177,1616 1187,1616 1187,1670 1177,1670"/>
          <TextEquiv>
            <Unicode>ا</Unicode>
          </TextEquiv>
        </Word>
        <Word id="w166">
          <Coords points="1117,1609 1169,1609 1169,1671 1117,1671"/>
          <TextEquiv>
            <Unicode>لما</Unicode>
          </TextEquiv>
        </Word>
        <Word id="w167">
          <Coords points="1063,1608 1101,1608 1101,1686 1063,1686"/>
          <TextEquiv>
            <Unicode>ل</Unicode>
          </TextEquiv>
        </Word>
        <Word id="w168">
          <Coords points="936,1594 1069,1594 1069,1670 936,1670"/>
          <TextEquiv>
            <Unicode>على</Unicode>
          </TextEquiv>
        </Word>
        <Word id="w169">
          <Coords points="792,1627 925,1627 925,1708 792,1708"/>
          <TextEquiv>
            <Unicode>حبه</Unicode>
          </TextEquiv>
        </Word>
        <Word id="w170">
          <Coords points="748,1632 777,1632 777,1667 748,1667"/>
          <TextEquiv>
            <Unicode>د</Unicode>
          </TextEquiv>
        </Word>
        <Word id="w171">
          <Coords points="689,1629 738,1629 738,1679 689,1679"/>
          <TextEquiv>
            <Unicode>و</Unicode>
          </TextEquiv>
        </Word>
        <Word id="w172">
          <Coords points="625,1622 686,1622 686,1676 625,1676"/>
          <TextEquiv>
            <Unicode>ى</Unicode>
          </TextEquiv>
        </Word>
        <Word id="w173">
          <Coords points="602,1592 614,1592 614,1640 602,1640"/>
          <TextEquiv>
            <Unicode>ا</Unicode>
          </TextEquiv>
        </Word>
        <Word id="w174">
          <Coords points="478,1580 586,1580 586,1687 478,1687"/>
          <TextEquiv>
            <Unicode>لقر</Unicode>
          </TextEquiv>
        </Word>
        <Word id="w175">
          <Coords points="450,1605 517,1605 517,1664 450,1664"/>
          <TextEquiv>
            <Unicode>بى</Unicode>
          </TextEquiv>
        </Word>
        <Word id="w176">
          <Coords points="396,1626 442,1626 442,1673 396,1673"/>
          <TextEquiv>
            <Unicode>و</Unicode>
          </TextEquiv>
        </Word>
        <Word id="w177">
          <Coords points="385,1590 401,1590 401,1646 385,1646"/>
          <TextEquiv>
            <Unicode>ا</Unicode>
          </TextEquiv>
        </Word>
        <Word id="w178">
          <Coords points="144,1569 372,1569 372,1678 144,1678"/>
          <TextEquiv>
            <Unicode>ليتا</Unicode>
          </TextEquiv>
        </Word>
        <Word id="w179">
          <Coords points="75,1606 136,1606 136,1657 75,1657"/>
          <TextEquiv>
            <Unicode>مى</Unicode>
          </TextEquiv>
        </Word>
        <TextEquiv>
          <Unicode> و ا تى ا لما ل على حبه د و ى ا لقر بى و ا ليتا مى</Unicode>
        </TextEquiv>
      </TextLine>
      <TextLine id="l10">
        <Coords points="63,1731 1311,1731 1311,1874 63,1874"/>
        <Word id="w180">
          <Coords points="1266,1816 1310,1816 1310,1860 1266,1860"/>
          <TextEquiv>
            <Unicode>و</Unicode>
          </TextEquiv>
        </Word>
        <Word id="w181">
          <Coords points="1258,1786 1268,1786 1268,1835 1258,1835"/>
          <TextEquiv>
            <Unicode>ا</Unicode>
          </TextEquiv>
        </Word>
        <Word id="w182">
          <Coords points="1141,1779 1248,1779 1248,1840 1141,1840"/>
          <TextEquiv>
            <Unicode>لمسا</Unicode>
          </TextEquiv>
        </Word>
        <Word id="w183">
          <Coords points="1027,1731 1167,1731 1167,1857 1027,1857"/>
          <TextEquiv>
            <Unicode>كين</Unicode>
          </TextEquiv>
        </Word>
        <Word id="w184">
          <Coords points="969,1803 1022,1803 1022,1852 969,1852"/>
          <TextEquiv>
            <Unicode>و</Unicode>
          </TextEquiv>
        </Word>
        <Word id="w185">
          <Coords points="965,1773 972,1773 972,1818 965,1818"/>
          <TextEquiv>
            <Unicode>ا</Unicode>
          </TextEquiv>
        </Word>
        <Word id="w186">
          <Coords points="892,1785 955,1785 955,1873 892,1873"/>
          <TextEquiv>
            <Unicode>بن</Unicode>
          </TextEquiv>
        </Word>
        <Word id="w187">
          <Coords points="871,1771 883,1771 883,1826 871,1826"/>
          <TextEquiv>
            <Unicode>ا</Unicode>
          </TextEquiv>
        </Word>
        <Word id="w188">
          <Coords points="659,1767 857,1767 857,1861 659,1861"/>
          <TextEquiv>
            <Unicode>لسبيل</Unicode>
          </TextEquiv>
        </Word>
        <Word id="w189">
          <Coords points="615,1789 661,1789 661,1837 615,1837"/>
          <TextEquiv>
            <Unicode>و</Unicode>
          </TextEquiv>
        </Word>
        <Word id="w190">
          <Coords points="607,1757 623,1757 623,1811 607,1811"/>
          <TextEquiv>
            <Unicode>ا</Unicode>
          </TextEquiv>
        </Word>
        <Word id="w191">
          <Coords points="495,1741 593,1741 593,1817 495,1817"/>
          <TextEquiv>
            <Unicode>لسا</Unicode>
          </TextEquiv>
        </Word>
        <Word id="w192">
          <Coords points="369,1749 482,1749 482,1844 369,1844"/>
          <TextEquiv>
            <Unicode>ئلين</Unicode>
          </TextEquiv>
        </Word>
        <Word id="w193">
          <Coords points="310,1782 356,1782 356,1833 310,1833"/>
          <TextEquiv>
            <Unicode>و</Unicode>
          </TextEquiv>
        </Word>
        <Word id="w194">
          <Coords points="260,1738 318,1738 318,1830 260,1830"/>
          <TextEquiv>
            <Unicode>فى</Unicode>
          </TextEquiv>
        </Word>
        <Word id="w195">
          <Coords points="250,1735 273,1735 273,1796 250,1796"/>
          <TextEquiv>
            <Unicode>ا</Unicode>
          </TextEquiv>
        </Word>
        <Word id="w196">
          <Coords points="186,1746 241,1746 241,1835 186,1835"/>
          <TextEquiv>
            <Unicode>لر</Unicode>
          </TextEquiv>
        </Word>
        <Word id="w197">
          <Coords points="157,1751 196,1751 196,1817 157,1817"/>
          <TextEquiv>
            <Unicode>قا</Unicode>
          </TextEquiv>
        </Word>
        <Word id="w198">
          <Coords points="63,1781 147,1781 147,1831 63,1831"/>
          <TextEquiv>
            <Unicode>ب</Unicode>
          </TextEquiv>
        </Word>
        <TextEquiv>
          <Unicode> و ا لمسا كين و ا بن ا لسبيل و ا لسا ئلين و فى ا لر قا ب</Unicode>
        </TextEquiv>
      </TextLine>
      <TextLine id="l11">
        <Coords points="50,1884 1311,1884 1311,2049 50,2049"/>
        <Word id="w199">
          <Coords points="1263,1980 1310,1980 1310,2027 1263,2027"/>
          <TextEquiv>
            <Unicode>و</Unicode>
          </TextEquiv>
        </Word>
        <Word id="w200">
          <Coords points="1259,1948 1272,1948 1272,1995 1259,1995"/>
          <TextEquiv>
            <Unicode>ا</Unicode>
          </TextEquiv>
        </Word>
        <Word id="w201">
          <Coords points="1209,1940 1257,1940 1257,2005 1209,2005"/>
          <TextEquiv>
            <Unicode>قا</Unicode>
          </TextEquiv>
        </Word>
        <Word id="w202">
          <Coords points="1166,1974 1203,1974 1203,2048 1166,2048"/>
          <TextEquiv>
            <Unicode>م</Unicode>
          </TextEquiv>
        </Word>
        <Word id="w203">
          <Coords points="1127,1934 1151,1934 1151,1996 1127,1996"/>
          <TextEquiv>
            <Unicode>ا</Unicode>
          </TextEquiv>
        </Word>
        <Word id="w204">
          <Coords points="953,1922 1113,1922 1113,2018 953,2018"/>
          <TextEquiv>
            <Unicode>لصلو</Unicode>
          </TextEquiv>
        </Word>
        <Word id="w205">
          <Coords points="951,1948 976,1948 976,1970 951,1970"/>
          <TextEquiv>
            <Unicode>ه</Unicode>
          </TextEquiv>
        </Word>
        <Word id="w206">
          <Coords points="883,1964 934,1964 934,2017 883,2017"/>
          <TextEquiv>
            <Unicode>و</Unicode>
          </TextEquiv>
        </Word>
        <Word id="w207">
          <Coords points="879,1934 891,1934 891,1985 879,1985"/>
          <TextEquiv>
            <Unicode>ا</Unicode>
          </TextEquiv>
        </Word>
        <Word id="w208">
          <Coords points="805,1947 865,1947 865,2013 805,2013"/>
          <TextEquiv>
            <Unicode>تى</Unicode>
          </TextEquiv>
        </Word>
        <Word id="w209">
          <Coords points="777,1930 793,1930 793,1990 777,1990"/>
          <TextEquiv>
            <Unicode>ا</Unicode>
          </TextEquiv>
        </Word>
        <Word id="w210">
          <Coords points="709,1932 762,1932 762,2017 709,2017"/>
          <TextEquiv>
            <Unicode>لز</Unicode>
          </TextEquiv>
        </Word>
        <Word id="w211">
          <Coords points="638,1884 751,1884 751,2012 638,2012"/>
          <TextEquiv>
            <Unicode>كو</Unicode>
          </TextEquiv>
        </Word>
        <Word id="w212">
          <Coords points="630,1938 654,1938 654,1976 630,1976"/>
          <TextEquiv>
            <Unicode>ة</Unicode>
          </TextEquiv>
        </Word>
        <Word id="w213">
          <Coords points="571,1957 616,1957 616,2009 571,2009"/>
          <TextEquiv>
            <Unicode>و</Unicode>
          </TextEquiv>
        </Word>
        <Word id="w214">
          <Coords points="561,1907 577,1907 577,1985 561,1985"/>
          <TextEquiv>
            <Unicode>ا</Unicode>
          </TextEquiv>
        </Word>
        <Word id="w215">
          <Coords points="486,1921 553,1921 553,2005 486,2005"/>
          <TextEquiv>
            <Unicode>لمو</Unicode>
          </TextEquiv>
        </Word>
        <Word id="w216">
          <Coords points="407,1928 506,1928 506,2017 407,2017"/>
          <TextEquiv>
            <Unicode>فو</Unicode>
          </TextEquiv>
        </Word>
        <Word id="w217">
          <Coords points="378,1946 422,1946 422,2002 378,2002"/>
          <TextEquiv>
            <Unicode>ن</Unicode>
          </TextEquiv>
        </Word>
        <Word id="w218">
          <Coords points="250,1947 367,1947 367,2017 250,2017"/>
          <TextEquiv>
            <Unicode>بعهد</Unicode>
          </TextEquiv>
        </Word>
        <Word id="w219">
          <Coords points="129,1940 253,1940 253,1994 129,1994"/>
          <TextEquiv>
            <Unicode>هم</Unicode>
          </TextEquiv>
        </Word>
        <Word id="w220">
          <Coords points="118,1913 130,1913 130,1970 118,1970"/>
          <TextEquiv>
            <Unicode>ا</Unicode>
          </TextEquiv>
        </Word>
        <Word id="w221">
          <Coords points="70,1945 111,1945 111,1983 70,1983"/>
          <TextEquiv>
            <Unicode>د</Unicode>
          </TextEquiv>
        </Word>
        <Word id="w222">
          <Coords points="50,1914 68,1914 68,1970 50,1970"/>
          <TextEquiv>
            <Unicode>ا</Unicode>
          </TextEquiv>
        </Word>
        <TextEquiv>
          <Unicode> و ا قا م ا لصلو ه و ا تى ا لز كو ة و ا لمو فو ن بعهد هم ا د ا</Unicode>
        </TextEquiv>
      </TextLine>
      <TextLine id="l12">
        <Coords points="40,2074 1307,2074 1307,2196 40,2196"/>
        <Word id="w223">
          <Coords points="1255,2098 1306,2098 1306,2172 1255,2172"/>
          <TextEquiv>
            <Unicode>عا</Unicode>
          </TextEquiv>
        </Word>
        <Word id="w224">
          <Coords points="1156,2125 1243,2125 1243,2173 1156,2173"/>
          <TextEquiv>
            <Unicode>هد</Unicode>
          </TextEquiv>
        </Word>
        <Word id="w225">
          <Coords points="1098,2101 1112,2101 1112,2150 1098,2150"/>
          <TextEquiv>
            <Unicode>ا</Unicode>
          </TextEquiv>
        </Word>
        <Word id="w226">
          <Coords points="1098,2134 1153,2134 1153,2184 1098,2184"/>
          <TextEquiv>
            <Unicode>و</Unicode>
          </TextEquiv>
        </Word>
        <Word id="w227">
          <Coords points="1028,2103 1043,2103 1043,2156 1028,2156"/>
          <TextEquiv>
            <Unicode>ا</Unicode>
          </TextEquiv>
        </Word>
        <Word id="w228">
          <Coords points="1028,2132 1083,2132 1083,2182 1028,2182"/>
          <TextEquiv>
            <Unicode>و</Unicode>
          </TextEquiv>
        </Word>
        <Word id="w229">
          <Coords points="900,2086 1014,2086 1014,2173 900,2173"/>
          <TextEquiv>
            <Unicode>لصا</Unicode>
          </TextEquiv>
        </Word>
        <Word id="w230">
          <Coords points="835,2135 898,2135 898,2185 835,2185"/>
          <TextEquiv>
            <Unicode>بر</Unicode>
          </TextEquiv>
        </Word>
        <Word id="w231">
          <Coords points="783,2112 848,2112 848,2195 783,2195"/>
          <TextEquiv>
            <Unicode>ين</Unicode>
          </TextEquiv>
        </Word>
        <Word id="w232">
          <Coords points="693,2080 793,2080 793,2158 693,2158"/>
          <TextEquiv>
            <Unicode>فى</Unicode>
          </TextEquiv>
        </Word>
        <Word id="w233">
          <Coords points="654,2086 677,2086 677,2159 654,2159"/>
          <TextEquiv>
            <Unicode>ا</Unicode>
          </TextEquiv>
        </Word>
        <Word id="w234">
          <Coords points="570,2083 646,2083 646,2181 570,2181"/>
          <TextEquiv>
            <Unicode>لبا</Unicode>
          </TextEquiv>
        </Word>
        <Word id="w235">
          <Coords points="479,2086 561,2086 561,2150 479,2150"/>
          <TextEquiv>
            <Unicode>سا</Unicode>
          </TextEquiv>
        </Word>
        <Word id="w236">
          <Coords points="447,2120 479,2120 479,2145 447,2145"/>
          <TextEquiv>
            <Unicode>ء</Unicode>
          </TextEquiv>
        </Word>
        <Word id="w237">
          <Coords points="384,2114 436,2114 436,2174 384,2174"/>
          <TextEquiv>
            <Unicode>و</Unicode>
          </TextEquiv>
        </Word>
        <Word id="w238">
          <Coords points="380,2092 395,2092 395,2149 380,2149"/>
          <TextEquiv>
            <Unicode>ا</Unicode>
          </TextEquiv>
        </Word>
        <Word id="w239">
          <Coords points="229,2074 247,2074 247,2140 229,2140"/>
          <TextEquiv>
            <Unicode>ا</Unicode>
          </TextEquiv>
        </Word>
        <Word id="w240">
          <Coords points="221,2084 358,2084 358,2172 221,2172"/>
          <TextEquiv>
            <Unicode>لض</Unicode>
          </TextEquiv>
        </Word>
        <Word id="w241">
          <Coords points="189,2111 225,2111 225,2140 189,2140"/>
          <TextEquiv>
            <Unicode>ء</Unicode>
          </TextEquiv>
        </Word>
        <Word id="w242">
          <Coords points="137,2110 186,2110 186,2161 137,2161"/>
          <TextEquiv>
            <Unicode>و</Unicode>
          </TextEquiv>
        </Word>
        <Word id="w243">
          <Coords points="40,2101 158,2101 158,2168 40,2168"/>
          <TextEquiv>
            <Unicode>حين</Unicode>
          </TextEquiv>
        </Word>
        <TextEquiv>
          <Unicode> عا هد ا و ا و لصا بر ين فى ا لبا سا ء و ا ا لض ء و حين</Unicode>
        </TextEquiv>
      </TextLine>
      <TextLine id="l13">
        <Coords points="104,2233 1302,2233 1302,2360 104,2360"/>
        <Word id="w244">
          <Coords points="1289,2278 1301,2278 1301,2330 1289,2330"/>
          <TextEquiv>
            <Unicode>ا</Unicode>
          </TextEquiv>
        </Word>
        <Word id="w245">
          <Coords points="1210,2272 1272,2272 1272,2359 1210,2359"/>
          <TextEquiv>
            <Unicode>لبا</Unicode>
          </TextEquiv>
        </Word>
        <Word id="w246">
          <Coords points="1116,2306 1202,2306 1202,2359 1116,2359"/>
          <TextEquiv>
            <Unicode>س</Unicode>
          </TextEquiv>
        </Word>
        <Word id="w247">
          <Coords points="1098,2265 1110,2265 1110,2322 1098,2322"/>
          <TextEquiv>
            <Unicode>ا</Unicode>
          </TextEquiv>
        </Word>
        <Word id="w248">
          <Coords points="1044,2296 1091,2296 1091,2349 1044,2349"/>
          <TextEquiv>
            <Unicode>و</Unicode>
          </TextEquiv>
        </Word>
        <Word id="w249">
          <Coords points="931,2259 1051,2259 1051,2333 931,2333"/>
          <TextEquiv>
            <Unicode>لئك</Unicode>
          </TextEquiv>
        </Word>
        <Word id="w250">
          <Coords points="908,2249 923,2249 923,2323 908,2323"/>
          <TextEquiv>
            <Unicode>ا</Unicode>
          </TextEquiv>
        </Word>
        <Word id="w251">
          <Coords points="850,2250 905,2250 905,2332 850,2332"/>
          <TextEquiv>
            <Unicode>لذ</Unicode>
          </TextEquiv>
        </Word>
        <Word id="w252">
          <Coords points="785,2300 847,2300 847,2355 785,2355"/>
          <TextEquiv>
            <Unicode>ين</Unicode>
          </TextEquiv>
        </Word>
        <Word id="w253">
          <Coords points="659,2276 779,2276 779,2340 659,2340"/>
          <TextEquiv>
            <Unicode>صد</Unicode>
          </TextEquiv>
        </Word>
        <Word id="w254">
          <Coords points="599,2267 655,2267 655,2346 599,2346"/>
          <TextEquiv>
            <Unicode>قو</Unicode>
          </TextEquiv>
        </Word>
        <Word id="w255">
          <Coords points="585,2256 601,2256 601,2313 585,2313"/>
          <TextEquiv>
            <Unicode>ا</Unicode>
          </TextEquiv>
        </Word>
        <Word id="w256">
          <Coords points="532,2283 580,2283 580,2337 532,2337"/>
          <TextEquiv>
            <Unicode>و</Unicode>
          </TextEquiv>
        </Word>
        <Word id="w257">
          <Coords points="526,2252 542,2252 542,2310 526,2310"/>
          <TextEquiv>
            <Unicode>ا</Unicode>
          </TextEquiv>
        </Word>
        <Word id="w258">
          <Coords points="469,2284 523,2284 523,2334 469,2334"/>
          <TextEquiv>
            <Unicode>و</Unicode>
          </TextEquiv>
        </Word>
        <Word id="w259">
          <Coords points="356,2233 489,2233 489,2319 356,2319"/>
          <TextEquiv>
            <Unicode>لئك</Unicode>
          </TextEquiv>
        </Word>
        <Word id="w260">
          <Coords points="283,2248 294,2248 294,2301 283,2301"/>
          <TextEquiv>
            <Unicode>ا</Unicode>
          </TextEquiv>
        </Word>
        <Word id="w261">
          <Coords points="281,2269 350,2269 350,2336 281,2336"/>
          <TextEquiv>
            <Unicode>هم</Unicode>
          </TextEquiv>
        </Word>
        <Word id="w262">
          <Coords points="129,2250 270,2250 270,2331 129,2331"/>
          <TextEquiv>
            <Unicode>لمتقو</Unicode>
          </TextEquiv>
        </Word>
        <Word id="w263">
          <Coords points="104,2242 145,2242 145,2319 104,2319"/>
          <TextEquiv>
            <Unicode>ن</Unicode>
          </TextEquiv>
        </Word>
        <TextEquiv>
          <Unicode> ا لبا س ا و لئك ا لذ ين صد قو ا و ا و لئك ا هم لمتقو ن</Unicode>
        </TextEquiv>
      </TextLine>
      <TextLine id="l14">
        <Coords points="30,2365 1311,2365 1311,2519 30,2519"/>
        <Word id="w264">
          <Coords points="1285,2429 1310,2429 1310,2517 1285,2517"/>
          <TextEquiv>
            <Unicode>يا</Unicode>
          </TextEquiv>
        </Word>
        <Word id="w265">
          <Coords points="1248,2402 1289,2402 1289,2485 1248,2485"/>
          <TextEquiv>
            <Unicode>ا</Unicode>
          </TextEquiv>
        </Word>
        <Word id="w266">
          <Coords points="1133,2409 1246,2409 1246,2518 1133,2518"/>
          <TextEquiv>
            <Unicode>يها</Unicode>
          </TextEquiv>
        </Word>
        <Word id="w267">
          <Coords points="1099,2423 1114,2423 1114,2482 1099,2482"/>
          <TextEquiv>
            <Unicode>ا</Unicode>
          </TextEquiv>
        </Word>
        <Word id="w268">
          <Coords points="1032,2430 1085,2430 1085,2506 1032,2506"/>
          <TextEquiv>
            <Unicode>لذ</Unicode>
          </TextEquiv>
        </Word>
        <Word id="w269">
          <Coords points="934,2422 952,2422 952,2479 934,2479"/>
          <TextEquiv>
            <Unicode>ا</Unicode>
          </TextEquiv>
        </Word>
        <Word id="w270">
          <Coords points="822,2446 931,2446 931,2508 822,2508"/>
          <TextEquiv>
            <Unicode>منو</Unicode>
          </TextEquiv>
        </Word>
        <Word id="w271">
          <Coords points="807,2424 830,2424 830,2480 807,2480"/>
          <TextEquiv>
            <Unicode>ا</Unicode>
          </TextEquiv>
        </Word>
        <Word id="w272">
          <Coords points="681,2380 854,2380 854,2513 681,2513"/>
          <TextEquiv>
            <Unicode>كتب</Unicode>
          </TextEquiv>
        </Word>
        <Word id="w273">
          <Coords points="487,2365 673,2365 673,2505 487,2505"/>
          <TextEquiv>
            <Unicode>عليكم</Unicode>
          </TextEquiv>
        </Word>
        <Word id="w274">
          <Coords points="463,2416 482,2416 482,2482 463,2482"/>
          <TextEquiv>
            <Unicode>ا</Unicode>
          </TextEquiv>
        </Word>
        <Word id="w275">
          <Coords points="301,2400 454,2400 454,2494 301,2494"/>
          <TextEquiv>
            <Unicode>لقصا</Unicode>
          </TextEquiv>
        </Word>
        <Word id="w276">
          <Coords points="200,2445 293,2445 293,2499 200,2499"/>
          <TextEquiv>
            <Unicode>ص</Unicode>
          </TextEquiv>
        </Word>
        <Word id="w277">
          <Coords points="165,2392 218,2392 218,2474 165,2474"/>
          <TextEquiv>
            <Unicode>فى</Unicode>
          </TextEquiv>
        </Word>
        <Word id="w278">
          <Coords points="156,2389 181,2389 181,2448 156,2448"/>
          <TextEquiv>
            <Unicode>ا</Unicode>
          </TextEquiv>
        </Word>
        <Word id="w279">
          <Coords points="30,2405 149,2405 149,2498 30,2498"/>
          <TextEquiv>
            <Unicode>لقتلى</Unicode>
          </TextEquiv>
        </Word>
        <TextEquiv>
          <Unicode> يا ا يها ا لذ ا منو ا كتب عليكم ا لقصا ص فى ا لقتلى</Unicode>
        </TextEquiv>
      </TextLine>
    </TextRegion>
  </Page>
</PcGts>
