<?xml version='1.0' encoding='utf-8'?>
<PcGts xmlns:xsi="http://www.w3.org/2001/XMLSchema-instance" xmlns="http://schema.primaresearch.org/PAGE/gts/pagecontent/2019-07-15" xsi:schemaLocation="http://schema.primaresearch.org/PAGE/gts/pagecontent/2019-07-15 http://schema.primaresearch.org/PAGE/gts/pagecontent/2019-07-15/pagecontent.xsd" pcGtsId="pc-aletheiaexamplepage">
  <Metadata>
    <Creator>PRImA Research Lab</Creator>
    <Created>2015-07-17T15:27:13</Created>
    <LastChange>2017-07-14T10:03:33</LastChange>
    <Comments>Example Page</Comments>
  </Metadata>
  <Page imageFilename="3158466/_018-2.png" imageWidth="1379" imageHeight="2483">
    <TextRegion id="r0" type="paragraph">
      <Coords points="1,1 1377,1 1377,2481 1,2481"/>
      <TextLine id="l0">
        <Coords points="81,42 1376,42 1376,168 81,168"/>
        <Word id="w0">
          <Coords points="1194,58 1375,58 1375,155 1194,155"/>
          <TextEquiv>
            <Unicode>كنتم</Unicode>
          </TextEquiv>
        </Word>
        <Word id="w1">
          <Coords points="1088,72 1202,72 1202,167 1088,167"/>
          <TextEquiv>
            <Unicode>تعلم</Unicode>
          </TextEquiv>
        </Word>
        <Word id="w2">
          <Coords points="1060,77 1096,77 1096,145 1060,145"/>
          <TextEquiv>
            <Unicode>ن</Unicode>
          </TextEquiv>
        </Word>
        <Word id="w3">
          <Coords points="833,71 944,71 944,152 833,152"/>
          <TextEquiv>
            <Unicode>شهر</Unicode>
          </TextEquiv>
        </Word>
        <Word id="w4">
          <Coords points="808,102 841,102 841,140 808,140"/>
          <TextEquiv>
            <Unicode>ر</Unicode>
          </TextEquiv>
        </Word>
        <Word id="w5">
          <Coords points="689,65 807,65 807,134 689,134"/>
          <TextEquiv>
            <Unicode>مضا</Unicode>
          </TextEquiv>
        </Word>
        <Word id="w6">
          <Coords points="640,77 675,77 675,130 640,130"/>
          <TextEquiv>
            <Unicode>ن</Unicode>
          </TextEquiv>
        </Word>
        <Word id="w7">
          <Coords points="563,67 607,67 607,120 563,120"/>
          <TextEquiv>
            <Unicode>لذ</Unicode>
          </TextEquiv>
        </Word>
        <Word id="w8">
          <Coords points="493,46 512,46 512,101 493,101"/>
          <TextEquiv>
            <Unicode>ا</Unicode>
          </TextEquiv>
        </Word>
        <Word id="w9">
          <Coords points="400,49 434,49 434,121 400,121"/>
          <TextEquiv>
            <Unicode>ل</Unicode>
          </TextEquiv>
        </Word>
        <Word id="w10">
          <Coords points="300,53 389,53 389,137 300,137"/>
          <TextEquiv>
            <Unicode>فيه</Unicode>
          </TextEquiv>
        </Word>
        <Word id="w11">
          <Coords points="275,51 285,51 285,104 275,104"/>
          <TextEquiv>
            <Unicode>ا</Unicode>
          </TextEquiv>
        </Word>
        <Word id="w12">
          <Coords points="177,42 187,42 187,93 177,93"/>
          <TextEquiv>
            <Unicode>ا</Unicode>
          </TextEquiv>
        </Word>
        <Word id="w13">
          <Coords points="157,52 260,52 260,139 157,139"/>
          <TextEquiv>
            <Unicode>لقر</Unicode>
          </TextEquiv>
        </Word>
        <Word id="w14">
          <Coords points="81,68 174,68 174,114 81,114"/>
          <TextEquiv>
            <Unicode>ن</Unicode>
          </TextEquiv>
        </Word>
        <TextEquiv>
          <Unicode> كنتم تعلم ن شهر ر مضا ن لذ ا ل فيه ا ا لقر ن</Unicode>
        </TextEquiv>
      </TextLine>
      <TextLine id="l1">
        <Coords points="85,208 1342,208 1342,332 85,332"/>
        <Word id="w15">
          <Coords points="1264,270 1341,270 1341,310 1264,310"/>
          <TextEquiv>
            <Unicode>هد</Unicode>
          </TextEquiv>
        </Word>
        <Word id="w16">
          <Coords points="1206,266 1255,266 1255,315 1206,315"/>
          <TextEquiv>
            <Unicode>ى</Unicode>
          </TextEquiv>
        </Word>
        <Word id="w17">
          <Coords points="1067,250 1193,250 1193,304 1067,304"/>
          <TextEquiv>
            <Unicode>للنا</Unicode>
          </TextEquiv>
        </Word>
        <Word id="w18">
          <Coords points="995,275 1059,275 1059,319 995,319"/>
          <TextEquiv>
            <Unicode>س</Unicode>
          </TextEquiv>
        </Word>
        <Word id="w19">
          <Coords points="941,269 992,269 992,318 941,318"/>
          <TextEquiv>
            <Unicode>و</Unicode>
          </TextEquiv>
        </Word>
        <Word id="w20">
          <Coords points="859,228 952,228 952,331 859,331"/>
          <TextEquiv>
            <Unicode>بينا</Unicode>
          </TextEquiv>
        </Word>
        <Word id="w21">
          <Coords points="786,245 847,245 847,291 786,291"/>
          <TextEquiv>
            <Unicode>ت</Unicode>
          </TextEquiv>
        </Word>
        <Word id="w22">
          <Coords points="707,247 772,247 772,309 707,309"/>
          <TextEquiv>
            <Unicode>من</Unicode>
          </TextEquiv>
        </Word>
        <Word id="w23">
          <Coords points="697,230 705,230 705,278 697,278"/>
          <TextEquiv>
            <Unicode>ا</Unicode>
          </TextEquiv>
        </Word>
        <Word id="w24">
          <Coords points="606,224 697,224 697,295 606,295"/>
          <TextEquiv>
            <Unicode>لهد</Unicode>
          </TextEquiv>
        </Word>
        <Word id="w25">
          <Coords points="546,253 596,253 596,303 546,303"/>
          <TextEquiv>
            <Unicode>ى</Unicode>
          </TextEquiv>
        </Word>
        <Word id="w26">
          <Coords points="497,261 540,261 540,306 497,306"/>
          <TextEquiv>
            <Unicode>و</Unicode>
          </TextEquiv>
        </Word>
        <Word id="w27">
          <Coords points="488,215 502,215 502,285 488,285"/>
          <TextEquiv>
            <Unicode>ا</Unicode>
          </TextEquiv>
        </Word>
        <Word id="w28">
          <Coords points="384,228 475,228 475,310 384,310"/>
          <TextEquiv>
            <Unicode>لفر</Unicode>
          </TextEquiv>
        </Word>
        <Word id="w29">
          <Coords points="372,218 405,218 405,281 372,281"/>
          <TextEquiv>
            <Unicode>قا</Unicode>
          </TextEquiv>
        </Word>
        <Word id="w30">
          <Coords points="320,224 353,224 353,286 320,286"/>
          <TextEquiv>
            <Unicode>ن</Unicode>
          </TextEquiv>
        </Word>
        <Word id="w31">
          <Coords points="228,228 310,228 310,300 228,300"/>
          <TextEquiv>
            <Unicode>فمن</Unicode>
          </TextEquiv>
        </Word>
        <Word id="w32">
          <Coords points="85,208 219,208 219,293 85,293"/>
          <TextEquiv>
            <Unicode>شهد</Unicode>
          </TextEquiv>
        </Word>
        <TextEquiv>
          <Unicode> هد ى للنا س و بينا ت من ا لهد ى و ا لفر قا ن فمن شهد</Unicode>
        </TextEquiv>
      </TextLine>
      <TextLine id="l2">
        <Coords points="62,359 1342,359 1342,494 62,494"/>
        <Word id="w33">
          <Coords points="1102,412 1341,412 1341,475 1102,475"/>
          <TextEquiv>
            <Unicode>منكم</Unicode>
          </TextEquiv>
        </Word>
        <Word id="w34">
          <Coords points="1082,403 1108,403 1108,464 1082,464"/>
          <TextEquiv>
            <Unicode>ا</Unicode>
          </TextEquiv>
        </Word>
        <Word id="w35">
          <Coords points="942,410 1071,410 1071,493 942,493"/>
          <TextEquiv>
            <Unicode>لر</Unicode>
          </TextEquiv>
        </Word>
        <Word id="w36">
          <Coords points="773,402 946,402 946,488 773,488"/>
          <TextEquiv>
            <Unicode>فليصمه</Unicode>
          </TextEquiv>
        </Word>
        <Word id="w37">
          <Coords points="723,429 762,429 762,471 723,471"/>
          <TextEquiv>
            <Unicode>و</Unicode>
          </TextEquiv>
        </Word>
        <Word id="w38">
          <Coords points="651,415 722,415 722,476 651,476"/>
          <TextEquiv>
            <Unicode>من</Unicode>
          </TextEquiv>
        </Word>
        <Word id="w39">
          <Coords points="599,359 694,359 694,451 599,451"/>
          <TextEquiv>
            <Unicode>كا</Unicode>
          </TextEquiv>
        </Word>
        <Word id="w40">
          <Coords points="547,398 585,398 585,459 547,459"/>
          <TextEquiv>
            <Unicode>ن</Unicode>
          </TextEquiv>
        </Word>
        <Word id="w41">
          <Coords points="466,423 531,423 531,471 466,471"/>
          <TextEquiv>
            <Unicode>ملا</Unicode>
          </TextEquiv>
        </Word>
        <Word id="w42">
          <Coords points="370,380 479,380 479,481 370,481"/>
          <TextEquiv>
            <Unicode>يضا</Unicode>
          </TextEquiv>
        </Word>
        <Word id="w43">
          <Coords points="338,383 362,383 362,439 338,439"/>
          <TextEquiv>
            <Unicode>ا</Unicode>
          </TextEquiv>
        </Word>
        <Word id="w44">
          <Coords points="298,418 341,418 341,461 298,461"/>
          <TextEquiv>
            <Unicode>و</Unicode>
          </TextEquiv>
        </Word>
        <Word id="w45">
          <Coords points="220,374 299,374 299,478 220,478"/>
          <TextEquiv>
            <Unicode>على</Unicode>
          </TextEquiv>
        </Word>
        <Word id="w46">
          <Coords points="62,372 233,372 233,457 62,457"/>
          <TextEquiv>
            <Unicode>سفر</Unicode>
          </TextEquiv>
        </Word>
        <TextEquiv>
          <Unicode> منكم ا لر فليصمه و من كا ن ملا يضا ا و على سفر</Unicode>
        </TextEquiv>
      </TextLine>
      <TextLine id="l3">
        <Coords points="70,505 1353,505 1353,662 70,662"/>
        <Word id="w47">
          <Coords points="1231,577 1253,577 1253,622 1231,622"/>
          <TextEquiv>
            <Unicode>ة</Unicode>
          </TextEquiv>
        </Word>
        <Word id="w48">
          <Coords points="1229,572 1352,572 1352,660 1229,660"/>
          <TextEquiv>
            <Unicode>فعد</Unicode>
          </TextEquiv>
        </Word>
        <Word id="w49">
          <Coords points="1151,589 1220,589 1220,656 1151,656"/>
          <TextEquiv>
            <Unicode>من</Unicode>
          </TextEquiv>
        </Word>
        <Word id="w50">
          <Coords points="1096,561 1141,561 1141,650 1096,650"/>
          <TextEquiv>
            <Unicode>يا</Unicode>
          </TextEquiv>
        </Word>
        <Word id="w51">
          <Coords points="1049,604 1089,604 1089,638 1049,638"/>
          <TextEquiv>
            <Unicode>م</Unicode>
          </TextEquiv>
        </Word>
        <Word id="w52">
          <Coords points="1029,562 1053,562 1053,623 1029,623"/>
          <TextEquiv>
            <Unicode>ا</Unicode>
          </TextEquiv>
        </Word>
        <Word id="w53">
          <Coords points="951,597 1030,597 1030,647 951,647"/>
          <TextEquiv>
            <Unicode>حر</Unicode>
          </TextEquiv>
        </Word>
        <Word id="w54">
          <Coords points="896,605 946,605 946,661 896,661"/>
          <TextEquiv>
            <Unicode>ير</Unicode>
          </TextEquiv>
        </Word>
        <Word id="w55">
          <Coords points="848,589 900,589 900,649 848,649"/>
          <TextEquiv>
            <Unicode>يد</Unicode>
          </TextEquiv>
        </Word>
        <Word id="w56">
          <Coords points="822,569 848,569 848,622 822,622"/>
          <TextEquiv>
            <Unicode>ا</Unicode>
          </TextEquiv>
        </Word>
        <Word id="w57">
          <Coords points="751,586 812,586 812,626 751,626"/>
          <TextEquiv>
            <Unicode>لله</Unicode>
          </TextEquiv>
        </Word>
        <Word id="w58">
          <Coords points="659,520 761,520 761,641 659,641"/>
          <TextEquiv>
            <Unicode>بكم</Unicode>
          </TextEquiv>
        </Word>
        <Word id="w59">
          <Coords points="638,562 658,562 658,614 638,614"/>
          <TextEquiv>
            <Unicode>ا</Unicode>
          </TextEquiv>
        </Word>
        <Word id="w60">
          <Coords points="488,561 628,561 628,644 488,644"/>
          <TextEquiv>
            <Unicode>ليسر</Unicode>
          </TextEquiv>
        </Word>
        <Word id="w61">
          <Coords points="458,587 498,587 498,631 458,631"/>
          <TextEquiv>
            <Unicode>و</Unicode>
          </TextEquiv>
        </Word>
        <Word id="w62">
          <Coords points="416,555 456,555 456,621 416,621"/>
          <TextEquiv>
            <Unicode>لا</Unicode>
          </TextEquiv>
        </Word>
        <Word id="w63">
          <Coords points="347,590 408,590 408,639 347,639"/>
          <TextEquiv>
            <Unicode>ير</Unicode>
          </TextEquiv>
        </Word>
        <Word id="w64">
          <Coords points="304,574 357,574 357,641 304,641"/>
          <TextEquiv>
            <Unicode>يد</Unicode>
          </TextEquiv>
        </Word>
        <Word id="w65">
          <Coords points="211,505 321,505 321,610 211,610"/>
          <TextEquiv>
            <Unicode>بكم</Unicode>
          </TextEquiv>
        </Word>
        <Word id="w66">
          <Coords points="198,546 218,546 218,601 198,601"/>
          <TextEquiv>
            <Unicode>ا</Unicode>
          </TextEquiv>
        </Word>
        <Word id="w67">
          <Coords points="70,537 194,537 194,623 70,623"/>
          <TextEquiv>
            <Unicode>لعسر</Unicode>
          </TextEquiv>
        </Word>
        <TextEquiv>
          <Unicode> ة فعد من يا م ا حر ير يد ا لله بكم ا ليسر و لا ير يد بكم ا لعسر</Unicode>
        </TextEquiv>
      </TextLine>
      <TextLine id="l4">
        <Coords points="85,647 1337,647 1337,831 85,831"/>
        <Word id="w68">
          <Coords points="1295,777 1336,777 1336,822 1295,822"/>
          <TextEquiv>
            <Unicode>و</Unicode>
          </TextEquiv>
        </Word>
        <Word id="w69">
          <Coords points="1141,709 1304,709 1304,830 1141,830"/>
          <TextEquiv>
            <Unicode>لتكلمو</Unicode>
          </TextEquiv>
        </Word>
        <Word id="w70">
          <Coords points="1140,742 1152,742 1152,788 1140,788"/>
          <TextEquiv>
            <Unicode>ا</Unicode>
          </TextEquiv>
        </Word>
        <Word id="w71">
          <Coords points="1109,737 1133,737 1133,793 1109,793"/>
          <TextEquiv>
            <Unicode>ا</Unicode>
          </TextEquiv>
        </Word>
        <Word id="w72">
          <Coords points="990,737 1097,737 1097,809 990,809"/>
          <TextEquiv>
            <Unicode>لعد</Unicode>
          </TextEquiv>
        </Word>
        <Word id="w73">
          <Coords points="989,748 1012,748 1012,774 989,774"/>
          <TextEquiv>
            <Unicode>ه</Unicode>
          </TextEquiv>
        </Word>
        <Word id="w74">
          <Coords points="939,758 980,758 980,805 939,805"/>
          <TextEquiv>
            <Unicode>و</Unicode>
          </TextEquiv>
        </Word>
        <Word id="w75">
          <Coords points="688,724 942,724 942,811 688,811"/>
          <TextEquiv>
            <Unicode>لتك</Unicode>
          </TextEquiv>
        </Word>
        <Word id="w76">
          <Coords points="667,750 701,750 701,789 667,789"/>
          <TextEquiv>
            <Unicode>و</Unicode>
          </TextEquiv>
        </Word>
        <Word id="w77">
          <Coords points="650,721 666,721 666,772 650,772"/>
          <TextEquiv>
            <Unicode>ا</Unicode>
          </TextEquiv>
        </Word>
        <Word id="w78">
          <Coords points="626,724 642,724 642,774 626,774"/>
          <TextEquiv>
            <Unicode>ا</Unicode>
          </TextEquiv>
        </Word>
        <Word id="w79">
          <Coords points="557,738 615,738 615,776 557,776"/>
          <TextEquiv>
            <Unicode>لله</Unicode>
          </TextEquiv>
        </Word>
        <Word id="w80">
          <Coords points="470,715 543,715 543,807 470,807"/>
          <TextEquiv>
            <Unicode>على</Unicode>
          </TextEquiv>
        </Word>
        <Word id="w81">
          <Coords points="443,702 487,702 487,767 443,767"/>
          <TextEquiv>
            <Unicode>ما</Unicode>
          </TextEquiv>
        </Word>
        <Word id="w82">
          <Coords points="342,735 429,735 429,775 342,775"/>
          <TextEquiv>
            <Unicode>هد</Unicode>
          </TextEquiv>
        </Word>
        <Word id="w83">
          <Coords points="264,666 357,666 357,789 264,789"/>
          <TextEquiv>
            <Unicode>يكم</Unicode>
          </TextEquiv>
        </Word>
        <Word id="w84">
          <Coords points="228,737 270,737 270,783 228,783"/>
          <TextEquiv>
            <Unicode>و</Unicode>
          </TextEquiv>
        </Word>
        <Word id="w85">
          <Coords points="85,647 229,647 229,800 85,800"/>
          <TextEquiv>
            <Unicode>لعلكم</Unicode>
          </TextEquiv>
        </Word>
        <TextEquiv>
          <Unicode> و لتكلمو ا ا لعد ه و لتك و ا ا لله على ما هد يكم و لعلكم</Unicode>
        </TextEquiv>
      </TextLine>
      <TextLine id="l5">
        <Coords points="72,859 1338,859 1338,992 72,992"/>
        <Word id="w86">
          <Coords points="1166,859 1337,859 1337,991 1166,991"/>
          <TextEquiv>
            <Unicode>تشكر</Unicode>
          </TextEquiv>
        </Word>
        <Word id="w87">
          <Coords points="1134,916 1187,916 1187,983 1134,983"/>
          <TextEquiv>
            <Unicode>و</Unicode>
          </TextEquiv>
        </Word>
        <Word id="w88">
          <Coords points="1095,899 1143,899 1143,965 1095,965"/>
          <TextEquiv>
            <Unicode>ن</Unicode>
          </TextEquiv>
        </Word>
        <Word id="w89">
          <Coords points="929,928 970,928 970,971 929,971"/>
          <TextEquiv>
            <Unicode>و</Unicode>
          </TextEquiv>
        </Word>
        <Word id="w90">
          <Coords points="927,894 936,894 936,935 927,935"/>
          <TextEquiv>
            <Unicode>ا</Unicode>
          </TextEquiv>
        </Word>
        <Word id="w91">
          <Coords points="889,925 915,925 915,956 889,956"/>
          <TextEquiv>
            <Unicode>د</Unicode>
          </TextEquiv>
        </Word>
        <Word id="w92">
          <Coords points="859,889 879,889 879,950 859,950"/>
          <TextEquiv>
            <Unicode>ا</Unicode>
          </TextEquiv>
        </Word>
        <Word id="w93">
          <Coords points="782,879 851,879 851,947 782,947"/>
          <TextEquiv>
            <Unicode>سا</Unicode>
          </TextEquiv>
        </Word>
        <Word id="w94">
          <Coords points="688,889 768,889 768,949 688,949"/>
          <TextEquiv>
            <Unicode>لك</Unicode>
          </TextEquiv>
        </Word>
        <Word id="w95">
          <Coords points="597,870 682,870 682,965 597,965"/>
          <TextEquiv>
            <Unicode>عبا</Unicode>
          </TextEquiv>
        </Word>
        <Word id="w96">
          <Coords points="561,913 586,913 586,947 561,947"/>
          <TextEquiv>
            <Unicode>د</Unicode>
          </TextEquiv>
        </Word>
        <Word id="w97">
          <Coords points="494,894 552,894 552,960 494,960"/>
          <TextEquiv>
            <Unicode>ى</Unicode>
          </TextEquiv>
        </Word>
        <Word id="w98">
          <Coords points="386,897 494,897 494,969 386,969"/>
          <TextEquiv>
            <Unicode>عنى</Unicode>
          </TextEquiv>
        </Word>
        <Word id="w99">
          <Coords points="352,877 387,877 387,937 352,937"/>
          <TextEquiv>
            <Unicode>فا</Unicode>
          </TextEquiv>
        </Word>
        <Word id="w100">
          <Coords points="285,896 342,896 342,971 285,971"/>
          <TextEquiv>
            <Unicode>ني</Unicode>
          </TextEquiv>
        </Word>
        <Word id="w101">
          <Coords points="219,869 276,869 276,953 219,953"/>
          <TextEquiv>
            <Unicode>قر</Unicode>
          </TextEquiv>
        </Word>
        <Word id="w102">
          <Coords points="72,904 232,904 232,957 72,957"/>
          <TextEquiv>
            <Unicode>يب</Unicode>
          </TextEquiv>
        </Word>
        <TextEquiv>
          <Unicode> تشكر و ن و ا د ا سا لك عبا د ى عنى فا ني قر يب</Unicode>
        </TextEquiv>
      </TextLine>
      <TextLine id="l6">
        <Coords points="52,1021 1323,1021 1323,1174 52,1174"/>
        <Word id="w103">
          <Coords points="1311,1072 1322,1072 1322,1118 1311,1118"/>
          <TextEquiv>
            <Unicode>ا</Unicode>
          </TextEquiv>
        </Word>
        <Word id="w104">
          <Coords points="1162,1105 1309,1105 1309,1162 1162,1162"/>
          <TextEquiv>
            <Unicode>جيب</Unicode>
          </TextEquiv>
        </Word>
        <Word id="w105">
          <Coords points="1116,1093 1143,1093 1143,1127 1116,1127"/>
          <TextEquiv>
            <Unicode>د</Unicode>
          </TextEquiv>
        </Word>
        <Word id="w106">
          <Coords points="1027,1065 1045,1065 1045,1110 1027,1110"/>
          <TextEquiv>
            <Unicode>ة</Unicode>
          </TextEquiv>
        </Word>
        <Word id="w107">
          <Coords points="1021,1086 1115,1086 1115,1148 1021,1148"/>
          <TextEquiv>
            <Unicode>عو</Unicode>
          </TextEquiv>
        </Word>
        <Word id="w108">
          <Coords points="989,1064 1007,1064 1007,1110 989,1110"/>
          <TextEquiv>
            <Unicode>ا</Unicode>
          </TextEquiv>
        </Word>
        <Word id="w109">
          <Coords points="934,1067 980,1067 980,1125 934,1125"/>
          <TextEquiv>
            <Unicode>لد</Unicode>
          </TextEquiv>
        </Word>
        <Word id="w110">
          <Coords points="910,1055 926,1055 926,1113 910,1113"/>
          <TextEquiv>
            <Unicode>ا</Unicode>
          </TextEquiv>
        </Word>
        <Word id="w111">
          <Coords points="867,1073 945,1073 945,1173 867,1173"/>
          <TextEquiv>
            <Unicode>ع</Unicode>
          </TextEquiv>
        </Word>
        <Word id="w112">
          <Coords points="848,1052 858,1052 858,1100 848,1100"/>
          <TextEquiv>
            <Unicode>ا</Unicode>
          </TextEquiv>
        </Word>
        <Word id="w113">
          <Coords points="811,1082 836,1082 836,1112 811,1112"/>
          <TextEquiv>
            <Unicode>د</Unicode>
          </TextEquiv>
        </Word>
        <Word id="w114">
          <Coords points="782,1052 799,1052 799,1111 782,1111"/>
          <TextEquiv>
            <Unicode>ا</Unicode>
          </TextEquiv>
        </Word>
        <Word id="w115">
          <Coords points="745,1079 776,1079 776,1114 745,1114"/>
          <TextEquiv>
            <Unicode>د</Unicode>
          </TextEquiv>
        </Word>
        <Word id="w116">
          <Coords points="683,1040 732,1040 732,1112 683,1112"/>
          <TextEquiv>
            <Unicode>عا</Unicode>
          </TextEquiv>
        </Word>
        <Word id="w117">
          <Coords points="633,1062 668,1062 668,1117 633,1117"/>
          <TextEquiv>
            <Unicode>ن</Unicode>
          </TextEquiv>
        </Word>
        <Word id="w118">
          <Coords points="318,1029 633,1029 633,1145 318,1145"/>
          <TextEquiv>
            <Unicode>فليستجيبو</Unicode>
          </TextEquiv>
        </Word>
        <Word id="w119">
          <Coords points="315,1043 330,1043 330,1097 315,1097"/>
          <TextEquiv>
            <Unicode>ا</Unicode>
          </TextEquiv>
        </Word>
        <Word id="w120">
          <Coords points="253,1042 298,1042 298,1121 253,1121"/>
          <TextEquiv>
            <Unicode>لى</Unicode>
          </TextEquiv>
        </Word>
        <Word id="w121">
          <Coords points="204,1068 250,1068 250,1114 204,1114"/>
          <TextEquiv>
            <Unicode>و</Unicode>
          </TextEquiv>
        </Word>
        <Word id="w122">
          <Coords points="137,1025 213,1025 213,1116 137,1116"/>
          <TextEquiv>
            <Unicode>ليؤ</Unicode>
          </TextEquiv>
        </Word>
        <Word id="w123">
          <Coords points="55,1045 146,1045 146,1106 55,1106"/>
          <TextEquiv>
            <Unicode>منو</Unicode>
          </TextEquiv>
        </Word>
        <Word id="w124">
          <Coords points="52,1021 67,1021 67,1077 52,1077"/>
          <TextEquiv>
            <Unicode>ا</Unicode>
          </TextEquiv>
        </Word>
        <TextEquiv>
          <Unicode> ا جيب د ة عو ا لد ا ع ا د ا د عا ن فليستجيبو ا لى و ليؤ منو ا</Unicode>
        </TextEquiv>
      </TextLine>
      <TextLine id="l7">
        <Coords points="58,1166 1319,1166 1319,1331 58,1331"/>
        <Word id="w125">
          <Coords points="1268,1268 1318,1268 1318,1322 1268,1322"/>
          <TextEquiv>
            <Unicode>بى</Unicode>
          </TextEquiv>
        </Word>
        <Word id="w126">
          <Coords points="1114,1218 1277,1218 1277,1308 1114,1308"/>
          <TextEquiv>
            <Unicode>لعلهم</Unicode>
          </TextEquiv>
        </Word>
        <Word id="w127">
          <Coords points="1063,1262 1110,1262 1110,1330 1063,1330"/>
          <TextEquiv>
            <Unicode>ير</Unicode>
          </TextEquiv>
        </Word>
        <Word id="w128">
          <Coords points="973,1230 1068,1230 1068,1291 973,1291"/>
          <TextEquiv>
            <Unicode>شد</Unicode>
          </TextEquiv>
        </Word>
        <Word id="w129">
          <Coords points="926,1261 971,1261 971,1307 926,1307"/>
          <TextEquiv>
            <Unicode>و</Unicode>
          </TextEquiv>
        </Word>
        <Word id="w130">
          <Coords points="879,1230 925,1230 925,1288 879,1288"/>
          <TextEquiv>
            <Unicode>ن</Unicode>
          </TextEquiv>
        </Word>
        <Word id="w131">
          <Coords points="744,1224 754,1224 754,1269 744,1269"/>
          <TextEquiv>
            <Unicode>ا</Unicode>
          </TextEquiv>
        </Word>
        <Word id="w132">
          <Coords points="648,1224 733,1224 733,1297 648,1297"/>
          <TextEquiv>
            <Unicode>حل</Unicode>
          </TextEquiv>
        </Word>
        <Word id="w133">
          <Coords points="578,1166 662,1166 662,1319 578,1319"/>
          <TextEquiv>
            <Unicode>لكم</Unicode>
          </TextEquiv>
        </Word>
        <Word id="w134">
          <Coords points="461,1206 564,1206 564,1286 461,1286"/>
          <TextEquiv>
            <Unicode>ليلة</Unicode>
          </TextEquiv>
        </Word>
        <Word id="w135">
          <Coords points="424,1200 442,1200 442,1260 424,1260"/>
          <TextEquiv>
            <Unicode>ا</Unicode>
          </TextEquiv>
        </Word>
        <Word id="w136">
          <Coords points="288,1200 410,1200 410,1291 288,1291"/>
          <TextEquiv>
            <Unicode>لصيا</Unicode>
          </TextEquiv>
        </Word>
        <Word id="w137">
          <Coords points="246,1232 277,1232 277,1291 246,1291"/>
          <TextEquiv>
            <Unicode>م</Unicode>
          </TextEquiv>
        </Word>
        <Word id="w138">
          <Coords points="226,1196 245,1196 245,1252 226,1252"/>
          <TextEquiv>
            <Unicode>ا</Unicode>
          </TextEquiv>
        </Word>
        <Word id="w139">
          <Coords points="167,1197 212,1197 212,1281 167,1281"/>
          <TextEquiv>
            <Unicode>لر</Unicode>
          </TextEquiv>
        </Word>
        <Word id="w140">
          <Coords points="58,1191 179,1191 179,1256 58,1256"/>
          <TextEquiv>
            <Unicode>فث</Unicode>
          </TextEquiv>
        </Word>
        <TextEquiv>
          <Unicode> بى لعلهم ير شد و ن ا حل لكم ليلة ا لصيا م ا لر فث</Unicode>
        </TextEquiv>
      </TextLine>
      <TextLine id="l8">
        <Coords points="47,1346 1319,1346 1319,1479 47,1479"/>
        <Word id="w141">
          <Coords points="1295,1405 1318,1405 1318,1452 1295,1452"/>
          <TextEquiv>
            <Unicode>ا</Unicode>
          </TextEquiv>
        </Word>
        <Word id="w142">
          <Coords points="1246,1392 1292,1392 1292,1475 1246,1475"/>
          <TextEquiv>
            <Unicode>لى</Unicode>
          </TextEquiv>
        </Word>
        <Word id="w143">
          <Coords points="1143,1389 1236,1389 1236,1457 1143,1457"/>
          <TextEquiv>
            <Unicode>نسا</Unicode>
          </TextEquiv>
        </Word>
        <Word id="w144">
          <Coords points="1065,1346 1163,1346 1163,1468 1065,1468"/>
          <TextEquiv>
            <Unicode>ئكم</Unicode>
          </TextEquiv>
        </Word>
        <Word id="w145">
          <Coords points="972,1417 1059,1417 1059,1478 972,1478"/>
          <TextEquiv>
            <Unicode>هن</Unicode>
          </TextEquiv>
        </Word>
        <Word id="w146">
          <Coords points="890,1387 955,1387 955,1473 890,1473"/>
          <TextEquiv>
            <Unicode>لبا</Unicode>
          </TextEquiv>
        </Word>
        <Word id="w147">
          <Coords points="809,1422 882,1422 882,1469 809,1469"/>
          <TextEquiv>
            <Unicode>س</Unicode>
          </TextEquiv>
        </Word>
        <Word id="w148">
          <Coords points="600,1374 815,1374 815,1442 600,1442"/>
          <TextEquiv>
            <Unicode>لكم</Unicode>
          </TextEquiv>
        </Word>
        <Word id="w149">
          <Coords points="542,1369 560,1369 560,1425 542,1425"/>
          <TextEquiv>
            <Unicode>ا</Unicode>
          </TextEquiv>
        </Word>
        <Word id="w150">
          <Coords points="445,1394 540,1394 540,1436 445,1436"/>
          <TextEquiv>
            <Unicode>نتم</Unicode>
          </TextEquiv>
        </Word>
        <Word id="w151">
          <Coords points="371,1370 431,1370 431,1450 371,1450"/>
          <TextEquiv>
            <Unicode>لبا</Unicode>
          </TextEquiv>
        </Word>
        <Word id="w152">
          <Coords points="289,1406 364,1406 364,1452 289,1452"/>
          <TextEquiv>
            <Unicode>س</Unicode>
          </TextEquiv>
        </Word>
        <Word id="w153">
          <Coords points="189,1364 293,1364 293,1452 189,1452"/>
          <TextEquiv>
            <Unicode>لهن</Unicode>
          </TextEquiv>
        </Word>
        <Word id="w154">
          <Coords points="133,1358 187,1358 187,1474 133,1474"/>
          <TextEquiv>
            <Unicode>علم</Unicode>
          </TextEquiv>
        </Word>
        <Word id="w155">
          <Coords points="106,1357 125,1357 125,1424 106,1424"/>
          <TextEquiv>
            <Unicode>ا</Unicode>
          </TextEquiv>
        </Word>
        <Word id="w156">
          <Coords points="47,1388 106,1388 106,1425 47,1425"/>
          <TextEquiv>
            <Unicode>لله</Unicode>
          </TextEquiv>
        </Word>
        <TextEquiv>
          <Unicode> ا لى نسا ئكم هن لبا س لكم ا نتم لبا س لهن علم ا لله</Unicode>
        </TextEquiv>
      </TextLine>
      <TextLine id="l9">
        <Coords points="32,1495 1316,1495 1316,1668 32,1668"/>
        <Word id="w157">
          <Coords points="1208,1533 1315,1533 1315,1651 1208,1651"/>
          <TextEquiv>
            <Unicode>نكم</Unicode>
          </TextEquiv>
        </Word>
        <Word id="w158">
          <Coords points="1094,1518 1242,1518 1242,1667 1094,1667"/>
          <TextEquiv>
            <Unicode>كنتم</Unicode>
          </TextEquiv>
        </Word>
        <Word id="w159">
          <Coords points="936,1553 1089,1553 1089,1628 936,1628"/>
          <TextEquiv>
            <Unicode>تختا</Unicode>
          </TextEquiv>
        </Word>
        <Word id="w160">
          <Coords points="864,1561 926,1561 926,1640 864,1640"/>
          <TextEquiv>
            <Unicode>نو</Unicode>
          </TextEquiv>
        </Word>
        <Word id="w161">
          <Coords points="831,1565 868,1565 868,1626 831,1626"/>
          <TextEquiv>
            <Unicode>ن</Unicode>
          </TextEquiv>
        </Word>
        <Word id="w162">
          <Coords points="803,1552 821,1552 821,1613 803,1613"/>
          <TextEquiv>
            <Unicode>ا</Unicode>
          </TextEquiv>
        </Word>
        <Word id="w163">
          <Coords points="605,1496 797,1496 797,1629 605,1629"/>
          <TextEquiv>
            <Unicode>نفسكم</Unicode>
          </TextEquiv>
        </Word>
        <Word id="w164">
          <Coords points="552,1542 621,1542 621,1609 552,1609"/>
          <TextEquiv>
            <Unicode>فتا</Unicode>
          </TextEquiv>
        </Word>
        <Word id="w165">
          <Coords points="473,1578 544,1578 544,1627 473,1627"/>
          <TextEquiv>
            <Unicode>ب</Unicode>
          </TextEquiv>
        </Word>
        <Word id="w166">
          <Coords points="305,1495 461,1495 461,1621 305,1621"/>
          <TextEquiv>
            <Unicode>عليكم</Unicode>
          </TextEquiv>
        </Word>
        <Word id="w167">
          <Coords points="266,1570 313,1570 313,1616 266,1616"/>
          <TextEquiv>
            <Unicode>و</Unicode>
          </TextEquiv>
        </Word>
        <Word id="w168">
          <Coords points="170,1535 278,1535 278,1601 170,1601"/>
          <TextEquiv>
            <Unicode>عفا</Unicode>
          </TextEquiv>
        </Word>
        <Word id="w169">
          <Coords points="32,1496 173,1496 173,1643 32,1643"/>
          <TextEquiv>
            <Unicode>عنكم</Unicode>
          </TextEquiv>
        </Word>
        <TextEquiv>
          <Unicode> نكم كنتم تختا نو ن ا نفسكم فتا ب عليكم و عفا عنكم</Unicode>
        </TextEquiv>
      </TextLine>
      <TextLine id="l10">
        <Coords points="46,1659 1304,1659 1304,1832 46,1832"/>
        <Word id="w170">
          <Coords points="1269,1734 1303,1734 1303,1805 1269,1805"/>
          <TextEquiv>
            <Unicode>فا</Unicode>
          </TextEquiv>
        </Word>
        <Word id="w171">
          <Coords points="1205,1745 1247,1745 1247,1807 1205,1807"/>
          <TextEquiv>
            <Unicode>لا</Unicode>
          </TextEquiv>
        </Word>
        <Word id="w172">
          <Coords points="1165,1755 1199,1755 1199,1806 1165,1806"/>
          <TextEquiv>
            <Unicode>ن</Unicode>
          </TextEquiv>
        </Word>
        <Word id="w173">
          <Coords points="1125,1735 1155,1735 1155,1831 1125,1831"/>
          <TextEquiv>
            <Unicode>با</Unicode>
          </TextEquiv>
        </Word>
        <Word id="w174">
          <Coords points="1018,1731 1113,1731 1113,1816 1018,1816"/>
          <TextEquiv>
            <Unicode>شر</Unicode>
          </TextEquiv>
        </Word>
        <Word id="w175">
          <Coords points="986,1766 1030,1766 1030,1809 986,1809"/>
          <TextEquiv>
            <Unicode>و</Unicode>
          </TextEquiv>
        </Word>
        <Word id="w176">
          <Coords points="900,1744 991,1744 991,1810 900,1810"/>
          <TextEquiv>
            <Unicode>هن</Unicode>
          </TextEquiv>
        </Word>
        <Word id="w177">
          <Coords points="849,1757 893,1757 893,1803 849,1803"/>
          <TextEquiv>
            <Unicode>و</Unicode>
          </TextEquiv>
        </Word>
        <Word id="w178">
          <Coords points="847,1731 855,1731 855,1775 847,1775"/>
          <TextEquiv>
            <Unicode>ا</Unicode>
          </TextEquiv>
        </Word>
        <Word id="w179">
          <Coords points="705,1740 833,1740 833,1813 705,1813"/>
          <TextEquiv>
            <Unicode>بتعو</Unicode>
          </TextEquiv>
        </Word>
        <Word id="w180">
          <Coords points="700,1717 713,1717 713,1774 700,1774"/>
          <TextEquiv>
            <Unicode>ا</Unicode>
          </TextEquiv>
        </Word>
        <Word id="w181">
          <Coords points="643,1708 697,1708 697,1778 643,1778"/>
          <TextEquiv>
            <Unicode>ما</Unicode>
          </TextEquiv>
        </Word>
        <Word id="w182">
          <Coords points="506,1669 688,1669 688,1803 506,1803"/>
          <TextEquiv>
            <Unicode>كت</Unicode>
          </TextEquiv>
        </Word>
        <Word id="w183">
          <Coords points="479,1699 502,1699 502,1759 479,1759"/>
          <TextEquiv>
            <Unicode>ا</Unicode>
          </TextEquiv>
        </Word>
        <Word id="w184">
          <Coords points="409,1724 481,1724 481,1768 409,1768"/>
          <TextEquiv>
            <Unicode>لله</Unicode>
          </TextEquiv>
        </Word>
        <Word id="w185">
          <Coords points="317,1659 417,1659 417,1774 317,1774"/>
          <TextEquiv>
            <Unicode>لكم</Unicode>
          </TextEquiv>
        </Word>
        <Word id="w186">
          <Coords points="276,1733 319,1733 319,1780 276,1780"/>
          <TextEquiv>
            <Unicode>و</Unicode>
          </TextEquiv>
        </Word>
        <Word id="w187">
          <Coords points="48,1692 66,1692 66,1751 48,1751"/>
          <TextEquiv>
            <Unicode>ا</Unicode>
          </TextEquiv>
        </Word>
        <Word id="w188">
          <Coords points="46,1696 290,1696 290,1775 46,1775"/>
          <TextEquiv>
            <Unicode>كلو</Unicode>
          </TextEquiv>
        </Word>
        <TextEquiv>
          <Unicode> فا لا ن با شر و هن و ا بتعو ا ما كت ا لله لكم و ا كلو</Unicode>
        </TextEquiv>
      </TextLine>
      <TextLine id="l11">
        <Coords points="17,1836 1302,1836 1302,2010 17,2010"/>
        <Word id="w189">
          <Coords points="1256,1930 1301,1930 1301,1974 1256,1974"/>
          <TextEquiv>
            <Unicode>و</Unicode>
          </TextEquiv>
        </Word>
        <Word id="w190">
          <Coords points="1253,1895 1266,1895 1266,1945 1253,1945"/>
          <TextEquiv>
            <Unicode>ا</Unicode>
          </TextEquiv>
        </Word>
        <Word id="w191">
          <Coords points="1145,1897 1241,1897 1241,1982 1145,1982"/>
          <TextEquiv>
            <Unicode>شر</Unicode>
          </TextEquiv>
        </Word>
        <Word id="w192">
          <Coords points="1095,1920 1155,1920 1155,2009 1095,2009"/>
          <TextEquiv>
            <Unicode>بو</Unicode>
          </TextEquiv>
        </Word>
        <Word id="w193">
          <Coords points="1090,1898 1103,1898 1103,1950 1090,1950"/>
          <TextEquiv>
            <Unicode>ا</Unicode>
          </TextEquiv>
        </Word>
        <Word id="w194">
          <Coords points="970,1913 1080,1913 1080,1980 970,1980"/>
          <TextEquiv>
            <Unicode>حتى</Unicode>
          </TextEquiv>
        </Word>
        <Word id="w195">
          <Coords points="780,1920 962,1920 962,1970 780,1970"/>
          <TextEquiv>
            <Unicode>يتبين</Unicode>
          </TextEquiv>
        </Word>
        <Word id="w196">
          <Coords points="691,1836 780,1836 780,1955 691,1955"/>
          <TextEquiv>
            <Unicode>لكم</Unicode>
          </TextEquiv>
        </Word>
        <Word id="w197">
          <Coords points="510,1873 666,1873 666,1968 510,1968"/>
          <TextEquiv>
            <Unicode>لخيط</Unicode>
          </TextEquiv>
        </Word>
        <Word id="w198">
          <Coords points="487,1882 499,1882 499,1928 487,1928"/>
          <TextEquiv>
            <Unicode>ا</Unicode>
          </TextEquiv>
        </Word>
        <Word id="w199">
          <Coords points="419,1872 467,1872 467,1947 419,1947"/>
          <TextEquiv>
            <Unicode>لا</Unicode>
          </TextEquiv>
        </Word>
        <Word id="w200">
          <Coords points="284,1903 424,1903 424,1958 284,1958"/>
          <TextEquiv>
            <Unicode>بيض</Unicode>
          </TextEquiv>
        </Word>
        <Word id="w201">
          <Coords points="220,1883 296,1883 296,1953 220,1953"/>
          <TextEquiv>
            <Unicode>من</Unicode>
          </TextEquiv>
        </Word>
        <Word id="w202">
          <Coords points="201,1856 222,1856 222,1907 201,1907"/>
          <TextEquiv>
            <Unicode>ا</Unicode>
          </TextEquiv>
        </Word>
        <Word id="w203">
          <Coords points="17,1858 213,1858 213,1960 17,1960"/>
          <TextEquiv>
            <Unicode>لخيط</Unicode>
          </TextEquiv>
        </Word>
        <TextEquiv>
          <Unicode> و ا شر بو ا حتى يتبين لكم لخيط ا لا بيض من ا لخيط</Unicode>
        </TextEquiv>
      </TextLine>
      <TextLine id="l12">
        <Coords points="59,2023 1302,2023 1302,2167 59,2167"/>
        <Word id="w204">
          <Coords points="1281,2051 1301,2051 1301,2121 1281,2121"/>
          <TextEquiv>
            <Unicode>ا</Unicode>
          </TextEquiv>
        </Word>
        <Word id="w205">
          <Coords points="1232,2073 1272,2073 1272,2140 1232,2140"/>
          <TextEquiv>
            <Unicode>لا</Unicode>
          </TextEquiv>
        </Word>
        <Word id="w206">
          <Coords points="1137,2104 1236,2104 1236,2149 1137,2149"/>
          <TextEquiv>
            <Unicode>سو</Unicode>
          </TextEquiv>
        </Word>
        <Word id="w207">
          <Coords points="1109,2094 1141,2094 1141,2130 1109,2130"/>
          <TextEquiv>
            <Unicode>د</Unicode>
          </TextEquiv>
        </Word>
        <Word id="w208">
          <Coords points="1021,2077 1102,2077 1102,2143 1021,2143"/>
          <TextEquiv>
            <Unicode>من</Unicode>
          </TextEquiv>
        </Word>
        <Word id="w209">
          <Coords points="1013,2051 1025,2051 1025,2103 1013,2103"/>
          <TextEquiv>
            <Unicode>ا</Unicode>
          </TextEquiv>
        </Word>
        <Word id="w210">
          <Coords points="902,2045 1007,2045 1007,2166 902,2166"/>
          <TextEquiv>
            <Unicode>لفجر</Unicode>
          </TextEquiv>
        </Word>
        <Word id="w211">
          <Coords points="805,2060 926,2060 926,2126 805,2126"/>
          <TextEquiv>
            <Unicode>ثم</Unicode>
          </TextEquiv>
        </Word>
        <Word id="w212">
          <Coords points="787,2047 799,2047 799,2104 787,2104"/>
          <TextEquiv>
            <Unicode>ا</Unicode>
          </TextEquiv>
        </Word>
        <Word id="w213">
          <Coords points="696,2036 770,2036 770,2133 696,2133"/>
          <TextEquiv>
            <Unicode>تمو</Unicode>
          </TextEquiv>
        </Word>
        <Word id="w214">
          <Coords points="680,2046 701,2046 701,2097 680,2097"/>
          <TextEquiv>
            <Unicode>ا</Unicode>
          </TextEquiv>
        </Word>
        <Word id="w215">
          <Coords points="650,2048 673,2048 673,2094 650,2094"/>
          <TextEquiv>
            <Unicode>ا</Unicode>
          </TextEquiv>
        </Word>
        <Word id="w216">
          <Coords points="505,2038 645,2038 645,2116 505,2116"/>
          <TextEquiv>
            <Unicode>لصيا</Unicode>
          </TextEquiv>
        </Word>
        <Word id="w217">
          <Coords points="465,2067 499,2067 499,2152 465,2152"/>
          <TextEquiv>
            <Unicode>م</Unicode>
          </TextEquiv>
        </Word>
        <Word id="w218">
          <Coords points="428,2043 436,2043 436,2082 428,2082"/>
          <TextEquiv>
            <Unicode>ا</Unicode>
          </TextEquiv>
        </Word>
        <Word id="w219">
          <Coords points="362,2035 417,2035 417,2115 362,2115"/>
          <TextEquiv>
            <Unicode>لى</Unicode>
          </TextEquiv>
        </Word>
        <Word id="w220">
          <Coords points="343,2035 356,2035 356,2080 343,2080"/>
          <TextEquiv>
            <Unicode>ا</Unicode>
          </TextEquiv>
        </Word>
        <Word id="w221">
          <Coords points="154,2025 329,2025 329,2127 154,2127"/>
          <TextEquiv>
            <Unicode>لليل</Unicode>
          </TextEquiv>
        </Word>
        <Word id="w222">
          <Coords points="101,2062 152,2062 152,2110 101,2110"/>
          <TextEquiv>
            <Unicode>و</Unicode>
          </TextEquiv>
        </Word>
        <Word id="w223">
          <Coords points="59,2023 108,2023 108,2096 59,2096"/>
          <TextEquiv>
            <Unicode>لا</Unicode>
          </TextEquiv>
        </Word>
        <TextEquiv>
          <Unicode> ا لا سو د من ا لفجر ثم ا تمو ا ا لصيا م ا لى ا لليل و لا</Unicode>
        </TextEquiv>
      </TextLine>
      <TextLine id="l13">
        <Coords points="31,2180 1292,2180 1292,2327 31,2327"/>
        <Word id="w224">
          <Coords points="1222,2225 1291,2225 1291,2326 1222,2326"/>
          <TextEquiv>
            <Unicode>تبا</Unicode>
          </TextEquiv>
        </Word>
        <Word id="w225">
          <Coords points="1124,2265 1214,2265 1214,2313 1124,2313"/>
          <TextEquiv>
            <Unicode>سر</Unicode>
          </TextEquiv>
        </Word>
        <Word id="w226">
          <Coords points="1093,2260 1128,2260 1128,2303 1093,2303"/>
          <TextEquiv>
            <Unicode>و</Unicode>
          </TextEquiv>
        </Word>
        <Word id="w227">
          <Coords points="1006,2246 1091,2246 1091,2304 1006,2304"/>
          <TextEquiv>
            <Unicode>هن</Unicode>
          </TextEquiv>
        </Word>
        <Word id="w228">
          <Coords points="954,2253 999,2253 999,2299 954,2299"/>
          <TextEquiv>
            <Unicode>و</Unicode>
          </TextEquiv>
        </Word>
        <Word id="w229">
          <Coords points="951,2221 962,2221 962,2273 951,2273"/>
          <TextEquiv>
            <Unicode>ا</Unicode>
          </TextEquiv>
        </Word>
        <Word id="w230">
          <Coords points="843,2230 943,2230 943,2286 843,2286"/>
          <TextEquiv>
            <Unicode>نم</Unicode>
          </TextEquiv>
        </Word>
        <Word id="w231">
          <Coords points="774,2213 834,2213 834,2282 774,2282"/>
          <TextEquiv>
            <Unicode>عا</Unicode>
          </TextEquiv>
        </Word>
        <Word id="w232">
          <Coords points="666,2180 810,2180 810,2300 666,2300"/>
          <TextEquiv>
            <Unicode>كفو</Unicode>
          </TextEquiv>
        </Word>
        <Word id="w233">
          <Coords points="633,2218 667,2218 667,2283 633,2283"/>
          <TextEquiv>
            <Unicode>ن</Unicode>
          </TextEquiv>
        </Word>
        <Word id="w234">
          <Coords points="543,2192 631,2192 631,2297 543,2297"/>
          <TextEquiv>
            <Unicode>في</Unicode>
          </TextEquiv>
        </Word>
        <Word id="w235">
          <Coords points="511,2205 522,2205 522,2251 511,2251"/>
          <TextEquiv>
            <Unicode>ا</Unicode>
          </TextEquiv>
        </Word>
        <Word id="w236">
          <Coords points="400,2202 503,2202 503,2266 400,2266"/>
          <TextEquiv>
            <Unicode>لمسا</Unicode>
          </TextEquiv>
        </Word>
        <Word id="w237">
          <Coords points="296,2224 395,2224 395,2291 296,2291"/>
          <TextEquiv>
            <Unicode>جد</Unicode>
          </TextEquiv>
        </Word>
        <Word id="w238">
          <Coords points="31,2200 282,2200 282,2278 31,2278"/>
          <TextEquiv>
            <Unicode>تلك</Unicode>
          </TextEquiv>
        </Word>
        <TextEquiv>
          <Unicode> تبا سر و هن و ا نم عا كفو ن في ا لمسا جد تلك</Unicode>
        </TextEquiv>
      </TextLine>
      <TextLine id="l14">
        <Coords points="20,2326 1293,2326 1293,2475 20,2475"/>
        <Word id="w239">
          <Coords points="1199,2412 1292,2412 1292,2459 1199,2459"/>
          <TextEquiv>
            <Unicode>حد</Unicode>
          </TextEquiv>
        </Word>
        <Word id="w240">
          <Coords points="1154,2416 1195,2416 1195,2470 1154,2470"/>
          <TextEquiv>
            <Unicode>و</Unicode>
          </TextEquiv>
        </Word>
        <Word id="w241">
          <Coords points="1095,2388 1113,2388 1113,2449 1095,2449"/>
          <TextEquiv>
            <Unicode>ا</Unicode>
          </TextEquiv>
        </Word>
        <Word id="w242">
          <Coords points="1016,2409 1085,2409 1085,2451 1016,2451"/>
          <TextEquiv>
            <Unicode>لله</Unicode>
          </TextEquiv>
        </Word>
        <Word id="w243">
          <Coords points="919,2396 1010,2396 1010,2453 919,2453"/>
          <TextEquiv>
            <Unicode>فلا</Unicode>
          </TextEquiv>
        </Word>
        <Word id="w244">
          <Coords points="810,2381 916,2381 916,2474 810,2474"/>
          <TextEquiv>
            <Unicode>تقر</Unicode>
          </TextEquiv>
        </Word>
        <Word id="w245">
          <Coords points="730,2369 790,2369 790,2437 730,2437"/>
          <TextEquiv>
            <Unicode>ها</Unicode>
          </TextEquiv>
        </Word>
        <Word id="w246">
          <Coords points="646,2326 766,2326 766,2435 646,2435"/>
          <TextEquiv>
            <Unicode>كذ</Unicode>
          </TextEquiv>
        </Word>
        <Word id="w247">
          <Coords points="535,2380 635,2380 635,2435 535,2435"/>
          <TextEquiv>
            <Unicode>لك</Unicode>
          </TextEquiv>
        </Word>
        <Word id="w248">
          <Coords points="363,2374 534,2374 534,2457 363,2457"/>
          <TextEquiv>
            <Unicode>يبين</Unicode>
          </TextEquiv>
        </Word>
        <Word id="w249">
          <Coords points="349,2369 367,2369 367,2428 349,2428"/>
          <TextEquiv>
            <Unicode>ا</Unicode>
          </TextEquiv>
        </Word>
        <Word id="w250">
          <Coords points="270,2387 342,2387 342,2427 270,2427"/>
          <TextEquiv>
            <Unicode>لله</Unicode>
          </TextEquiv>
        </Word>
        <Word id="w251">
          <Coords points="239,2372 257,2372 257,2422 239,2422"/>
          <TextEquiv>
            <Unicode>ا</Unicode>
          </TextEquiv>
        </Word>
        <Word id="w252">
          <Coords points="206,2359 244,2359 244,2465 206,2465"/>
          <TextEquiv>
            <Unicode>با</Unicode>
          </TextEquiv>
        </Word>
        <Word id="w253">
          <Coords points="171,2359 206,2359 206,2465 171,2465"/>
          <TextEquiv>
            <Unicode>ته</Unicode>
          </TextEquiv>
        </Word>
        <Word id="w254">
          <Coords points="93,2345 171,2345 171,2421 93,2421"/>
          <TextEquiv>
            <Unicode>للنا</Unicode>
          </TextEquiv>
        </Word>
        <Word id="w255">
          <Coords points="20,2387 86,2387 86,2424 20,2424"/>
          <TextEquiv>
            <Unicode>س</Unicode>
          </TextEquiv>
        </Word>
        <TextEquiv>
          <Unicode> حد و ا لله فلا تقر ها كذ لك يبين ا لله ا با ته للنا س</Unicode>
        </TextEquiv>
      </TextLine>
    </TextRegion>
  </Page>
</PcGts>
