<?xml version='1.0' encoding='utf-8'?>
<PcGts xmlns:xsi="http://www.w3.org/2001/XMLSchema-instance" xmlns="http://schema.primaresearch.org/PAGE/gts/pagecontent/2019-07-15" xsi:schemaLocation="http://schema.primaresearch.org/PAGE/gts/pagecontent/2019-07-15 http://schema.primaresearch.org/PAGE/gts/pagecontent/2019-07-15/pagecontent.xsd" pcGtsId="pc-aletheiaexamplepage">
  <Metadata>
    <Creator>PRImA Research Lab</Creator>
    <Created>2015-07-17T15:27:13</Created>
    <LastChange>2017-07-14T10:03:33</LastChange>
    <Comments>Example Page</Comments>
  </Metadata>
  <Page imageFilename="3158466/_020-2.png" imageWidth="1360" imageHeight="2568">
    <TextRegion id="r0" type="paragraph">
      <Coords points="1,1 1358,1 1358,2566 1,2566"/>
      <TextLine id="l0">
        <Coords points="71,71 1342,71 1342,203 71,203"/>
        <Word id="w0">
          <Coords points="1300,141 1341,141 1341,185 1300,185"/>
          <TextEquiv>
            <Unicode>و</Unicode>
          </TextEquiv>
        </Word>
        <Word id="w1">
          <Coords points="1296,109 1303,109 1303,168 1296,168"/>
          <TextEquiv>
            <Unicode>ا</Unicode>
          </TextEquiv>
        </Word>
        <Word id="w2">
          <Coords points="1255,106 1276,106 1276,167 1255,167"/>
          <TextEquiv>
            <Unicode>ذ</Unicode>
          </TextEquiv>
        </Word>
        <Word id="w3">
          <Coords points="1231,100 1247,100 1247,169 1231,169"/>
          <TextEquiv>
            <Unicode>ا</Unicode>
          </TextEquiv>
        </Word>
        <Word id="w4">
          <Coords points="1165,94 1217,94 1217,187 1165,187"/>
          <TextEquiv>
            <Unicode>تو</Unicode>
          </TextEquiv>
        </Word>
        <Word id="w5">
          <Coords points="1124,99 1178,99 1178,177 1124,177"/>
          <TextEquiv>
            <Unicode>لى</Unicode>
          </TextEquiv>
        </Word>
        <Word id="w6">
          <Coords points="980,123 1119,123 1119,192 980,192"/>
          <TextEquiv>
            <Unicode>سعى</Unicode>
          </TextEquiv>
        </Word>
        <Word id="w7">
          <Coords points="903,89 1008,89 1008,156 903,156"/>
          <TextEquiv>
            <Unicode>فى</Unicode>
          </TextEquiv>
        </Word>
        <Word id="w8">
          <Coords points="876,93 886,93 886,149 876,149"/>
          <TextEquiv>
            <Unicode>ا</Unicode>
          </TextEquiv>
        </Word>
        <Word id="w9">
          <Coords points="814,96 857,96 857,168 814,168"/>
          <TextEquiv>
            <Unicode>لا</Unicode>
          </TextEquiv>
        </Word>
        <Word id="w10">
          <Coords points="748,121 831,121 831,191 748,191"/>
          <TextEquiv>
            <Unicode>ر</Unicode>
          </TextEquiv>
        </Word>
        <Word id="w11">
          <Coords points="686,100 777,100 777,192 686,192"/>
          <TextEquiv>
            <Unicode>ض</Unicode>
          </TextEquiv>
        </Word>
        <Word id="w12">
          <Coords points="507,91 684,91 684,172 507,172"/>
          <TextEquiv>
            <Unicode>ليفسدث</Unicode>
          </TextEquiv>
        </Word>
        <Word id="w13">
          <Coords points="404,84 503,84 503,194 404,194"/>
          <TextEquiv>
            <Unicode>فيها</Unicode>
          </TextEquiv>
        </Word>
        <Word id="w14">
          <Coords points="350,126 397,126 397,177 350,177"/>
          <TextEquiv>
            <Unicode>و</Unicode>
          </TextEquiv>
        </Word>
        <Word id="w15">
          <Coords points="217,87 365,87 365,202 217,202"/>
          <TextEquiv>
            <Unicode>يهلك</Unicode>
          </TextEquiv>
        </Word>
        <Word id="w16">
          <Coords points="192,74 203,74 203,129 192,129"/>
          <TextEquiv>
            <Unicode>ا</Unicode>
          </TextEquiv>
        </Word>
        <Word id="w17">
          <Coords points="102,71 188,71 188,184 102,184"/>
          <TextEquiv>
            <Unicode>لحر</Unicode>
          </TextEquiv>
        </Word>
        <Word id="w18">
          <Coords points="71,89 118,89 118,150 71,150"/>
          <TextEquiv>
            <Unicode>ث</Unicode>
          </TextEquiv>
        </Word>
        <TextEquiv>
          <Unicode> و ا ذ ا تو لى سعى فى ا لا ر ض ليفسدث فيها و يهلك ا لحر ث</Unicode>
        </TextEquiv>
      </TextLine>
      <TextLine id="l1">
        <Coords points="63,247 1340,247 1340,364 63,364"/>
        <Word id="w19">
          <Coords points="1295,279 1304,279 1304,329 1295,329"/>
          <TextEquiv>
            <Unicode>ا</Unicode>
          </TextEquiv>
        </Word>
        <Word id="w20">
          <Coords points="1295,307 1339,307 1339,355 1295,355"/>
          <TextEquiv>
            <Unicode>و</Unicode>
          </TextEquiv>
        </Word>
        <Word id="w21">
          <Coords points="1122,265 1279,265 1279,357 1122,357"/>
          <TextEquiv>
            <Unicode>لنسل</Unicode>
          </TextEquiv>
        </Word>
        <Word id="w22">
          <Coords points="1069,301 1114,301 1114,350 1069,350"/>
          <TextEquiv>
            <Unicode>و</Unicode>
          </TextEquiv>
        </Word>
        <Word id="w23">
          <Coords points="1064,274 1074,274 1074,320 1064,320"/>
          <TextEquiv>
            <Unicode>ا</Unicode>
          </TextEquiv>
        </Word>
        <Word id="w24">
          <Coords points="984,283 1048,283 1048,340 984,340"/>
          <TextEquiv>
            <Unicode>لله</Unicode>
          </TextEquiv>
        </Word>
        <Word id="w25">
          <Coords points="924,267 970,267 970,343 924,343"/>
          <TextEquiv>
            <Unicode>لا</Unicode>
          </TextEquiv>
        </Word>
        <Word id="w26">
          <Coords points="789,283 928,283 928,363 789,363"/>
          <TextEquiv>
            <Unicode>يحب</Unicode>
          </TextEquiv>
        </Word>
        <Word id="w27">
          <Coords points="761,258 783,258 783,319 761,319"/>
          <TextEquiv>
            <Unicode>ا</Unicode>
          </TextEquiv>
        </Word>
        <Word id="w28">
          <Coords points="622,262 751,262 751,328 622,328"/>
          <TextEquiv>
            <Unicode>لفسا</Unicode>
          </TextEquiv>
        </Word>
        <Word id="w29">
          <Coords points="584,297 611,297 611,331 584,331"/>
          <TextEquiv>
            <Unicode>د</Unicode>
          </TextEquiv>
        </Word>
        <Word id="w30">
          <Coords points="434,293 475,293 475,344 434,344"/>
          <TextEquiv>
            <Unicode>و</Unicode>
          </TextEquiv>
        </Word>
        <Word id="w31">
          <Coords points="425,264 438,264 438,324 425,324"/>
          <TextEquiv>
            <Unicode>ا</Unicode>
          </TextEquiv>
        </Word>
        <Word id="w32">
          <Coords points="388,292 414,292 414,325 388,325"/>
          <TextEquiv>
            <Unicode>د</Unicode>
          </TextEquiv>
        </Word>
        <Word id="w33">
          <Coords points="356,262 369,262 369,314 356,314"/>
          <TextEquiv>
            <Unicode>ا</Unicode>
          </TextEquiv>
        </Word>
        <Word id="w34">
          <Coords points="250,255 349,255 349,347 250,347"/>
          <TextEquiv>
            <Unicode>قيل</Unicode>
          </TextEquiv>
        </Word>
        <Word id="w35">
          <Coords points="194,255 244,255 244,328 194,328"/>
          <TextEquiv>
            <Unicode>له</Unicode>
          </TextEquiv>
        </Word>
        <Word id="w36">
          <Coords points="167,247 179,247 179,301 167,301"/>
          <TextEquiv>
            <Unicode>ا</Unicode>
          </TextEquiv>
        </Word>
        <Word id="w37">
          <Coords points="63,253 155,253 155,334 63,334"/>
          <TextEquiv>
            <Unicode>تق</Unicode>
          </TextEquiv>
        </Word>
        <TextEquiv>
          <Unicode> ا و لنسل و ا لله لا يحب ا لفسا د و ا د ا قيل له ا تق</Unicode>
        </TextEquiv>
      </TextLine>
      <TextLine id="l2">
        <Coords points="125,402 1341,402 1341,520 125,520"/>
        <Word id="w38">
          <Coords points="1328,453 1340,453 1340,504 1328,504"/>
          <TextEquiv>
            <Unicode>ا</Unicode>
          </TextEquiv>
        </Word>
        <Word id="w39">
          <Coords points="1242,462 1307,462 1307,502 1242,502"/>
          <TextEquiv>
            <Unicode>لله</Unicode>
          </TextEquiv>
        </Word>
        <Word id="w40">
          <Coords points="1213,449 1221,449 1221,493 1213,493"/>
          <TextEquiv>
            <Unicode>ا</Unicode>
          </TextEquiv>
        </Word>
        <Word id="w41">
          <Coords points="1113,441 1204,441 1204,504 1113,504"/>
          <TextEquiv>
            <Unicode>خذ</Unicode>
          </TextEquiv>
        </Word>
        <Word id="w42">
          <Coords points="1073,439 1106,439 1106,499 1073,499"/>
          <TextEquiv>
            <Unicode>ته</Unicode>
          </TextEquiv>
        </Word>
        <Word id="w43">
          <Coords points="1048,437 1072,437 1072,500 1048,500"/>
          <TextEquiv>
            <Unicode>ا</Unicode>
          </TextEquiv>
        </Word>
        <Word id="w44">
          <Coords points="953,437 1032,437 1032,519 953,519"/>
          <TextEquiv>
            <Unicode>لعز</Unicode>
          </TextEquiv>
        </Word>
        <Word id="w45">
          <Coords points="947,450 963,450 963,491 947,491"/>
          <TextEquiv>
            <Unicode>ة</Unicode>
          </TextEquiv>
        </Word>
        <Word id="w46">
          <Coords points="901,432 929,432 929,516 901,516"/>
          <TextEquiv>
            <Unicode>با</Unicode>
          </TextEquiv>
        </Word>
        <Word id="w47">
          <Coords points="835,431 882,431 882,503 835,503"/>
          <TextEquiv>
            <Unicode>لا</Unicode>
          </TextEquiv>
        </Word>
        <Word id="w48">
          <Coords points="787,402 834,402 834,510 787,510"/>
          <TextEquiv>
            <Unicode>ثم</Unicode>
          </TextEquiv>
        </Word>
        <Word id="w49">
          <Coords points="601,420 796,420 796,514 601,514"/>
          <TextEquiv>
            <Unicode>فحسبه</Unicode>
          </TextEquiv>
        </Word>
        <Word id="w50">
          <Coords points="434,445 596,445 596,502 434,502"/>
          <TextEquiv>
            <Unicode>جهنم</Unicode>
          </TextEquiv>
        </Word>
        <Word id="w51">
          <Coords points="380,453 430,453 430,503 380,503"/>
          <TextEquiv>
            <Unicode>و</Unicode>
          </TextEquiv>
        </Word>
        <Word id="w52">
          <Coords points="247,418 389,418 389,504 247,504"/>
          <TextEquiv>
            <Unicode>لبئس</Unicode>
          </TextEquiv>
        </Word>
        <Word id="w53">
          <Coords points="242,412 259,412 259,466 242,466"/>
          <TextEquiv>
            <Unicode>ا</Unicode>
          </TextEquiv>
        </Word>
        <Word id="w54">
          <Coords points="157,414 236,414 236,510 157,510"/>
          <TextEquiv>
            <Unicode>لمها</Unicode>
          </TextEquiv>
        </Word>
        <Word id="w55">
          <Coords points="125,453 151,453 151,485 125,485"/>
          <TextEquiv>
            <Unicode>د</Unicode>
          </TextEquiv>
        </Word>
        <TextEquiv>
          <Unicode> ا لله ا خذ ته ا لعز ة با لا ثم فحسبه جهنم و لبئس ا لمها د</Unicode>
        </TextEquiv>
      </TextLine>
      <TextLine id="l3">
        <Coords points="89,576 1322,576 1322,692 89,692"/>
        <Word id="w56">
          <Coords points="1275,640 1321,640 1321,689 1275,689"/>
          <TextEquiv>
            <Unicode>و</Unicode>
          </TextEquiv>
        </Word>
        <Word id="w57">
          <Coords points="1210,628 1287,628 1287,690 1210,690"/>
          <TextEquiv>
            <Unicode>من</Unicode>
          </TextEquiv>
        </Word>
        <Word id="w58">
          <Coords points="1198,612 1210,612 1210,665 1198,665"/>
          <TextEquiv>
            <Unicode>ا</Unicode>
          </TextEquiv>
        </Word>
        <Word id="w59">
          <Coords points="1069,603 1182,603 1182,671 1069,671"/>
          <TextEquiv>
            <Unicode>لنا</Unicode>
          </TextEquiv>
        </Word>
        <Word id="w60">
          <Coords points="991,641 1062,641 1062,691 991,691"/>
          <TextEquiv>
            <Unicode>س</Unicode>
          </TextEquiv>
        </Word>
        <Word id="w61">
          <Coords points="927,612 998,612 998,685 927,685"/>
          <TextEquiv>
            <Unicode>من</Unicode>
          </TextEquiv>
        </Word>
        <Word id="w62">
          <Coords points="829,605 926,605 926,690 829,690"/>
          <TextEquiv>
            <Unicode>يشر</Unicode>
          </TextEquiv>
        </Word>
        <Word id="w63">
          <Coords points="766,623 825,623 825,679 766,679"/>
          <TextEquiv>
            <Unicode>ى</Unicode>
          </TextEquiv>
        </Word>
        <Word id="w64">
          <Coords points="598,616 759,616 759,661 598,661"/>
          <TextEquiv>
            <Unicode>نفسه</Unicode>
          </TextEquiv>
        </Word>
        <Word id="w65">
          <Coords points="572,586 592,586 592,649 572,649"/>
          <TextEquiv>
            <Unicode>ا</Unicode>
          </TextEquiv>
        </Word>
        <Word id="w66">
          <Coords points="466,579 569,579 569,680 466,680"/>
          <TextEquiv>
            <Unicode>بتغا</Unicode>
          </TextEquiv>
        </Word>
        <Word id="w67">
          <Coords points="431,624 455,624 455,651 431,651"/>
          <TextEquiv>
            <Unicode>ء</Unicode>
          </TextEquiv>
        </Word>
        <Word id="w68">
          <Coords points="345,625 419,625 419,679 345,679"/>
          <TextEquiv>
            <Unicode>مر</Unicode>
          </TextEquiv>
        </Word>
        <Word id="w69">
          <Coords points="277,579 365,579 365,661 277,661"/>
          <TextEquiv>
            <Unicode>ضا</Unicode>
          </TextEquiv>
        </Word>
        <Word id="w70">
          <Coords points="196,605 265,605 265,656 196,656"/>
          <TextEquiv>
            <Unicode>ت</Unicode>
          </TextEquiv>
        </Word>
        <Word id="w71">
          <Coords points="168,576 191,576 191,645 168,645"/>
          <TextEquiv>
            <Unicode>ا</Unicode>
          </TextEquiv>
        </Word>
        <Word id="w72">
          <Coords points="89,609 158,609 158,650 89,650"/>
          <TextEquiv>
            <Unicode>لله</Unicode>
          </TextEquiv>
        </Word>
        <TextEquiv>
          <Unicode> و من ا لنا س من يشر ى نفسه ا بتغا ء مر ضا ت ا لله</Unicode>
        </TextEquiv>
      </TextLine>
      <TextLine id="l4">
        <Coords points="68,732 1333,732 1333,858 68,858"/>
        <Word id="w73">
          <Coords points="1291,809 1332,809 1332,857 1291,857"/>
          <TextEquiv>
            <Unicode>و</Unicode>
          </TextEquiv>
        </Word>
        <Word id="w74">
          <Coords points="1281,779 1290,779 1290,826 1281,826"/>
          <TextEquiv>
            <Unicode>ا</Unicode>
          </TextEquiv>
        </Word>
        <Word id="w75">
          <Coords points="1201,795 1268,795 1268,840 1201,840"/>
          <TextEquiv>
            <Unicode>لله</Unicode>
          </TextEquiv>
        </Word>
        <Word id="w76">
          <Coords points="1151,806 1184,806 1184,845 1151,845"/>
          <TextEquiv>
            <Unicode>ر</Unicode>
          </TextEquiv>
        </Word>
        <Word id="w77">
          <Coords points="1108,800 1152,800 1152,848 1108,848"/>
          <TextEquiv>
            <Unicode>و</Unicode>
          </TextEquiv>
        </Word>
        <Word id="w78">
          <Coords points="1003,772 1114,772 1114,838 1003,838"/>
          <TextEquiv>
            <Unicode>ف</Unicode>
          </TextEquiv>
        </Word>
        <Word id="w79">
          <Coords points="959,764 988,764 988,853 959,853"/>
          <TextEquiv>
            <Unicode>با</Unicode>
          </TextEquiv>
        </Word>
        <Word id="w80">
          <Coords points="846,762 937,762 937,847 846,847"/>
          <TextEquiv>
            <Unicode>لعبا</Unicode>
          </TextEquiv>
        </Word>
        <Word id="w81">
          <Coords points="804,794 833,794 833,829 804,829"/>
          <TextEquiv>
            <Unicode>د</Unicode>
          </TextEquiv>
        </Word>
        <Word id="w82">
          <Coords points="647,755 674,755 674,850 647,850"/>
          <TextEquiv>
            <Unicode>يا</Unicode>
          </TextEquiv>
        </Word>
        <Word id="w83">
          <Coords points="622,756 635,756 635,817 622,817"/>
          <TextEquiv>
            <Unicode>ا</Unicode>
          </TextEquiv>
        </Word>
        <Word id="w84">
          <Coords points="538,735 613,735 613,845 538,845"/>
          <TextEquiv>
            <Unicode>يها</Unicode>
          </TextEquiv>
        </Word>
        <Word id="w85">
          <Coords points="505,754 514,754 514,803 505,803"/>
          <TextEquiv>
            <Unicode>ا</Unicode>
          </TextEquiv>
        </Word>
        <Word id="w86">
          <Coords points="441,740 490,740 490,817 441,817"/>
          <TextEquiv>
            <Unicode>لذ</Unicode>
          </TextEquiv>
        </Word>
        <Word id="w87">
          <Coords points="383,772 444,772 444,842 383,842"/>
          <TextEquiv>
            <Unicode>بن</Unicode>
          </TextEquiv>
        </Word>
        <Word id="w88">
          <Coords points="356,739 374,739 374,820 356,820"/>
          <TextEquiv>
            <Unicode>ا</Unicode>
          </TextEquiv>
        </Word>
        <Word id="w89">
          <Coords points="241,749 255,749 255,809 241,809"/>
          <TextEquiv>
            <Unicode>ا</Unicode>
          </TextEquiv>
        </Word>
        <Word id="w90">
          <Coords points="240,764 353,764 353,831 240,831"/>
          <TextEquiv>
            <Unicode>منو</Unicode>
          </TextEquiv>
        </Word>
        <Word id="w91">
          <Coords points="221,752 237,752 237,804 221,804"/>
          <TextEquiv>
            <Unicode>ا</Unicode>
          </TextEquiv>
        </Word>
        <Word id="w92">
          <Coords points="186,777 210,777 210,811 186,811"/>
          <TextEquiv>
            <Unicode>د</Unicode>
          </TextEquiv>
        </Word>
        <Word id="w93">
          <Coords points="79,732 179,732 179,817 79,817"/>
          <TextEquiv>
            <Unicode>خلو</Unicode>
          </TextEquiv>
        </Word>
        <Word id="w94">
          <Coords points="68,739 81,739 81,792 68,792"/>
          <TextEquiv>
            <Unicode>ا</Unicode>
          </TextEquiv>
        </Word>
        <TextEquiv>
          <Unicode> و ا لله ر و ف با لعبا د يا ا يها ا لذ بن ا ا منو ا د خلو ا</Unicode>
        </TextEquiv>
      </TextLine>
      <TextLine id="l5">
        <Coords points="65,864 1332,864 1332,1051 65,1051"/>
        <Word id="w95">
          <Coords points="1276,942 1331,942 1331,1027 1276,1027"/>
          <TextEquiv>
            <Unicode>فى</Unicode>
          </TextEquiv>
        </Word>
        <Word id="w96">
          <Coords points="1273,931 1290,931 1290,994 1273,994"/>
          <TextEquiv>
            <Unicode>ا</Unicode>
          </TextEquiv>
        </Word>
        <Word id="w97">
          <Coords points="1157,921 1263,921 1263,1050 1157,1050"/>
          <TextEquiv>
            <Unicode>لسلم</Unicode>
          </TextEquiv>
        </Word>
        <Word id="w98">
          <Coords points="1093,911 1182,911 1182,1007 1093,1007"/>
          <TextEquiv>
            <Unicode>كا</Unicode>
          </TextEquiv>
        </Word>
        <Word id="w99">
          <Coords points="1036,946 1080,946 1080,1007 1036,1007"/>
          <TextEquiv>
            <Unicode>فة</Unicode>
          </TextEquiv>
        </Word>
        <Word id="w100">
          <Coords points="980,967 1021,967 1021,1018 980,1018"/>
          <TextEquiv>
            <Unicode>و</Unicode>
          </TextEquiv>
        </Word>
        <Word id="w101">
          <Coords points="929,927 977,927 977,998 929,998"/>
          <TextEquiv>
            <Unicode>لا</Unicode>
          </TextEquiv>
        </Word>
        <Word id="w102">
          <Coords points="771,934 930,934 930,1015 771,1015"/>
          <TextEquiv>
            <Unicode>تتبعو</Unicode>
          </TextEquiv>
        </Word>
        <Word id="w103">
          <Coords points="757,919 785,919 785,980 757,980"/>
          <TextEquiv>
            <Unicode>ا</Unicode>
          </TextEquiv>
        </Word>
        <Word id="w104">
          <Coords points="604,916 766,916 766,1005 604,1005"/>
          <TextEquiv>
            <Unicode>خطو</Unicode>
          </TextEquiv>
        </Word>
        <Word id="w105">
          <Coords points="587,926 603,926 603,980 587,980"/>
          <TextEquiv>
            <Unicode>ا</Unicode>
          </TextEquiv>
        </Word>
        <Word id="w106">
          <Coords points="515,929 581,929 581,983 515,983"/>
          <TextEquiv>
            <Unicode>ت</Unicode>
          </TextEquiv>
        </Word>
        <Word id="w107">
          <Coords points="487,918 500,918 500,972 487,972"/>
          <TextEquiv>
            <Unicode>ا</Unicode>
          </TextEquiv>
        </Word>
        <Word id="w108">
          <Coords points="270,905 470,905 470,1003 270,1003"/>
          <TextEquiv>
            <Unicode>لشيطا</Unicode>
          </TextEquiv>
        </Word>
        <Word id="w109">
          <Coords points="213,926 251,926 251,986 213,986"/>
          <TextEquiv>
            <Unicode>ن</Unicode>
          </TextEquiv>
        </Word>
        <Word id="w110">
          <Coords points="186,910 204,910 204,967 186,967"/>
          <TextEquiv>
            <Unicode>ا</Unicode>
          </TextEquiv>
        </Word>
        <Word id="w111">
          <Coords points="152,938 184,938 184,979 152,979"/>
          <TextEquiv>
            <Unicode>نه</Unicode>
          </TextEquiv>
        </Word>
        <Word id="w112">
          <Coords points="65,864 144,864 144,1011 65,1011"/>
          <TextEquiv>
            <Unicode>لكم</Unicode>
          </TextEquiv>
        </Word>
        <TextEquiv>
          <Unicode> فى ا لسلم كا فة و لا تتبعو ا خطو ا ت ا لشيطا ن ا نه لكم</Unicode>
        </TextEquiv>
      </TextLine>
      <TextLine id="l6">
        <Coords points="33,1036 1327,1036 1327,1184 33,1184"/>
        <Word id="w113">
          <Coords points="1249,1128 1326,1128 1326,1169 1249,1169"/>
          <TextEquiv>
            <Unicode>عد</Unicode>
          </TextEquiv>
        </Word>
        <Word id="w114">
          <Coords points="1195,1133 1241,1133 1241,1180 1195,1180"/>
          <TextEquiv>
            <Unicode>و</Unicode>
          </TextEquiv>
        </Word>
        <Word id="w115">
          <Coords points="1069,1134 1203,1134 1203,1183 1069,1183"/>
          <TextEquiv>
            <Unicode>مبين</Unicode>
          </TextEquiv>
        </Word>
        <Word id="w116">
          <Coords points="925,1097 961,1097 961,1155 925,1155"/>
          <TextEquiv>
            <Unicode>فا</Unicode>
          </TextEquiv>
        </Word>
        <Word id="w117">
          <Coords points="865,1106 902,1106 902,1162 865,1162"/>
          <TextEquiv>
            <Unicode>ن</Unicode>
          </TextEquiv>
        </Word>
        <Word id="w118">
          <Coords points="812,1097 848,1097 848,1163 812,1163"/>
          <TextEquiv>
            <Unicode>ز</Unicode>
          </TextEquiv>
        </Word>
        <Word id="w119">
          <Coords points="690,1095 812,1095 812,1152 690,1152"/>
          <TextEquiv>
            <Unicode>للتم</Unicode>
          </TextEquiv>
        </Word>
        <Word id="w120">
          <Coords points="603,1114 679,1114 679,1174 603,1174"/>
          <TextEquiv>
            <Unicode>من</Unicode>
          </TextEquiv>
        </Word>
        <Word id="w121">
          <Coords points="494,1108 592,1108 592,1153 494,1153"/>
          <TextEquiv>
            <Unicode>بعد</Unicode>
          </TextEquiv>
        </Word>
        <Word id="w122">
          <Coords points="440,1075 491,1075 491,1148 440,1148"/>
          <TextEquiv>
            <Unicode>ما</Unicode>
          </TextEquiv>
        </Word>
        <Word id="w123">
          <Coords points="364,1077 428,1077 428,1146 364,1146"/>
          <TextEquiv>
            <Unicode>حا</Unicode>
          </TextEquiv>
        </Word>
        <Word id="w124">
          <Coords points="335,1106 356,1106 356,1138 335,1138"/>
          <TextEquiv>
            <Unicode>ء</Unicode>
          </TextEquiv>
        </Word>
        <Word id="w125">
          <Coords points="244,1036 340,1036 340,1150 244,1150"/>
          <TextEquiv>
            <Unicode>تكم</Unicode>
          </TextEquiv>
        </Word>
        <Word id="w126">
          <Coords points="217,1072 241,1072 241,1132 217,1132"/>
          <TextEquiv>
            <Unicode>ا</Unicode>
          </TextEquiv>
        </Word>
        <Word id="w127">
          <Coords points="82,1063 208,1063 208,1159 82,1159"/>
          <TextEquiv>
            <Unicode>لبينا</Unicode>
          </TextEquiv>
        </Word>
        <Word id="w128">
          <Coords points="33,1086 73,1086 73,1130 33,1130"/>
          <TextEquiv>
            <Unicode>ت</Unicode>
          </TextEquiv>
        </Word>
        <TextEquiv>
          <Unicode> عد و مبين فا ن ز للتم من بعد ما حا ء تكم ا لبينا ت</Unicode>
        </TextEquiv>
      </TextLine>
      <TextLine id="l7">
        <Coords points="38,1236 1334,1236 1334,1373 38,1373"/>
        <Word id="w129">
          <Coords points="1297,1271 1333,1271 1333,1336 1297,1336"/>
          <TextEquiv>
            <Unicode>فا</Unicode>
          </TextEquiv>
        </Word>
        <Word id="w130">
          <Coords points="1172,1271 1279,1271 1279,1372 1172,1372"/>
          <TextEquiv>
            <Unicode>علمو</Unicode>
          </TextEquiv>
        </Word>
        <Word id="w131">
          <Coords points="1172,1279 1179,1279 1179,1326 1172,1326"/>
          <TextEquiv>
            <Unicode>ا</Unicode>
          </TextEquiv>
        </Word>
        <Word id="w132">
          <Coords points="1145,1278 1155,1278 1155,1324 1145,1324"/>
          <TextEquiv>
            <Unicode>ا</Unicode>
          </TextEquiv>
        </Word>
        <Word id="w133">
          <Coords points="1086,1277 1122,1277 1122,1333 1086,1333"/>
          <TextEquiv>
            <Unicode>ن</Unicode>
          </TextEquiv>
        </Word>
        <Word id="w134">
          <Coords points="1065,1267 1075,1267 1075,1318 1065,1318"/>
          <TextEquiv>
            <Unicode>ا</Unicode>
          </TextEquiv>
        </Word>
        <Word id="w135">
          <Coords points="980,1281 1048,1281 1048,1326 980,1326"/>
          <TextEquiv>
            <Unicode>لله</Unicode>
          </TextEquiv>
        </Word>
        <Word id="w136">
          <Coords points="882,1270 968,1270 968,1354 882,1354"/>
          <TextEquiv>
            <Unicode>عز</Unicode>
          </TextEquiv>
        </Word>
        <Word id="w137">
          <Coords points="831,1279 901,1279 901,1352 831,1352"/>
          <TextEquiv>
            <Unicode>يز</Unicode>
          </TextEquiv>
        </Word>
        <Word id="w138">
          <Coords points="593,1249 856,1249 856,1333 593,1333"/>
          <TextEquiv>
            <Unicode>حكيم</Unicode>
          </TextEquiv>
        </Word>
        <Word id="w139">
          <Coords points="369,1259 459,1259 459,1334 369,1334"/>
          <TextEquiv>
            <Unicode>هل</Unicode>
          </TextEquiv>
        </Word>
        <Word id="w140">
          <Coords points="217,1239 370,1239 370,1342 217,1342"/>
          <TextEquiv>
            <Unicode>ينظر</Unicode>
          </TextEquiv>
        </Word>
        <Word id="w141">
          <Coords points="189,1273 240,1273 240,1316 189,1316"/>
          <TextEquiv>
            <Unicode>و</Unicode>
          </TextEquiv>
        </Word>
        <Word id="w142">
          <Coords points="158,1245 194,1245 194,1309 158,1309"/>
          <TextEquiv>
            <Unicode>ن</Unicode>
          </TextEquiv>
        </Word>
        <Word id="w143">
          <Coords points="139,1240 153,1240 153,1295 139,1295"/>
          <TextEquiv>
            <Unicode>ا</Unicode>
          </TextEquiv>
        </Word>
        <Word id="w144">
          <Coords points="86,1248 129,1248 129,1307 86,1307"/>
          <TextEquiv>
            <Unicode>لا</Unicode>
          </TextEquiv>
        </Word>
        <Word id="w145">
          <Coords points="70,1236 85,1236 85,1298 70,1298"/>
          <TextEquiv>
            <Unicode>ا</Unicode>
          </TextEquiv>
        </Word>
        <Word id="w146">
          <Coords points="38,1248 66,1248 66,1307 38,1307"/>
          <TextEquiv>
            <Unicode>ن</Unicode>
          </TextEquiv>
        </Word>
        <TextEquiv>
          <Unicode> فا علمو ا ا ن ا لله عز يز حكيم هل ينظر و ن ا لا ا ن</Unicode>
        </TextEquiv>
      </TextLine>
      <TextLine id="l8">
        <Coords points="77,1363 1319,1363 1319,1546 77,1546"/>
        <Word id="w147">
          <Coords points="1293,1436 1318,1436 1318,1525 1293,1525"/>
          <TextEquiv>
            <Unicode>يا</Unicode>
          </TextEquiv>
        </Word>
        <Word id="w148">
          <Coords points="1194,1468 1283,1468 1283,1545 1194,1545"/>
          <TextEquiv>
            <Unicode>يهم</Unicode>
          </TextEquiv>
        </Word>
        <Word id="w149">
          <Coords points="1167,1434 1179,1434 1179,1487 1167,1487"/>
          <TextEquiv>
            <Unicode>ا</Unicode>
          </TextEquiv>
        </Word>
        <Word id="w150">
          <Coords points="1088,1452 1152,1452 1152,1494 1088,1494"/>
          <TextEquiv>
            <Unicode>لله</Unicode>
          </TextEquiv>
        </Word>
        <Word id="w151">
          <Coords points="1027,1423 1086,1423 1086,1520 1027,1520"/>
          <TextEquiv>
            <Unicode>فى</Unicode>
          </TextEquiv>
        </Word>
        <Word id="w152">
          <Coords points="913,1424 1036,1424 1036,1535 913,1535"/>
          <TextEquiv>
            <Unicode>ظلل</Unicode>
          </TextEquiv>
        </Word>
        <Word id="w153">
          <Coords points="856,1439 930,1439 930,1506 856,1506"/>
          <TextEquiv>
            <Unicode>من</Unicode>
          </TextEquiv>
        </Word>
        <Word id="w154">
          <Coords points="838,1418 857,1418 857,1473 838,1473"/>
          <TextEquiv>
            <Unicode>ا</Unicode>
          </TextEquiv>
        </Word>
        <Word id="w155">
          <Coords points="752,1406 826,1406 826,1497 752,1497"/>
          <TextEquiv>
            <Unicode>لغما</Unicode>
          </TextEquiv>
        </Word>
        <Word id="w156">
          <Coords points="708,1456 738,1456 738,1519 708,1519"/>
          <TextEquiv>
            <Unicode>م</Unicode>
          </TextEquiv>
        </Word>
        <Word id="w157">
          <Coords points="647,1451 697,1451 697,1500 647,1500"/>
          <TextEquiv>
            <Unicode>و</Unicode>
          </TextEquiv>
        </Word>
        <Word id="w158">
          <Coords points="638,1417 653,1417 653,1473 638,1473"/>
          <TextEquiv>
            <Unicode>ا</Unicode>
          </TextEquiv>
        </Word>
        <Word id="w159">
          <Coords points="538,1422 628,1422 628,1485 538,1485"/>
          <TextEquiv>
            <Unicode>لملا</Unicode>
          </TextEquiv>
        </Word>
        <Word id="w160">
          <Coords points="429,1363 549,1363 549,1482 429,1482"/>
          <TextEquiv>
            <Unicode>ئكة</Unicode>
          </TextEquiv>
        </Word>
        <Word id="w161">
          <Coords points="363,1442 413,1442 413,1493 363,1493"/>
          <TextEquiv>
            <Unicode>و</Unicode>
          </TextEquiv>
        </Word>
        <Word id="w162">
          <Coords points="228,1395 374,1395 374,1505 228,1505"/>
          <TextEquiv>
            <Unicode>قضى</Unicode>
          </TextEquiv>
        </Word>
        <Word id="w163">
          <Coords points="224,1408 232,1408 232,1451 224,1451"/>
          <TextEquiv>
            <Unicode>ا</Unicode>
          </TextEquiv>
        </Word>
        <Word id="w164">
          <Coords points="162,1404 207,1404 207,1482 162,1482"/>
          <TextEquiv>
            <Unicode>لا</Unicode>
          </TextEquiv>
        </Word>
        <Word id="w165">
          <Coords points="77,1438 155,1438 155,1508 77,1508"/>
          <TextEquiv>
            <Unicode>مر</Unicode>
          </TextEquiv>
        </Word>
        <TextEquiv>
          <Unicode> يا يهم ا لله فى ظلل من ا لغما م و ا لملا ئكة و قضى ا لا مر</Unicode>
        </TextEquiv>
      </TextLine>
      <TextLine id="l9">
        <Coords points="44,1534 1313,1534 1313,1743 44,1743"/>
        <Word id="w166">
          <Coords points="1267,1635 1312,1635 1312,1686 1267,1686"/>
          <TextEquiv>
            <Unicode>و</Unicode>
          </TextEquiv>
        </Word>
        <Word id="w167">
          <Coords points="1261,1610 1269,1610 1269,1660 1261,1660"/>
          <TextEquiv>
            <Unicode>ا</Unicode>
          </TextEquiv>
        </Word>
        <Word id="w168">
          <Coords points="1193,1598 1253,1598 1253,1687 1193,1687"/>
          <TextEquiv>
            <Unicode>لى</Unicode>
          </TextEquiv>
        </Word>
        <Word id="w169">
          <Coords points="1188,1586 1199,1586 1199,1646 1188,1646"/>
          <TextEquiv>
            <Unicode>ا</Unicode>
          </TextEquiv>
        </Word>
        <Word id="w170">
          <Coords points="1101,1624 1176,1624 1176,1666 1101,1666"/>
          <TextEquiv>
            <Unicode>لله</Unicode>
          </TextEquiv>
        </Word>
        <Word id="w171">
          <Coords points="1038,1611 1095,1611 1095,1685 1038,1685"/>
          <TextEquiv>
            <Unicode>تر</Unicode>
          </TextEquiv>
        </Word>
        <Word id="w172">
          <Coords points="974,1630 1070,1630 1070,1742 974,1742"/>
          <TextEquiv>
            <Unicode>جع</Unicode>
          </TextEquiv>
        </Word>
        <Word id="w173">
          <Coords points="952,1600 972,1600 972,1658 952,1658"/>
          <TextEquiv>
            <Unicode>ا</Unicode>
          </TextEquiv>
        </Word>
        <Word id="w174">
          <Coords points="886,1603 939,1603 939,1668 886,1668"/>
          <TextEquiv>
            <Unicode>لا</Unicode>
          </TextEquiv>
        </Word>
        <Word id="w175">
          <Coords points="808,1629 883,1629 883,1677 808,1677"/>
          <TextEquiv>
            <Unicode>مو</Unicode>
          </TextEquiv>
        </Word>
        <Word id="w176">
          <Coords points="774,1626 805,1626 805,1667 774,1667"/>
          <TextEquiv>
            <Unicode>ر</Unicode>
          </TextEquiv>
        </Word>
        <Word id="w177">
          <Coords points="551,1586 661,1586 661,1673 551,1673"/>
          <TextEquiv>
            <Unicode>سل</Unicode>
          </TextEquiv>
        </Word>
        <Word id="w178">
          <Coords points="472,1590 555,1590 555,1687 472,1687"/>
          <TextEquiv>
            <Unicode>بنى</Unicode>
          </TextEquiv>
        </Word>
        <Word id="w179">
          <Coords points="469,1572 492,1572 492,1635 469,1635"/>
          <TextEquiv>
            <Unicode>ا</Unicode>
          </TextEquiv>
        </Word>
        <Word id="w180">
          <Coords points="374,1582 388,1582 388,1635 374,1635"/>
          <TextEquiv>
            <Unicode>ا</Unicode>
          </TextEquiv>
        </Word>
        <Word id="w181">
          <Coords points="373,1620 464,1620 464,1671 373,1671"/>
          <TextEquiv>
            <Unicode>سر</Unicode>
          </TextEquiv>
        </Word>
        <Word id="w182">
          <Coords points="305,1581 366,1581 366,1690 305,1690"/>
          <TextEquiv>
            <Unicode>ئيل</Unicode>
          </TextEquiv>
        </Word>
        <Word id="w183">
          <Coords points="252,1534 325,1534 325,1652 252,1652"/>
          <TextEquiv>
            <Unicode>كم</Unicode>
          </TextEquiv>
        </Word>
        <Word id="w184">
          <Coords points="224,1565 244,1565 244,1631 224,1631"/>
          <TextEquiv>
            <Unicode>ا</Unicode>
          </TextEquiv>
        </Word>
        <Word id="w185">
          <Coords points="129,1577 226,1577 226,1665 129,1665"/>
          <TextEquiv>
            <Unicode>تينا</Unicode>
          </TextEquiv>
        </Word>
        <Word id="w186">
          <Coords points="44,1598 117,1598 117,1662 44,1662"/>
          <TextEquiv>
            <Unicode>هم</Unicode>
          </TextEquiv>
        </Word>
        <TextEquiv>
          <Unicode> و ا لى ا لله تر جع ا لا مو ر سل بنى ا ا سر ئيل كم ا تينا هم</Unicode>
        </TextEquiv>
      </TextLine>
      <TextLine id="l10">
        <Coords points="41,1737 1308,1737 1308,1864 41,1864"/>
        <Word id="w187">
          <Coords points="1233,1784 1307,1784 1307,1856 1233,1856"/>
          <TextEquiv>
            <Unicode>من</Unicode>
          </TextEquiv>
        </Word>
        <Word id="w188">
          <Coords points="1209,1767 1219,1767 1219,1828 1209,1828"/>
          <TextEquiv>
            <Unicode>ا</Unicode>
          </TextEquiv>
        </Word>
        <Word id="w189">
          <Coords points="1162,1784 1197,1784 1197,1838 1162,1838"/>
          <TextEquiv>
            <Unicode>ته</Unicode>
          </TextEquiv>
        </Word>
        <Word id="w190">
          <Coords points="1023,1789 1146,1789 1146,1856 1023,1856"/>
          <TextEquiv>
            <Unicode>بينه</Unicode>
          </TextEquiv>
        </Word>
        <Word id="w191">
          <Coords points="950,1800 1001,1800 1001,1850 950,1850"/>
          <TextEquiv>
            <Unicode>و</Unicode>
          </TextEquiv>
        </Word>
        <Word id="w192">
          <Coords points="881,1782 963,1782 963,1843 881,1843"/>
          <TextEquiv>
            <Unicode>من</Unicode>
          </TextEquiv>
        </Word>
        <Word id="w193">
          <Coords points="775,1782 872,1782 872,1863 775,1863"/>
          <TextEquiv>
            <Unicode>يبد</Unicode>
          </TextEquiv>
        </Word>
        <Word id="w194">
          <Coords points="730,1751 770,1751 770,1832 730,1832"/>
          <TextEquiv>
            <Unicode>ل</Unicode>
          </TextEquiv>
        </Word>
        <Word id="w195">
          <Coords points="627,1754 713,1754 713,1836 627,1836"/>
          <TextEquiv>
            <Unicode>نعمة</Unicode>
          </TextEquiv>
        </Word>
        <Word id="w196">
          <Coords points="589,1749 601,1749 601,1812 589,1812"/>
          <TextEquiv>
            <Unicode>ا</Unicode>
          </TextEquiv>
        </Word>
        <Word id="w197">
          <Coords points="510,1773 576,1773 576,1818 510,1818"/>
          <TextEquiv>
            <Unicode>لله</Unicode>
          </TextEquiv>
        </Word>
        <Word id="w198">
          <Coords points="420,1772 501,1772 501,1836 420,1836"/>
          <TextEquiv>
            <Unicode>من</Unicode>
          </TextEquiv>
        </Word>
        <Word id="w199">
          <Coords points="299,1763 413,1763 413,1835 299,1835"/>
          <TextEquiv>
            <Unicode>بعد</Unicode>
          </TextEquiv>
        </Word>
        <Word id="w200">
          <Coords points="249,1737 296,1737 296,1809 249,1809"/>
          <TextEquiv>
            <Unicode>ما</Unicode>
          </TextEquiv>
        </Word>
        <Word id="w201">
          <Coords points="177,1737 232,1737 232,1802 177,1802"/>
          <TextEquiv>
            <Unicode>حا</Unicode>
          </TextEquiv>
        </Word>
        <Word id="w202">
          <Coords points="151,1774 173,1774 173,1802 151,1802"/>
          <TextEquiv>
            <Unicode>ء</Unicode>
          </TextEquiv>
        </Word>
        <Word id="w203">
          <Coords points="41,1754 134,1754 134,1802 41,1802"/>
          <TextEquiv>
            <Unicode>ته</Unicode>
          </TextEquiv>
        </Word>
        <TextEquiv>
          <Unicode> من ا ته بينه و من يبد ل نعمة ا لله من بعد ما حا ء ته</Unicode>
        </TextEquiv>
      </TextLine>
      <TextLine id="l11">
        <Coords points="41,1861 1310,1861 1310,2020 41,2020"/>
        <Word id="w204">
          <Coords points="1272,1936 1309,1936 1309,2000 1272,2000"/>
          <TextEquiv>
            <Unicode>فا</Unicode>
          </TextEquiv>
        </Word>
        <Word id="w205">
          <Coords points="1217,1952 1256,1952 1256,2005 1217,2005"/>
          <TextEquiv>
            <Unicode>ن</Unicode>
          </TextEquiv>
        </Word>
        <Word id="w206">
          <Coords points="1195,1941 1208,1941 1208,1988 1195,1988"/>
          <TextEquiv>
            <Unicode>ا</Unicode>
          </TextEquiv>
        </Word>
        <Word id="w207">
          <Coords points="1119,1962 1186,1962 1186,1998 1119,1998"/>
          <TextEquiv>
            <Unicode>لله</Unicode>
          </TextEquiv>
        </Word>
        <Word id="w208">
          <Coords points="995,1935 1099,1935 1099,1995 995,1995"/>
          <TextEquiv>
            <Unicode>شد</Unicode>
          </TextEquiv>
        </Word>
        <Word id="w209">
          <Coords points="927,1949 981,1949 981,2002 927,2002"/>
          <TextEquiv>
            <Unicode>يد</Unicode>
          </TextEquiv>
        </Word>
        <Word id="w210">
          <Coords points="903,1929 916,1929 916,1975 903,1975"/>
          <TextEquiv>
            <Unicode>ا</Unicode>
          </TextEquiv>
        </Word>
        <Word id="w211">
          <Coords points="699,1915 887,1915 887,1997 699,1997"/>
          <TextEquiv>
            <Unicode>لعقا</Unicode>
          </TextEquiv>
        </Word>
        <Word id="w212">
          <Coords points="616,1958 686,1958 686,2015 616,2015"/>
          <TextEquiv>
            <Unicode>ب</Unicode>
          </TextEquiv>
        </Word>
        <Word id="w213">
          <Coords points="472,1952 503,1952 503,1995 472,1995"/>
          <TextEquiv>
            <Unicode>ر</Unicode>
          </TextEquiv>
        </Word>
        <Word id="w214">
          <Coords points="405,1937 466,1937 466,2019 405,2019"/>
          <TextEquiv>
            <Unicode>ين</Unicode>
          </TextEquiv>
        </Word>
        <Word id="w215">
          <Coords points="312,1918 384,1918 384,1987 312,1987"/>
          <TextEquiv>
            <Unicode>للذ</Unicode>
          </TextEquiv>
        </Word>
        <Word id="w216">
          <Coords points="240,1934 306,1934 306,2007 240,2007"/>
          <TextEquiv>
            <Unicode>ين</Unicode>
          </TextEquiv>
        </Word>
        <Word id="w217">
          <Coords points="90,1861 294,1861 294,1997 90,1997"/>
          <TextEquiv>
            <Unicode>كفر</Unicode>
          </TextEquiv>
        </Word>
        <Word id="w218">
          <Coords points="47,1942 88,1942 88,1997 47,1997"/>
          <TextEquiv>
            <Unicode>و</Unicode>
          </TextEquiv>
        </Word>
        <Word id="w219">
          <Coords points="41,1915 57,1915 57,1963 41,1963"/>
          <TextEquiv>
            <Unicode>ا</Unicode>
          </TextEquiv>
        </Word>
        <TextEquiv>
          <Unicode> فا ن ا لله شد يد ا لعقا ب ر ين للذ ين كفر و ا</Unicode>
        </TextEquiv>
      </TextLine>
      <TextLine id="l12">
        <Coords points="36,2062 1304,2062 1304,2211 36,2211"/>
        <Word id="w220">
          <Coords points="1296,2106 1303,2106 1303,2162 1296,2162"/>
          <TextEquiv>
            <Unicode>ا</Unicode>
          </TextEquiv>
        </Word>
        <Word id="w221">
          <Coords points="1163,2102 1281,2102 1281,2210 1163,2210"/>
          <TextEquiv>
            <Unicode>لحيو</Unicode>
          </TextEquiv>
        </Word>
        <Word id="w222">
          <Coords points="1149,2109 1181,2109 1181,2157 1149,2157"/>
          <TextEquiv>
            <Unicode>ة</Unicode>
          </TextEquiv>
        </Word>
        <Word id="w223">
          <Coords points="1115,2082 1141,2082 1141,2149 1115,2149"/>
          <TextEquiv>
            <Unicode>ا</Unicode>
          </TextEquiv>
        </Word>
        <Word id="w224">
          <Coords points="1067,2101 1120,2101 1120,2164 1067,2164"/>
          <TextEquiv>
            <Unicode>لد</Unicode>
          </TextEquiv>
        </Word>
        <Word id="w225">
          <Coords points="993,2080 1051,2080 1051,2191 993,2191"/>
          <TextEquiv>
            <Unicode>نيا</Unicode>
          </TextEquiv>
        </Word>
        <Word id="w226">
          <Coords points="936,2121 985,2121 985,2169 936,2169"/>
          <TextEquiv>
            <Unicode>و</Unicode>
          </TextEquiv>
        </Word>
        <Word id="w227">
          <Coords points="803,2089 937,2089 937,2197 803,2197"/>
          <TextEquiv>
            <Unicode>يسخر</Unicode>
          </TextEquiv>
        </Word>
        <Word id="w228">
          <Coords points="776,2112 817,2112 817,2169 776,2169"/>
          <TextEquiv>
            <Unicode>و</Unicode>
          </TextEquiv>
        </Word>
        <Word id="w229">
          <Coords points="730,2098 768,2098 768,2160 730,2160"/>
          <TextEquiv>
            <Unicode>ن</Unicode>
          </TextEquiv>
        </Word>
        <Word id="w230">
          <Coords points="636,2095 719,2095 719,2166 636,2166"/>
          <TextEquiv>
            <Unicode>من</Unicode>
          </TextEquiv>
        </Word>
        <Word id="w231">
          <Coords points="606,2065 625,2065 625,2133 606,2133"/>
          <TextEquiv>
            <Unicode>ا</Unicode>
          </TextEquiv>
        </Word>
        <Word id="w232">
          <Coords points="544,2066 598,2066 598,2146 544,2146"/>
          <TextEquiv>
            <Unicode>لذ</Unicode>
          </TextEquiv>
        </Word>
        <Word id="w233">
          <Coords points="470,2094 545,2094 545,2172 470,2172"/>
          <TextEquiv>
            <Unicode>ين</Unicode>
          </TextEquiv>
        </Word>
        <Word id="w234">
          <Coords points="443,2076 460,2076 460,2138 443,2138"/>
          <TextEquiv>
            <Unicode>ا</Unicode>
          </TextEquiv>
        </Word>
        <Word id="w235">
          <Coords points="330,2096 437,2096 437,2162 330,2162"/>
          <TextEquiv>
            <Unicode>منو</Unicode>
          </TextEquiv>
        </Word>
        <Word id="w236">
          <Coords points="309,2084 328,2084 328,2133 309,2133"/>
          <TextEquiv>
            <Unicode>ا</Unicode>
          </TextEquiv>
        </Word>
        <Word id="w237">
          <Coords points="256,2110 305,2110 305,2161 256,2161"/>
          <TextEquiv>
            <Unicode>و</Unicode>
          </TextEquiv>
        </Word>
        <Word id="w238">
          <Coords points="248,2062 265,2062 265,2126 248,2126"/>
          <TextEquiv>
            <Unicode>ا</Unicode>
          </TextEquiv>
        </Word>
        <Word id="w239">
          <Coords points="181,2073 235,2073 235,2143 181,2143"/>
          <TextEquiv>
            <Unicode>لذ</Unicode>
          </TextEquiv>
        </Word>
        <Word id="w240">
          <Coords points="36,2098 167,2098 167,2169 36,2169"/>
          <TextEquiv>
            <Unicode>ين</Unicode>
          </TextEquiv>
        </Word>
        <TextEquiv>
          <Unicode> ا لحيو ة ا لد نيا و يسخر و ن من ا لذ ين ا منو ا و ا لذ ين</Unicode>
        </TextEquiv>
      </TextLine>
      <TextLine id="l13">
        <Coords points="70,2240 1307,2240 1307,2358 70,2358"/>
        <Word id="w241">
          <Coords points="1294,2268 1306,2268 1306,2315 1294,2315"/>
          <TextEquiv>
            <Unicode>ا</Unicode>
          </TextEquiv>
        </Word>
        <Word id="w242">
          <Coords points="1166,2258 1280,2258 1280,2349 1166,2349"/>
          <TextEquiv>
            <Unicode>تقو</Unicode>
          </TextEquiv>
        </Word>
        <Word id="w243">
          <Coords points="1151,2268 1167,2268 1167,2324 1151,2324"/>
          <TextEquiv>
            <Unicode>ا</Unicode>
          </TextEquiv>
        </Word>
        <Word id="w244">
          <Coords points="1082,2264 1141,2264 1141,2352 1082,2352"/>
          <TextEquiv>
            <Unicode>فو</Unicode>
          </TextEquiv>
        </Word>
        <Word id="w245">
          <Coords points="966,2264 1085,2264 1085,2345 966,2345"/>
          <TextEquiv>
            <Unicode>قهم</Unicode>
          </TextEquiv>
        </Word>
        <Word id="w246">
          <Coords points="893,2281 961,2281 961,2357 893,2357"/>
          <TextEquiv>
            <Unicode>يو</Unicode>
          </TextEquiv>
        </Word>
        <Word id="w247">
          <Coords points="850,2293 906,2293 906,2335 850,2335"/>
          <TextEquiv>
            <Unicode>م</Unicode>
          </TextEquiv>
        </Word>
        <Word id="w248">
          <Coords points="837,2254 855,2254 855,2305 837,2305"/>
          <TextEquiv>
            <Unicode>ا</Unicode>
          </TextEquiv>
        </Word>
        <Word id="w249">
          <Coords points="660,2248 831,2248 831,2346 660,2346"/>
          <TextEquiv>
            <Unicode>لقيمة</Unicode>
          </TextEquiv>
        </Word>
        <Word id="w250">
          <Coords points="602,2285 647,2285 647,2331 602,2331"/>
          <TextEquiv>
            <Unicode>و</Unicode>
          </TextEquiv>
        </Word>
        <Word id="w251">
          <Coords points="589,2258 602,2258 602,2301 589,2301"/>
          <TextEquiv>
            <Unicode>ا</Unicode>
          </TextEquiv>
        </Word>
        <Word id="w252">
          <Coords points="502,2274 575,2274 575,2316 502,2316"/>
          <TextEquiv>
            <Unicode>لله</Unicode>
          </TextEquiv>
        </Word>
        <Word id="w253">
          <Coords points="414,2268 496,2268 496,2344 414,2344"/>
          <TextEquiv>
            <Unicode>ير</Unicode>
          </TextEquiv>
        </Word>
        <Word id="w254">
          <Coords points="393,2271 427,2271 427,2317 393,2317"/>
          <TextEquiv>
            <Unicode>ر</Unicode>
          </TextEquiv>
        </Word>
        <Word id="w255">
          <Coords points="335,2253 393,2253 393,2324 335,2324"/>
          <TextEquiv>
            <Unicode>ق</Unicode>
          </TextEquiv>
        </Word>
        <Word id="w256">
          <Coords points="246,2256 329,2256 329,2328 246,2328"/>
          <TextEquiv>
            <Unicode>من</Unicode>
          </TextEquiv>
        </Word>
        <Word id="w257">
          <Coords points="102,2240 238,2240 238,2329 102,2329"/>
          <TextEquiv>
            <Unicode>يشا</Unicode>
          </TextEquiv>
        </Word>
        <Word id="w258">
          <Coords points="70,2264 90,2264 90,2293 70,2293"/>
          <TextEquiv>
            <Unicode>ء</Unicode>
          </TextEquiv>
        </Word>
        <TextEquiv>
          <Unicode> ا تقو ا فو قهم يو م ا لقيمة و ا لله ير ر ق من يشا ء</Unicode>
        </TextEquiv>
      </TextLine>
      <TextLine id="l14">
        <Coords points="29,2394 1312,2394 1312,2520 29,2520"/>
        <Word id="w259">
          <Coords points="1184,2429 1311,2429 1311,2519 1184,2519"/>
          <TextEquiv>
            <Unicode>بغير</Unicode>
          </TextEquiv>
        </Word>
        <Word id="w260">
          <Coords points="1056,2417 1203,2417 1203,2492 1056,2492"/>
          <TextEquiv>
            <Unicode>حسا</Unicode>
          </TextEquiv>
        </Word>
        <Word id="w261">
          <Coords points="802,2394 895,2394 895,2488 802,2488"/>
          <TextEquiv>
            <Unicode>كا</Unicode>
          </TextEquiv>
        </Word>
        <Word id="w262">
          <Coords points="746,2436 780,2436 780,2485 746,2485"/>
          <TextEquiv>
            <Unicode>ن</Unicode>
          </TextEquiv>
        </Word>
        <Word id="w263">
          <Coords points="715,2418 735,2418 735,2482 715,2482"/>
          <TextEquiv>
            <Unicode>ا</Unicode>
          </TextEquiv>
        </Word>
        <Word id="w264">
          <Coords points="641,2416 705,2416 705,2477 641,2477"/>
          <TextEquiv>
            <Unicode>لنا</Unicode>
          </TextEquiv>
        </Word>
        <Word id="w265">
          <Coords points="555,2447 635,2447 635,2499 555,2499"/>
          <TextEquiv>
            <Unicode>س</Unicode>
          </TextEquiv>
        </Word>
        <Word id="w266">
          <Coords points="529,2402 551,2402 551,2468 529,2468"/>
          <TextEquiv>
            <Unicode>ا</Unicode>
          </TextEquiv>
        </Word>
        <Word id="w267">
          <Coords points="476,2442 517,2442 517,2471 476,2471"/>
          <TextEquiv>
            <Unicode>مه</Unicode>
          </TextEquiv>
        </Word>
        <Word id="w268">
          <Coords points="400,2443 452,2443 452,2492 400,2492"/>
          <TextEquiv>
            <Unicode>و</Unicode>
          </TextEquiv>
        </Word>
        <Word id="w269">
          <Coords points="387,2404 421,2404 421,2462 387,2462"/>
          <TextEquiv>
            <Unicode>ا</Unicode>
          </TextEquiv>
        </Word>
        <Word id="w270">
          <Coords points="289,2400 307,2400 307,2449 289,2449"/>
          <TextEquiv>
            <Unicode>ة</Unicode>
          </TextEquiv>
        </Word>
        <Word id="w271">
          <Coords points="281,2429 389,2429 389,2487 281,2487"/>
          <TextEquiv>
            <Unicode>حد</Unicode>
          </TextEquiv>
        </Word>
        <Word id="w272">
          <Coords points="117,2403 269,2403 269,2489 117,2489"/>
          <TextEquiv>
            <Unicode>فبعث</Unicode>
          </TextEquiv>
        </Word>
        <Word id="w273">
          <Coords points="99,2396 110,2396 110,2441 99,2441"/>
          <TextEquiv>
            <Unicode>ا</Unicode>
          </TextEquiv>
        </Word>
        <Word id="w274">
          <Coords points="29,2422 93,2422 93,2460 29,2460"/>
          <TextEquiv>
            <Unicode>لله</Unicode>
          </TextEquiv>
        </Word>
        <TextEquiv>
          <Unicode> بغير حسا كا ن ا لنا س ا مه و ا ة حد فبعث ا لله</Unicode>
        </TextEquiv>
      </TextLine>
    </TextRegion>
  </Page>
</PcGts>
