<?xml version='1.0' encoding='utf-8'?>
<PcGts xmlns:xsi="http://www.w3.org/2001/XMLSchema-instance" xmlns="http://schema.primaresearch.org/PAGE/gts/pagecontent/2019-07-15" xsi:schemaLocation="http://schema.primaresearch.org/PAGE/gts/pagecontent/2019-07-15 http://schema.primaresearch.org/PAGE/gts/pagecontent/2019-07-15/pagecontent.xsd" pcGtsId="pc-aletheiaexamplepage">
  <Metadata>
    <Creator>PRImA Research Lab</Creator>
    <Created>2015-07-17T15:27:13</Created>
    <LastChange>2017-07-14T10:03:33</LastChange>
    <Comments>Example Page</Comments>
  </Metadata>
  <Page imageFilename="3158466/_024-2.png" imageWidth="1413" imageHeight="2526">
    <TextRegion id="r0" type="paragraph">
      <Coords points="1,1 1411,1 1411,2524 1,2524"/>
      <TextLine id="l0">
        <Coords points="52,12 1342,12 1342,189 52,189"/>
        <Word id="w0">
          <Coords points="1188,87 1341,87 1341,164 1188,164"/>
          <TextEquiv>
            <Unicode>يبن</Unicode>
          </TextEquiv>
        </Word>
        <Word id="w1">
          <Coords points="1179,66 1191,66 1191,116 1179,116"/>
          <TextEquiv>
            <Unicode>ا</Unicode>
          </TextEquiv>
        </Word>
        <Word id="w2">
          <Coords points="1104,96 1166,96 1166,139 1104,139"/>
          <TextEquiv>
            <Unicode>لله</Unicode>
          </TextEquiv>
        </Word>
        <Word id="w3">
          <Coords points="1013,23 1105,23 1105,165 1013,165"/>
          <TextEquiv>
            <Unicode>لكم</Unicode>
          </TextEquiv>
        </Word>
        <Word id="w4">
          <Coords points="977,70 990,70 990,130 977,130"/>
          <TextEquiv>
            <Unicode>ا</Unicode>
          </TextEquiv>
        </Word>
        <Word id="w5">
          <Coords points="940,65 974,65 974,165 940,165"/>
          <TextEquiv>
            <Unicode>يا</Unicode>
          </TextEquiv>
        </Word>
        <Word id="w6">
          <Coords points="876,71 916,71 916,141 876,141"/>
          <TextEquiv>
            <Unicode>ته</Unicode>
          </TextEquiv>
        </Word>
        <Word id="w7">
          <Coords points="725,12 870,12 870,188 725,188"/>
          <TextEquiv>
            <Unicode>لعلكم</Unicode>
          </TextEquiv>
        </Word>
        <Word id="w8">
          <Coords points="497,72 712,72 712,164 497,164"/>
          <TextEquiv>
            <Unicode>تعقلو</Unicode>
          </TextEquiv>
        </Word>
        <Word id="w9">
          <Coords points="461,61 500,61 500,148 461,148"/>
          <TextEquiv>
            <Unicode>ن</Unicode>
          </TextEquiv>
        </Word>
        <Word id="w10">
          <Coords points="360,72 360,72 360,72 360,72"/>
          <TextEquiv>
            <Unicode>ا</Unicode>
          </TextEquiv>
        </Word>
        <Word id="w11">
          <Coords points="341,72 360,72 360,140 341,140"/>
          <TextEquiv>
            <Unicode>ا</Unicode>
          </TextEquiv>
        </Word>
        <Word id="w12">
          <Coords points="291,68 335,68 335,159 291,159"/>
          <TextEquiv>
            <Unicode>لم</Unicode>
          </TextEquiv>
        </Word>
        <Word id="w13">
          <Coords points="234,92 286,92 286,164 234,164"/>
          <TextEquiv>
            <Unicode>تر</Unicode>
          </TextEquiv>
        </Word>
        <Word id="w14">
          <Coords points="228,68 250,68 250,125 228,125"/>
          <TextEquiv>
            <Unicode>ا</Unicode>
          </TextEquiv>
        </Word>
        <Word id="w15">
          <Coords points="178,61 229,61 229,175 178,175"/>
          <TextEquiv>
            <Unicode>لى</Unicode>
          </TextEquiv>
        </Word>
        <Word id="w16">
          <Coords points="166,67 191,67 191,126 166,126"/>
          <TextEquiv>
            <Unicode>ا</Unicode>
          </TextEquiv>
        </Word>
        <Word id="w17">
          <Coords points="118,77 168,77 168,149 118,149"/>
          <TextEquiv>
            <Unicode>لذ</Unicode>
          </TextEquiv>
        </Word>
        <Word id="w18">
          <Coords points="52,92 123,92 123,181 52,181"/>
          <TextEquiv>
            <Unicode>ين</Unicode>
          </TextEquiv>
        </Word>
        <TextEquiv>
          <Unicode> يبن ا لله لكم ا يا ته لعلكم تعقلو ن ا ا لم تر ا لى ا لذ ين</Unicode>
        </TextEquiv>
      </TextLine>
      <TextLine id="l1">
        <Coords points="62,231 1346,231 1346,332 62,332"/>
        <Word id="w19">
          <Coords points="1273,264 1345,264 1345,312 1273,312"/>
          <TextEquiv>
            <Unicode>حر</Unicode>
          </TextEquiv>
        </Word>
        <Word id="w20">
          <Coords points="1198,265 1289,265 1289,325 1198,325"/>
          <TextEquiv>
            <Unicode>جو</Unicode>
          </TextEquiv>
        </Word>
        <Word id="w21">
          <Coords points="1195,239 1207,239 1207,289 1195,289"/>
          <TextEquiv>
            <Unicode>ا</Unicode>
          </TextEquiv>
        </Word>
        <Word id="w22">
          <Coords points="1120,258 1189,258 1189,326 1120,326"/>
          <TextEquiv>
            <Unicode>من</Unicode>
          </TextEquiv>
        </Word>
        <Word id="w23">
          <Coords points="1088,270 1113,270 1113,304 1088,304"/>
          <TextEquiv>
            <Unicode>د</Unicode>
          </TextEquiv>
        </Word>
        <Word id="w24">
          <Coords points="1047,232 1075,232 1075,326 1047,326"/>
          <TextEquiv>
            <Unicode>يا</Unicode>
          </TextEquiv>
        </Word>
        <Word id="w25">
          <Coords points="994,271 1032,271 1032,314 994,314"/>
          <TextEquiv>
            <Unicode>ر</Unicode>
          </TextEquiv>
        </Word>
        <Word id="w26">
          <Coords points="928,260 995,260 995,321 928,321"/>
          <TextEquiv>
            <Unicode>هم</Unicode>
          </TextEquiv>
        </Word>
        <Word id="w27">
          <Coords points="888,270 934,270 934,322 888,322"/>
          <TextEquiv>
            <Unicode>و</Unicode>
          </TextEquiv>
        </Word>
        <Word id="w28">
          <Coords points="823,234 836,234 836,287 823,287"/>
          <TextEquiv>
            <Unicode>ا</Unicode>
          </TextEquiv>
        </Word>
        <Word id="w29">
          <Coords points="823,261 895,261 895,326 823,326"/>
          <TextEquiv>
            <Unicode>هم</Unicode>
          </TextEquiv>
        </Word>
        <Word id="w30">
          <Coords points="752,237 808,237 808,325 752,325"/>
          <TextEquiv>
            <Unicode>لو</Unicode>
          </TextEquiv>
        </Word>
        <Word id="w31">
          <Coords points="665,272 760,272 760,317 665,317"/>
          <TextEquiv>
            <Unicode>ف</Unicode>
          </TextEquiv>
        </Word>
        <Word id="w32">
          <Coords points="567,250 657,250 657,319 567,319"/>
          <TextEquiv>
            <Unicode>حذ</Unicode>
          </TextEquiv>
        </Word>
        <Word id="w33">
          <Coords points="530,278 563,278 563,320 530,320"/>
          <TextEquiv>
            <Unicode>ر</Unicode>
          </TextEquiv>
        </Word>
        <Word id="w34">
          <Coords points="507,243 519,243 519,296 507,296"/>
          <TextEquiv>
            <Unicode>ا</Unicode>
          </TextEquiv>
        </Word>
        <Word id="w35">
          <Coords points="423,235 503,235 503,331 423,331"/>
          <TextEquiv>
            <Unicode>لمو</Unicode>
          </TextEquiv>
        </Word>
        <Word id="w36">
          <Coords points="366,267 435,267 435,313 366,313"/>
          <TextEquiv>
            <Unicode>ت</Unicode>
          </TextEquiv>
        </Word>
        <Word id="w37">
          <Coords points="267,247 358,247 358,320 267,320"/>
          <TextEquiv>
            <Unicode>فقا</Unicode>
          </TextEquiv>
        </Word>
        <Word id="w38">
          <Coords points="206,242 249,242 249,326 206,326"/>
          <TextEquiv>
            <Unicode>ل</Unicode>
          </TextEquiv>
        </Word>
        <Word id="w39">
          <Coords points="62,231 201,231 201,318 62,318"/>
          <TextEquiv>
            <Unicode>لهم</Unicode>
          </TextEquiv>
        </Word>
        <TextEquiv>
          <Unicode> حر جو ا من د يا ر هم و ا هم لو ف حذ ر ا لمو ت فقا ل لهم</Unicode>
        </TextEquiv>
      </TextLine>
      <TextLine id="l2">
        <Coords points="73,390 1348,390 1348,511 73,511"/>
        <Word id="w40">
          <Coords points="1330,400 1347,400 1347,460 1330,460"/>
          <TextEquiv>
            <Unicode>ا</Unicode>
          </TextEquiv>
        </Word>
        <Word id="w41">
          <Coords points="1259,421 1323,421 1323,465 1259,465"/>
          <TextEquiv>
            <Unicode>لله</Unicode>
          </TextEquiv>
        </Word>
        <Word id="w42">
          <Coords points="1180,437 1253,437 1253,487 1180,487"/>
          <TextEquiv>
            <Unicode>مو</Unicode>
          </TextEquiv>
        </Word>
        <Word id="w43">
          <Coords points="1121,401 1182,401 1182,489 1121,489"/>
          <TextEquiv>
            <Unicode>تو</Unicode>
          </TextEquiv>
        </Word>
        <Word id="w44">
          <Coords points="1115,400 1128,400 1128,447 1115,447"/>
          <TextEquiv>
            <Unicode>ا</Unicode>
          </TextEquiv>
        </Word>
        <Word id="w45">
          <Coords points="1049,394 1105,394 1105,485 1049,485"/>
          <TextEquiv>
            <Unicode>تم</Unicode>
          </TextEquiv>
        </Word>
        <Word id="w46">
          <Coords points="1033,409 1044,409 1044,453 1033,453"/>
          <TextEquiv>
            <Unicode>ا</Unicode>
          </TextEquiv>
        </Word>
        <Word id="w47">
          <Coords points="876,390 1029,390 1029,489 876,489"/>
          <TextEquiv>
            <Unicode>حيا</Unicode>
          </TextEquiv>
        </Word>
        <Word id="w48">
          <Coords points="803,429 867,429 867,495 803,495"/>
          <TextEquiv>
            <Unicode>هم</Unicode>
          </TextEquiv>
        </Word>
        <Word id="w49">
          <Coords points="795,394 814,394 814,452 795,452"/>
          <TextEquiv>
            <Unicode>ا</Unicode>
          </TextEquiv>
        </Word>
        <Word id="w50">
          <Coords points="746,415 784,415 784,473 746,473"/>
          <TextEquiv>
            <Unicode>ن</Unicode>
          </TextEquiv>
        </Word>
        <Word id="w51">
          <Coords points="721,404 742,404 742,456 721,456"/>
          <TextEquiv>
            <Unicode>ا</Unicode>
          </TextEquiv>
        </Word>
        <Word id="w52">
          <Coords points="649,411 714,411 714,470 649,470"/>
          <TextEquiv>
            <Unicode>لله</Unicode>
          </TextEquiv>
        </Word>
        <Word id="w53">
          <Coords points="570,400 630,400 630,473 570,473"/>
          <TextEquiv>
            <Unicode>لذ</Unicode>
          </TextEquiv>
        </Word>
        <Word id="w54">
          <Coords points="529,441 570,441 570,485 529,485"/>
          <TextEquiv>
            <Unicode>و</Unicode>
          </TextEquiv>
        </Word>
        <Word id="w55">
          <Coords points="520,398 536,398 536,468 520,468"/>
          <TextEquiv>
            <Unicode>ا</Unicode>
          </TextEquiv>
        </Word>
        <Word id="w56">
          <Coords points="374,408 512,408 512,503 374,503"/>
          <TextEquiv>
            <Unicode>فضل</Unicode>
          </TextEquiv>
        </Word>
        <Word id="w57">
          <Coords points="292,394 376,394 376,510 292,510"/>
          <TextEquiv>
            <Unicode>على</Unicode>
          </TextEquiv>
        </Word>
        <Word id="w58">
          <Coords points="288,403 300,403 300,460 288,460"/>
          <TextEquiv>
            <Unicode>ا</Unicode>
          </TextEquiv>
        </Word>
        <Word id="w59">
          <Coords points="172,405 279,405 279,482 172,482"/>
          <TextEquiv>
            <Unicode>لنا</Unicode>
          </TextEquiv>
        </Word>
        <Word id="w60">
          <Coords points="73,443 166,443 166,490 73,490"/>
          <TextEquiv>
            <Unicode>س</Unicode>
          </TextEquiv>
        </Word>
        <TextEquiv>
          <Unicode> ا لله مو تو ا تم ا حيا هم ا ن ا لله لذ و ا فضل على ا لنا س</Unicode>
        </TextEquiv>
      </TextLine>
      <TextLine id="l3">
        <Coords points="124,529 1346,529 1346,674 124,674"/>
        <Word id="w61">
          <Coords points="1308,600 1345,600 1345,646 1308,646"/>
          <TextEquiv>
            <Unicode>و</Unicode>
          </TextEquiv>
        </Word>
        <Word id="w62">
          <Coords points="1216,529 1313,529 1313,654 1216,654"/>
          <TextEquiv>
            <Unicode>لكن</Unicode>
          </TextEquiv>
        </Word>
        <Word id="w63">
          <Coords points="1203,570 1217,570 1217,621 1203,621"/>
          <TextEquiv>
            <Unicode>ا</Unicode>
          </TextEquiv>
        </Word>
        <Word id="w64">
          <Coords points="985,569 1205,569 1205,654 985,654"/>
          <TextEquiv>
            <Unicode>كثر</Unicode>
          </TextEquiv>
        </Word>
        <Word id="w65">
          <Coords points="984,573 995,573 995,619 984,619"/>
          <TextEquiv>
            <Unicode>ا</Unicode>
          </TextEquiv>
        </Word>
        <Word id="w66">
          <Coords points="909,571 970,571 970,630 909,630"/>
          <TextEquiv>
            <Unicode>لنا</Unicode>
          </TextEquiv>
        </Word>
        <Word id="w67">
          <Coords points="830,606 902,606 902,657 830,657"/>
          <TextEquiv>
            <Unicode>س</Unicode>
          </TextEquiv>
        </Word>
        <Word id="w68">
          <Coords points="783,573 827,573 827,637 783,637"/>
          <TextEquiv>
            <Unicode>لا</Unicode>
          </TextEquiv>
        </Word>
        <Word id="w69">
          <Coords points="612,537 779,537 779,673 612,673"/>
          <TextEquiv>
            <Unicode>يشكر</Unicode>
          </TextEquiv>
        </Word>
        <Word id="w70">
          <Coords points="589,598 634,598 634,650 589,650"/>
          <TextEquiv>
            <Unicode>و</Unicode>
          </TextEquiv>
        </Word>
        <Word id="w71">
          <Coords points="553,578 588,578 588,643 553,643"/>
          <TextEquiv>
            <Unicode>ن</Unicode>
          </TextEquiv>
        </Word>
        <Word id="w72">
          <Coords points="383,608 436,608 436,662 383,662"/>
          <TextEquiv>
            <Unicode>و</Unicode>
          </TextEquiv>
        </Word>
        <Word id="w73">
          <Coords points="357,575 388,575 388,640 357,640"/>
          <TextEquiv>
            <Unicode>قا</Unicode>
          </TextEquiv>
        </Word>
        <Word id="w74">
          <Coords points="275,575 344,575 344,662 275,662"/>
          <TextEquiv>
            <Unicode>تلو</Unicode>
          </TextEquiv>
        </Word>
        <Word id="w75">
          <Coords points="255,580 266,580 266,630 255,630"/>
          <TextEquiv>
            <Unicode>ا</Unicode>
          </TextEquiv>
        </Word>
        <Word id="w76">
          <Coords points="124,557 260,557 260,645 124,645"/>
          <TextEquiv>
            <Unicode>فى</Unicode>
          </TextEquiv>
        </Word>
        <TextEquiv>
          <Unicode> و لكن ا كثر ا لنا س لا يشكر و ن و قا تلو ا فى</Unicode>
        </TextEquiv>
      </TextLine>
      <TextLine id="l4">
        <Coords points="82,727 1353,727 1353,870 82,870"/>
        <Word id="w77">
          <Coords points="1198,727 1352,727 1352,832 1198,832"/>
          <TextEquiv>
            <Unicode>سبيل</Unicode>
          </TextEquiv>
        </Word>
        <Word id="w78">
          <Coords points="1188,739 1205,739 1205,794 1188,794"/>
          <TextEquiv>
            <Unicode>ا</Unicode>
          </TextEquiv>
        </Word>
        <Word id="w79">
          <Coords points="1113,757 1180,757 1180,797 1113,797"/>
          <TextEquiv>
            <Unicode>لله</Unicode>
          </TextEquiv>
        </Word>
        <Word id="w80">
          <Coords points="1061,770 1104,770 1104,819 1061,819"/>
          <TextEquiv>
            <Unicode>و</Unicode>
          </TextEquiv>
        </Word>
        <Word id="w81">
          <Coords points="1047,730 1064,730 1064,787 1047,787"/>
          <TextEquiv>
            <Unicode>ا</Unicode>
          </TextEquiv>
        </Word>
        <Word id="w82">
          <Coords points="942,728 1037,728 1037,831 942,831"/>
          <TextEquiv>
            <Unicode>عملو</Unicode>
          </TextEquiv>
        </Word>
        <Word id="w83">
          <Coords points="928,737 940,737 940,789 928,789"/>
          <TextEquiv>
            <Unicode>ا</Unicode>
          </TextEquiv>
        </Word>
        <Word id="w84">
          <Coords points="897,740 915,740 915,794 897,794"/>
          <TextEquiv>
            <Unicode>ا</Unicode>
          </TextEquiv>
        </Word>
        <Word id="w85">
          <Coords points="851,750 888,750 888,810 851,810"/>
          <TextEquiv>
            <Unicode>ن</Unicode>
          </TextEquiv>
        </Word>
        <Word id="w86">
          <Coords points="829,740 844,740 844,793 829,793"/>
          <TextEquiv>
            <Unicode>ا</Unicode>
          </TextEquiv>
        </Word>
        <Word id="w87">
          <Coords points="755,759 818,759 818,797 755,797"/>
          <TextEquiv>
            <Unicode>لله</Unicode>
          </TextEquiv>
        </Word>
        <Word id="w88">
          <Coords points="621,766 747,766 747,869 621,869"/>
          <TextEquiv>
            <Unicode>سميع</Unicode>
          </TextEquiv>
        </Word>
        <Word id="w89">
          <Coords points="451,734 614,734 614,824 451,824"/>
          <TextEquiv>
            <Unicode>عليم</Unicode>
          </TextEquiv>
        </Word>
        <Word id="w90">
          <Coords points="268,758 339,758 339,823 268,823"/>
          <TextEquiv>
            <Unicode>من</Unicode>
          </TextEquiv>
        </Word>
        <Word id="w91">
          <Coords points="232,767 259,767 259,804 232,804"/>
          <TextEquiv>
            <Unicode>د</Unicode>
          </TextEquiv>
        </Word>
        <Word id="w92">
          <Coords points="208,736 223,736 223,788 208,788"/>
          <TextEquiv>
            <Unicode>ا</Unicode>
          </TextEquiv>
        </Word>
        <Word id="w93">
          <Coords points="186,736 199,736 199,790 186,790"/>
          <TextEquiv>
            <Unicode>ا</Unicode>
          </TextEquiv>
        </Word>
        <Word id="w94">
          <Coords points="123,735 171,735 171,801 123,801"/>
          <TextEquiv>
            <Unicode>لذ</Unicode>
          </TextEquiv>
        </Word>
        <Word id="w95">
          <Coords points="82,752 120,752 120,795 82,795"/>
          <TextEquiv>
            <Unicode>ى</Unicode>
          </TextEquiv>
        </Word>
        <TextEquiv>
          <Unicode> سبيل ا لله و ا عملو ا ا ن ا لله سميع عليم من د ا ا لذ ى</Unicode>
        </TextEquiv>
      </TextLine>
      <TextLine id="l5">
        <Coords points="75,856 1349,856 1349,1005 75,1005"/>
        <Word id="w96">
          <Coords points="1248,912 1348,912 1348,1004 1248,1004"/>
          <TextEquiv>
            <Unicode>يقر</Unicode>
          </TextEquiv>
        </Word>
        <Word id="w97">
          <Coords points="1185,917 1275,917 1275,992 1185,992"/>
          <TextEquiv>
            <Unicode>ض</Unicode>
          </TextEquiv>
        </Word>
        <Word id="w98">
          <Coords points="1180,902 1197,902 1197,955 1180,955"/>
          <TextEquiv>
            <Unicode>ا</Unicode>
          </TextEquiv>
        </Word>
        <Word id="w99">
          <Coords points="1106,929 1168,929 1168,965 1106,965"/>
          <TextEquiv>
            <Unicode>لله</Unicode>
          </TextEquiv>
        </Word>
        <Word id="w100">
          <Coords points="1031,904 1093,904 1093,989 1031,989"/>
          <TextEquiv>
            <Unicode>قر</Unicode>
          </TextEquiv>
        </Word>
        <Word id="w101">
          <Coords points="962,872 1054,872 1054,980 962,980"/>
          <TextEquiv>
            <Unicode>ضا</Unicode>
          </TextEquiv>
        </Word>
        <Word id="w102">
          <Coords points="746,884 965,884 965,971 746,971"/>
          <TextEquiv>
            <Unicode>حسنا</Unicode>
          </TextEquiv>
        </Word>
        <Word id="w103">
          <Coords points="596,899 735,899 735,993 596,993"/>
          <TextEquiv>
            <Unicode>فيضا</Unicode>
          </TextEquiv>
        </Word>
        <Word id="w104">
          <Coords points="448,903 589,903 589,974 448,974"/>
          <TextEquiv>
            <Unicode>عفه</Unicode>
          </TextEquiv>
        </Word>
        <Word id="w105">
          <Coords points="394,895 438,895 438,962 394,962"/>
          <TextEquiv>
            <Unicode>له</Unicode>
          </TextEquiv>
        </Word>
        <Word id="w106">
          <Coords points="364,900 378,900 378,953 364,953"/>
          <TextEquiv>
            <Unicode>ا</Unicode>
          </TextEquiv>
        </Word>
        <Word id="w107">
          <Coords points="240,895 361,895 361,978 240,978"/>
          <TextEquiv>
            <Unicode>ضعا</Unicode>
          </TextEquiv>
        </Word>
        <Word id="w108">
          <Coords points="204,895 233,895 233,964 204,964"/>
          <TextEquiv>
            <Unicode>فا</Unicode>
          </TextEquiv>
        </Word>
        <Word id="w109">
          <Coords points="82,856 224,856 224,981 82,981"/>
          <TextEquiv>
            <Unicode>كثير</Unicode>
          </TextEquiv>
        </Word>
        <Word id="w110">
          <Coords points="75,907 108,907 108,963 75,963"/>
          <TextEquiv>
            <Unicode>ة</Unicode>
          </TextEquiv>
        </Word>
        <TextEquiv>
          <Unicode> يقر ض ا لله قر ضا حسنا فيضا عفه له ا ضعا فا كثير ة</Unicode>
        </TextEquiv>
      </TextLine>
      <TextLine id="l6">
        <Coords points="77,1054 1354,1054 1354,1161 77,1161"/>
        <Word id="w111">
          <Coords points="1304,1097 1353,1097 1353,1145 1304,1145"/>
          <TextEquiv>
            <Unicode>و</Unicode>
          </TextEquiv>
        </Word>
        <Word id="w112">
          <Coords points="1303,1077 1313,1077 1313,1118 1303,1118"/>
          <TextEquiv>
            <Unicode>ا</Unicode>
          </TextEquiv>
        </Word>
        <Word id="w113">
          <Coords points="1227,1075 1291,1075 1291,1130 1227,1130"/>
          <TextEquiv>
            <Unicode>لله</Unicode>
          </TextEquiv>
        </Word>
        <Word id="w114">
          <Coords points="1050,1067 1221,1067 1221,1160 1050,1160"/>
          <TextEquiv>
            <Unicode>يقبض</Unicode>
          </TextEquiv>
        </Word>
        <Word id="w115">
          <Coords points="1011,1096 1054,1096 1054,1143 1011,1143"/>
          <TextEquiv>
            <Unicode>و</Unicode>
          </TextEquiv>
        </Word>
        <Word id="w116">
          <Coords points="823,1054 1015,1054 1015,1148 823,1148"/>
          <TextEquiv>
            <Unicode>يبصط</Unicode>
          </TextEquiv>
        </Word>
        <Word id="w117">
          <Coords points="765,1090 815,1090 815,1141 765,1141"/>
          <TextEquiv>
            <Unicode>و</Unicode>
          </TextEquiv>
        </Word>
        <Word id="w118">
          <Coords points="762,1057 776,1057 776,1114 762,1114"/>
          <TextEquiv>
            <Unicode>ا</Unicode>
          </TextEquiv>
        </Word>
        <Word id="w119">
          <Coords points="670,1058 750,1058 750,1155 670,1155"/>
          <TextEquiv>
            <Unicode>ليه</Unicode>
          </TextEquiv>
        </Word>
        <Word id="w120">
          <Coords points="591,1071 664,1071 664,1158 591,1158"/>
          <TextEquiv>
            <Unicode>تر</Unicode>
          </TextEquiv>
        </Word>
        <Word id="w121">
          <Coords points="494,1096 612,1096 612,1158 494,1158"/>
          <TextEquiv>
            <Unicode>جعو</Unicode>
          </TextEquiv>
        </Word>
        <Word id="w122">
          <Coords points="448,1070 492,1070 492,1143 448,1143"/>
          <TextEquiv>
            <Unicode>ن</Unicode>
          </TextEquiv>
        </Word>
        <Word id="w123">
          <Coords points="345,1064 361,1064 361,1129 345,1129"/>
          <TextEquiv>
            <Unicode>ا</Unicode>
          </TextEquiv>
        </Word>
        <Word id="w124">
          <Coords points="296,1068 339,1068 339,1147 296,1147"/>
          <TextEquiv>
            <Unicode>لم</Unicode>
          </TextEquiv>
        </Word>
        <Word id="w125">
          <Coords points="240,1089 290,1089 290,1150 240,1150"/>
          <TextEquiv>
            <Unicode>تر</Unicode>
          </TextEquiv>
        </Word>
        <Word id="w126">
          <Coords points="232,1069 245,1069 245,1119 232,1119"/>
          <TextEquiv>
            <Unicode>ا</Unicode>
          </TextEquiv>
        </Word>
        <Word id="w127">
          <Coords points="176,1070 231,1070 231,1147 176,1147"/>
          <TextEquiv>
            <Unicode>لى</Unicode>
          </TextEquiv>
        </Word>
        <Word id="w128">
          <Coords points="172,1065 183,1065 183,1106 172,1106"/>
          <TextEquiv>
            <Unicode>ا</Unicode>
          </TextEquiv>
        </Word>
        <Word id="w129">
          <Coords points="83,1066 169,1066 169,1135 83,1135"/>
          <TextEquiv>
            <Unicode>لم</Unicode>
          </TextEquiv>
        </Word>
        <Word id="w130">
          <Coords points="77,1097 96,1097 96,1116 77,1116"/>
          <TextEquiv>
            <Unicode>ء</Unicode>
          </TextEquiv>
        </Word>
        <TextEquiv>
          <Unicode> و ا لله يقبض و يبصط و ا ليه تر جعو ن ا لم تر ا لى ا لم ء</Unicode>
        </TextEquiv>
      </TextLine>
      <TextLine id="l7">
        <Coords points="85,1207 1353,1207 1353,1357 85,1357"/>
        <Word id="w131">
          <Coords points="1281,1235 1352,1235 1352,1316 1281,1316"/>
          <TextEquiv>
            <Unicode>من</Unicode>
          </TextEquiv>
        </Word>
        <Word id="w132">
          <Coords points="1179,1222 1301,1222 1301,1347 1179,1347"/>
          <TextEquiv>
            <Unicode>بني</Unicode>
          </TextEquiv>
        </Word>
        <Word id="w133">
          <Coords points="1150,1228 1170,1228 1170,1283 1150,1283"/>
          <TextEquiv>
            <Unicode>ا</Unicode>
          </TextEquiv>
        </Word>
        <Word id="w134">
          <Coords points="1059,1230 1071,1230 1071,1282 1059,1282"/>
          <TextEquiv>
            <Unicode>ا</Unicode>
          </TextEquiv>
        </Word>
        <Word id="w135">
          <Coords points="1059,1266 1147,1266 1147,1311 1059,1311"/>
          <TextEquiv>
            <Unicode>سر</Unicode>
          </TextEquiv>
        </Word>
        <Word id="w136">
          <Coords points="992,1235 1056,1235 1056,1328 992,1328"/>
          <TextEquiv>
            <Unicode>ئيل</Unicode>
          </TextEquiv>
        </Word>
        <Word id="w137">
          <Coords points="929,1248 1009,1248 1009,1321 929,1321"/>
          <TextEquiv>
            <Unicode>من</Unicode>
          </TextEquiv>
        </Word>
        <Word id="w138">
          <Coords points="816,1250 917,1250 917,1324 816,1324"/>
          <TextEquiv>
            <Unicode>بعد</Unicode>
          </TextEquiv>
        </Word>
        <Word id="w139">
          <Coords points="733,1242 810,1242 810,1311 733,1311"/>
          <TextEquiv>
            <Unicode>مو</Unicode>
          </TextEquiv>
        </Word>
        <Word id="w140">
          <Coords points="651,1227 667,1227 667,1284 651,1284"/>
          <TextEquiv>
            <Unicode>ا</Unicode>
          </TextEquiv>
        </Word>
        <Word id="w141">
          <Coords points="651,1228 744,1228 744,1316 651,1316"/>
          <TextEquiv>
            <Unicode>سى</Unicode>
          </TextEquiv>
        </Word>
        <Word id="w142">
          <Coords points="616,1265 645,1265 645,1300 616,1300"/>
          <TextEquiv>
            <Unicode>د</Unicode>
          </TextEquiv>
        </Word>
        <Word id="w143">
          <Coords points="573,1223 611,1223 611,1297 573,1297"/>
          <TextEquiv>
            <Unicode>قا</Unicode>
          </TextEquiv>
        </Word>
        <Word id="w144">
          <Coords points="507,1220 558,1220 558,1317 507,1317"/>
          <TextEquiv>
            <Unicode>لو</Unicode>
          </TextEquiv>
        </Word>
        <Word id="w145">
          <Coords points="499,1232 515,1232 515,1287 499,1287"/>
          <TextEquiv>
            <Unicode>ا</Unicode>
          </TextEquiv>
        </Word>
        <Word id="w146">
          <Coords points="378,1213 485,1213 485,1356 378,1356"/>
          <TextEquiv>
            <Unicode>لنبي</Unicode>
          </TextEquiv>
        </Word>
        <Word id="w147">
          <Coords points="313,1207 381,1207 381,1341 313,1341"/>
          <TextEquiv>
            <Unicode>لهم</Unicode>
          </TextEquiv>
        </Word>
        <Word id="w148">
          <Coords points="269,1224 290,1224 290,1289 269,1289"/>
          <TextEquiv>
            <Unicode>ا</Unicode>
          </TextEquiv>
        </Word>
        <Word id="w149">
          <Coords points="145,1247 266,1247 266,1323 145,1323"/>
          <TextEquiv>
            <Unicode>بعث</Unicode>
          </TextEquiv>
        </Word>
        <Word id="w150">
          <Coords points="85,1224 142,1224 142,1287 85,1287"/>
          <TextEquiv>
            <Unicode>لنا</Unicode>
          </TextEquiv>
        </Word>
        <TextEquiv>
          <Unicode> من بني ا ا سر ئيل من بعد مو ا سى د قا لو ا لنبي لهم ا بعث لنا</Unicode>
        </TextEquiv>
      </TextLine>
      <TextLine id="l8">
        <Coords points="100,1343 1349,1343 1349,1495 100,1495"/>
        <Word id="w151">
          <Coords points="1235,1367 1348,1367 1348,1472 1235,1472"/>
          <TextEquiv>
            <Unicode>ملكا</Unicode>
          </TextEquiv>
        </Word>
        <Word id="w152">
          <Coords points="1143,1385 1224,1385 1224,1461 1143,1461"/>
          <TextEquiv>
            <Unicode>نقا</Unicode>
          </TextEquiv>
        </Word>
        <Word id="w153">
          <Coords points="1079,1395 1130,1395 1130,1488 1079,1488"/>
          <TextEquiv>
            <Unicode>تل</Unicode>
          </TextEquiv>
        </Word>
        <Word id="w154">
          <Coords points="984,1385 1093,1385 1093,1473 984,1473"/>
          <TextEquiv>
            <Unicode>فى</Unicode>
          </TextEquiv>
        </Word>
        <Word id="w155">
          <Coords points="818,1404 969,1404 969,1494 818,1494"/>
          <TextEquiv>
            <Unicode>سبيل</Unicode>
          </TextEquiv>
        </Word>
        <Word id="w156">
          <Coords points="802,1402 825,1402 825,1463 802,1463"/>
          <TextEquiv>
            <Unicode>ا</Unicode>
          </TextEquiv>
        </Word>
        <Word id="w157">
          <Coords points="733,1427 798,1427 798,1468 733,1468"/>
          <TextEquiv>
            <Unicode>لله</Unicode>
          </TextEquiv>
        </Word>
        <Word id="w158">
          <Coords points="684,1401 723,1401 723,1465 684,1465"/>
          <TextEquiv>
            <Unicode>قا</Unicode>
          </TextEquiv>
        </Word>
        <Word id="w159">
          <Coords points="635,1400 670,1400 670,1478 635,1478"/>
          <TextEquiv>
            <Unicode>ل</Unicode>
          </TextEquiv>
        </Word>
        <Word id="w160">
          <Coords points="536,1410 624,1410 624,1489 536,1489"/>
          <TextEquiv>
            <Unicode>هل</Unicode>
          </TextEquiv>
        </Word>
        <Word id="w161">
          <Coords points="306,1416 533,1416 533,1494 306,1494"/>
          <TextEquiv>
            <Unicode>عسيتم</Unicode>
          </TextEquiv>
        </Word>
        <Word id="w162">
          <Coords points="280,1401 295,1401 295,1452 280,1452"/>
          <TextEquiv>
            <Unicode>ا</Unicode>
          </TextEquiv>
        </Word>
        <Word id="w163">
          <Coords points="226,1419 267,1419 267,1473 226,1473"/>
          <TextEquiv>
            <Unicode>ن</Unicode>
          </TextEquiv>
        </Word>
        <Word id="w164">
          <Coords points="100,1343 278,1343 278,1494 100,1494"/>
          <TextEquiv>
            <Unicode>كتب</Unicode>
          </TextEquiv>
        </Word>
        <TextEquiv>
          <Unicode> ملكا نقا تل فى سبيل ا لله قا ل هل عسيتم ا ن كتب</Unicode>
        </TextEquiv>
      </TextLine>
      <TextLine id="l9">
        <Coords points="101,1516 1368,1516 1368,1660 101,1660"/>
        <Word id="w165">
          <Coords points="1194,1516 1367,1516 1367,1652 1194,1652"/>
          <TextEquiv>
            <Unicode>عليكم</Unicode>
          </TextEquiv>
        </Word>
        <Word id="w166">
          <Coords points="1174,1568 1190,1568 1190,1624 1174,1624"/>
          <TextEquiv>
            <Unicode>ا</Unicode>
          </TextEquiv>
        </Word>
        <Word id="w167">
          <Coords points="1014,1563 1159,1563 1159,1631 1014,1631"/>
          <TextEquiv>
            <Unicode>لقتا</Unicode>
          </TextEquiv>
        </Word>
        <Word id="w168">
          <Coords points="965,1559 1000,1559 1000,1635 965,1635"/>
          <TextEquiv>
            <Unicode>ل</Unicode>
          </TextEquiv>
        </Word>
        <Word id="w169">
          <Coords points="936,1565 950,1565 950,1622 936,1622"/>
          <TextEquiv>
            <Unicode>ا</Unicode>
          </TextEquiv>
        </Word>
        <Word id="w170">
          <Coords points="872,1568 915,1568 915,1641 872,1641"/>
          <TextEquiv>
            <Unicode>لا</Unicode>
          </TextEquiv>
        </Word>
        <Word id="w171">
          <Coords points="735,1568 873,1568 873,1635 735,1635"/>
          <TextEquiv>
            <Unicode>تقا</Unicode>
          </TextEquiv>
        </Word>
        <Word id="w172">
          <Coords points="645,1563 729,1563 729,1653 645,1653"/>
          <TextEquiv>
            <Unicode>تلو</Unicode>
          </TextEquiv>
        </Word>
        <Word id="w173">
          <Coords points="634,1569 647,1569 647,1629 634,1629"/>
          <TextEquiv>
            <Unicode>ا</Unicode>
          </TextEquiv>
        </Word>
        <Word id="w174">
          <Coords points="584,1571 622,1571 622,1635 584,1635"/>
          <TextEquiv>
            <Unicode>قا</Unicode>
          </TextEquiv>
        </Word>
        <Word id="w175">
          <Coords points="506,1572 562,1572 562,1659 506,1659"/>
          <TextEquiv>
            <Unicode>لو</Unicode>
          </TextEquiv>
        </Word>
        <Word id="w176">
          <Coords points="499,1568 518,1568 518,1622 499,1622"/>
          <TextEquiv>
            <Unicode>ا</Unicode>
          </TextEquiv>
        </Word>
        <Word id="w177">
          <Coords points="444,1597 490,1597 490,1645 444,1645"/>
          <TextEquiv>
            <Unicode>و</Unicode>
          </TextEquiv>
        </Word>
        <Word id="w178">
          <Coords points="410,1548 457,1548 457,1629 410,1629"/>
          <TextEquiv>
            <Unicode>ا</Unicode>
          </TextEquiv>
        </Word>
        <Word id="w179">
          <Coords points="324,1562 395,1562 395,1629 324,1629"/>
          <TextEquiv>
            <Unicode>لنا</Unicode>
          </TextEquiv>
        </Word>
        <Word id="w180">
          <Coords points="296,1552 316,1552 316,1628 296,1628"/>
          <TextEquiv>
            <Unicode>ا</Unicode>
          </TextEquiv>
        </Word>
        <Word id="w181">
          <Coords points="243,1559 298,1559 298,1633 243,1633"/>
          <TextEquiv>
            <Unicode>لا</Unicode>
          </TextEquiv>
        </Word>
        <Word id="w182">
          <Coords points="166,1558 243,1558 243,1629 166,1629"/>
          <TextEquiv>
            <Unicode>نقا</Unicode>
          </TextEquiv>
        </Word>
        <Word id="w183">
          <Coords points="101,1565 162,1565 162,1657 101,1657"/>
          <TextEquiv>
            <Unicode>تل</Unicode>
          </TextEquiv>
        </Word>
        <TextEquiv>
          <Unicode> عليكم ا لقتا ل ا لا تقا تلو ا قا لو ا و ا لنا ا لا نقا تل</Unicode>
        </TextEquiv>
      </TextLine>
      <TextLine id="l10">
        <Coords points="92,1677 1360,1677 1360,1848 92,1848"/>
        <Word id="w184">
          <Coords points="1294,1724 1359,1724 1359,1831 1294,1831"/>
          <TextEquiv>
            <Unicode>في</Unicode>
          </TextEquiv>
        </Word>
        <Word id="w185">
          <Coords points="1160,1699 1314,1699 1314,1847 1160,1847"/>
          <TextEquiv>
            <Unicode>سبيل</Unicode>
          </TextEquiv>
        </Word>
        <Word id="w186">
          <Coords points="1146,1724 1165,1724 1165,1783 1146,1783"/>
          <TextEquiv>
            <Unicode>ا</Unicode>
          </TextEquiv>
        </Word>
        <Word id="w187">
          <Coords points="1078,1751 1142,1751 1142,1793 1078,1793"/>
          <TextEquiv>
            <Unicode>لله</Unicode>
          </TextEquiv>
        </Word>
        <Word id="w188">
          <Coords points="1025,1763 1068,1763 1068,1813 1025,1813"/>
          <TextEquiv>
            <Unicode>و</Unicode>
          </TextEquiv>
        </Word>
        <Word id="w189">
          <Coords points="970,1731 1031,1731 1031,1801 970,1801"/>
          <TextEquiv>
            <Unicode>قد</Unicode>
          </TextEquiv>
        </Word>
        <Word id="w190">
          <Coords points="949,1727 964,1727 964,1783 949,1783"/>
          <TextEquiv>
            <Unicode>ا</Unicode>
          </TextEquiv>
        </Word>
        <Word id="w191">
          <Coords points="878,1759 946,1759 946,1811 878,1811"/>
          <TextEquiv>
            <Unicode>حر</Unicode>
          </TextEquiv>
        </Word>
        <Word id="w192">
          <Coords points="737,1724 889,1724 889,1811 737,1811"/>
          <TextEquiv>
            <Unicode>جنا</Unicode>
          </TextEquiv>
        </Word>
        <Word id="w193">
          <Coords points="656,1745 730,1745 730,1809 656,1809"/>
          <TextEquiv>
            <Unicode>من</Unicode>
          </TextEquiv>
        </Word>
        <Word id="w194">
          <Coords points="627,1757 653,1757 653,1792 627,1792"/>
          <TextEquiv>
            <Unicode>د</Unicode>
          </TextEquiv>
        </Word>
        <Word id="w195">
          <Coords points="587,1716 614,1716 614,1819 587,1819"/>
          <TextEquiv>
            <Unicode>يا</Unicode>
          </TextEquiv>
        </Word>
        <Word id="w196">
          <Coords points="536,1766 579,1766 579,1808 536,1808"/>
          <TextEquiv>
            <Unicode>ر</Unicode>
          </TextEquiv>
        </Word>
        <Word id="w197">
          <Coords points="515,1716 543,1716 543,1787 515,1787"/>
          <TextEquiv>
            <Unicode>نا</Unicode>
          </TextEquiv>
        </Word>
        <Word id="w198">
          <Coords points="468,1768 511,1768 511,1812 468,1812"/>
          <TextEquiv>
            <Unicode>و</Unicode>
          </TextEquiv>
        </Word>
        <Word id="w199">
          <Coords points="461,1734 471,1734 471,1775 461,1775"/>
          <TextEquiv>
            <Unicode>ا</Unicode>
          </TextEquiv>
        </Word>
        <Word id="w200">
          <Coords points="386,1725 455,1725 455,1806 386,1806"/>
          <TextEquiv>
            <Unicode>بنا</Unicode>
          </TextEquiv>
        </Word>
        <Word id="w201">
          <Coords points="244,1721 383,1721 383,1792 244,1792"/>
          <TextEquiv>
            <Unicode>ئنا</Unicode>
          </TextEquiv>
        </Word>
        <Word id="w202">
          <Coords points="170,1737 238,1737 238,1808 170,1808"/>
          <TextEquiv>
            <Unicode>فلما</Unicode>
          </TextEquiv>
        </Word>
        <Word id="w203">
          <Coords points="92,1677 217,1677 217,1810 92,1810"/>
          <TextEquiv>
            <Unicode>كتب</Unicode>
          </TextEquiv>
        </Word>
        <TextEquiv>
          <Unicode> في سبيل ا لله و قد ا حر جنا من د يا ر نا و ا بنا ئنا فلما كتب</Unicode>
        </TextEquiv>
      </TextLine>
      <TextLine id="l11">
        <Coords points="146,1875 1371,1875 1371,2003 146,2003"/>
        <Word id="w204">
          <Coords points="1244,1875 1370,1875 1370,2002 1244,2002"/>
          <TextEquiv>
            <Unicode>عليهم</Unicode>
          </TextEquiv>
        </Word>
        <Word id="w205">
          <Coords points="1224,1891 1243,1891 1243,1941 1224,1941"/>
          <TextEquiv>
            <Unicode>ا</Unicode>
          </TextEquiv>
        </Word>
        <Word id="w206">
          <Coords points="1121,1879 1211,1879 1211,1952 1121,1952"/>
          <TextEquiv>
            <Unicode>لقتا</Unicode>
          </TextEquiv>
        </Word>
        <Word id="w207">
          <Coords points="1070,1880 1105,1880 1105,1955 1070,1955"/>
          <TextEquiv>
            <Unicode>ل</Unicode>
          </TextEquiv>
        </Word>
        <Word id="w208">
          <Coords points="1012,1883 1068,1883 1068,1969 1012,1969"/>
          <TextEquiv>
            <Unicode>تو</Unicode>
          </TextEquiv>
        </Word>
        <Word id="w209">
          <Coords points="966,1889 1014,1889 1014,1975 966,1975"/>
          <TextEquiv>
            <Unicode>لو</Unicode>
          </TextEquiv>
        </Word>
        <Word id="w210">
          <Coords points="950,1889 968,1889 968,1946 950,1946"/>
          <TextEquiv>
            <Unicode>ا</Unicode>
          </TextEquiv>
        </Word>
        <Word id="w211">
          <Coords points="924,1889 943,1889 943,1945 924,1945"/>
          <TextEquiv>
            <Unicode>ا</Unicode>
          </TextEquiv>
        </Word>
        <Word id="w212">
          <Coords points="874,1899 912,1899 912,1961 874,1961"/>
          <TextEquiv>
            <Unicode>لا</Unicode>
          </TextEquiv>
        </Word>
        <Word id="w213">
          <Coords points="735,1880 869,1880 869,1983 735,1983"/>
          <TextEquiv>
            <Unicode>قليلا</Unicode>
          </TextEquiv>
        </Word>
        <Word id="w214">
          <Coords points="626,1912 729,1912 729,2001 626,2001"/>
          <TextEquiv>
            <Unicode>منهم</Unicode>
          </TextEquiv>
        </Word>
        <Word id="w215">
          <Coords points="574,1928 621,1928 621,1978 574,1978"/>
          <TextEquiv>
            <Unicode>و</Unicode>
          </TextEquiv>
        </Word>
        <Word id="w216">
          <Coords points="571,1895 585,1895 585,1952 571,1952"/>
          <TextEquiv>
            <Unicode>ا</Unicode>
          </TextEquiv>
        </Word>
        <Word id="w217">
          <Coords points="498,1921 563,1921 563,1962 498,1962"/>
          <TextEquiv>
            <Unicode>لله</Unicode>
          </TextEquiv>
        </Word>
        <Word id="w218">
          <Coords points="383,1892 487,1892 487,2000 383,2000"/>
          <TextEquiv>
            <Unicode>عليم</Unicode>
          </TextEquiv>
        </Word>
        <Word id="w219">
          <Coords points="345,1891 375,1891 375,1975 345,1975"/>
          <TextEquiv>
            <Unicode>با</Unicode>
          </TextEquiv>
        </Word>
        <Word id="w220">
          <Coords points="244,1890 332,1890 332,1958 244,1958"/>
          <TextEquiv>
            <Unicode>لظا</Unicode>
          </TextEquiv>
        </Word>
        <Word id="w221">
          <Coords points="146,1890 237,1890 237,1990 146,1990"/>
          <TextEquiv>
            <Unicode>لمين</Unicode>
          </TextEquiv>
        </Word>
        <TextEquiv>
          <Unicode> عليهم ا لقتا ل تو لو ا ا لا قليلا منهم و ا لله عليم با لظا لمين</Unicode>
        </TextEquiv>
      </TextLine>
      <TextLine id="l12">
        <Coords points="108,2014 1363,2014 1363,2173 108,2173"/>
        <Word id="w222">
          <Coords points="1324,2090 1362,2090 1362,2137 1324,2137"/>
          <TextEquiv>
            <Unicode>و</Unicode>
          </TextEquiv>
        </Word>
        <Word id="w223">
          <Coords points="1255,2060 1289,2060 1289,2136 1255,2136"/>
          <TextEquiv>
            <Unicode>ل</Unicode>
          </TextEquiv>
        </Word>
        <Word id="w224">
          <Coords points="1165,2056 1253,2056 1253,2132 1165,2132"/>
          <TextEquiv>
            <Unicode>لهم</Unicode>
          </TextEquiv>
        </Word>
        <Word id="w225">
          <Coords points="1042,2063 1164,2063 1164,2172 1042,2172"/>
          <TextEquiv>
            <Unicode>نبيهم</Unicode>
          </TextEquiv>
        </Word>
        <Word id="w226">
          <Coords points="1013,2056 1027,2056 1027,2113 1013,2113"/>
          <TextEquiv>
            <Unicode>ا</Unicode>
          </TextEquiv>
        </Word>
        <Word id="w227">
          <Coords points="970,2075 1002,2075 1002,2127 970,2127"/>
          <TextEquiv>
            <Unicode>ن</Unicode>
          </TextEquiv>
        </Word>
        <Word id="w228">
          <Coords points="943,2060 958,2060 958,2125 943,2125"/>
          <TextEquiv>
            <Unicode>ا</Unicode>
          </TextEquiv>
        </Word>
        <Word id="w229">
          <Coords points="877,2084 937,2084 937,2119 877,2119"/>
          <TextEquiv>
            <Unicode>لله</Unicode>
          </TextEquiv>
        </Word>
        <Word id="w230">
          <Coords points="801,2062 864,2062 864,2123 801,2123"/>
          <TextEquiv>
            <Unicode>قد</Unicode>
          </TextEquiv>
        </Word>
        <Word id="w231">
          <Coords points="666,2077 791,2077 791,2141 666,2141"/>
          <TextEquiv>
            <Unicode>بعث</Unicode>
          </TextEquiv>
        </Word>
        <Word id="w232">
          <Coords points="555,2014 648,2014 648,2145 555,2145"/>
          <TextEquiv>
            <Unicode>لكم</Unicode>
          </TextEquiv>
        </Word>
        <Word id="w233">
          <Coords points="495,2058 563,2058 563,2119 495,2119"/>
          <TextEquiv>
            <Unicode>طا</Unicode>
          </TextEquiv>
        </Word>
        <Word id="w234">
          <Coords points="432,2056 485,2056 485,2146 432,2146"/>
          <TextEquiv>
            <Unicode>لو</Unicode>
          </TextEquiv>
        </Word>
        <Word id="w235">
          <Coords points="365,2082 436,2082 436,2127 365,2127"/>
          <TextEquiv>
            <Unicode>ت</Unicode>
          </TextEquiv>
        </Word>
        <Word id="w236">
          <Coords points="108,2046 363,2046 363,2133 108,2133"/>
          <TextEquiv>
            <Unicode>ملكا</Unicode>
          </TextEquiv>
        </Word>
        <TextEquiv>
          <Unicode> و ل لهم نبيهم ا ن ا لله قد بعث لكم طا لو ت ملكا</Unicode>
        </TextEquiv>
      </TextLine>
      <TextLine id="l13">
        <Coords points="98,2179 1371,2179 1371,2332 98,2332"/>
        <Word id="w237">
          <Coords points="1329,2214 1370,2214 1370,2282 1329,2282"/>
          <TextEquiv>
            <Unicode>قا</Unicode>
          </TextEquiv>
        </Word>
        <Word id="w238">
          <Coords points="1261,2220 1317,2220 1317,2310 1261,2310"/>
          <TextEquiv>
            <Unicode>لو</Unicode>
          </TextEquiv>
        </Word>
        <Word id="w239">
          <Coords points="1256,2231 1266,2231 1266,2276 1256,2276"/>
          <TextEquiv>
            <Unicode>ا</Unicode>
          </TextEquiv>
        </Word>
        <Word id="w240">
          <Coords points="1230,2228 1242,2228 1242,2276 1230,2276"/>
          <TextEquiv>
            <Unicode>ا</Unicode>
          </TextEquiv>
        </Word>
        <Word id="w241">
          <Coords points="1165,2250 1218,2250 1218,2304 1165,2304"/>
          <TextEquiv>
            <Unicode>نى</Unicode>
          </TextEquiv>
        </Word>
        <Word id="w242">
          <Coords points="1071,2179 1179,2179 1179,2310 1071,2310"/>
          <TextEquiv>
            <Unicode>يكو</Unicode>
          </TextEquiv>
        </Word>
        <Word id="w243">
          <Coords points="1031,2232 1070,2232 1070,2297 1031,2297"/>
          <TextEquiv>
            <Unicode>ن</Unicode>
          </TextEquiv>
        </Word>
        <Word id="w244">
          <Coords points="967,2224 1010,2224 1010,2279 967,2279"/>
          <TextEquiv>
            <Unicode>له</Unicode>
          </TextEquiv>
        </Word>
        <Word id="w245">
          <Coords points="939,2224 953,2224 953,2273 939,2273"/>
          <TextEquiv>
            <Unicode>ا</Unicode>
          </TextEquiv>
        </Word>
        <Word id="w246">
          <Coords points="816,2223 938,2223 938,2311 816,2311"/>
          <TextEquiv>
            <Unicode>لملك</Unicode>
          </TextEquiv>
        </Word>
        <Word id="w247">
          <Coords points="663,2211 804,2211 804,2309 663,2309"/>
          <TextEquiv>
            <Unicode>علينا</Unicode>
          </TextEquiv>
        </Word>
        <Word id="w248">
          <Coords points="614,2259 661,2259 661,2302 614,2302"/>
          <TextEquiv>
            <Unicode>و</Unicode>
          </TextEquiv>
        </Word>
        <Word id="w249">
          <Coords points="528,2232 638,2232 638,2317 528,2317"/>
          <TextEquiv>
            <Unicode>نحن</Unicode>
          </TextEquiv>
        </Word>
        <Word id="w250">
          <Coords points="511,2217 522,2217 522,2273 511,2273"/>
          <TextEquiv>
            <Unicode>ا</Unicode>
          </TextEquiv>
        </Word>
        <Word id="w251">
          <Coords points="388,2227 414,2227 414,2282 388,2282"/>
          <TextEquiv>
            <Unicode>با</Unicode>
          </TextEquiv>
        </Word>
        <Word id="w252">
          <Coords points="200,2243 505,2243 505,2331 200,2331"/>
          <TextEquiv>
            <Unicode>حق</Unicode>
          </TextEquiv>
        </Word>
        <Word id="w253">
          <Coords points="199,2212 373,2212 373,2292 199,2292"/>
          <TextEquiv>
            <Unicode>لملك</Unicode>
          </TextEquiv>
        </Word>
        <Word id="w254">
          <Coords points="98,2247 197,2247 197,2294 98,2294"/>
          <TextEquiv>
            <Unicode>منه</Unicode>
          </TextEquiv>
        </Word>
        <TextEquiv>
          <Unicode> قا لو ا ا نى يكو ن له ا لملك علينا و نحن ا با حق لملك منه</Unicode>
        </TextEquiv>
      </TextLine>
      <TextLine id="l14">
        <Coords points="100,2326 1388,2326 1388,2505 100,2505"/>
        <Word id="w255">
          <Coords points="1344,2403 1387,2403 1387,2459 1344,2459"/>
          <TextEquiv>
            <Unicode>و</Unicode>
          </TextEquiv>
        </Word>
        <Word id="w256">
          <Coords points="1295,2358 1343,2358 1343,2452 1295,2452"/>
          <TextEquiv>
            <Unicode>لم</Unicode>
          </TextEquiv>
        </Word>
        <Word id="w257">
          <Coords points="1236,2405 1294,2405 1294,2468 1236,2468"/>
          <TextEquiv>
            <Unicode>يو</Unicode>
          </TextEquiv>
        </Word>
        <Word id="w258">
          <Coords points="1165,2405 1246,2405 1246,2455 1165,2455"/>
          <TextEquiv>
            <Unicode>ت</Unicode>
          </TextEquiv>
        </Word>
        <Word id="w259">
          <Coords points="935,2399 1007,2399 1007,2468 935,2468"/>
          <TextEquiv>
            <Unicode>من</Unicode>
          </TextEquiv>
        </Word>
        <Word id="w260">
          <Coords points="910,2393 920,2393 920,2440 910,2440"/>
          <TextEquiv>
            <Unicode>ا</Unicode>
          </TextEquiv>
        </Word>
        <Word id="w261">
          <Coords points="854,2382 901,2382 901,2448 854,2448"/>
          <TextEquiv>
            <Unicode>لما</Unicode>
          </TextEquiv>
        </Word>
        <Word id="w262">
          <Coords points="807,2385 841,2385 841,2461 807,2461"/>
          <TextEquiv>
            <Unicode>ل</Unicode>
          </TextEquiv>
        </Word>
        <Word id="w263">
          <Coords points="758,2388 798,2388 798,2454 758,2454"/>
          <TextEquiv>
            <Unicode>قا</Unicode>
          </TextEquiv>
        </Word>
        <Word id="w264">
          <Coords points="708,2380 746,2380 746,2468 708,2468"/>
          <TextEquiv>
            <Unicode>ل</Unicode>
          </TextEquiv>
        </Word>
        <Word id="w265">
          <Coords points="681,2383 704,2383 704,2447 681,2447"/>
          <TextEquiv>
            <Unicode>ا</Unicode>
          </TextEquiv>
        </Word>
        <Word id="w266">
          <Coords points="633,2394 670,2394 670,2459 633,2459"/>
          <TextEquiv>
            <Unicode>ن</Unicode>
          </TextEquiv>
        </Word>
        <Word id="w267">
          <Coords points="610,2392 623,2392 623,2448 610,2448"/>
          <TextEquiv>
            <Unicode>ا</Unicode>
          </TextEquiv>
        </Word>
        <Word id="w268">
          <Coords points="538,2416 604,2416 604,2457 538,2457"/>
          <TextEquiv>
            <Unicode>لله</Unicode>
          </TextEquiv>
        </Word>
        <Word id="w269">
          <Coords points="510,2394 521,2394 521,2452 510,2452"/>
          <TextEquiv>
            <Unicode>ا</Unicode>
          </TextEquiv>
        </Word>
        <Word id="w270">
          <Coords points="247,2392 502,2392 502,2481 247,2481"/>
          <TextEquiv>
            <Unicode>صطفيه</Unicode>
          </TextEquiv>
        </Word>
        <Word id="w271">
          <Coords points="100,2326 242,2326 242,2504 100,2504"/>
          <TextEquiv>
            <Unicode>عليكم</Unicode>
          </TextEquiv>
        </Word>
        <TextEquiv>
          <Unicode> و لم يو ت من ا لما ل قا ل ا ن ا لله ا صطفيه عليكم</Unicode>
        </TextEquiv>
      </TextLine>
    </TextRegion>
  </Page>
</PcGts>
