<?xml version='1.0' encoding='utf-8'?>
<PcGts xmlns:xsi="http://www.w3.org/2001/XMLSchema-instance" xmlns="http://schema.primaresearch.org/PAGE/gts/pagecontent/2019-07-15" xsi:schemaLocation="http://schema.primaresearch.org/PAGE/gts/pagecontent/2019-07-15 http://schema.primaresearch.org/PAGE/gts/pagecontent/2019-07-15/pagecontent.xsd" pcGtsId="pc-aletheiaexamplepage">
  <Metadata>
    <Creator>PRImA Research Lab</Creator>
    <Created>2015-07-17T15:27:13</Created>
    <LastChange>2017-07-14T10:03:33</LastChange>
    <Comments>Example Page</Comments>
  </Metadata>
  <Page imageFilename="3158466/_029-2.png" imageWidth="1432" imageHeight="2582">
    <TextRegion id="r0" type="paragraph">
      <Coords points="1,1 1430,1 1430,2580 1,2580"/>
      <TextLine id="l0">
        <Coords points="120,69 1355,69 1355,229 120,229"/>
        <Word id="w0">
          <Coords points="1310,165 1354,165 1354,219 1310,219"/>
          <TextEquiv>
            <Unicode>و</Unicode>
          </TextEquiv>
        </Word>
        <Word id="w1">
          <Coords points="1308,120 1323,120 1323,185 1308,185"/>
          <TextEquiv>
            <Unicode>ا</Unicode>
          </TextEquiv>
        </Word>
        <Word id="w2">
          <Coords points="1264,145 1304,145 1304,206 1264,206"/>
          <TextEquiv>
            <Unicode>ن</Unicode>
          </TextEquiv>
        </Word>
        <Word id="w3">
          <Coords points="1100,120 1257,120 1257,212 1100,212"/>
          <TextEquiv>
            <Unicode>تفعلو</Unicode>
          </TextEquiv>
        </Word>
        <Word id="w4">
          <Coords points="1093,123 1107,123 1107,179 1093,179"/>
          <TextEquiv>
            <Unicode>ا</Unicode>
          </TextEquiv>
        </Word>
        <Word id="w5">
          <Coords points="1045,121 1088,121 1088,189 1045,189"/>
          <TextEquiv>
            <Unicode>فا</Unicode>
          </TextEquiv>
        </Word>
        <Word id="w6">
          <Coords points="999,131 1041,131 1041,199 999,199"/>
          <TextEquiv>
            <Unicode>نه</Unicode>
          </TextEquiv>
        </Word>
        <Word id="w7">
          <Coords points="883,135 995,135 995,208 883,208"/>
          <TextEquiv>
            <Unicode>فسو</Unicode>
          </TextEquiv>
        </Word>
        <Word id="w8">
          <Coords points="831,129 891,129 891,205 831,205"/>
          <TextEquiv>
            <Unicode>ق</Unicode>
          </TextEquiv>
        </Word>
        <Word id="w9">
          <Coords points="744,73 851,73 851,209 744,209"/>
          <TextEquiv>
            <Unicode>بكم</Unicode>
          </TextEquiv>
        </Word>
        <Word id="w10">
          <Coords points="699,159 744,159 744,209 699,209"/>
          <TextEquiv>
            <Unicode>و</Unicode>
          </TextEquiv>
        </Word>
        <Word id="w11">
          <Coords points="686,121 702,121 702,187 686,187"/>
          <TextEquiv>
            <Unicode>ا</Unicode>
          </TextEquiv>
        </Word>
        <Word id="w12">
          <Coords points="585,131 688,131 688,219 585,219"/>
          <TextEquiv>
            <Unicode>تقو</Unicode>
          </TextEquiv>
        </Word>
        <Word id="w13">
          <Coords points="572,114 585,114 585,182 572,182"/>
          <TextEquiv>
            <Unicode>ا</Unicode>
          </TextEquiv>
        </Word>
        <Word id="w14">
          <Coords points="541,127 560,127 560,181 541,181"/>
          <TextEquiv>
            <Unicode>ا</Unicode>
          </TextEquiv>
        </Word>
        <Word id="w15">
          <Coords points="474,148 535,148 535,196 474,196"/>
          <TextEquiv>
            <Unicode>لله</Unicode>
          </TextEquiv>
        </Word>
        <Word id="w16">
          <Coords points="423,159 461,159 461,206 423,206"/>
          <TextEquiv>
            <Unicode>و</Unicode>
          </TextEquiv>
        </Word>
        <Word id="w17">
          <Coords points="210,69 422,69 422,228 210,228"/>
          <TextEquiv>
            <Unicode>يعلمكم</Unicode>
          </TextEquiv>
        </Word>
        <Word id="w18">
          <Coords points="186,134 198,134 198,182 186,182"/>
          <TextEquiv>
            <Unicode>ا</Unicode>
          </TextEquiv>
        </Word>
        <Word id="w19">
          <Coords points="120,154 181,154 181,193 120,193"/>
          <TextEquiv>
            <Unicode>لله</Unicode>
          </TextEquiv>
        </Word>
        <TextEquiv>
          <Unicode> و ا ن تفعلو ا فا نه فسو ق بكم و ا تقو ا ا لله و يعلمكم ا لله</Unicode>
        </TextEquiv>
      </TextLine>
      <TextLine id="l1">
        <Coords points="104,248 1335,248 1335,393 104,393"/>
        <Word id="w20">
          <Coords points="1296,329 1334,329 1334,375 1296,375"/>
          <TextEquiv>
            <Unicode>و</Unicode>
          </TextEquiv>
        </Word>
        <Word id="w21">
          <Coords points="1284,293 1308,293 1308,356 1284,356"/>
          <TextEquiv>
            <Unicode>ا</Unicode>
          </TextEquiv>
        </Word>
        <Word id="w22">
          <Coords points="1209,319 1285,319 1285,362 1209,362"/>
          <TextEquiv>
            <Unicode>لله</Unicode>
          </TextEquiv>
        </Word>
        <Word id="w23">
          <Coords points="1098,261 1225,261 1225,388 1098,388"/>
          <TextEquiv>
            <Unicode>بكل</Unicode>
          </TextEquiv>
        </Word>
        <Word id="w24">
          <Coords points="1031,326 1110,326 1110,374 1031,374"/>
          <TextEquiv>
            <Unicode>سى</Unicode>
          </TextEquiv>
        </Word>
        <Word id="w25">
          <Coords points="1008,314 1031,314 1031,343 1008,343"/>
          <TextEquiv>
            <Unicode>ء</Unicode>
          </TextEquiv>
        </Word>
        <Word id="w26">
          <Coords points="833,287 988,287 988,382 833,382"/>
          <TextEquiv>
            <Unicode>عليم</Unicode>
          </TextEquiv>
        </Word>
        <Word id="w27">
          <Coords points="703,329 742,329 742,379 703,379"/>
          <TextEquiv>
            <Unicode>و</Unicode>
          </TextEquiv>
        </Word>
        <Word id="w28">
          <Coords points="691,299 702,299 702,350 691,350"/>
          <TextEquiv>
            <Unicode>ا</Unicode>
          </TextEquiv>
        </Word>
        <Word id="w29">
          <Coords points="637,309 688,309 688,373 637,373"/>
          <TextEquiv>
            <Unicode>ن</Unicode>
          </TextEquiv>
        </Word>
        <Word id="w30">
          <Coords points="513,248 686,248 686,374 513,374"/>
          <TextEquiv>
            <Unicode>كنتم</Unicode>
          </TextEquiv>
        </Word>
        <Word id="w31">
          <Coords points="423,291 499,291 499,392 423,392"/>
          <TextEquiv>
            <Unicode>عى</Unicode>
          </TextEquiv>
        </Word>
        <Word id="w32">
          <Coords points="309,285 433,285 433,387 309,387"/>
          <TextEquiv>
            <Unicode>سفر</Unicode>
          </TextEquiv>
        </Word>
        <Word id="w33">
          <Coords points="277,316 319,316 319,365 277,365"/>
          <TextEquiv>
            <Unicode>و</Unicode>
          </TextEquiv>
        </Word>
        <Word id="w34">
          <Coords points="230,283 278,283 278,371 230,371"/>
          <TextEquiv>
            <Unicode>لم</Unicode>
          </TextEquiv>
        </Word>
        <Word id="w35">
          <Coords points="150,289 232,289 232,371 150,371"/>
          <TextEquiv>
            <Unicode>تجد</Unicode>
          </TextEquiv>
        </Word>
        <Word id="w36">
          <Coords points="110,328 148,328 148,372 110,372"/>
          <TextEquiv>
            <Unicode>و</Unicode>
          </TextEquiv>
        </Word>
        <Word id="w37">
          <Coords points="104,290 117,290 117,351 104,351"/>
          <TextEquiv>
            <Unicode>ا</Unicode>
          </TextEquiv>
        </Word>
        <TextEquiv>
          <Unicode> و ا لله بكل سى ء عليم و ا ن كنتم عى سفر و لم تجد و ا</Unicode>
        </TextEquiv>
      </TextLine>
      <TextLine id="l2">
        <Coords points="121,421 1354,421 1354,570 121,570"/>
        <Word id="w38">
          <Coords points="1288,441 1353,441 1353,535 1288,535"/>
          <TextEquiv>
            <Unicode>كا</Unicode>
          </TextEquiv>
        </Word>
        <Word id="w39">
          <Coords points="1183,458 1276,458 1276,539 1183,539"/>
          <TextEquiv>
            <Unicode>تبا</Unicode>
          </TextEquiv>
        </Word>
        <Word id="w40">
          <Coords points="1127,462 1178,462 1178,551 1127,551"/>
          <TextEquiv>
            <Unicode>فر</Unicode>
          </TextEquiv>
        </Word>
        <Word id="w41">
          <Coords points="1011,447 1125,447 1125,526 1011,526"/>
          <TextEquiv>
            <Unicode>ها</Unicode>
          </TextEquiv>
        </Word>
        <Word id="w42">
          <Coords points="953,466 994,466 994,533 953,533"/>
          <TextEquiv>
            <Unicode>ن</Unicode>
          </TextEquiv>
        </Word>
        <Word id="w43">
          <Coords points="813,463 947,463 947,546 813,546"/>
          <TextEquiv>
            <Unicode>مقبو</Unicode>
          </TextEquiv>
        </Word>
        <Word id="w44">
          <Coords points="714,470 818,470 818,531 714,531"/>
          <TextEquiv>
            <Unicode>ضه</Unicode>
          </TextEquiv>
        </Word>
        <Word id="w45">
          <Coords points="667,449 708,449 708,527 667,527"/>
          <TextEquiv>
            <Unicode>فا</Unicode>
          </TextEquiv>
        </Word>
        <Word id="w46">
          <Coords points="610,465 649,465 649,534 610,534"/>
          <TextEquiv>
            <Unicode>ن</Unicode>
          </TextEquiv>
        </Word>
        <Word id="w47">
          <Coords points="577,453 593,453 593,517 577,517"/>
          <TextEquiv>
            <Unicode>ا</Unicode>
          </TextEquiv>
        </Word>
        <Word id="w48">
          <Coords points="496,478 573,478 573,535 496,535"/>
          <TextEquiv>
            <Unicode>من</Unicode>
          </TextEquiv>
        </Word>
        <Word id="w49">
          <Coords points="320,421 493,421 493,569 320,569"/>
          <TextEquiv>
            <Unicode>بعضكم</Unicode>
          </TextEquiv>
        </Word>
        <Word id="w50">
          <Coords points="121,429 306,429 306,550 121,550"/>
          <TextEquiv>
            <Unicode>بعضا</Unicode>
          </TextEquiv>
        </Word>
        <TextEquiv>
          <Unicode> كا تبا فر ها ن مقبو ضه فا ن ا من بعضكم بعضا</Unicode>
        </TextEquiv>
      </TextLine>
      <TextLine id="l3">
        <Coords points="100,568 1336,568 1336,727 100,727"/>
        <Word id="w51">
          <Coords points="1229,622 1335,622 1335,723 1229,723"/>
          <TextEquiv>
            <Unicode>فليؤ</Unicode>
          </TextEquiv>
        </Word>
        <Word id="w52">
          <Coords points="1197,654 1226,654 1226,705 1197,705"/>
          <TextEquiv>
            <Unicode>د</Unicode>
          </TextEquiv>
        </Word>
        <Word id="w53">
          <Coords points="1134,648 1190,648 1190,704 1134,704"/>
          <TextEquiv>
            <Unicode>ى</Unicode>
          </TextEquiv>
        </Word>
        <Word id="w54">
          <Coords points="1117,634 1133,634 1133,689 1117,689"/>
          <TextEquiv>
            <Unicode>ا</Unicode>
          </TextEquiv>
        </Word>
        <Word id="w55">
          <Coords points="1056,633 1108,633 1108,698 1056,698"/>
          <TextEquiv>
            <Unicode>لذ</Unicode>
          </TextEquiv>
        </Word>
        <Word id="w56">
          <Coords points="986,645 1044,645 1044,708 986,708"/>
          <TextEquiv>
            <Unicode>ى</Unicode>
          </TextEquiv>
        </Word>
        <Word id="w57">
          <Coords points="960,631 971,631 971,680 960,680"/>
          <TextEquiv>
            <Unicode>ا</Unicode>
          </TextEquiv>
        </Word>
        <Word id="w58">
          <Coords points="916,629 955,629 955,708 916,708"/>
          <TextEquiv>
            <Unicode>ؤ</Unicode>
          </TextEquiv>
        </Word>
        <Word id="w59">
          <Coords points="834,629 909,629 909,716 834,716"/>
          <TextEquiv>
            <Unicode>تمن</Unicode>
          </TextEquiv>
        </Word>
        <Word id="w60">
          <Coords points="821,627 833,627 833,684 821,684"/>
          <TextEquiv>
            <Unicode>ا</Unicode>
          </TextEquiv>
        </Word>
        <Word id="w61">
          <Coords points="770,618 815,618 815,694 770,694"/>
          <TextEquiv>
            <Unicode>ما</Unicode>
          </TextEquiv>
        </Word>
        <Word id="w62">
          <Coords points="673,641 759,641 759,694 673,694"/>
          <TextEquiv>
            <Unicode>نته</Unicode>
          </TextEquiv>
        </Word>
        <Word id="w63">
          <Coords points="614,656 660,656 660,703 614,703"/>
          <TextEquiv>
            <Unicode>و</Unicode>
          </TextEquiv>
        </Word>
        <Word id="w64">
          <Coords points="506,618 624,618 624,716 506,716"/>
          <TextEquiv>
            <Unicode>ليتق</Unicode>
          </TextEquiv>
        </Word>
        <Word id="w65">
          <Coords points="485,633 499,633 499,685 485,685"/>
          <TextEquiv>
            <Unicode>ا</Unicode>
          </TextEquiv>
        </Word>
        <Word id="w66">
          <Coords points="410,644 484,644 484,695 410,695"/>
          <TextEquiv>
            <Unicode>لله</Unicode>
          </TextEquiv>
        </Word>
        <Word id="w67">
          <Coords points="365,657 404,657 404,704 365,704"/>
          <TextEquiv>
            <Unicode>ر</Unicode>
          </TextEquiv>
        </Word>
        <Word id="w68">
          <Coords points="318,655 364,655 364,726 318,726"/>
          <TextEquiv>
            <Unicode>به</Unicode>
          </TextEquiv>
        </Word>
        <Word id="w69">
          <Coords points="269,662 314,662 314,708 269,708"/>
          <TextEquiv>
            <Unicode>و</Unicode>
          </TextEquiv>
        </Word>
        <Word id="w70">
          <Coords points="227,627 279,627 279,696 227,696"/>
          <TextEquiv>
            <Unicode>لا</Unicode>
          </TextEquiv>
        </Word>
        <Word id="w71">
          <Coords points="109,568 263,568 263,710 109,710"/>
          <TextEquiv>
            <Unicode>تكمو</Unicode>
          </TextEquiv>
        </Word>
        <Word id="w72">
          <Coords points="100,629 124,629 124,693 100,693"/>
          <TextEquiv>
            <Unicode>ا</Unicode>
          </TextEquiv>
        </Word>
        <TextEquiv>
          <Unicode> فليؤ د ى ا لذ ى ا ؤ تمن ا ما نته و ليتق ا لله ر به و لا تكمو ا</Unicode>
        </TextEquiv>
      </TextLine>
      <TextLine id="l4">
        <Coords points="94,768 1355,768 1355,893 94,893"/>
        <Word id="w73">
          <Coords points="1338,784 1354,784 1354,848 1338,848"/>
          <TextEquiv>
            <Unicode>ا</Unicode>
          </TextEquiv>
        </Word>
        <Word id="w74">
          <Coords points="1210,772 1332,772 1332,882 1210,882"/>
          <TextEquiv>
            <Unicode>لشها</Unicode>
          </TextEquiv>
        </Word>
        <Word id="w75">
          <Coords points="1178,816 1202,816 1202,856 1178,856"/>
          <TextEquiv>
            <Unicode>د</Unicode>
          </TextEquiv>
        </Word>
        <Word id="w76">
          <Coords points="1141,795 1164,795 1164,849 1141,849"/>
          <TextEquiv>
            <Unicode>ة</Unicode>
          </TextEquiv>
        </Word>
        <Word id="w77">
          <Coords points="1088,812 1132,812 1132,866 1088,866"/>
          <TextEquiv>
            <Unicode>و</Unicode>
          </TextEquiv>
        </Word>
        <Word id="w78">
          <Coords points="1019,808 1090,808 1090,882 1019,882"/>
          <TextEquiv>
            <Unicode>من</Unicode>
          </TextEquiv>
        </Word>
        <Word id="w79">
          <Coords points="752,779 1010,779 1010,892 752,892"/>
          <TextEquiv>
            <Unicode>يكتمهما</Unicode>
          </TextEquiv>
        </Word>
        <Word id="w80">
          <Coords points="710,789 744,789 744,858 710,858"/>
          <TextEquiv>
            <Unicode>فا</Unicode>
          </TextEquiv>
        </Word>
        <Word id="w81">
          <Coords points="659,807 698,807 698,860 659,860"/>
          <TextEquiv>
            <Unicode>نه</Unicode>
          </TextEquiv>
        </Word>
        <Word id="w82">
          <Coords points="624,793 645,793 645,846 624,846"/>
          <TextEquiv>
            <Unicode>ا</Unicode>
          </TextEquiv>
        </Word>
        <Word id="w83">
          <Coords points="556,768 625,768 625,872 556,872"/>
          <TextEquiv>
            <Unicode>ثم</Unicode>
          </TextEquiv>
        </Word>
        <Word id="w84">
          <Coords points="447,791 558,791 558,877 447,877"/>
          <TextEquiv>
            <Unicode>قلبه</Unicode>
          </TextEquiv>
        </Word>
        <Word id="w85">
          <Coords points="397,814 435,814 435,870 397,870"/>
          <TextEquiv>
            <Unicode>و</Unicode>
          </TextEquiv>
        </Word>
        <Word id="w86">
          <Coords points="388,787 407,787 407,842 388,842"/>
          <TextEquiv>
            <Unicode>ا</Unicode>
          </TextEquiv>
        </Word>
        <Word id="w87">
          <Coords points="315,811 382,811 382,852 315,852"/>
          <TextEquiv>
            <Unicode>لله</Unicode>
          </TextEquiv>
        </Word>
        <Word id="w88">
          <Coords points="258,789 315,789 315,872 258,872"/>
          <TextEquiv>
            <Unicode>بما</Unicode>
          </TextEquiv>
        </Word>
        <Word id="w89">
          <Coords points="142,788 246,788 246,873 142,873"/>
          <TextEquiv>
            <Unicode>تعملو</Unicode>
          </TextEquiv>
        </Word>
        <Word id="w90">
          <Coords points="94,793 144,793 144,862 94,862"/>
          <TextEquiv>
            <Unicode>ن</Unicode>
          </TextEquiv>
        </Word>
        <TextEquiv>
          <Unicode> ا لشها د ة و من يكتمهما فا نه ا ثم قلبه و ا لله بما تعملو ن</Unicode>
        </TextEquiv>
      </TextLine>
      <TextLine id="l5">
        <Coords points="111,942 1353,942 1353,1050 111,1050"/>
        <Word id="w91">
          <Coords points="1257,965 1352,965 1352,1046 1257,1046"/>
          <TextEquiv>
            <Unicode>عليم</Unicode>
          </TextEquiv>
        </Word>
        <Word id="w92">
          <Coords points="1074,965 1133,965 1133,1014 1074,1014"/>
          <TextEquiv>
            <Unicode>لله</Unicode>
          </TextEquiv>
        </Word>
        <Word id="w93">
          <Coords points="1009,960 1063,960 1063,1017 1009,1017"/>
          <TextEquiv>
            <Unicode>ما</Unicode>
          </TextEquiv>
        </Word>
        <Word id="w94">
          <Coords points="959,953 1010,953 1010,1041 959,1041"/>
          <TextEquiv>
            <Unicode>فى</Unicode>
          </TextEquiv>
        </Word>
        <Word id="w95">
          <Coords points="949,952 961,952 961,999 949,999"/>
          <TextEquiv>
            <Unicode>ا</Unicode>
          </TextEquiv>
        </Word>
        <Word id="w96">
          <Coords points="809,957 932,957 932,1049 809,1049"/>
          <TextEquiv>
            <Unicode>لسمو</Unicode>
          </TextEquiv>
        </Word>
        <Word id="w97">
          <Coords points="735,975 803,975 803,1023 735,1023"/>
          <TextEquiv>
            <Unicode>ت</Unicode>
          </TextEquiv>
        </Word>
        <Word id="w98">
          <Coords points="674,980 725,980 725,1034 674,1034"/>
          <TextEquiv>
            <Unicode>و</Unicode>
          </TextEquiv>
        </Word>
        <Word id="w99">
          <Coords points="646,953 691,953 691,1019 646,1019"/>
          <TextEquiv>
            <Unicode>ما</Unicode>
          </TextEquiv>
        </Word>
        <Word id="w100">
          <Coords points="575,942 648,942 648,1024 575,1024"/>
          <TextEquiv>
            <Unicode>فى</Unicode>
          </TextEquiv>
        </Word>
        <Word id="w101">
          <Coords points="543,958 559,958 559,1014 543,1014"/>
          <TextEquiv>
            <Unicode>ا</Unicode>
          </TextEquiv>
        </Word>
        <Word id="w102">
          <Coords points="488,961 533,961 533,1030 488,1030"/>
          <TextEquiv>
            <Unicode>لا</Unicode>
          </TextEquiv>
        </Word>
        <Word id="w103">
          <Coords points="420,983 493,983 493,1040 420,1040"/>
          <TextEquiv>
            <Unicode>ر</Unicode>
          </TextEquiv>
        </Word>
        <Word id="w104">
          <Coords points="365,965 442,965 442,1040 365,1040"/>
          <TextEquiv>
            <Unicode>ض</Unicode>
          </TextEquiv>
        </Word>
        <Word id="w105">
          <Coords points="320,990 356,990 356,1039 320,1039"/>
          <TextEquiv>
            <Unicode>و</Unicode>
          </TextEquiv>
        </Word>
        <Word id="w106">
          <Coords points="311,970 320,970 320,1015 311,1015"/>
          <TextEquiv>
            <Unicode>ا</Unicode>
          </TextEquiv>
        </Word>
        <Word id="w107">
          <Coords points="258,976 302,976 302,1034 258,1034"/>
          <TextEquiv>
            <Unicode>ن</Unicode>
          </TextEquiv>
        </Word>
        <Word id="w108">
          <Coords points="169,971 253,971 253,1049 169,1049"/>
          <TextEquiv>
            <Unicode>تبد</Unicode>
          </TextEquiv>
        </Word>
        <Word id="w109">
          <Coords points="121,986 160,986 160,1032 121,1032"/>
          <TextEquiv>
            <Unicode>و</Unicode>
          </TextEquiv>
        </Word>
        <Word id="w110">
          <Coords points="111,955 120,955 120,1005 111,1005"/>
          <TextEquiv>
            <Unicode>ا</Unicode>
          </TextEquiv>
        </Word>
        <TextEquiv>
          <Unicode> عليم لله ما فى ا لسمو ت و ما فى ا لا ر ض و ا ن تبد و ا</Unicode>
        </TextEquiv>
      </TextLine>
      <TextLine id="l6">
        <Coords points="100,1065 1359,1065 1359,1235 100,1235"/>
        <Word id="w111">
          <Coords points="1311,1118 1358,1118 1358,1181 1311,1181"/>
          <TextEquiv>
            <Unicode>ما</Unicode>
          </TextEquiv>
        </Word>
        <Word id="w112">
          <Coords points="1214,1097 1305,1097 1305,1190 1214,1190"/>
          <TextEquiv>
            <Unicode>في</Unicode>
          </TextEquiv>
        </Word>
        <Word id="w113">
          <Coords points="1173,1108 1193,1108 1193,1173 1173,1173"/>
          <TextEquiv>
            <Unicode>ا</Unicode>
          </TextEquiv>
        </Word>
        <Word id="w114">
          <Coords points="1010,1080 1169,1080 1169,1234 1010,1234"/>
          <TextEquiv>
            <Unicode>نفسكم</Unicode>
          </TextEquiv>
        </Word>
        <Word id="w115">
          <Coords points="988,1122 999,1122 999,1169 988,1169"/>
          <TextEquiv>
            <Unicode>ا</Unicode>
          </TextEquiv>
        </Word>
        <Word id="w116">
          <Coords points="938,1146 977,1146 977,1194 938,1194"/>
          <TextEquiv>
            <Unicode>و</Unicode>
          </TextEquiv>
        </Word>
        <Word id="w117">
          <Coords points="781,1103 939,1103 939,1213 781,1213"/>
          <TextEquiv>
            <Unicode>تخفو</Unicode>
          </TextEquiv>
        </Word>
        <Word id="w118">
          <Coords points="769,1142 797,1142 797,1164 769,1164"/>
          <TextEquiv>
            <Unicode>ه</Unicode>
          </TextEquiv>
        </Word>
        <Word id="w119">
          <Coords points="689,1123 756,1123 756,1202 689,1202"/>
          <TextEquiv>
            <Unicode>يحا</Unicode>
          </TextEquiv>
        </Word>
        <Word id="w120">
          <Coords points="527,1065 678,1065 678,1197 527,1197"/>
          <TextEquiv>
            <Unicode>سبكم</Unicode>
          </TextEquiv>
        </Word>
        <Word id="w121">
          <Coords points="485,1143 526,1143 526,1195 485,1195"/>
          <TextEquiv>
            <Unicode>به</Unicode>
          </TextEquiv>
        </Word>
        <Word id="w122">
          <Coords points="463,1115 480,1115 480,1168 463,1168"/>
          <TextEquiv>
            <Unicode>ا</Unicode>
          </TextEquiv>
        </Word>
        <Word id="w123">
          <Coords points="394,1140 460,1140 460,1186 394,1186"/>
          <TextEquiv>
            <Unicode>لله</Unicode>
          </TextEquiv>
        </Word>
        <Word id="w124">
          <Coords points="180,1124 386,1124 386,1208 180,1208"/>
          <TextEquiv>
            <Unicode>فيغفر</Unicode>
          </TextEquiv>
        </Word>
        <Word id="w125">
          <Coords points="100,1106 188,1106 188,1198 100,1198"/>
          <TextEquiv>
            <Unicode>لمن</Unicode>
          </TextEquiv>
        </Word>
        <TextEquiv>
          <Unicode> ما في ا نفسكم ا و تخفو ه يحا سبكم به ا لله فيغفر لمن</Unicode>
        </TextEquiv>
      </TextLine>
      <TextLine id="l7">
        <Coords points="167,1282 1361,1282 1361,1383 167,1383"/>
        <Word id="w126">
          <Coords points="1264,1288 1360,1288 1360,1377 1264,1377"/>
          <TextEquiv>
            <Unicode>يشا</Unicode>
          </TextEquiv>
        </Word>
        <Word id="w127">
          <Coords points="1242,1309 1263,1309 1263,1340 1242,1340"/>
          <TextEquiv>
            <Unicode>ء</Unicode>
          </TextEquiv>
        </Word>
        <Word id="w128">
          <Coords points="1181,1310 1223,1310 1223,1358 1181,1358"/>
          <TextEquiv>
            <Unicode>و</Unicode>
          </TextEquiv>
        </Word>
        <Word id="w129">
          <Coords points="1097,1296 1182,1296 1182,1375 1097,1375"/>
          <TextEquiv>
            <Unicode>يعذ</Unicode>
          </TextEquiv>
        </Word>
        <Word id="w130">
          <Coords points="1032,1313 1093,1313 1093,1371 1032,1371"/>
          <TextEquiv>
            <Unicode>ب</Unicode>
          </TextEquiv>
        </Word>
        <Word id="w131">
          <Coords points="945,1297 1026,1297 1026,1373 945,1373"/>
          <TextEquiv>
            <Unicode>من</Unicode>
          </TextEquiv>
        </Word>
        <Word id="w132">
          <Coords points="840,1288 943,1288 943,1369 840,1369"/>
          <TextEquiv>
            <Unicode>يشا</Unicode>
          </TextEquiv>
        </Word>
        <Word id="w133">
          <Coords points="814,1315 836,1315 836,1344 814,1344"/>
          <TextEquiv>
            <Unicode>ء</Unicode>
          </TextEquiv>
        </Word>
        <Word id="w134">
          <Coords points="763,1311 801,1311 801,1362 763,1362"/>
          <TextEquiv>
            <Unicode>و</Unicode>
          </TextEquiv>
        </Word>
        <Word id="w135">
          <Coords points="747,1289 758,1289 758,1338 747,1338"/>
          <TextEquiv>
            <Unicode>ا</Unicode>
          </TextEquiv>
        </Word>
        <Word id="w136">
          <Coords points="667,1301 736,1301 736,1361 667,1361"/>
          <TextEquiv>
            <Unicode>لله</Unicode>
          </TextEquiv>
        </Word>
        <Word id="w137">
          <Coords points="572,1288 645,1288 645,1382 572,1382"/>
          <TextEquiv>
            <Unicode>على</Unicode>
          </TextEquiv>
        </Word>
        <Word id="w138">
          <Coords points="386,1294 597,1294 597,1378 386,1378"/>
          <TextEquiv>
            <Unicode>كل</Unicode>
          </TextEquiv>
        </Word>
        <Word id="w139">
          <Coords points="307,1319 394,1319 394,1367 307,1367"/>
          <TextEquiv>
            <Unicode>سى</Unicode>
          </TextEquiv>
        </Word>
        <Word id="w140">
          <Coords points="299,1300 321,1300 321,1321 299,1321"/>
          <TextEquiv>
            <Unicode>ء</Unicode>
          </TextEquiv>
        </Word>
        <Word id="w141">
          <Coords points="220,1282 284,1282 284,1357 220,1357"/>
          <TextEquiv>
            <Unicode>قد</Unicode>
          </TextEquiv>
        </Word>
        <Word id="w142">
          <Coords points="167,1326 216,1326 216,1364 167,1364"/>
          <TextEquiv>
            <Unicode>ير</Unicode>
          </TextEquiv>
        </Word>
        <TextEquiv>
          <Unicode> يشا ء و يعذ ب من يشا ء و ا لله على كل سى ء قد ير</Unicode>
        </TextEquiv>
      </TextLine>
      <TextLine id="l8">
        <Coords points="96,1408 1358,1408 1358,1545 96,1545"/>
        <Word id="w143">
          <Coords points="1349,1453 1357,1453 1357,1497 1349,1497"/>
          <TextEquiv>
            <Unicode>ا</Unicode>
          </TextEquiv>
        </Word>
        <Word id="w144">
          <Coords points="1263,1474 1345,1474 1345,1541 1263,1541"/>
          <TextEquiv>
            <Unicode>من</Unicode>
          </TextEquiv>
        </Word>
        <Word id="w145">
          <Coords points="1244,1450 1256,1450 1256,1500 1244,1500"/>
          <TextEquiv>
            <Unicode>ا</Unicode>
          </TextEquiv>
        </Word>
        <Word id="w146">
          <Coords points="1185,1453 1228,1453 1228,1529 1185,1529"/>
          <TextEquiv>
            <Unicode>لر</Unicode>
          </TextEquiv>
        </Word>
        <Word id="w147">
          <Coords points="1102,1488 1194,1488 1194,1530 1102,1530"/>
          <TextEquiv>
            <Unicode>سو</Unicode>
          </TextEquiv>
        </Word>
        <Word id="w148">
          <Coords points="1070,1440 1103,1440 1103,1519 1070,1519"/>
          <TextEquiv>
            <Unicode>ل</Unicode>
          </TextEquiv>
        </Word>
        <Word id="w149">
          <Coords points="999,1456 1069,1456 1069,1540 999,1540"/>
          <TextEquiv>
            <Unicode>بما</Unicode>
          </TextEquiv>
        </Word>
        <Word id="w150">
          <Coords points="974,1451 989,1451 989,1504 974,1504"/>
          <TextEquiv>
            <Unicode>ا</Unicode>
          </TextEquiv>
        </Word>
        <Word id="w151">
          <Coords points="913,1457 970,1457 970,1532 913,1532"/>
          <TextEquiv>
            <Unicode>نز</Unicode>
          </TextEquiv>
        </Word>
        <Word id="w152">
          <Coords points="866,1442 920,1442 920,1520 866,1520"/>
          <TextEquiv>
            <Unicode>ل</Unicode>
          </TextEquiv>
        </Word>
        <Word id="w153">
          <Coords points="841,1443 860,1443 860,1514 841,1514"/>
          <TextEquiv>
            <Unicode>ا</Unicode>
          </TextEquiv>
        </Word>
        <Word id="w154">
          <Coords points="750,1448 830,1448 830,1531 750,1531"/>
          <TextEquiv>
            <Unicode>ليه</Unicode>
          </TextEquiv>
        </Word>
        <Word id="w155">
          <Coords points="665,1462 736,1462 736,1532 665,1532"/>
          <TextEquiv>
            <Unicode>من</Unicode>
          </TextEquiv>
        </Word>
        <Word id="w156">
          <Coords points="620,1484 659,1484 659,1527 620,1527"/>
          <TextEquiv>
            <Unicode>ر</Unicode>
          </TextEquiv>
        </Word>
        <Word id="w157">
          <Coords points="580,1466 623,1466 623,1544 580,1544"/>
          <TextEquiv>
            <Unicode>به</Unicode>
          </TextEquiv>
        </Word>
        <Word id="w158">
          <Coords points="515,1484 557,1484 557,1533 515,1533"/>
          <TextEquiv>
            <Unicode>و</Unicode>
          </TextEquiv>
        </Word>
        <Word id="w159">
          <Coords points="492,1449 516,1449 516,1508 492,1508"/>
          <TextEquiv>
            <Unicode>ا</Unicode>
          </TextEquiv>
        </Word>
        <Word id="w160">
          <Coords points="432,1455 499,1455 499,1536 432,1536"/>
          <TextEquiv>
            <Unicode>لمو</Unicode>
          </TextEquiv>
        </Word>
        <Word id="w161">
          <Coords points="328,1479 435,1479 435,1541 328,1541"/>
          <TextEquiv>
            <Unicode>منو</Unicode>
          </TextEquiv>
        </Word>
        <Word id="w162">
          <Coords points="297,1466 332,1466 332,1524 297,1524"/>
          <TextEquiv>
            <Unicode>ن</Unicode>
          </TextEquiv>
        </Word>
        <Word id="w163">
          <Coords points="210,1408 333,1408 333,1543 210,1543"/>
          <TextEquiv>
            <Unicode>كل</Unicode>
          </TextEquiv>
        </Word>
        <Word id="w164">
          <Coords points="196,1444 215,1444 215,1502 196,1502"/>
          <TextEquiv>
            <Unicode>ا</Unicode>
          </TextEquiv>
        </Word>
        <Word id="w165">
          <Coords points="96,1479 203,1479 203,1538 96,1538"/>
          <TextEquiv>
            <Unicode>من</Unicode>
          </TextEquiv>
        </Word>
        <TextEquiv>
          <Unicode> ا من ا لر سو ل بما ا نز ل ا ليه من ر به و ا لمو منو ن كل ا من</Unicode>
        </TextEquiv>
      </TextLine>
      <TextLine id="l9">
        <Coords points="99,1561 1361,1561 1361,1733 99,1733"/>
        <Word id="w166">
          <Coords points="1332,1609 1360,1609 1360,1700 1332,1700"/>
          <TextEquiv>
            <Unicode>با</Unicode>
          </TextEquiv>
        </Word>
        <Word id="w167">
          <Coords points="1256,1634 1332,1634 1332,1689 1256,1689"/>
          <TextEquiv>
            <Unicode>لله</Unicode>
          </TextEquiv>
        </Word>
        <Word id="w168">
          <Coords points="1200,1647 1252,1647 1252,1698 1200,1698"/>
          <TextEquiv>
            <Unicode>و</Unicode>
          </TextEquiv>
        </Word>
        <Word id="w169">
          <Coords points="1121,1636 1220,1636 1220,1688 1121,1688"/>
          <TextEquiv>
            <Unicode>ملا</Unicode>
          </TextEquiv>
        </Word>
        <Word id="w170">
          <Coords points="991,1561 1143,1561 1143,1692 991,1692"/>
          <TextEquiv>
            <Unicode>ئكته</Unicode>
          </TextEquiv>
        </Word>
        <Word id="w171">
          <Coords points="936,1647 982,1647 982,1704 936,1704"/>
          <TextEquiv>
            <Unicode>و</Unicode>
          </TextEquiv>
        </Word>
        <Word id="w172">
          <Coords points="687,1612 944,1612 944,1712 687,1712"/>
          <TextEquiv>
            <Unicode>كتبه</Unicode>
          </TextEquiv>
        </Word>
        <Word id="w173">
          <Coords points="632,1643 684,1643 684,1703 632,1703"/>
          <TextEquiv>
            <Unicode>و</Unicode>
          </TextEquiv>
        </Word>
        <Word id="w174">
          <Coords points="604,1653 638,1653 638,1691 604,1691"/>
          <TextEquiv>
            <Unicode>ر</Unicode>
          </TextEquiv>
        </Word>
        <Word id="w175">
          <Coords points="501,1618 597,1618 597,1683 501,1683"/>
          <TextEquiv>
            <Unicode>سله</Unicode>
          </TextEquiv>
        </Word>
        <Word id="w176">
          <Coords points="435,1619 484,1619 484,1692 435,1692"/>
          <TextEquiv>
            <Unicode>لا</Unicode>
          </TextEquiv>
        </Word>
        <Word id="w177">
          <Coords points="307,1628 434,1628 434,1711 307,1711"/>
          <TextEquiv>
            <Unicode>نفر</Unicode>
          </TextEquiv>
        </Word>
        <Word id="w178">
          <Coords points="248,1630 301,1630 301,1704 248,1704"/>
          <TextEquiv>
            <Unicode>ق</Unicode>
          </TextEquiv>
        </Word>
        <Word id="w179">
          <Coords points="99,1634 246,1634 246,1732 99,1732"/>
          <TextEquiv>
            <Unicode>بين</Unicode>
          </TextEquiv>
        </Word>
        <TextEquiv>
          <Unicode> با لله و ملا ئكته و كتبه و ر سله لا نفر ق بين</Unicode>
        </TextEquiv>
      </TextLine>
      <TextLine id="l10">
        <Coords points="81,1770 1363,1770 1363,1885 81,1885"/>
        <Word id="w180">
          <Coords points="1345,1770 1362,1770 1362,1836 1345,1836"/>
          <TextEquiv>
            <Unicode>ا</Unicode>
          </TextEquiv>
        </Word>
        <Word id="w181">
          <Coords points="1262,1790 1345,1790 1345,1841 1262,1841"/>
          <TextEquiv>
            <Unicode>حد</Unicode>
          </TextEquiv>
        </Word>
        <Word id="w182">
          <Coords points="1179,1800 1260,1800 1260,1860 1179,1860"/>
          <TextEquiv>
            <Unicode>من</Unicode>
          </TextEquiv>
        </Word>
        <Word id="w183">
          <Coords points="1143,1809 1175,1809 1175,1847 1143,1847"/>
          <TextEquiv>
            <Unicode>ر</Unicode>
          </TextEquiv>
        </Word>
        <Word id="w184">
          <Coords points="1030,1789 1145,1789 1145,1849 1030,1849"/>
          <TextEquiv>
            <Unicode>سله</Unicode>
          </TextEquiv>
        </Word>
        <Word id="w185">
          <Coords points="978,1806 1026,1806 1026,1852 978,1852"/>
          <TextEquiv>
            <Unicode>و</Unicode>
          </TextEquiv>
        </Word>
        <Word id="w186">
          <Coords points="947,1772 988,1772 988,1841 947,1841"/>
          <TextEquiv>
            <Unicode>قا</Unicode>
          </TextEquiv>
        </Word>
        <Word id="w187">
          <Coords points="880,1784 936,1784 936,1861 880,1861"/>
          <TextEquiv>
            <Unicode>لو</Unicode>
          </TextEquiv>
        </Word>
        <Word id="w188">
          <Coords points="864,1772 882,1772 882,1828 864,1828"/>
          <TextEquiv>
            <Unicode>ا</Unicode>
          </TextEquiv>
        </Word>
        <Word id="w189">
          <Coords points="708,1771 855,1771 855,1850 708,1850"/>
          <TextEquiv>
            <Unicode>سمعنا</Unicode>
          </TextEquiv>
        </Word>
        <Word id="w190">
          <Coords points="658,1809 704,1809 704,1866 658,1866"/>
          <TextEquiv>
            <Unicode>و</Unicode>
          </TextEquiv>
        </Word>
        <Word id="w191">
          <Coords points="638,1776 657,1776 657,1838 638,1838"/>
          <TextEquiv>
            <Unicode>ا</Unicode>
          </TextEquiv>
        </Word>
        <Word id="w192">
          <Coords points="501,1771 641,1771 641,1845 501,1845"/>
          <TextEquiv>
            <Unicode>طعنا</Unicode>
          </TextEquiv>
        </Word>
        <Word id="w193">
          <Coords points="341,1777 356,1777 356,1838 341,1838"/>
          <TextEquiv>
            <Unicode>ا</Unicode>
          </TextEquiv>
        </Word>
        <Word id="w194">
          <Coords points="334,1788 492,1788 492,1884 334,1884"/>
          <TextEquiv>
            <Unicode>غفر</Unicode>
          </TextEquiv>
        </Word>
        <Word id="w195">
          <Coords points="251,1787 343,1787 343,1851 251,1851"/>
          <TextEquiv>
            <Unicode>نك</Unicode>
          </TextEquiv>
        </Word>
        <Word id="w196">
          <Coords points="199,1811 246,1811 246,1862 199,1862"/>
          <TextEquiv>
            <Unicode>ر</Unicode>
          </TextEquiv>
        </Word>
        <Word id="w197">
          <Coords points="81,1782 198,1782 198,1878 81,1878"/>
          <TextEquiv>
            <Unicode>بنا</Unicode>
          </TextEquiv>
        </Word>
        <TextEquiv>
          <Unicode> ا حد من ر سله و قا لو ا سمعنا و ا طعنا ا غفر نك ر بنا</Unicode>
        </TextEquiv>
      </TextLine>
      <TextLine id="l11">
        <Coords points="83,1891 1360,1891 1360,2049 83,2049"/>
        <Word id="w198">
          <Coords points="1308,1979 1359,1979 1359,2038 1308,2038"/>
          <TextEquiv>
            <Unicode>و</Unicode>
          </TextEquiv>
        </Word>
        <Word id="w199">
          <Coords points="1302,1950 1318,1950 1318,2008 1302,2008"/>
          <TextEquiv>
            <Unicode>ا</Unicode>
          </TextEquiv>
        </Word>
        <Word id="w200">
          <Coords points="1177,1958 1296,1958 1296,2044 1177,2044"/>
          <TextEquiv>
            <Unicode>ليك</Unicode>
          </TextEquiv>
        </Word>
        <Word id="w201">
          <Coords points="1151,1954 1164,1954 1164,2007 1151,2007"/>
          <TextEquiv>
            <Unicode>ا</Unicode>
          </TextEquiv>
        </Word>
        <Word id="w202">
          <Coords points="985,1943 1146,1943 1146,2048 985,2048"/>
          <TextEquiv>
            <Unicode>لمصير</Unicode>
          </TextEquiv>
        </Word>
        <Word id="w203">
          <Coords points="847,1950 897,1950 897,2022 847,2022"/>
          <TextEquiv>
            <Unicode>لا</Unicode>
          </TextEquiv>
        </Word>
        <Word id="w204">
          <Coords points="663,1891 872,1891 872,2036 663,2036"/>
          <TextEquiv>
            <Unicode>يكلف</Unicode>
          </TextEquiv>
        </Word>
        <Word id="w205">
          <Coords points="636,1935 649,1935 649,2005 636,2005"/>
          <TextEquiv>
            <Unicode>ا</Unicode>
          </TextEquiv>
        </Word>
        <Word id="w206">
          <Coords points="554,1969 632,1969 632,2014 554,2014"/>
          <TextEquiv>
            <Unicode>لله</Unicode>
          </TextEquiv>
        </Word>
        <Word id="w207">
          <Coords points="410,1936 549,1936 549,2021 410,2021"/>
          <TextEquiv>
            <Unicode>نفسا</Unicode>
          </TextEquiv>
        </Word>
        <Word id="w208">
          <Coords points="378,1946 394,1946 394,2006 378,2006"/>
          <TextEquiv>
            <Unicode>ا</Unicode>
          </TextEquiv>
        </Word>
        <Word id="w209">
          <Coords points="329,1951 376,1951 376,2025 329,2025"/>
          <TextEquiv>
            <Unicode>لا</Unicode>
          </TextEquiv>
        </Word>
        <Word id="w210">
          <Coords points="282,1980 326,1980 326,2024 282,2024"/>
          <TextEquiv>
            <Unicode>و</Unicode>
          </TextEquiv>
        </Word>
        <Word id="w211">
          <Coords points="83,1926 288,1926 288,2036 83,2036"/>
          <TextEquiv>
            <Unicode>سعها</Unicode>
          </TextEquiv>
        </Word>
        <TextEquiv>
          <Unicode> و ا ليك ا لمصير لا يكلف ا لله نفسا ا لا و سعها</Unicode>
        </TextEquiv>
      </TextLine>
      <TextLine id="l12">
        <Coords points="90,2055 1361,2055 1361,2214 90,2214"/>
        <Word id="w212">
          <Coords points="1284,2100 1360,2100 1360,2181 1284,2181"/>
          <TextEquiv>
            <Unicode>لها</Unicode>
          </TextEquiv>
        </Word>
        <Word id="w213">
          <Coords points="1227,2117 1288,2117 1288,2178 1227,2178"/>
          <TextEquiv>
            <Unicode>ما</Unicode>
          </TextEquiv>
        </Word>
        <Word id="w214">
          <Coords points="1047,2055 1260,2055 1260,2207 1047,2207"/>
          <TextEquiv>
            <Unicode>كسبت</Unicode>
          </TextEquiv>
        </Word>
        <Word id="w215">
          <Coords points="1007,2142 1047,2142 1047,2183 1007,2183"/>
          <TextEquiv>
            <Unicode>و</Unicode>
          </TextEquiv>
        </Word>
        <Word id="w216">
          <Coords points="852,2082 996,2082 996,2207 852,2207"/>
          <TextEquiv>
            <Unicode>عليها</Unicode>
          </TextEquiv>
        </Word>
        <Word id="w217">
          <Coords points="796,2107 856,2107 856,2172 796,2172"/>
          <TextEquiv>
            <Unicode>ما</Unicode>
          </TextEquiv>
        </Word>
        <Word id="w218">
          <Coords points="767,2101 789,2101 789,2165 767,2165"/>
          <TextEquiv>
            <Unicode>ا</Unicode>
          </TextEquiv>
        </Word>
        <Word id="w219">
          <Coords points="548,2059 812,2059 812,2213 548,2213"/>
          <TextEquiv>
            <Unicode>كتسبت</Unicode>
          </TextEquiv>
        </Word>
        <Word id="w220">
          <Coords points="489,2141 537,2141 537,2197 489,2197"/>
          <TextEquiv>
            <Unicode>ر</Unicode>
          </TextEquiv>
        </Word>
        <Word id="w221">
          <Coords points="418,2107 488,2107 488,2205 418,2205"/>
          <TextEquiv>
            <Unicode>بنا</Unicode>
          </TextEquiv>
        </Word>
        <Word id="w222">
          <Coords points="343,2110 396,2110 396,2192 343,2192"/>
          <TextEquiv>
            <Unicode>لا</Unicode>
          </TextEquiv>
        </Word>
        <Word id="w223">
          <Coords points="284,2115 340,2115 340,2208 284,2208"/>
          <TextEquiv>
            <Unicode>تؤ</Unicode>
          </TextEquiv>
        </Word>
        <Word id="w224">
          <Coords points="278,2114 292,2114 292,2183 278,2183"/>
          <TextEquiv>
            <Unicode>ا</Unicode>
          </TextEquiv>
        </Word>
        <Word id="w225">
          <Coords points="179,2121 261,2121 261,2195 179,2195"/>
          <TextEquiv>
            <Unicode>خذ</Unicode>
          </TextEquiv>
        </Word>
        <Word id="w226">
          <Coords points="90,2113 168,2113 168,2188 90,2188"/>
          <TextEquiv>
            <Unicode>نا</Unicode>
          </TextEquiv>
        </Word>
        <TextEquiv>
          <Unicode> لها ما كسبت و عليها ما ا كتسبت ر بنا لا تؤ ا خذ نا</Unicode>
        </TextEquiv>
      </TextLine>
      <TextLine id="l13">
        <Coords points="125,2257 1359,2257 1359,2389 125,2389"/>
        <Word id="w227">
          <Coords points="1343,2269 1358,2269 1358,2329 1343,2329"/>
          <TextEquiv>
            <Unicode>ا</Unicode>
          </TextEquiv>
        </Word>
        <Word id="w228">
          <Coords points="1294,2273 1338,2273 1338,2349 1294,2349"/>
          <TextEquiv>
            <Unicode>ن</Unicode>
          </TextEquiv>
        </Word>
        <Word id="w229">
          <Coords points="1098,2271 1284,2271 1284,2370 1098,2370"/>
          <TextEquiv>
            <Unicode>نسينا</Unicode>
          </TextEquiv>
        </Word>
        <Word id="w230">
          <Coords points="1064,2276 1081,2276 1081,2342 1064,2342"/>
          <TextEquiv>
            <Unicode>ا</Unicode>
          </TextEquiv>
        </Word>
        <Word id="w231">
          <Coords points="1021,2310 1060,2310 1060,2352 1021,2352"/>
          <TextEquiv>
            <Unicode>و</Unicode>
          </TextEquiv>
        </Word>
        <Word id="w232">
          <Coords points="1003,2272 1025,2272 1025,2337 1003,2337"/>
          <TextEquiv>
            <Unicode>ا</Unicode>
          </TextEquiv>
        </Word>
        <Word id="w233">
          <Coords points="879,2257 994,2257 994,2349 879,2349"/>
          <TextEquiv>
            <Unicode>خطا</Unicode>
          </TextEquiv>
        </Word>
        <Word id="w234">
          <Coords points="824,2268 871,2268 871,2340 824,2340"/>
          <TextEquiv>
            <Unicode>نا</Unicode>
          </TextEquiv>
        </Word>
        <Word id="w235">
          <Coords points="777,2304 826,2304 826,2354 777,2354"/>
          <TextEquiv>
            <Unicode>ر</Unicode>
          </TextEquiv>
        </Word>
        <Word id="w236">
          <Coords points="701,2264 779,2264 779,2362 701,2362"/>
          <TextEquiv>
            <Unicode>بنا</Unicode>
          </TextEquiv>
        </Word>
        <Word id="w237">
          <Coords points="653,2310 698,2310 698,2361 653,2361"/>
          <TextEquiv>
            <Unicode>و</Unicode>
          </TextEquiv>
        </Word>
        <Word id="w238">
          <Coords points="605,2271 653,2271 653,2346 605,2346"/>
          <TextEquiv>
            <Unicode>لا</Unicode>
          </TextEquiv>
        </Word>
        <Word id="w239">
          <Coords points="427,2277 615,2277 615,2388 427,2388"/>
          <TextEquiv>
            <Unicode>تحمل</Unicode>
          </TextEquiv>
        </Word>
        <Word id="w240">
          <Coords points="285,2275 418,2275 418,2376 285,2376"/>
          <TextEquiv>
            <Unicode>علينا</Unicode>
          </TextEquiv>
        </Word>
        <Word id="w241">
          <Coords points="249,2283 266,2283 266,2348 249,2348"/>
          <TextEquiv>
            <Unicode>ا</Unicode>
          </TextEquiv>
        </Word>
        <Word id="w242">
          <Coords points="132,2266 144,2266 144,2344 132,2344"/>
          <TextEquiv>
            <Unicode>ا</Unicode>
          </TextEquiv>
        </Word>
        <Word id="w243">
          <Coords points="125,2312 239,2312 239,2367 125,2367"/>
          <TextEquiv>
            <Unicode>صر</Unicode>
          </TextEquiv>
        </Word>
        <TextEquiv>
          <Unicode> ا ن نسينا ا و ا خطا نا ر بنا و لا تحمل علينا ا ا صر</Unicode>
        </TextEquiv>
      </TextLine>
      <TextLine id="l14">
        <Coords points="138,2400 1390,2400 1390,2545 138,2545"/>
        <Word id="w244">
          <Coords points="1289,2400 1389,2400 1389,2521 1289,2521"/>
          <TextEquiv>
            <Unicode>كما</Unicode>
          </TextEquiv>
        </Word>
        <Word id="w245">
          <Coords points="1118,2431 1280,2431 1280,2515 1118,2515"/>
          <TextEquiv>
            <Unicode>حملته</Unicode>
          </TextEquiv>
        </Word>
        <Word id="w246">
          <Coords points="1006,2430 1100,2430 1100,2544 1006,2544"/>
          <TextEquiv>
            <Unicode>على</Unicode>
          </TextEquiv>
        </Word>
        <Word id="w247">
          <Coords points="1000,2434 1018,2434 1018,2501 1000,2501"/>
          <TextEquiv>
            <Unicode>ا</Unicode>
          </TextEquiv>
        </Word>
        <Word id="w248">
          <Coords points="919,2435 980,2435 980,2506 919,2506"/>
          <TextEquiv>
            <Unicode>لذ</Unicode>
          </TextEquiv>
        </Word>
        <Word id="w249">
          <Coords points="852,2447 929,2447 929,2526 852,2526"/>
          <TextEquiv>
            <Unicode>ين</Unicode>
          </TextEquiv>
        </Word>
        <Word id="w250">
          <Coords points="780,2458 852,2458 852,2530 780,2530"/>
          <TextEquiv>
            <Unicode>من</Unicode>
          </TextEquiv>
        </Word>
        <Word id="w251">
          <Coords points="651,2428 786,2428 786,2538 651,2538"/>
          <TextEquiv>
            <Unicode>قبلنا</Unicode>
          </TextEquiv>
        </Word>
        <Word id="w252">
          <Coords points="530,2430 602,2430 602,2542 530,2542"/>
          <TextEquiv>
            <Unicode>بنا</Unicode>
          </TextEquiv>
        </Word>
        <Word id="w253">
          <Coords points="480,2470 525,2470 525,2512 480,2512"/>
          <TextEquiv>
            <Unicode>و</Unicode>
          </TextEquiv>
        </Word>
        <Word id="w254">
          <Coords points="435,2440 480,2440 480,2514 435,2514"/>
          <TextEquiv>
            <Unicode>لا</Unicode>
          </TextEquiv>
        </Word>
        <Word id="w255">
          <Coords points="284,2423 432,2423 432,2526 284,2526"/>
          <TextEquiv>
            <Unicode>تحملنا</Unicode>
          </TextEquiv>
        </Word>
        <Word id="w256">
          <Coords points="213,2421 274,2421 274,2508 213,2508"/>
          <TextEquiv>
            <Unicode>ما</Unicode>
          </TextEquiv>
        </Word>
        <Word id="w257">
          <Coords points="138,2432 186,2432 186,2503 138,2503"/>
          <TextEquiv>
            <Unicode>لا</Unicode>
          </TextEquiv>
        </Word>
        <TextEquiv>
          <Unicode> كما حملته على ا لذ ين من قبلنا بنا و لا تحملنا ما لا</Unicode>
        </TextEquiv>
      </TextLine>
    </TextRegion>
  </Page>
</PcGts>
