<?xml version='1.0' encoding='utf-8'?>
<PcGts xmlns:xsi="http://www.w3.org/2001/XMLSchema-instance" xmlns="http://schema.primaresearch.org/PAGE/gts/pagecontent/2019-07-15" xsi:schemaLocation="http://schema.primaresearch.org/PAGE/gts/pagecontent/2019-07-15 http://schema.primaresearch.org/PAGE/gts/pagecontent/2019-07-15/pagecontent.xsd" pcGtsId="pc-aletheiaexamplepage">
  <Metadata>
    <Creator>PRImA Research Lab</Creator>
    <Created>2015-07-17T15:27:13</Created>
    <LastChange>2017-07-14T10:03:33</LastChange>
    <Comments>Example Page</Comments>
  </Metadata>
  <Page imageFilename="3158466/_029-1.png" imageWidth="1423" imageHeight="2568">
    <TextRegion id="r0" type="paragraph">
      <Coords points="1,1 1421,1 1421,2566 1,2566"/>
      <TextLine id="l0">
        <Coords points="54,97 1310,97 1310,231 54,231"/>
        <Word id="w0">
          <Coords points="1261,106 1309,106 1309,160 1261,160"/>
          <TextEquiv>
            <Unicode>طا</Unicode>
          </TextEquiv>
        </Word>
        <Word id="w1">
          <Coords points="1217,97 1256,97 1256,170 1217,170"/>
          <TextEquiv>
            <Unicode>قة</Unicode>
          </TextEquiv>
        </Word>
        <Word id="w2">
          <Coords points="1153,100 1210,100 1210,168 1153,168"/>
          <TextEquiv>
            <Unicode>لنا</Unicode>
          </TextEquiv>
        </Word>
        <Word id="w3">
          <Coords points="1113,146 1154,146 1154,186 1113,186"/>
          <TextEquiv>
            <Unicode>به</Unicode>
          </TextEquiv>
        </Word>
        <Word id="w4">
          <Coords points="1066,137 1105,137 1105,188 1066,188"/>
          <TextEquiv>
            <Unicode>و</Unicode>
          </TextEquiv>
        </Word>
        <Word id="w5">
          <Coords points="1050,101 1069,101 1069,158 1050,158"/>
          <TextEquiv>
            <Unicode>ا</Unicode>
          </TextEquiv>
        </Word>
        <Word id="w6">
          <Coords points="932,134 1051,134 1051,185 932,185"/>
          <TextEquiv>
            <Unicode>عف</Unicode>
          </TextEquiv>
        </Word>
        <Word id="w7">
          <Coords points="835,114 927,114 927,184 835,184"/>
          <TextEquiv>
            <Unicode>عنا</Unicode>
          </TextEquiv>
        </Word>
        <Word id="w8">
          <Coords points="794,150 832,150 832,197 794,197"/>
          <TextEquiv>
            <Unicode>و</Unicode>
          </TextEquiv>
        </Word>
        <Word id="w9">
          <Coords points="784,107 796,107 796,168 784,168"/>
          <TextEquiv>
            <Unicode>ا</Unicode>
          </TextEquiv>
        </Word>
        <Word id="w10">
          <Coords points="642,124 779,124 779,210 642,210"/>
          <TextEquiv>
            <Unicode>غفر</Unicode>
          </TextEquiv>
        </Word>
        <Word id="w11">
          <Coords points="594,121 660,121 660,187 594,187"/>
          <TextEquiv>
            <Unicode>لنا</Unicode>
          </TextEquiv>
        </Word>
        <Word id="w12">
          <Coords points="551,156 592,156 592,203 551,203"/>
          <TextEquiv>
            <Unicode>و</Unicode>
          </TextEquiv>
        </Word>
        <Word id="w13">
          <Coords points="544,120 552,120 552,175 544,175"/>
          <TextEquiv>
            <Unicode>ا</Unicode>
          </TextEquiv>
        </Word>
        <Word id="w14">
          <Coords points="498,158 539,158 539,203 498,203"/>
          <TextEquiv>
            <Unicode>ر</Unicode>
          </TextEquiv>
        </Word>
        <Word id="w15">
          <Coords points="340,124 504,124 504,196 340,196"/>
          <TextEquiv>
            <Unicode>حمنا</Unicode>
          </TextEquiv>
        </Word>
        <Word id="w16">
          <Coords points="306,127 321,127 321,187 306,187"/>
          <TextEquiv>
            <Unicode>ا</Unicode>
          </TextEquiv>
        </Word>
        <Word id="w17">
          <Coords points="215,155 304,155 304,199 215,199"/>
          <TextEquiv>
            <Unicode>نت</Unicode>
          </TextEquiv>
        </Word>
        <Word id="w18">
          <Coords points="145,165 214,165 214,216 145,216"/>
          <TextEquiv>
            <Unicode>مو</Unicode>
          </TextEquiv>
        </Word>
        <Word id="w19">
          <Coords points="54,120 156,120 156,230 54,230"/>
          <TextEquiv>
            <Unicode>لينا</Unicode>
          </TextEquiv>
        </Word>
        <TextEquiv>
          <Unicode> طا قة لنا به و ا عف عنا و ا غفر لنا و ا ر حمنا ا نت مو لينا</Unicode>
        </TextEquiv>
      </TextLine>
      <TextLine id="l1">
        <Coords points="217,266 1147,266 1147,392 217,392"/>
        <Word id="w20">
          <Coords points="1107,266 1146,266 1146,339 1107,339"/>
          <TextEquiv>
            <Unicode>فا</Unicode>
          </TextEquiv>
        </Word>
        <Word id="w21">
          <Coords points="980,281 1097,281 1097,370 980,370"/>
          <TextEquiv>
            <Unicode>نصر</Unicode>
          </TextEquiv>
        </Word>
        <Word id="w22">
          <Coords points="962,267 997,267 997,342 962,342"/>
          <TextEquiv>
            <Unicode>نا</Unicode>
          </TextEquiv>
        </Word>
        <Word id="w23">
          <Coords points="864,280 937,280 937,370 864,370"/>
          <TextEquiv>
            <Unicode>على</Unicode>
          </TextEquiv>
        </Word>
        <Word id="w24">
          <Coords points="844,269 870,269 870,342 844,342"/>
          <TextEquiv>
            <Unicode>ا</Unicode>
          </TextEquiv>
        </Word>
        <Word id="w25">
          <Coords points="737,278 831,278 831,373 737,373"/>
          <TextEquiv>
            <Unicode>لقو</Unicode>
          </TextEquiv>
        </Word>
        <Word id="w26">
          <Coords points="694,314 740,314 740,359 694,359"/>
          <TextEquiv>
            <Unicode>م</Unicode>
          </TextEquiv>
        </Word>
        <Word id="w27">
          <Coords points="678,290 692,290 692,355 678,355"/>
          <TextEquiv>
            <Unicode>ا</Unicode>
          </TextEquiv>
        </Word>
        <Word id="w28">
          <Coords points="445,271 665,271 665,361 445,361"/>
          <TextEquiv>
            <Unicode>لكا</Unicode>
          </TextEquiv>
        </Word>
        <Word id="w29">
          <Coords points="399,297 439,297 439,379 399,379"/>
          <TextEquiv>
            <Unicode>فر</Unicode>
          </TextEquiv>
        </Word>
        <Word id="w30">
          <Coords points="217,303 409,303 409,391 217,391"/>
          <TextEquiv>
            <Unicode>ين</Unicode>
          </TextEquiv>
        </Word>
        <TextEquiv>
          <Unicode> فا نصر نا على ا لقو م ا لكا فر ين</Unicode>
        </TextEquiv>
      </TextLine>
      <TextLine id="l2">
        <Coords points="95,585 1328,585 1328,727 95,727"/>
        <Word id="w31">
          <Coords points="512,585 532,585 532,652 512,652"/>
          <TextEquiv>
            <Unicode>ا</Unicode>
          </TextEquiv>
        </Word>
        <Word id="w32">
          <Coords points="504,596 1327,596 1327,694 504,694"/>
          <TextEquiv>
            <Unicode>بسم</Unicode>
          </TextEquiv>
        </Word>
        <Word id="w33">
          <Coords points="447,643 505,643 505,681 447,681"/>
          <TextEquiv>
            <Unicode>لله</Unicode>
          </TextEquiv>
        </Word>
        <Word id="w34">
          <Coords points="419,610 438,610 438,681 419,681"/>
          <TextEquiv>
            <Unicode>ا</Unicode>
          </TextEquiv>
        </Word>
        <Word id="w35">
          <Coords points="369,615 404,615 404,704 369,704"/>
          <TextEquiv>
            <Unicode>لر</Unicode>
          </TextEquiv>
        </Word>
        <Word id="w36">
          <Coords points="281,607 303,607 303,676 281,676"/>
          <TextEquiv>
            <Unicode>ا</Unicode>
          </TextEquiv>
        </Word>
        <Word id="w37">
          <Coords points="230,613 273,613 273,698 230,698"/>
          <TextEquiv>
            <Unicode>لر</Unicode>
          </TextEquiv>
        </Word>
        <Word id="w38">
          <Coords points="107,623 382,623 382,726 107,726"/>
          <TextEquiv>
            <Unicode>حمن</Unicode>
          </TextEquiv>
        </Word>
        <Word id="w39">
          <Coords points="95,632 251,632 251,697 95,697"/>
          <TextEquiv>
            <Unicode>حيم</Unicode>
          </TextEquiv>
        </Word>
        <TextEquiv>
          <Unicode> ا بسم لله ا لر ا لر حمن حيم</Unicode>
        </TextEquiv>
      </TextLine>
      <TextLine id="l3">
        <Coords points="71,767 1333,767 1333,875 71,875"/>
        <Word id="w40">
          <Coords points="1316,767 1332,767 1332,823 1316,823"/>
          <TextEquiv>
            <Unicode>ا</Unicode>
          </TextEquiv>
        </Word>
        <Word id="w41">
          <Coords points="1269,768 1308,768 1308,844 1269,844"/>
          <TextEquiv>
            <Unicode>لم</Unicode>
          </TextEquiv>
        </Word>
        <Word id="w42">
          <Coords points="1154,770 1178,770 1178,831 1154,831"/>
          <TextEquiv>
            <Unicode>ا</Unicode>
          </TextEquiv>
        </Word>
        <Word id="w43">
          <Coords points="1092,792 1152,792 1152,840 1092,840"/>
          <TextEquiv>
            <Unicode>لله</Unicode>
          </TextEquiv>
        </Word>
        <Word id="w44">
          <Coords points="1036,780 1082,780 1082,841 1036,841"/>
          <TextEquiv>
            <Unicode>لا</Unicode>
          </TextEquiv>
        </Word>
        <Word id="w45">
          <Coords points="1018,773 1038,773 1038,836 1018,836"/>
          <TextEquiv>
            <Unicode>ا</Unicode>
          </TextEquiv>
        </Word>
        <Word id="w46">
          <Coords points="967,774 1013,774 1013,844 967,844"/>
          <TextEquiv>
            <Unicode>له</Unicode>
          </TextEquiv>
        </Word>
        <Word id="w47">
          <Coords points="946,781 953,781 953,825 946,825"/>
          <TextEquiv>
            <Unicode>ا</Unicode>
          </TextEquiv>
        </Word>
        <Word id="w48">
          <Coords points="886,774 932,774 932,838 886,838"/>
          <TextEquiv>
            <Unicode>لا</Unicode>
          </TextEquiv>
        </Word>
        <Word id="w49">
          <Coords points="808,804 887,804 887,860 808,860"/>
          <TextEquiv>
            <Unicode>هو</Unicode>
          </TextEquiv>
        </Word>
        <Word id="w50">
          <Coords points="794,767 807,767 807,822 794,822"/>
          <TextEquiv>
            <Unicode>ا</Unicode>
          </TextEquiv>
        </Word>
        <Word id="w51">
          <Coords points="725,772 799,772 799,863 725,863"/>
          <TextEquiv>
            <Unicode>لحى</Unicode>
          </TextEquiv>
        </Word>
        <Word id="w52">
          <Coords points="698,772 711,772 711,833 698,833"/>
          <TextEquiv>
            <Unicode>ا</Unicode>
          </TextEquiv>
        </Word>
        <Word id="w53">
          <Coords points="583,773 690,773 690,862 583,862"/>
          <TextEquiv>
            <Unicode>لقيو</Unicode>
          </TextEquiv>
        </Word>
        <Word id="w54">
          <Coords points="537,809 589,809 589,853 537,853"/>
          <TextEquiv>
            <Unicode>م</Unicode>
          </TextEquiv>
        </Word>
        <Word id="w55">
          <Coords points="373,786 428,786 428,857 373,857"/>
          <TextEquiv>
            <Unicode>نز</Unicode>
          </TextEquiv>
        </Word>
        <Word id="w56">
          <Coords points="349,773 380,773 380,849 349,849"/>
          <TextEquiv>
            <Unicode>ل</Unicode>
          </TextEquiv>
        </Word>
        <Word id="w57">
          <Coords points="71,791 329,791 329,874 71,874"/>
          <TextEquiv>
            <Unicode>عليك</Unicode>
          </TextEquiv>
        </Word>
        <TextEquiv>
          <Unicode> ا لم ا لله لا ا له ا لا هو ا لحى ا لقيو م نز ل عليك</Unicode>
        </TextEquiv>
      </TextLine>
      <TextLine id="l4">
        <Coords points="63,903 1336,903 1336,1037 63,1037"/>
        <Word id="w58">
          <Coords points="1315,935 1335,935 1335,986 1315,986"/>
          <TextEquiv>
            <Unicode>ا</Unicode>
          </TextEquiv>
        </Word>
        <Word id="w59">
          <Coords points="1232,903 1317,903 1317,1004 1232,1004"/>
          <TextEquiv>
            <Unicode>لكتا</Unicode>
          </TextEquiv>
        </Word>
        <Word id="w60">
          <Coords points="1161,973 1231,973 1231,1019 1161,1019"/>
          <TextEquiv>
            <Unicode>ب</Unicode>
          </TextEquiv>
        </Word>
        <Word id="w61">
          <Coords points="1124,940 1159,940 1159,1016 1124,1016"/>
          <TextEquiv>
            <Unicode>با</Unicode>
          </TextEquiv>
        </Word>
        <Word id="w62">
          <Coords points="1034,928 1123,928 1123,1030 1034,1030"/>
          <TextEquiv>
            <Unicode>لحق</Unicode>
          </TextEquiv>
        </Word>
        <Word id="w63">
          <Coords points="898,963 1036,963 1036,1008 898,1008"/>
          <TextEquiv>
            <Unicode>مصد</Unicode>
          </TextEquiv>
        </Word>
        <Word id="w64">
          <Coords points="857,934 891,934 891,1005 857,1005"/>
          <TextEquiv>
            <Unicode>قا</Unicode>
          </TextEquiv>
        </Word>
        <Word id="w65">
          <Coords points="797,936 850,936 850,1003 797,1003"/>
          <TextEquiv>
            <Unicode>لما</Unicode>
          </TextEquiv>
        </Word>
        <Word id="w66">
          <Coords points="701,958 796,958 796,1033 701,1033"/>
          <TextEquiv>
            <Unicode>بين</Unicode>
          </TextEquiv>
        </Word>
        <Word id="w67">
          <Coords points="644,956 703,956 703,1034 644,1034"/>
          <TextEquiv>
            <Unicode>يد</Unicode>
          </TextEquiv>
        </Word>
        <Word id="w68">
          <Coords points="604,979 641,979 641,1025 604,1025"/>
          <TextEquiv>
            <Unicode>يه</Unicode>
          </TextEquiv>
        </Word>
        <Word id="w69">
          <Coords points="555,972 593,972 593,1017 555,1017"/>
          <TextEquiv>
            <Unicode>و</Unicode>
          </TextEquiv>
        </Word>
        <Word id="w70">
          <Coords points="539,936 552,936 552,995 539,995"/>
          <TextEquiv>
            <Unicode>ا</Unicode>
          </TextEquiv>
        </Word>
        <Word id="w71">
          <Coords points="490,957 535,957 535,1032 490,1032"/>
          <TextEquiv>
            <Unicode>نز</Unicode>
          </TextEquiv>
        </Word>
        <Word id="w72">
          <Coords points="448,929 486,929 486,1013 448,1013"/>
          <TextEquiv>
            <Unicode>ل</Unicode>
          </TextEquiv>
        </Word>
        <Word id="w73">
          <Coords points="421,944 439,944 439,1002 421,1002"/>
          <TextEquiv>
            <Unicode>ا</Unicode>
          </TextEquiv>
        </Word>
        <Word id="w74">
          <Coords points="339,954 411,954 411,1024 339,1024"/>
          <TextEquiv>
            <Unicode>لتو</Unicode>
          </TextEquiv>
        </Word>
        <Word id="w75">
          <Coords points="304,970 344,970 344,1020 304,1020"/>
          <TextEquiv>
            <Unicode>ر</Unicode>
          </TextEquiv>
        </Word>
        <Word id="w76">
          <Coords points="274,957 307,957 307,1036 274,1036"/>
          <TextEquiv>
            <Unicode>ية</Unicode>
          </TextEquiv>
        </Word>
        <Word id="w77">
          <Coords points="218,936 232,936 232,996 218,996"/>
          <TextEquiv>
            <Unicode>ا</Unicode>
          </TextEquiv>
        </Word>
        <Word id="w78">
          <Coords points="217,976 265,976 265,1022 217,1022"/>
          <TextEquiv>
            <Unicode>و</Unicode>
          </TextEquiv>
        </Word>
        <Word id="w79">
          <Coords points="181,942 206,942 206,1009 181,1009"/>
          <TextEquiv>
            <Unicode>لا</Unicode>
          </TextEquiv>
        </Word>
        <Word id="w80">
          <Coords points="63,948 182,948 182,1024 63,1024"/>
          <TextEquiv>
            <Unicode>نجيل</Unicode>
          </TextEquiv>
        </Word>
        <TextEquiv>
          <Unicode> ا لكتا ب با لحق مصد قا لما بين يد يه و ا نز ل ا لتو ر ية ا و لا نجيل</Unicode>
        </TextEquiv>
      </TextLine>
      <TextLine id="l5">
        <Coords points="57,1095 1251,1095 1251,1214 57,1214"/>
        <Word id="w81">
          <Coords points="1188,1121 1250,1121 1250,1175 1188,1175"/>
          <TextEquiv>
            <Unicode>من</Unicode>
          </TextEquiv>
        </Word>
        <Word id="w82">
          <Coords points="1120,1103 1189,1103 1189,1200 1120,1200"/>
          <TextEquiv>
            <Unicode>قبل</Unicode>
          </TextEquiv>
        </Word>
        <Word id="w83">
          <Coords points="1045,1124 1119,1124 1119,1163 1045,1163"/>
          <TextEquiv>
            <Unicode>هد</Unicode>
          </TextEquiv>
        </Word>
        <Word id="w84">
          <Coords points="991,1126 1037,1126 1037,1171 991,1171"/>
          <TextEquiv>
            <Unicode>ى</Unicode>
          </TextEquiv>
        </Word>
        <Word id="w85">
          <Coords points="832,1095 976,1095 976,1164 832,1164"/>
          <TextEquiv>
            <Unicode>للنا</Unicode>
          </TextEquiv>
        </Word>
        <Word id="w86">
          <Coords points="754,1140 824,1140 824,1183 754,1183"/>
          <TextEquiv>
            <Unicode>س</Unicode>
          </TextEquiv>
        </Word>
        <Word id="w87">
          <Coords points="704,1138 746,1138 746,1180 704,1180"/>
          <TextEquiv>
            <Unicode>و</Unicode>
          </TextEquiv>
        </Word>
        <Word id="w88">
          <Coords points="693,1101 710,1101 710,1159 693,1159"/>
          <TextEquiv>
            <Unicode>ا</Unicode>
          </TextEquiv>
        </Word>
        <Word id="w89">
          <Coords points="644,1117 695,1117 695,1188 644,1188"/>
          <TextEquiv>
            <Unicode>نز</Unicode>
          </TextEquiv>
        </Word>
        <Word id="w90">
          <Coords points="610,1102 648,1102 648,1172 610,1172"/>
          <TextEquiv>
            <Unicode>ل</Unicode>
          </TextEquiv>
        </Word>
        <Word id="w91">
          <Coords points="593,1100 605,1100 605,1158 593,1158"/>
          <TextEquiv>
            <Unicode>ا</Unicode>
          </TextEquiv>
        </Word>
        <Word id="w92">
          <Coords points="503,1106 583,1106 583,1196 503,1196"/>
          <TextEquiv>
            <Unicode>لفر</Unicode>
          </TextEquiv>
        </Word>
        <Word id="w93">
          <Coords points="476,1096 519,1096 519,1164 476,1164"/>
          <TextEquiv>
            <Unicode>قا</Unicode>
          </TextEquiv>
        </Word>
        <Word id="w94">
          <Coords points="422,1111 463,1111 463,1181 422,1181"/>
          <TextEquiv>
            <Unicode>ن</Unicode>
          </TextEquiv>
        </Word>
        <Word id="w95">
          <Coords points="277,1107 295,1107 295,1172 277,1172"/>
          <TextEquiv>
            <Unicode>ا</Unicode>
          </TextEquiv>
        </Word>
        <Word id="w96">
          <Coords points="223,1123 268,1123 268,1184 223,1184"/>
          <TextEquiv>
            <Unicode>ن</Unicode>
          </TextEquiv>
        </Word>
        <Word id="w97">
          <Coords points="203,1113 215,1113 215,1180 203,1180"/>
          <TextEquiv>
            <Unicode>ا</Unicode>
          </TextEquiv>
        </Word>
        <Word id="w98">
          <Coords points="144,1126 191,1126 191,1183 144,1183"/>
          <TextEquiv>
            <Unicode>لذ</Unicode>
          </TextEquiv>
        </Word>
        <Word id="w99">
          <Coords points="57,1127 146,1127 146,1213 57,1213"/>
          <TextEquiv>
            <Unicode>ين</Unicode>
          </TextEquiv>
        </Word>
        <TextEquiv>
          <Unicode> من قبل هد ى للنا س و ا نز ل ا لفر قا ن ا ن ا لذ ين</Unicode>
        </TextEquiv>
      </TextLine>
      <TextLine id="l6">
        <Coords points="85,1255 1360,1255 1360,1368 85,1368"/>
        <Word id="w100">
          <Coords points="1144,1271 1359,1271 1359,1346 1144,1346"/>
          <TextEquiv>
            <Unicode>كفر</Unicode>
          </TextEquiv>
        </Word>
        <Word id="w101">
          <Coords points="1112,1288 1150,1288 1150,1337 1112,1337"/>
          <TextEquiv>
            <Unicode>و</Unicode>
          </TextEquiv>
        </Word>
        <Word id="w102">
          <Coords points="1094,1260 1113,1260 1113,1329 1094,1329"/>
          <TextEquiv>
            <Unicode>ا</Unicode>
          </TextEquiv>
        </Word>
        <Word id="w103">
          <Coords points="1068,1260 1096,1260 1096,1349 1068,1349"/>
          <TextEquiv>
            <Unicode>با</Unicode>
          </TextEquiv>
        </Word>
        <Word id="w104">
          <Coords points="1028,1261 1063,1261 1063,1351 1028,1351"/>
          <TextEquiv>
            <Unicode>يا</Unicode>
          </TextEquiv>
        </Word>
        <Word id="w105">
          <Coords points="959,1283 1024,1283 1024,1334 959,1334"/>
          <TextEquiv>
            <Unicode>ت</Unicode>
          </TextEquiv>
        </Word>
        <Word id="w106">
          <Coords points="936,1267 948,1267 948,1320 936,1320"/>
          <TextEquiv>
            <Unicode>ا</Unicode>
          </TextEquiv>
        </Word>
        <Word id="w107">
          <Coords points="865,1285 928,1285 928,1326 865,1326"/>
          <TextEquiv>
            <Unicode>لله</Unicode>
          </TextEquiv>
        </Word>
        <Word id="w108">
          <Coords points="755,1255 864,1255 864,1335 755,1335"/>
          <TextEquiv>
            <Unicode>لهم</Unicode>
          </TextEquiv>
        </Word>
        <Word id="w109">
          <Coords points="665,1294 741,1294 741,1339 665,1339"/>
          <TextEquiv>
            <Unicode>عد</Unicode>
          </TextEquiv>
        </Word>
        <Word id="w110">
          <Coords points="653,1269 663,1269 663,1322 653,1322"/>
          <TextEquiv>
            <Unicode>ا</Unicode>
          </TextEquiv>
        </Word>
        <Word id="w111">
          <Coords points="575,1302 649,1302 649,1359 575,1359"/>
          <TextEquiv>
            <Unicode>ب</Unicode>
          </TextEquiv>
        </Word>
        <Word id="w112">
          <Coords points="472,1274 566,1274 566,1342 472,1342"/>
          <TextEquiv>
            <Unicode>شد</Unicode>
          </TextEquiv>
        </Word>
        <Word id="w113">
          <Coords points="406,1293 470,1293 470,1367 406,1367"/>
          <TextEquiv>
            <Unicode>بد</Unicode>
          </TextEquiv>
        </Word>
        <Word id="w114">
          <Coords points="356,1303 399,1303 399,1351 356,1351"/>
          <TextEquiv>
            <Unicode>و</Unicode>
          </TextEquiv>
        </Word>
        <Word id="w115">
          <Coords points="348,1271 360,1271 360,1330 348,1330"/>
          <TextEquiv>
            <Unicode>ا</Unicode>
          </TextEquiv>
        </Word>
        <Word id="w116">
          <Coords points="269,1292 342,1292 342,1342 269,1342"/>
          <TextEquiv>
            <Unicode>لله</Unicode>
          </TextEquiv>
        </Word>
        <Word id="w117">
          <Coords points="131,1295 266,1295 266,1357 131,1357"/>
          <TextEquiv>
            <Unicode>عز</Unicode>
          </TextEquiv>
        </Word>
        <Word id="w118">
          <Coords points="85,1289 133,1289 133,1357 85,1357"/>
          <TextEquiv>
            <Unicode>يز</Unicode>
          </TextEquiv>
        </Word>
        <TextEquiv>
          <Unicode> كفر و ا با يا ت ا لله لهم عد ا ب شد بد و ا لله عز يز</Unicode>
        </TextEquiv>
      </TextLine>
      <TextLine id="l7">
        <Coords points="81,1423 1349,1423 1349,1540 81,1540"/>
        <Word id="w119">
          <Coords points="1319,1423 1348,1423 1348,1503 1319,1503"/>
          <TextEquiv>
            <Unicode>ذ</Unicode>
          </TextEquiv>
        </Word>
        <Word id="w120">
          <Coords points="1275,1460 1314,1460 1314,1507 1275,1507"/>
          <TextEquiv>
            <Unicode>و</Unicode>
          </TextEquiv>
        </Word>
        <Word id="w121">
          <Coords points="1254,1429 1270,1429 1270,1498 1254,1498"/>
          <TextEquiv>
            <Unicode>ا</Unicode>
          </TextEquiv>
        </Word>
        <Word id="w122">
          <Coords points="1109,1425 1248,1425 1248,1493 1109,1493"/>
          <TextEquiv>
            <Unicode>نتقا</Unicode>
          </TextEquiv>
        </Word>
        <Word id="w123">
          <Coords points="936,1428 946,1428 946,1484 936,1484"/>
          <TextEquiv>
            <Unicode>ا</Unicode>
          </TextEquiv>
        </Word>
        <Word id="w124">
          <Coords points="888,1445 930,1445 930,1503 888,1503"/>
          <TextEquiv>
            <Unicode>ن</Unicode>
          </TextEquiv>
        </Word>
        <Word id="w125">
          <Coords points="864,1436 884,1436 884,1500 864,1500"/>
          <TextEquiv>
            <Unicode>ا</Unicode>
          </TextEquiv>
        </Word>
        <Word id="w126">
          <Coords points="795,1456 860,1456 860,1502 795,1502"/>
          <TextEquiv>
            <Unicode>لله</Unicode>
          </TextEquiv>
        </Word>
        <Word id="w127">
          <Coords points="741,1443 778,1443 778,1512 741,1512"/>
          <TextEquiv>
            <Unicode>لا</Unicode>
          </TextEquiv>
        </Word>
        <Word id="w128">
          <Coords points="642,1446 746,1446 746,1539 642,1539"/>
          <TextEquiv>
            <Unicode>يخفى</Unicode>
          </TextEquiv>
        </Word>
        <Word id="w129">
          <Coords points="507,1443 629,1443 629,1531 507,1531"/>
          <TextEquiv>
            <Unicode>عليه</Unicode>
          </TextEquiv>
        </Word>
        <Word id="w130">
          <Coords points="413,1455 437,1455 437,1478 413,1478"/>
          <TextEquiv>
            <Unicode>ء</Unicode>
          </TextEquiv>
        </Word>
        <Word id="w131">
          <Coords points="408,1483 496,1483 496,1530 408,1530"/>
          <TextEquiv>
            <Unicode>سى</Unicode>
          </TextEquiv>
        </Word>
        <Word id="w132">
          <Coords points="305,1426 410,1426 410,1509 305,1509"/>
          <TextEquiv>
            <Unicode>فى</Unicode>
          </TextEquiv>
        </Word>
        <Word id="w133">
          <Coords points="280,1438 294,1438 294,1501 280,1501"/>
          <TextEquiv>
            <Unicode>ا</Unicode>
          </TextEquiv>
        </Word>
        <Word id="w134">
          <Coords points="220,1438 265,1438 265,1505 220,1505"/>
          <TextEquiv>
            <Unicode>لا</Unicode>
          </TextEquiv>
        </Word>
        <Word id="w135">
          <Coords points="166,1476 221,1476 221,1522 166,1522"/>
          <TextEquiv>
            <Unicode>ر</Unicode>
          </TextEquiv>
        </Word>
        <Word id="w136">
          <Coords points="81,1469 182,1469 182,1514 81,1514"/>
          <TextEquiv>
            <Unicode>ص</Unicode>
          </TextEquiv>
        </Word>
        <TextEquiv>
          <Unicode> ذ و ا نتقا ا ن ا لله لا يخفى عليه ء سى فى ا لا ر ص</Unicode>
        </TextEquiv>
      </TextLine>
      <TextLine id="l8">
        <Coords points="69,1557 1353,1557 1353,1715 69,1715"/>
        <Word id="w137">
          <Coords points="1316,1623 1352,1623 1352,1667 1316,1667"/>
          <TextEquiv>
            <Unicode>و</Unicode>
          </TextEquiv>
        </Word>
        <Word id="w138">
          <Coords points="1270,1588 1325,1588 1325,1657 1270,1657"/>
          <TextEquiv>
            <Unicode>لا</Unicode>
          </TextEquiv>
        </Word>
        <Word id="w139">
          <Coords points="1216,1587 1231,1587 1231,1633 1216,1633"/>
          <TextEquiv>
            <Unicode>ا</Unicode>
          </TextEquiv>
        </Word>
        <Word id="w140">
          <Coords points="1216,1587 1284,1587 1284,1701 1216,1701"/>
          <TextEquiv>
            <Unicode>في</Unicode>
          </TextEquiv>
        </Word>
        <Word id="w141">
          <Coords points="1106,1584 1203,1584 1203,1671 1106,1671"/>
          <TextEquiv>
            <Unicode>لسما</Unicode>
          </TextEquiv>
        </Word>
        <Word id="w142">
          <Coords points="1076,1627 1101,1627 1101,1655 1076,1655"/>
          <TextEquiv>
            <Unicode>ء</Unicode>
          </TextEquiv>
        </Word>
        <Word id="w143">
          <Coords points="862,1621 938,1621 938,1685 862,1685"/>
          <TextEquiv>
            <Unicode>هو</Unicode>
          </TextEquiv>
        </Word>
        <Word id="w144">
          <Coords points="849,1601 865,1601 865,1658 849,1658"/>
          <TextEquiv>
            <Unicode>ا</Unicode>
          </TextEquiv>
        </Word>
        <Word id="w145">
          <Coords points="783,1600 842,1600 842,1671 783,1671"/>
          <TextEquiv>
            <Unicode>لذ</Unicode>
          </TextEquiv>
        </Word>
        <Word id="w146">
          <Coords points="732,1623 784,1623 784,1679 732,1679"/>
          <TextEquiv>
            <Unicode>ى</Unicode>
          </TextEquiv>
        </Word>
        <Word id="w147">
          <Coords points="596,1627 725,1627 725,1704 596,1704"/>
          <TextEquiv>
            <Unicode>يصو</Unicode>
          </TextEquiv>
        </Word>
        <Word id="w148">
          <Coords points="565,1641 594,1641 594,1689 565,1689"/>
          <TextEquiv>
            <Unicode>ر</Unicode>
          </TextEquiv>
        </Word>
        <Word id="w149">
          <Coords points="515,1557 623,1557 623,1682 515,1682"/>
          <TextEquiv>
            <Unicode>كم</Unicode>
          </TextEquiv>
        </Word>
        <Word id="w150">
          <Coords points="426,1601 529,1601 529,1672 426,1672"/>
          <TextEquiv>
            <Unicode>فى</Unicode>
          </TextEquiv>
        </Word>
        <Word id="w151">
          <Coords points="401,1611 417,1611 417,1669 401,1669"/>
          <TextEquiv>
            <Unicode>ا</Unicode>
          </TextEquiv>
        </Word>
        <Word id="w152">
          <Coords points="342,1608 391,1608 391,1679 342,1679"/>
          <TextEquiv>
            <Unicode>لا</Unicode>
          </TextEquiv>
        </Word>
        <Word id="w153">
          <Coords points="305,1642 338,1642 338,1683 305,1683"/>
          <TextEquiv>
            <Unicode>ر</Unicode>
          </TextEquiv>
        </Word>
        <Word id="w154">
          <Coords points="248,1600 303,1600 303,1676 248,1676"/>
          <TextEquiv>
            <Unicode>حا</Unicode>
          </TextEquiv>
        </Word>
        <Word id="w155">
          <Coords points="218,1643 250,1643 250,1714 218,1714"/>
          <TextEquiv>
            <Unicode>م</Unicode>
          </TextEquiv>
        </Word>
        <Word id="w156">
          <Coords points="69,1561 260,1561 260,1699 69,1699"/>
          <TextEquiv>
            <Unicode>كيف</Unicode>
          </TextEquiv>
        </Word>
        <TextEquiv>
          <Unicode> و لا ا في لسما ء هو ا لذ ى يصو ر كم فى ا لا ر حا م كيف</Unicode>
        </TextEquiv>
      </TextLine>
      <TextLine id="l9">
        <Coords points="70,1757 1363,1757 1363,1881 70,1881"/>
        <Word id="w157">
          <Coords points="1257,1768 1362,1768 1362,1848 1257,1848"/>
          <TextEquiv>
            <Unicode>يشا</Unicode>
          </TextEquiv>
        </Word>
        <Word id="w158">
          <Coords points="1233,1792 1251,1792 1251,1825 1233,1825"/>
          <TextEquiv>
            <Unicode>ء</Unicode>
          </TextEquiv>
        </Word>
        <Word id="w159">
          <Coords points="1156,1761 1205,1761 1205,1832 1156,1832"/>
          <TextEquiv>
            <Unicode>لا</Unicode>
          </TextEquiv>
        </Word>
        <Word id="w160">
          <Coords points="1135,1763 1156,1763 1156,1826 1135,1826"/>
          <TextEquiv>
            <Unicode>ا</Unicode>
          </TextEquiv>
        </Word>
        <Word id="w161">
          <Coords points="1081,1765 1130,1765 1130,1833 1081,1833"/>
          <TextEquiv>
            <Unicode>له</Unicode>
          </TextEquiv>
        </Word>
        <Word id="w162">
          <Coords points="1048,1769 1068,1769 1068,1820 1048,1820"/>
          <TextEquiv>
            <Unicode>ا</Unicode>
          </TextEquiv>
        </Word>
        <Word id="w163">
          <Coords points="989,1764 1036,1764 1036,1838 989,1838"/>
          <TextEquiv>
            <Unicode>لا</Unicode>
          </TextEquiv>
        </Word>
        <Word id="w164">
          <Coords points="903,1781 984,1781 984,1845 903,1845"/>
          <TextEquiv>
            <Unicode>هو</Unicode>
          </TextEquiv>
        </Word>
        <Word id="w165">
          <Coords points="888,1767 903,1767 903,1817 888,1817"/>
          <TextEquiv>
            <Unicode>ا</Unicode>
          </TextEquiv>
        </Word>
        <Word id="w166">
          <Coords points="794,1757 875,1757 875,1857 794,1857"/>
          <TextEquiv>
            <Unicode>لعز</Unicode>
          </TextEquiv>
        </Word>
        <Word id="w167">
          <Coords points="748,1778 802,1778 802,1871 748,1871"/>
          <TextEquiv>
            <Unicode>يز</Unicode>
          </TextEquiv>
        </Word>
        <Word id="w168">
          <Coords points="716,1764 735,1764 735,1818 716,1818"/>
          <TextEquiv>
            <Unicode>ا</Unicode>
          </TextEquiv>
        </Word>
        <Word id="w169">
          <Coords points="434,1765 711,1765 711,1880 434,1880"/>
          <TextEquiv>
            <Unicode>لحكيم</Unicode>
          </TextEquiv>
        </Word>
        <Word id="w170">
          <Coords points="237,1793 315,1793 315,1863 237,1863"/>
          <TextEquiv>
            <Unicode>هو</Unicode>
          </TextEquiv>
        </Word>
        <Word id="w171">
          <Coords points="227,1776 248,1776 248,1832 227,1832"/>
          <TextEquiv>
            <Unicode>ا</Unicode>
          </TextEquiv>
        </Word>
        <Word id="w172">
          <Coords points="168,1777 219,1777 219,1855 168,1855"/>
          <TextEquiv>
            <Unicode>لذ</Unicode>
          </TextEquiv>
        </Word>
        <Word id="w173">
          <Coords points="70,1799 159,1799 159,1858 70,1858"/>
          <TextEquiv>
            <Unicode>ى</Unicode>
          </TextEquiv>
        </Word>
        <TextEquiv>
          <Unicode> يشا ء لا ا له ا لا هو ا لعز يز ا لحكيم هو ا لذ ى</Unicode>
        </TextEquiv>
      </TextLine>
      <TextLine id="l10">
        <Coords points="74,1893 1363,1893 1363,2045 74,2045"/>
        <Word id="w174">
          <Coords points="1351,1921 1362,1921 1362,1985 1351,1985"/>
          <TextEquiv>
            <Unicode>ا</Unicode>
          </TextEquiv>
        </Word>
        <Word id="w175">
          <Coords points="1304,1921 1352,1921 1352,2001 1304,2001"/>
          <TextEquiv>
            <Unicode>نز</Unicode>
          </TextEquiv>
        </Word>
        <Word id="w176">
          <Coords points="1270,1912 1302,1912 1302,1987 1270,1987"/>
          <TextEquiv>
            <Unicode>ل</Unicode>
          </TextEquiv>
        </Word>
        <Word id="w177">
          <Coords points="1091,1928 1258,1928 1258,2015 1091,2015"/>
          <TextEquiv>
            <Unicode>عليك</Unicode>
          </TextEquiv>
        </Word>
        <Word id="w178">
          <Coords points="1060,1925 1083,1925 1083,1978 1060,1978"/>
          <TextEquiv>
            <Unicode>ا</Unicode>
          </TextEquiv>
        </Word>
        <Word id="w179">
          <Coords points="965,1900 1052,1900 1052,2003 965,2003"/>
          <TextEquiv>
            <Unicode>لكتا</Unicode>
          </TextEquiv>
        </Word>
        <Word id="w180">
          <Coords points="896,1965 960,1965 960,2013 896,2013"/>
          <TextEquiv>
            <Unicode>ب</Unicode>
          </TextEquiv>
        </Word>
        <Word id="w181">
          <Coords points="781,1952 883,1952 883,1999 781,1999"/>
          <TextEquiv>
            <Unicode>منه</Unicode>
          </TextEquiv>
        </Word>
        <Word id="w182">
          <Coords points="747,1930 765,1930 765,1990 747,1990"/>
          <TextEquiv>
            <Unicode>ا</Unicode>
          </TextEquiv>
        </Word>
        <Word id="w183">
          <Coords points="707,1933 741,1933 741,2018 707,2018"/>
          <TextEquiv>
            <Unicode>يا</Unicode>
          </TextEquiv>
        </Word>
        <Word id="w184">
          <Coords points="627,1951 701,1951 701,2007 627,2007"/>
          <TextEquiv>
            <Unicode>ت</Unicode>
          </TextEquiv>
        </Word>
        <Word id="w185">
          <Coords points="485,1919 617,1919 617,2027 485,2027"/>
          <TextEquiv>
            <Unicode>محكما</Unicode>
          </TextEquiv>
        </Word>
        <Word id="w186">
          <Coords points="412,1953 480,1953 480,2018 412,2018"/>
          <TextEquiv>
            <Unicode>ت</Unicode>
          </TextEquiv>
        </Word>
        <Word id="w187">
          <Coords points="326,1952 412,1952 412,2021 326,2021"/>
          <TextEquiv>
            <Unicode>هن</Unicode>
          </TextEquiv>
        </Word>
        <Word id="w188">
          <Coords points="310,1931 325,1931 325,1994 310,1994"/>
          <TextEquiv>
            <Unicode>ا</Unicode>
          </TextEquiv>
        </Word>
        <Word id="w189">
          <Coords points="270,1964 311,1964 311,2044 270,2044"/>
          <TextEquiv>
            <Unicode>م</Unicode>
          </TextEquiv>
        </Word>
        <Word id="w190">
          <Coords points="253,1943 271,1943 271,2001 253,2001"/>
          <TextEquiv>
            <Unicode>ا</Unicode>
          </TextEquiv>
        </Word>
        <Word id="w191">
          <Coords points="147,1893 258,1893 258,2023 147,2023"/>
          <TextEquiv>
            <Unicode>لكتا</Unicode>
          </TextEquiv>
        </Word>
        <Word id="w192">
          <Coords points="74,1973 152,1973 152,2032 74,2032"/>
          <TextEquiv>
            <Unicode>ب</Unicode>
          </TextEquiv>
        </Word>
        <TextEquiv>
          <Unicode> ا نز ل عليك ا لكتا ب منه ا يا ت محكما ت هن ا م ا لكتا ب</Unicode>
        </TextEquiv>
      </TextLine>
      <TextLine id="l11">
        <Coords points="98,2074 1372,2074 1372,2227 98,2227"/>
        <Word id="w193">
          <Coords points="1329,2118 1371,2118 1371,2170 1329,2170"/>
          <TextEquiv>
            <Unicode>و</Unicode>
          </TextEquiv>
        </Word>
        <Word id="w194">
          <Coords points="1312,2084 1332,2084 1332,2157 1312,2157"/>
          <TextEquiv>
            <Unicode>ا</Unicode>
          </TextEquiv>
        </Word>
        <Word id="w195">
          <Coords points="1250,2096 1313,2096 1313,2175 1250,2175"/>
          <TextEquiv>
            <Unicode>خر</Unicode>
          </TextEquiv>
        </Word>
        <Word id="w196">
          <Coords points="1114,2094 1243,2094 1243,2160 1114,2160"/>
          <TextEquiv>
            <Unicode>متشا</Unicode>
          </TextEquiv>
        </Word>
        <Word id="w197">
          <Coords points="1028,2074 1120,2074 1120,2179 1028,2179"/>
          <TextEquiv>
            <Unicode>بها</Unicode>
          </TextEquiv>
        </Word>
        <Word id="w198">
          <Coords points="947,2108 1030,2108 1030,2165 947,2165"/>
          <TextEquiv>
            <Unicode>ت</Unicode>
          </TextEquiv>
        </Word>
        <Word id="w199">
          <Coords points="898,2093 937,2093 937,2171 898,2171"/>
          <TextEquiv>
            <Unicode>فا</Unicode>
          </TextEquiv>
        </Word>
        <Word id="w200">
          <Coords points="841,2091 896,2091 896,2162 841,2162"/>
          <TextEquiv>
            <Unicode>ما</Unicode>
          </TextEquiv>
        </Word>
        <Word id="w201">
          <Coords points="813,2100 833,2100 833,2164 813,2164"/>
          <TextEquiv>
            <Unicode>ا</Unicode>
          </TextEquiv>
        </Word>
        <Word id="w202">
          <Coords points="754,2099 808,2099 808,2170 754,2170"/>
          <TextEquiv>
            <Unicode>لذ</Unicode>
          </TextEquiv>
        </Word>
        <Word id="w203">
          <Coords points="700,2106 770,2106 770,2194 700,2194"/>
          <TextEquiv>
            <Unicode>ين</Unicode>
          </TextEquiv>
        </Word>
        <Word id="w204">
          <Coords points="604,2085 713,2085 713,2177 604,2177"/>
          <TextEquiv>
            <Unicode>في</Unicode>
          </TextEquiv>
        </Word>
        <Word id="w205">
          <Coords points="510,2102 599,2102 599,2190 510,2190"/>
          <TextEquiv>
            <Unicode>قلو</Unicode>
          </TextEquiv>
        </Word>
        <Word id="w206">
          <Coords points="439,2130 507,2130 507,2215 439,2215"/>
          <TextEquiv>
            <Unicode>بهم</Unicode>
          </TextEquiv>
        </Word>
        <Word id="w207">
          <Coords points="396,2112 434,2112 434,2184 396,2184"/>
          <TextEquiv>
            <Unicode>ز</Unicode>
          </TextEquiv>
        </Word>
        <Word id="w208">
          <Coords points="356,2098 442,2098 442,2226 356,2226"/>
          <TextEquiv>
            <Unicode>يغ</Unicode>
          </TextEquiv>
        </Word>
        <Word id="w209">
          <Coords points="140,2106 343,2106 343,2201 140,2201"/>
          <TextEquiv>
            <Unicode>فيتبعو</Unicode>
          </TextEquiv>
        </Word>
        <Word id="w210">
          <Coords points="98,2114 143,2114 143,2177 98,2177"/>
          <TextEquiv>
            <Unicode>ن</Unicode>
          </TextEquiv>
        </Word>
        <TextEquiv>
          <Unicode> و ا خر متشا بها ت فا ما ا لذ ين في قلو بهم ز يغ فيتبعو ن</Unicode>
        </TextEquiv>
      </TextLine>
      <TextLine id="l12">
        <Coords points="85,2240 1375,2240 1375,2389 85,2389"/>
        <Word id="w211">
          <Coords points="1326,2240 1374,2240 1374,2317 1326,2317"/>
          <TextEquiv>
            <Unicode>ما</Unicode>
          </TextEquiv>
        </Word>
        <Word id="w212">
          <Coords points="1218,2254 1322,2254 1322,2320 1218,2320"/>
          <TextEquiv>
            <Unicode>تشا</Unicode>
          </TextEquiv>
        </Word>
        <Word id="w213">
          <Coords points="1180,2290 1221,2290 1221,2340 1180,2340"/>
          <TextEquiv>
            <Unicode>به</Unicode>
          </TextEquiv>
        </Word>
        <Word id="w214">
          <Coords points="1067,2278 1171,2278 1171,2328 1067,2328"/>
          <TextEquiv>
            <Unicode>منه</Unicode>
          </TextEquiv>
        </Word>
        <Word id="w215">
          <Coords points="1034,2253 1054,2253 1054,2318 1034,2318"/>
          <TextEquiv>
            <Unicode>ا</Unicode>
          </TextEquiv>
        </Word>
        <Word id="w216">
          <Coords points="890,2256 1034,2256 1034,2348 890,2348"/>
          <TextEquiv>
            <Unicode>بتغا</Unicode>
          </TextEquiv>
        </Word>
        <Word id="w217">
          <Coords points="867,2302 895,2302 895,2328 867,2328"/>
          <TextEquiv>
            <Unicode>ء</Unicode>
          </TextEquiv>
        </Word>
        <Word id="w218">
          <Coords points="834,2260 858,2260 858,2320 834,2320"/>
          <TextEquiv>
            <Unicode>ا</Unicode>
          </TextEquiv>
        </Word>
        <Word id="w219">
          <Coords points="675,2249 825,2249 825,2340 675,2340"/>
          <TextEquiv>
            <Unicode>لفتنة</Unicode>
          </TextEquiv>
        </Word>
        <Word id="w220">
          <Coords points="616,2297 661,2297 661,2345 616,2345"/>
          <TextEquiv>
            <Unicode>و</Unicode>
          </TextEquiv>
        </Word>
        <Word id="w221">
          <Coords points="607,2267 621,2267 621,2325 607,2325"/>
          <TextEquiv>
            <Unicode>ا</Unicode>
          </TextEquiv>
        </Word>
        <Word id="w222">
          <Coords points="490,2268 598,2268 598,2356 490,2356"/>
          <TextEquiv>
            <Unicode>بتغا</Unicode>
          </TextEquiv>
        </Word>
        <Word id="w223">
          <Coords points="462,2304 488,2304 488,2334 462,2334"/>
          <TextEquiv>
            <Unicode>ء</Unicode>
          </TextEquiv>
        </Word>
        <Word id="w224">
          <Coords points="398,2266 447,2266 447,2337 398,2337"/>
          <TextEquiv>
            <Unicode>تا</Unicode>
          </TextEquiv>
        </Word>
        <Word id="w225">
          <Coords points="349,2302 396,2302 396,2358 349,2358"/>
          <TextEquiv>
            <Unicode>و</Unicode>
          </TextEquiv>
        </Word>
        <Word id="w226">
          <Coords points="292,2261 364,2261 364,2377 292,2377"/>
          <TextEquiv>
            <Unicode>يله</Unicode>
          </TextEquiv>
        </Word>
        <Word id="w227">
          <Coords points="232,2302 284,2302 284,2356 232,2356"/>
          <TextEquiv>
            <Unicode>و</Unicode>
          </TextEquiv>
        </Word>
        <Word id="w228">
          <Coords points="204,2260 241,2260 241,2343 204,2343"/>
          <TextEquiv>
            <Unicode>ما</Unicode>
          </TextEquiv>
        </Word>
        <Word id="w229">
          <Coords points="85,2268 195,2268 195,2388 85,2388"/>
          <TextEquiv>
            <Unicode>يعلم</Unicode>
          </TextEquiv>
        </Word>
        <TextEquiv>
          <Unicode> ما تشا به منه ا بتغا ء ا لفتنة و ا بتغا ء تا و يله و ما يعلم</Unicode>
        </TextEquiv>
      </TextLine>
      <TextLine id="l13">
        <Coords points="186,2402 1391,2402 1391,2537 186,2537"/>
        <Word id="w230">
          <Coords points="1349,2410 1390,2410 1390,2476 1349,2476"/>
          <TextEquiv>
            <Unicode>تا</Unicode>
          </TextEquiv>
        </Word>
        <Word id="w231">
          <Coords points="1309,2443 1349,2443 1349,2500 1309,2500"/>
          <TextEquiv>
            <Unicode>و</Unicode>
          </TextEquiv>
        </Word>
        <Word id="w232">
          <Coords points="1241,2413 1313,2413 1313,2511 1241,2511"/>
          <TextEquiv>
            <Unicode>يله</Unicode>
          </TextEquiv>
        </Word>
        <Word id="w233">
          <Coords points="1213,2413 1233,2413 1233,2484 1213,2484"/>
          <TextEquiv>
            <Unicode>ا</Unicode>
          </TextEquiv>
        </Word>
        <Word id="w234">
          <Coords points="1154,2418 1206,2418 1206,2493 1154,2493"/>
          <TextEquiv>
            <Unicode>لا</Unicode>
          </TextEquiv>
        </Word>
        <Word id="w235">
          <Coords points="1127,2414 1151,2414 1151,2480 1127,2480"/>
          <TextEquiv>
            <Unicode>ا</Unicode>
          </TextEquiv>
        </Word>
        <Word id="w236">
          <Coords points="1061,2441 1129,2441 1129,2488 1061,2488"/>
          <TextEquiv>
            <Unicode>لله</Unicode>
          </TextEquiv>
        </Word>
        <Word id="w237">
          <Coords points="1010,2449 1056,2449 1056,2506 1010,2506"/>
          <TextEquiv>
            <Unicode>و</Unicode>
          </TextEquiv>
        </Word>
        <Word id="w238">
          <Coords points="998,2419 1017,2419 1017,2480 998,2480"/>
          <TextEquiv>
            <Unicode>ا</Unicode>
          </TextEquiv>
        </Word>
        <Word id="w239">
          <Coords points="929,2414 986,2414 986,2498 929,2498"/>
          <TextEquiv>
            <Unicode>لر</Unicode>
          </TextEquiv>
        </Word>
        <Word id="w240">
          <Coords points="923,2404 949,2404 949,2476 923,2476"/>
          <TextEquiv>
            <Unicode>ا</Unicode>
          </TextEquiv>
        </Word>
        <Word id="w241">
          <Coords points="829,2420 923,2420 923,2511 829,2511"/>
          <TextEquiv>
            <Unicode>سخو</Unicode>
          </TextEquiv>
        </Word>
        <Word id="w242">
          <Coords points="789,2421 826,2421 826,2506 789,2506"/>
          <TextEquiv>
            <Unicode>ن</Unicode>
          </TextEquiv>
        </Word>
        <Word id="w243">
          <Coords points="684,2402 793,2402 793,2485 684,2485"/>
          <TextEquiv>
            <Unicode>فى</Unicode>
          </TextEquiv>
        </Word>
        <Word id="w244">
          <Coords points="656,2421 678,2421 678,2484 656,2484"/>
          <TextEquiv>
            <Unicode>ا</Unicode>
          </TextEquiv>
        </Word>
        <Word id="w245">
          <Coords points="543,2425 643,2425 643,2536 543,2536"/>
          <TextEquiv>
            <Unicode>لعلم</Unicode>
          </TextEquiv>
        </Word>
        <Word id="w246">
          <Coords points="447,2437 536,2437 536,2527 447,2527"/>
          <TextEquiv>
            <Unicode>يقو</Unicode>
          </TextEquiv>
        </Word>
        <Word id="w247">
          <Coords points="390,2420 444,2420 444,2516 390,2516"/>
          <TextEquiv>
            <Unicode>لو</Unicode>
          </TextEquiv>
        </Word>
        <Word id="w248">
          <Coords points="344,2442 391,2442 391,2507 344,2507"/>
          <TextEquiv>
            <Unicode>ن</Unicode>
          </TextEquiv>
        </Word>
        <Word id="w249">
          <Coords points="326,2440 339,2440 339,2491 326,2491"/>
          <TextEquiv>
            <Unicode>ا</Unicode>
          </TextEquiv>
        </Word>
        <Word id="w250">
          <Coords points="186,2423 323,2423 323,2501 186,2501"/>
          <TextEquiv>
            <Unicode>منا</Unicode>
          </TextEquiv>
        </Word>
        <TextEquiv>
          <Unicode> تا و يله ا لا ا لله و ا لر ا سخو ن فى ا لعلم يقو لو ن ا منا</Unicode>
        </TextEquiv>
      </TextLine>
    </TextRegion>
  </Page>
</PcGts>
