<?xml version='1.0' encoding='utf-8'?>
<PcGts xmlns:xsi="http://www.w3.org/2001/XMLSchema-instance" xmlns="http://schema.primaresearch.org/PAGE/gts/pagecontent/2019-07-15" xsi:schemaLocation="http://schema.primaresearch.org/PAGE/gts/pagecontent/2019-07-15 http://schema.primaresearch.org/PAGE/gts/pagecontent/2019-07-15/pagecontent.xsd" pcGtsId="pc-aletheiaexamplepage">
  <Metadata>
    <Creator>PRImA Research Lab</Creator>
    <Created>2015-07-17T15:27:13</Created>
    <LastChange>2017-07-14T10:03:33</LastChange>
    <Comments>Example Page</Comments>
  </Metadata>
  <Page imageFilename="3158466/_040-2.png" imageWidth="1388" imageHeight="2594">
    <TextRegion id="r0" type="paragraph">
      <Coords points="1,1 1386,1 1386,2592 1,2592"/>
      <TextLine id="l0">
        <Coords points="73,74 1347,74 1347,221 73,221"/>
        <Word id="w0">
          <Coords points="1248,111 1346,111 1346,209 1248,209"/>
          <TextEquiv>
            <Unicode>يقو</Unicode>
          </TextEquiv>
        </Word>
        <Word id="w1">
          <Coords points="1198,104 1250,104 1250,208 1198,208"/>
          <TextEquiv>
            <Unicode>لو</Unicode>
          </TextEquiv>
        </Word>
        <Word id="w2">
          <Coords points="1145,122 1191,122 1191,196 1145,196"/>
          <TextEquiv>
            <Unicode>ن</Unicode>
          </TextEquiv>
        </Word>
        <Word id="w3">
          <Coords points="1046,108 1145,108 1145,214 1046,214"/>
          <TextEquiv>
            <Unicode>هل</Unicode>
          </TextEquiv>
        </Word>
        <Word id="w4">
          <Coords points="973,110 1060,110 1060,180 973,180"/>
          <TextEquiv>
            <Unicode>لنا</Unicode>
          </TextEquiv>
        </Word>
        <Word id="w5">
          <Coords points="894,125 966,125 966,199 894,199"/>
          <TextEquiv>
            <Unicode>من</Unicode>
          </TextEquiv>
        </Word>
        <Word id="w6">
          <Coords points="873,102 898,102 898,180 873,180"/>
          <TextEquiv>
            <Unicode>ا</Unicode>
          </TextEquiv>
        </Word>
        <Word id="w7">
          <Coords points="815,114 862,114 862,199 815,199"/>
          <TextEquiv>
            <Unicode>لا</Unicode>
          </TextEquiv>
        </Word>
        <Word id="w8">
          <Coords points="729,145 814,145 814,214 729,214"/>
          <TextEquiv>
            <Unicode>مر</Unicode>
          </TextEquiv>
        </Word>
        <Word id="w9">
          <Coords points="675,119 746,119 746,220 675,220"/>
          <TextEquiv>
            <Unicode>من</Unicode>
          </TextEquiv>
        </Word>
        <Word id="w10">
          <Coords points="573,108 666,108 666,209 573,209"/>
          <TextEquiv>
            <Unicode>شيء</Unicode>
          </TextEquiv>
        </Word>
        <Word id="w11">
          <Coords points="439,118 556,118 556,218 439,218"/>
          <TextEquiv>
            <Unicode>فل</Unicode>
          </TextEquiv>
        </Word>
        <Word id="w12">
          <Coords points="427,120 441,120 441,173 427,173"/>
          <TextEquiv>
            <Unicode>ا</Unicode>
          </TextEquiv>
        </Word>
        <Word id="w13">
          <Coords points="377,131 417,131 417,197 377,197"/>
          <TextEquiv>
            <Unicode>ن</Unicode>
          </TextEquiv>
        </Word>
        <Word id="w14">
          <Coords points="350,108 366,108 366,171 350,171"/>
          <TextEquiv>
            <Unicode>ا</Unicode>
          </TextEquiv>
        </Word>
        <Word id="w15">
          <Coords points="290,118 347,118 347,199 290,199"/>
          <TextEquiv>
            <Unicode>لا</Unicode>
          </TextEquiv>
        </Word>
        <Word id="w16">
          <Coords points="225,150 301,150 301,220 225,220"/>
          <TextEquiv>
            <Unicode>مر</Unicode>
          </TextEquiv>
        </Word>
        <Word id="w17">
          <Coords points="148,74 270,74 270,199 148,199"/>
          <TextEquiv>
            <Unicode>كله</Unicode>
          </TextEquiv>
        </Word>
        <Word id="w18">
          <Coords points="73,135 138,135 138,181 73,181"/>
          <TextEquiv>
            <Unicode>لله</Unicode>
          </TextEquiv>
        </Word>
        <TextEquiv>
          <Unicode> يقو لو ن هل لنا من ا لا مر من شيء فل ا ن ا لا مر كله لله</Unicode>
        </TextEquiv>
      </TextLine>
      <TextLine id="l1">
        <Coords points="67,232 1361,232 1361,419 67,419"/>
        <Word id="w19">
          <Coords points="1224,289 1360,289 1360,382 1224,382"/>
          <TextEquiv>
            <Unicode>يخفو</Unicode>
          </TextEquiv>
        </Word>
        <Word id="w20">
          <Coords points="1179,294 1216,294 1216,358 1179,358"/>
          <TextEquiv>
            <Unicode>ن</Unicode>
          </TextEquiv>
        </Word>
        <Word id="w21">
          <Coords points="1060,259 1178,259 1178,341 1060,341"/>
          <TextEquiv>
            <Unicode>فى</Unicode>
          </TextEquiv>
        </Word>
        <Word id="w22">
          <Coords points="1031,287 1045,287 1045,344 1031,344"/>
          <TextEquiv>
            <Unicode>ا</Unicode>
          </TextEquiv>
        </Word>
        <Word id="w23">
          <Coords points="854,288 1027,288 1027,418 854,418"/>
          <TextEquiv>
            <Unicode>نفسهم</Unicode>
          </TextEquiv>
        </Word>
        <Word id="w24">
          <Coords points="799,281 847,281 847,354 799,354"/>
          <TextEquiv>
            <Unicode>ما</Unicode>
          </TextEquiv>
        </Word>
        <Word id="w25">
          <Coords points="731,296 784,296 784,372 731,372"/>
          <TextEquiv>
            <Unicode>لا</Unicode>
          </TextEquiv>
        </Word>
        <Word id="w26">
          <Coords points="639,311 728,311 728,389 639,389"/>
          <TextEquiv>
            <Unicode>يبد</Unicode>
          </TextEquiv>
        </Word>
        <Word id="w27">
          <Coords points="579,319 624,319 624,374 579,374"/>
          <TextEquiv>
            <Unicode>و</Unicode>
          </TextEquiv>
        </Word>
        <Word id="w28">
          <Coords points="532,295 586,295 586,361 532,361"/>
          <TextEquiv>
            <Unicode>ن</Unicode>
          </TextEquiv>
        </Word>
        <Word id="w29">
          <Coords points="440,295 524,295 524,357 440,357"/>
          <TextEquiv>
            <Unicode>لك</Unicode>
          </TextEquiv>
        </Word>
        <Word id="w30">
          <Coords points="316,294 427,294 427,378 316,378"/>
          <TextEquiv>
            <Unicode>يقو</Unicode>
          </TextEquiv>
        </Word>
        <Word id="w31">
          <Coords points="270,267 321,267 321,380 270,380"/>
          <TextEquiv>
            <Unicode>لو</Unicode>
          </TextEquiv>
        </Word>
        <Word id="w32">
          <Coords points="221,298 269,298 269,370 221,370"/>
          <TextEquiv>
            <Unicode>ن</Unicode>
          </TextEquiv>
        </Word>
        <Word id="w33">
          <Coords points="151,289 209,289 209,382 151,382"/>
          <TextEquiv>
            <Unicode>لو</Unicode>
          </TextEquiv>
        </Word>
        <Word id="w34">
          <Coords points="104,232 222,232 222,364 104,364"/>
          <TextEquiv>
            <Unicode>كا</Unicode>
          </TextEquiv>
        </Word>
        <Word id="w35">
          <Coords points="67,296 102,296 102,362 67,362"/>
          <TextEquiv>
            <Unicode>ن</Unicode>
          </TextEquiv>
        </Word>
        <TextEquiv>
          <Unicode> يخفو ن فى ا نفسهم ما لا يبد و ن لك يقو لو ن لو كا ن</Unicode>
        </TextEquiv>
      </TextLine>
      <TextLine id="l2">
        <Coords points="87,391 1354,391 1354,554 87,554"/>
        <Word id="w36">
          <Coords points="1280,446 1353,446 1353,515 1280,515"/>
          <TextEquiv>
            <Unicode>لنا</Unicode>
          </TextEquiv>
        </Word>
        <Word id="w37">
          <Coords points="1196,467 1269,467 1269,543 1196,543"/>
          <TextEquiv>
            <Unicode>من</Unicode>
          </TextEquiv>
        </Word>
        <Word id="w38">
          <Coords points="1173,439 1189,439 1189,506 1173,506"/>
          <TextEquiv>
            <Unicode>ا</Unicode>
          </TextEquiv>
        </Word>
        <Word id="w39">
          <Coords points="1113,442 1166,442 1166,531 1113,531"/>
          <TextEquiv>
            <Unicode>لا</Unicode>
          </TextEquiv>
        </Word>
        <Word id="w40">
          <Coords points="1031,477 1111,477 1111,547 1031,547"/>
          <TextEquiv>
            <Unicode>مر</Unicode>
          </TextEquiv>
        </Word>
        <Word id="w41">
          <Coords points="958,479 1052,479 1052,540 958,540"/>
          <TextEquiv>
            <Unicode>سى</Unicode>
          </TextEquiv>
        </Word>
        <Word id="w42">
          <Coords points="955,463 984,463 984,494 955,494"/>
          <TextEquiv>
            <Unicode>ء</Unicode>
          </TextEquiv>
        </Word>
        <Word id="w43">
          <Coords points="897,439 945,439 945,515 897,515"/>
          <TextEquiv>
            <Unicode>ما</Unicode>
          </TextEquiv>
        </Word>
        <Word id="w44">
          <Coords points="679,439 887,439 887,533 679,533"/>
          <TextEquiv>
            <Unicode>قتلنا</Unicode>
          </TextEquiv>
        </Word>
        <Word id="w45">
          <Coords points="605,446 667,446 667,521 605,521"/>
          <TextEquiv>
            <Unicode>ها</Unicode>
          </TextEquiv>
        </Word>
        <Word id="w46">
          <Coords points="487,447 593,447 593,525 487,525"/>
          <TextEquiv>
            <Unicode>هنا</Unicode>
          </TextEquiv>
        </Word>
        <Word id="w47">
          <Coords points="405,452 476,452 476,553 405,553"/>
          <TextEquiv>
            <Unicode>قل</Unicode>
          </TextEquiv>
        </Word>
        <Word id="w48">
          <Coords points="349,466 405,466 405,541 349,541"/>
          <TextEquiv>
            <Unicode>لو</Unicode>
          </TextEquiv>
        </Word>
        <Word id="w49">
          <Coords points="204,391 410,391 410,531 204,531"/>
          <TextEquiv>
            <Unicode>كنتم</Unicode>
          </TextEquiv>
        </Word>
        <Word id="w50">
          <Coords points="87,436 212,436 212,518 87,518"/>
          <TextEquiv>
            <Unicode>فى</Unicode>
          </TextEquiv>
        </Word>
        <TextEquiv>
          <Unicode> لنا من ا لا مر سى ء ما قتلنا ها هنا قل لو كنتم فى</Unicode>
        </TextEquiv>
      </TextLine>
      <TextLine id="l3">
        <Coords points="67,558 1354,558 1354,725 67,725"/>
        <Word id="w51">
          <Coords points="1269,639 1353,639 1353,713 1269,713"/>
          <TextEquiv>
            <Unicode>بيو</Unicode>
          </TextEquiv>
        </Word>
        <Word id="w52">
          <Coords points="1183,558 1304,558 1304,706 1183,706"/>
          <TextEquiv>
            <Unicode>تكم</Unicode>
          </TextEquiv>
        </Word>
        <Word id="w53">
          <Coords points="1082,613 1162,613 1162,715 1082,715"/>
          <TextEquiv>
            <Unicode>لبر</Unicode>
          </TextEquiv>
        </Word>
        <Word id="w54">
          <Coords points="1051,646 1086,646 1086,692 1051,692"/>
          <TextEquiv>
            <Unicode>ر</Unicode>
          </TextEquiv>
        </Word>
        <Word id="w55">
          <Coords points="1009,618 1021,618 1021,672 1009,672"/>
          <TextEquiv>
            <Unicode>ا</Unicode>
          </TextEquiv>
        </Word>
        <Word id="w56">
          <Coords points="946,626 1000,626 1000,689 946,689"/>
          <TextEquiv>
            <Unicode>لذ</Unicode>
          </TextEquiv>
        </Word>
        <Word id="w57">
          <Coords points="630,616 891,616 891,708 630,708"/>
          <TextEquiv>
            <Unicode>كتب</Unicode>
          </TextEquiv>
        </Word>
        <Word id="w58">
          <Coords points="475,612 607,612 607,721 475,721"/>
          <TextEquiv>
            <Unicode>عليهم</Unicode>
          </TextEquiv>
        </Word>
        <Word id="w59">
          <Coords points="448,611 474,611 474,672 448,672"/>
          <TextEquiv>
            <Unicode>ا</Unicode>
          </TextEquiv>
        </Word>
        <Word id="w60">
          <Coords points="317,613 445,613 445,718 317,718"/>
          <TextEquiv>
            <Unicode>لقتل</Unicode>
          </TextEquiv>
        </Word>
        <Word id="w61">
          <Coords points="309,614 325,614 325,681 309,681"/>
          <TextEquiv>
            <Unicode>ا</Unicode>
          </TextEquiv>
        </Word>
        <Word id="w62">
          <Coords points="252,615 309,615 309,707 252,707"/>
          <TextEquiv>
            <Unicode>لى</Unicode>
          </TextEquiv>
        </Word>
        <Word id="w63">
          <Coords points="151,595 271,595 271,689 151,689"/>
          <TextEquiv>
            <Unicode>مضا</Unicode>
          </TextEquiv>
        </Word>
        <Word id="w64">
          <Coords points="67,636 148,636 148,724 67,724"/>
          <TextEquiv>
            <Unicode>جعهم</Unicode>
          </TextEquiv>
        </Word>
        <TextEquiv>
          <Unicode> بيو تكم لبر ر ا لذ كتب عليهم ا لقتل ا لى مضا جعهم</Unicode>
        </TextEquiv>
      </TextLine>
      <TextLine id="l4">
        <Coords points="79,717 1347,717 1347,904 79,904"/>
        <Word id="w65">
          <Coords points="1308,797 1346,797 1346,846 1308,846"/>
          <TextEquiv>
            <Unicode>و</Unicode>
          </TextEquiv>
        </Word>
        <Word id="w66">
          <Coords points="1161,761 1307,761 1307,876 1161,876"/>
          <TextEquiv>
            <Unicode>ليبتلى</Unicode>
          </TextEquiv>
        </Word>
        <Word id="w67">
          <Coords points="1147,768 1168,768 1168,827 1147,827"/>
          <TextEquiv>
            <Unicode>ا</Unicode>
          </TextEquiv>
        </Word>
        <Word id="w68">
          <Coords points="1064,792 1137,792 1137,836 1064,836"/>
          <TextEquiv>
            <Unicode>لله</Unicode>
          </TextEquiv>
        </Word>
        <Word id="w69">
          <Coords points="1007,756 1057,756 1057,837 1007,837"/>
          <TextEquiv>
            <Unicode>ما</Unicode>
          </TextEquiv>
        </Word>
        <Word id="w70">
          <Coords points="934,761 999,761 999,892 934,892"/>
          <TextEquiv>
            <Unicode>في</Unicode>
          </TextEquiv>
        </Word>
        <Word id="w71">
          <Coords points="830,789 947,789 947,843 830,843"/>
          <TextEquiv>
            <Unicode>صد</Unicode>
          </TextEquiv>
        </Word>
        <Word id="w72">
          <Coords points="777,808 823,808 823,858 777,858"/>
          <TextEquiv>
            <Unicode>و</Unicode>
          </TextEquiv>
        </Word>
        <Word id="w73">
          <Coords points="737,810 777,810 777,855 737,855"/>
          <TextEquiv>
            <Unicode>ر</Unicode>
          </TextEquiv>
        </Word>
        <Word id="w74">
          <Coords points="682,717 792,717 792,856 682,856"/>
          <TextEquiv>
            <Unicode>كم</Unicode>
          </TextEquiv>
        </Word>
        <Word id="w75">
          <Coords points="632,809 677,809 677,862 632,862"/>
          <TextEquiv>
            <Unicode>و</Unicode>
          </TextEquiv>
        </Word>
        <Word id="w76">
          <Coords points="448,754 623,754 623,881 448,881"/>
          <TextEquiv>
            <Unicode>ليمحص</Unicode>
          </TextEquiv>
        </Word>
        <Word id="w77">
          <Coords points="391,771 440,771 440,849 391,849"/>
          <TextEquiv>
            <Unicode>مل</Unicode>
          </TextEquiv>
        </Word>
        <Word id="w78">
          <Coords points="275,779 392,779 392,853 275,853"/>
          <TextEquiv>
            <Unicode>فى</Unicode>
          </TextEquiv>
        </Word>
        <Word id="w79">
          <Coords points="163,786 259,786 259,884 163,884"/>
          <TextEquiv>
            <Unicode>قلو</Unicode>
          </TextEquiv>
        </Word>
        <Word id="w80">
          <Coords points="79,737 170,737 170,903 79,903"/>
          <TextEquiv>
            <Unicode>بكم</Unicode>
          </TextEquiv>
        </Word>
        <TextEquiv>
          <Unicode> و ليبتلى ا لله ما في صد و ر كم و ليمحص مل فى قلو بكم</Unicode>
        </TextEquiv>
      </TextLine>
      <TextLine id="l5">
        <Coords points="66,897 1362,897 1362,1058 66,1058"/>
        <Word id="w81">
          <Coords points="1318,963 1361,963 1361,1014 1318,1014"/>
          <TextEquiv>
            <Unicode>و</Unicode>
          </TextEquiv>
        </Word>
        <Word id="w82">
          <Coords points="1307,936 1325,936 1325,996 1307,996"/>
          <TextEquiv>
            <Unicode>ا</Unicode>
          </TextEquiv>
        </Word>
        <Word id="w83">
          <Coords points="1238,956 1300,956 1300,999 1238,999"/>
          <TextEquiv>
            <Unicode>لله</Unicode>
          </TextEquiv>
        </Word>
        <Word id="w84">
          <Coords points="1062,936 1216,936 1216,1033 1062,1033"/>
          <TextEquiv>
            <Unicode>عليم</Unicode>
          </TextEquiv>
        </Word>
        <Word id="w85">
          <Coords points="987,967 1050,967 1050,1035 987,1035"/>
          <TextEquiv>
            <Unicode>بد</Unicode>
          </TextEquiv>
        </Word>
        <Word id="w86">
          <Coords points="972,939 989,939 989,998 972,998"/>
          <TextEquiv>
            <Unicode>ا</Unicode>
          </TextEquiv>
        </Word>
        <Word id="w87">
          <Coords points="900,963 968,963 968,1009 900,1009"/>
          <TextEquiv>
            <Unicode>ت</Unicode>
          </TextEquiv>
        </Word>
        <Word id="w88">
          <Coords points="867,945 887,945 887,999 867,999"/>
          <TextEquiv>
            <Unicode>ا</Unicode>
          </TextEquiv>
        </Word>
        <Word id="w89">
          <Coords points="732,947 857,947 857,1018 732,1018"/>
          <TextEquiv>
            <Unicode>لصد</Unicode>
          </TextEquiv>
        </Word>
        <Word id="w90">
          <Coords points="682,981 727,981 727,1034 682,1034"/>
          <TextEquiv>
            <Unicode>و</Unicode>
          </TextEquiv>
        </Word>
        <Word id="w91">
          <Coords points="636,985 683,985 683,1032 636,1032"/>
          <TextEquiv>
            <Unicode>ر</Unicode>
          </TextEquiv>
        </Word>
        <Word id="w92">
          <Coords points="507,947 533,947 533,1010 507,1010"/>
          <TextEquiv>
            <Unicode>ا</Unicode>
          </TextEquiv>
        </Word>
        <Word id="w93">
          <Coords points="459,957 492,957 492,1021 459,1021"/>
          <TextEquiv>
            <Unicode>ن</Unicode>
          </TextEquiv>
        </Word>
        <Word id="w94">
          <Coords points="434,956 452,956 452,1011 434,1011"/>
          <TextEquiv>
            <Unicode>ا</Unicode>
          </TextEquiv>
        </Word>
        <Word id="w95">
          <Coords points="372,964 427,964 427,1025 372,1025"/>
          <TextEquiv>
            <Unicode>لذ</Unicode>
          </TextEquiv>
        </Word>
        <Word id="w96">
          <Coords points="316,965 372,965 372,1055 316,1055"/>
          <TextEquiv>
            <Unicode>ين</Unicode>
          </TextEquiv>
        </Word>
        <Word id="w97">
          <Coords points="241,958 304,958 304,1046 241,1046"/>
          <TextEquiv>
            <Unicode>تو</Unicode>
          </TextEquiv>
        </Word>
        <Word id="w98">
          <Coords points="199,941 256,941 256,1048 199,1048"/>
          <TextEquiv>
            <Unicode>لو</Unicode>
          </TextEquiv>
        </Word>
        <Word id="w99">
          <Coords points="187,949 207,949 207,1007 187,1007"/>
          <TextEquiv>
            <Unicode>ا</Unicode>
          </TextEquiv>
        </Word>
        <Word id="w100">
          <Coords points="66,897 186,897 186,1057 66,1057"/>
          <TextEquiv>
            <Unicode>منكم</Unicode>
          </TextEquiv>
        </Word>
        <TextEquiv>
          <Unicode> و ا لله عليم بد ا ت ا لصد و ر ا ن ا لذ ين تو لو ا منكم</Unicode>
        </TextEquiv>
      </TextLine>
      <TextLine id="l6">
        <Coords points="82,1088 1353,1088 1353,1210 82,1210"/>
        <Word id="w101">
          <Coords points="1305,1124 1352,1124 1352,1204 1305,1204"/>
          <TextEquiv>
            <Unicode>يو</Unicode>
          </TextEquiv>
        </Word>
        <Word id="w102">
          <Coords points="1258,1123 1296,1123 1296,1188 1258,1188"/>
          <TextEquiv>
            <Unicode>م</Unicode>
          </TextEquiv>
        </Word>
        <Word id="w103">
          <Coords points="1237,1089 1256,1089 1256,1153 1237,1153"/>
          <TextEquiv>
            <Unicode>ا</Unicode>
          </TextEquiv>
        </Word>
        <Word id="w104">
          <Coords points="1120,1105 1228,1105 1228,1202 1120,1202"/>
          <TextEquiv>
            <Unicode>لتقى</Unicode>
          </TextEquiv>
        </Word>
        <Word id="w105">
          <Coords points="1101,1088 1120,1088 1120,1143 1101,1143"/>
          <TextEquiv>
            <Unicode>ا</Unicode>
          </TextEquiv>
        </Word>
        <Word id="w106">
          <Coords points="990,1093 1117,1093 1117,1201 990,1201"/>
          <TextEquiv>
            <Unicode>لجمعا</Unicode>
          </TextEquiv>
        </Word>
        <Word id="w107">
          <Coords points="933,1116 976,1116 976,1184 933,1184"/>
          <TextEquiv>
            <Unicode>ن</Unicode>
          </TextEquiv>
        </Word>
        <Word id="w108">
          <Coords points="908,1098 923,1098 923,1167 908,1167"/>
          <TextEquiv>
            <Unicode>ا</Unicode>
          </TextEquiv>
        </Word>
        <Word id="w109">
          <Coords points="841,1099 889,1099 889,1179 841,1179"/>
          <TextEquiv>
            <Unicode>نما</Unicode>
          </TextEquiv>
        </Word>
        <Word id="w110">
          <Coords points="816,1107 837,1107 837,1173 816,1173"/>
          <TextEquiv>
            <Unicode>ا</Unicode>
          </TextEquiv>
        </Word>
        <Word id="w111">
          <Coords points="692,1117 806,1117 806,1209 692,1209"/>
          <TextEquiv>
            <Unicode>ستنر</Unicode>
          </TextEquiv>
        </Word>
        <Word id="w112">
          <Coords points="597,1096 686,1096 686,1189 597,1189"/>
          <TextEquiv>
            <Unicode>لهم</Unicode>
          </TextEquiv>
        </Word>
        <Word id="w113">
          <Coords points="562,1102 580,1102 580,1165 562,1165"/>
          <TextEquiv>
            <Unicode>ا</Unicode>
          </TextEquiv>
        </Word>
        <Word id="w114">
          <Coords points="365,1093 555,1093 555,1200 365,1200"/>
          <TextEquiv>
            <Unicode>لشيطا</Unicode>
          </TextEquiv>
        </Word>
        <Word id="w115">
          <Coords points="307,1127 359,1127 359,1186 307,1186"/>
          <TextEquiv>
            <Unicode>ن</Unicode>
          </TextEquiv>
        </Word>
        <Word id="w116">
          <Coords points="99,1094 148,1094 148,1175 99,1175"/>
          <TextEquiv>
            <Unicode>ما</Unicode>
          </TextEquiv>
        </Word>
        <Word id="w117">
          <Coords points="82,1122 296,1122 296,1205 82,1205"/>
          <TextEquiv>
            <Unicode>ببعض</Unicode>
          </TextEquiv>
        </Word>
        <TextEquiv>
          <Unicode> يو م ا لتقى ا لجمعا ن ا نما ا ستنر لهم ا لشيطا ن ما ببعض</Unicode>
        </TextEquiv>
      </TextLine>
      <TextLine id="l7">
        <Coords points="92,1225 1371,1225 1371,1403 92,1403"/>
        <Word id="w118">
          <Coords points="1171,1225 1370,1225 1370,1366 1171,1366"/>
          <TextEquiv>
            <Unicode>كسبو</Unicode>
          </TextEquiv>
        </Word>
        <Word id="w119">
          <Coords points="1156,1260 1179,1260 1179,1328 1156,1328"/>
          <TextEquiv>
            <Unicode>ا</Unicode>
          </TextEquiv>
        </Word>
        <Word id="w120">
          <Coords points="1103,1299 1147,1299 1147,1349 1103,1349"/>
          <TextEquiv>
            <Unicode>و</Unicode>
          </TextEquiv>
        </Word>
        <Word id="w121">
          <Coords points="1010,1266 1102,1266 1102,1351 1010,1351"/>
          <TextEquiv>
            <Unicode>لقد</Unicode>
          </TextEquiv>
        </Word>
        <Word id="w122">
          <Coords points="840,1258 1002,1258 1002,1340 840,1340"/>
          <TextEquiv>
            <Unicode>عفا</Unicode>
          </TextEquiv>
        </Word>
        <Word id="w123">
          <Coords points="805,1272 827,1272 827,1332 805,1332"/>
          <TextEquiv>
            <Unicode>ا</Unicode>
          </TextEquiv>
        </Word>
        <Word id="w124">
          <Coords points="730,1295 808,1295 808,1352 730,1352"/>
          <TextEquiv>
            <Unicode>لله</Unicode>
          </TextEquiv>
        </Word>
        <Word id="w125">
          <Coords points="593,1294 722,1294 722,1390 593,1390"/>
          <TextEquiv>
            <Unicode>عنهم</Unicode>
          </TextEquiv>
        </Word>
        <Word id="w126">
          <Coords points="568,1268 583,1268 583,1330 568,1330"/>
          <TextEquiv>
            <Unicode>ا</Unicode>
          </TextEquiv>
        </Word>
        <Word id="w127">
          <Coords points="517,1290 566,1290 566,1351 517,1351"/>
          <TextEquiv>
            <Unicode>ن</Unicode>
          </TextEquiv>
        </Word>
        <Word id="w128">
          <Coords points="483,1269 509,1269 509,1339 483,1339"/>
          <TextEquiv>
            <Unicode>ا</Unicode>
          </TextEquiv>
        </Word>
        <Word id="w129">
          <Coords points="412,1295 480,1295 480,1344 412,1344"/>
          <TextEquiv>
            <Unicode>لله</Unicode>
          </TextEquiv>
        </Word>
        <Word id="w130">
          <Coords points="247,1289 396,1289 396,1370 247,1370"/>
          <TextEquiv>
            <Unicode>غفو</Unicode>
          </TextEquiv>
        </Word>
        <Word id="w131">
          <Coords points="205,1309 242,1309 242,1362 205,1362"/>
          <TextEquiv>
            <Unicode>ر</Unicode>
          </TextEquiv>
        </Word>
        <Word id="w132">
          <Coords points="92,1271 204,1271 204,1402 92,1402"/>
          <TextEquiv>
            <Unicode>حليم</Unicode>
          </TextEquiv>
        </Word>
        <TextEquiv>
          <Unicode> كسبو ا و لقد عفا ا لله عنهم ا ن ا لله غفو ر حليم</Unicode>
        </TextEquiv>
      </TextLine>
      <TextLine id="l8">
        <Coords points="78,1381 1240,1381 1240,1550 78,1550"/>
        <Word id="w133">
          <Coords points="1212,1423 1239,1423 1239,1532 1212,1532"/>
          <TextEquiv>
            <Unicode>يا</Unicode>
          </TextEquiv>
        </Word>
        <Word id="w134">
          <Coords points="1180,1433 1195,1433 1195,1487 1180,1487"/>
          <TextEquiv>
            <Unicode>ا</Unicode>
          </TextEquiv>
        </Word>
        <Word id="w135">
          <Coords points="1098,1400 1178,1400 1178,1524 1098,1524"/>
          <TextEquiv>
            <Unicode>يها</Unicode>
          </TextEquiv>
        </Word>
        <Word id="w136">
          <Coords points="1067,1422 1085,1422 1085,1480 1067,1480"/>
          <TextEquiv>
            <Unicode>ا</Unicode>
          </TextEquiv>
        </Word>
        <Word id="w137">
          <Coords points="1004,1436 1064,1436 1064,1499 1004,1499"/>
          <TextEquiv>
            <Unicode>لذ</Unicode>
          </TextEquiv>
        </Word>
        <Word id="w138">
          <Coords points="946,1460 1006,1460 1006,1532 946,1532"/>
          <TextEquiv>
            <Unicode>ين</Unicode>
          </TextEquiv>
        </Word>
        <Word id="w139">
          <Coords points="911,1426 936,1426 936,1487 911,1487"/>
          <TextEquiv>
            <Unicode>ا</Unicode>
          </TextEquiv>
        </Word>
        <Word id="w140">
          <Coords points="801,1452 906,1452 906,1527 801,1527"/>
          <TextEquiv>
            <Unicode>منو</Unicode>
          </TextEquiv>
        </Word>
        <Word id="w141">
          <Coords points="781,1436 798,1436 798,1496 781,1496"/>
          <TextEquiv>
            <Unicode>ا</Unicode>
          </TextEquiv>
        </Word>
        <Word id="w142">
          <Coords points="724,1441 765,1441 765,1516 724,1516"/>
          <TextEquiv>
            <Unicode>لا</Unicode>
          </TextEquiv>
        </Word>
        <Word id="w143">
          <Coords points="622,1381 746,1381 746,1541 622,1541"/>
          <TextEquiv>
            <Unicode>تكو</Unicode>
          </TextEquiv>
        </Word>
        <Word id="w144">
          <Coords points="572,1453 626,1453 626,1538 572,1538"/>
          <TextEquiv>
            <Unicode>نو</Unicode>
          </TextEquiv>
        </Word>
        <Word id="w145">
          <Coords points="554,1447 577,1447 577,1511 554,1511"/>
          <TextEquiv>
            <Unicode>ا</Unicode>
          </TextEquiv>
        </Word>
        <Word id="w146">
          <Coords points="493,1404 589,1404 589,1516 493,1516"/>
          <TextEquiv>
            <Unicode>كا</Unicode>
          </TextEquiv>
        </Word>
        <Word id="w147">
          <Coords points="418,1448 481,1448 481,1516 418,1516"/>
          <TextEquiv>
            <Unicode>اذ</Unicode>
          </TextEquiv>
        </Word>
        <Word id="w148">
          <Coords points="364,1449 443,1449 443,1549 364,1549"/>
          <TextEquiv>
            <Unicode>ين</Unicode>
          </TextEquiv>
        </Word>
        <Word id="w149">
          <Coords points="108,1447 352,1447 352,1538 108,1538"/>
          <TextEquiv>
            <Unicode>كفر</Unicode>
          </TextEquiv>
        </Word>
        <Word id="w150">
          <Coords points="82,1475 131,1475 131,1525 82,1525"/>
          <TextEquiv>
            <Unicode>و</Unicode>
          </TextEquiv>
        </Word>
        <Word id="w151">
          <Coords points="78,1435 101,1435 101,1507 78,1507"/>
          <TextEquiv>
            <Unicode>ا</Unicode>
          </TextEquiv>
        </Word>
        <TextEquiv>
          <Unicode> يا ا يها ا لذ ين ا منو ا لا تكو نو ا كا اذ ين كفر و ا</Unicode>
        </TextEquiv>
      </TextLine>
      <TextLine id="l9">
        <Coords points="56,1567 1348,1567 1348,1729 56,1729"/>
        <Word id="w152">
          <Coords points="1309,1630 1347,1630 1347,1681 1309,1681"/>
          <TextEquiv>
            <Unicode>و</Unicode>
          </TextEquiv>
        </Word>
        <Word id="w153">
          <Coords points="1265,1594 1307,1594 1307,1674 1265,1674"/>
          <TextEquiv>
            <Unicode>قا</Unicode>
          </TextEquiv>
        </Word>
        <Word id="w154">
          <Coords points="1205,1598 1257,1598 1257,1699 1205,1699"/>
          <TextEquiv>
            <Unicode>لو</Unicode>
          </TextEquiv>
        </Word>
        <Word id="w155">
          <Coords points="1186,1595 1215,1595 1215,1663 1186,1663"/>
          <TextEquiv>
            <Unicode>ا</Unicode>
          </TextEquiv>
        </Word>
        <Word id="w156">
          <Coords points="1109,1599 1162,1599 1162,1677 1109,1677"/>
          <TextEquiv>
            <Unicode>لا</Unicode>
          </TextEquiv>
        </Word>
        <Word id="w157">
          <Coords points="1037,1589 1056,1589 1056,1654 1037,1654"/>
          <TextEquiv>
            <Unicode>ا</Unicode>
          </TextEquiv>
        </Word>
        <Word id="w158">
          <Coords points="1036,1632 1127,1632 1127,1687 1036,1687"/>
          <TextEquiv>
            <Unicode>حو</Unicode>
          </TextEquiv>
        </Word>
        <Word id="w159">
          <Coords points="947,1581 1029,1581 1029,1718 947,1718"/>
          <TextEquiv>
            <Unicode>نهم</Unicode>
          </TextEquiv>
        </Word>
        <Word id="w160">
          <Coords points="922,1603 939,1603 939,1659 922,1659"/>
          <TextEquiv>
            <Unicode>ا</Unicode>
          </TextEquiv>
        </Word>
        <Word id="w161">
          <Coords points="879,1601 915,1601 915,1671 879,1671"/>
          <TextEquiv>
            <Unicode>ذ</Unicode>
          </TextEquiv>
        </Word>
        <Word id="w162">
          <Coords points="854,1598 876,1598 876,1668 854,1668"/>
          <TextEquiv>
            <Unicode>ا</Unicode>
          </TextEquiv>
        </Word>
        <Word id="w163">
          <Coords points="754,1638 851,1638 851,1700 754,1700"/>
          <TextEquiv>
            <Unicode>صر</Unicode>
          </TextEquiv>
        </Word>
        <Word id="w164">
          <Coords points="706,1628 767,1628 767,1711 706,1711"/>
          <TextEquiv>
            <Unicode>بو</Unicode>
          </TextEquiv>
        </Word>
        <Word id="w165">
          <Coords points="699,1601 720,1601 720,1665 699,1665"/>
          <TextEquiv>
            <Unicode>ا</Unicode>
          </TextEquiv>
        </Word>
        <Word id="w166">
          <Coords points="602,1596 704,1596 704,1675 602,1675"/>
          <TextEquiv>
            <Unicode>فى</Unicode>
          </TextEquiv>
        </Word>
        <Word id="w167">
          <Coords points="565,1603 586,1603 586,1671 565,1671"/>
          <TextEquiv>
            <Unicode>ا</Unicode>
          </TextEquiv>
        </Word>
        <Word id="w168">
          <Coords points="507,1612 560,1612 560,1687 507,1687"/>
          <TextEquiv>
            <Unicode>لا</Unicode>
          </TextEquiv>
        </Word>
        <Word id="w169">
          <Coords points="422,1641 502,1641 502,1710 422,1710"/>
          <TextEquiv>
            <Unicode>ر</Unicode>
          </TextEquiv>
        </Word>
        <Word id="w170">
          <Coords points="363,1638 452,1638 452,1694 363,1694"/>
          <TextEquiv>
            <Unicode>ص</Unicode>
          </TextEquiv>
        </Word>
        <Word id="w171">
          <Coords points="334,1617 353,1617 353,1685 334,1685"/>
          <TextEquiv>
            <Unicode>ا</Unicode>
          </TextEquiv>
        </Word>
        <Word id="w172">
          <Coords points="290,1645 332,1645 332,1704 290,1704"/>
          <TextEquiv>
            <Unicode>و</Unicode>
          </TextEquiv>
        </Word>
        <Word id="w173">
          <Coords points="252,1567 357,1567 357,1691 252,1691"/>
          <TextEquiv>
            <Unicode>كا</Unicode>
          </TextEquiv>
        </Word>
        <Word id="w174">
          <Coords points="194,1612 239,1612 239,1711 194,1711"/>
          <TextEquiv>
            <Unicode>نو</Unicode>
          </TextEquiv>
        </Word>
        <Word id="w175">
          <Coords points="178,1606 202,1606 202,1669 178,1669"/>
          <TextEquiv>
            <Unicode>ا</Unicode>
          </TextEquiv>
        </Word>
        <Word id="w176">
          <Coords points="82,1611 175,1611 175,1728 82,1728"/>
          <TextEquiv>
            <Unicode>غز</Unicode>
          </TextEquiv>
        </Word>
        <Word id="w177">
          <Coords points="56,1634 114,1634 114,1694 56,1694"/>
          <TextEquiv>
            <Unicode>ى</Unicode>
          </TextEquiv>
        </Word>
        <TextEquiv>
          <Unicode> و قا لو ا لا ا حو نهم ا ذ ا صر بو ا فى ا لا ر ص ا و كا نو ا غز ى</Unicode>
        </TextEquiv>
      </TextLine>
      <TextLine id="l10">
        <Coords points="75,1750 1352,1750 1352,1885 75,1885"/>
        <Word id="w178">
          <Coords points="1300,1768 1351,1768 1351,1852 1300,1852"/>
          <TextEquiv>
            <Unicode>لو</Unicode>
          </TextEquiv>
        </Word>
        <Word id="w179">
          <Coords points="1154,1755 1316,1755 1316,1830 1154,1830"/>
          <TextEquiv>
            <Unicode>كا</Unicode>
          </TextEquiv>
        </Word>
        <Word id="w180">
          <Coords points="1084,1776 1140,1776 1140,1859 1084,1859"/>
          <TextEquiv>
            <Unicode>نو</Unicode>
          </TextEquiv>
        </Word>
        <Word id="w181">
          <Coords points="1072,1772 1086,1772 1086,1825 1072,1825"/>
          <TextEquiv>
            <Unicode>ا</Unicode>
          </TextEquiv>
        </Word>
        <Word id="w182">
          <Coords points="958,1787 1059,1787 1059,1843 958,1843"/>
          <TextEquiv>
            <Unicode>عند</Unicode>
          </TextEquiv>
        </Word>
        <Word id="w183">
          <Coords points="909,1764 948,1764 948,1831 909,1831"/>
          <TextEquiv>
            <Unicode>نا</Unicode>
          </TextEquiv>
        </Word>
        <Word id="w184">
          <Coords points="854,1750 904,1750 904,1833 854,1833"/>
          <TextEquiv>
            <Unicode>ما</Unicode>
          </TextEquiv>
        </Word>
        <Word id="w185">
          <Coords points="788,1751 845,1751 845,1833 788,1833"/>
          <TextEquiv>
            <Unicode>ما</Unicode>
          </TextEquiv>
        </Word>
        <Word id="w186">
          <Coords points="722,1779 778,1779 778,1867 722,1867"/>
          <TextEquiv>
            <Unicode>تو</Unicode>
          </TextEquiv>
        </Word>
        <Word id="w187">
          <Coords points="704,1766 725,1766 725,1839 704,1839"/>
          <TextEquiv>
            <Unicode>ا</Unicode>
          </TextEquiv>
        </Word>
        <Word id="w188">
          <Coords points="648,1795 699,1795 699,1861 648,1861"/>
          <TextEquiv>
            <Unicode>و</Unicode>
          </TextEquiv>
        </Word>
        <Word id="w189">
          <Coords points="608,1760 658,1760 658,1840 608,1840"/>
          <TextEquiv>
            <Unicode>ما</Unicode>
          </TextEquiv>
        </Word>
        <Word id="w190">
          <Coords points="475,1752 600,1752 600,1871 475,1871"/>
          <TextEquiv>
            <Unicode>قتلو</Unicode>
          </TextEquiv>
        </Word>
        <Word id="w191">
          <Coords points="459,1774 479,1774 479,1840 459,1840"/>
          <TextEquiv>
            <Unicode>ا</Unicode>
          </TextEquiv>
        </Word>
        <Word id="w192">
          <Coords points="301,1772 451,1772 451,1884 301,1884"/>
          <TextEquiv>
            <Unicode>ليجعل</Unicode>
          </TextEquiv>
        </Word>
        <Word id="w193">
          <Coords points="281,1778 305,1778 305,1829 281,1829"/>
          <TextEquiv>
            <Unicode>ا</Unicode>
          </TextEquiv>
        </Word>
        <Word id="w194">
          <Coords points="214,1807 277,1807 277,1854 214,1854"/>
          <TextEquiv>
            <Unicode>لله</Unicode>
          </TextEquiv>
        </Word>
        <Word id="w195">
          <Coords points="164,1787 202,1787 202,1857 164,1857"/>
          <TextEquiv>
            <Unicode>ذ</Unicode>
          </TextEquiv>
        </Word>
        <Word id="w196">
          <Coords points="75,1794 153,1794 153,1854 75,1854"/>
          <TextEquiv>
            <Unicode>لك</Unicode>
          </TextEquiv>
        </Word>
        <TextEquiv>
          <Unicode> لو كا نو ا عند نا ما ما تو ا و ما قتلو ا ليجعل ا لله ذ لك</Unicode>
        </TextEquiv>
      </TextLine>
      <TextLine id="l11">
        <Coords points="100,1922 1352,1922 1352,2054 100,2054"/>
        <Word id="w197">
          <Coords points="1205,1947 1351,1947 1351,2036 1205,2036"/>
          <TextEquiv>
            <Unicode>حسر</Unicode>
          </TextEquiv>
        </Word>
        <Word id="w198">
          <Coords points="1194,1957 1216,1957 1216,1991 1194,1991"/>
          <TextEquiv>
            <Unicode>ه</Unicode>
          </TextEquiv>
        </Word>
        <Word id="w199">
          <Coords points="1121,1922 1178,1922 1178,2018 1121,2018"/>
          <TextEquiv>
            <Unicode>فى</Unicode>
          </TextEquiv>
        </Word>
        <Word id="w200">
          <Coords points="1021,1926 1113,1926 1113,2026 1021,2026"/>
          <TextEquiv>
            <Unicode>قلو</Unicode>
          </TextEquiv>
        </Word>
        <Word id="w201">
          <Coords points="912,1959 1024,1959 1024,2045 912,2045"/>
          <TextEquiv>
            <Unicode>بهم</Unicode>
          </TextEquiv>
        </Word>
        <Word id="w202">
          <Coords points="855,1954 902,1954 902,2021 855,2021"/>
          <TextEquiv>
            <Unicode>و</Unicode>
          </TextEquiv>
        </Word>
        <Word id="w203">
          <Coords points="841,1931 864,1931 864,1984 841,1984"/>
          <TextEquiv>
            <Unicode>ا</Unicode>
          </TextEquiv>
        </Word>
        <Word id="w204">
          <Coords points="769,1956 833,1956 833,2001 769,2001"/>
          <TextEquiv>
            <Unicode>لله</Unicode>
          </TextEquiv>
        </Word>
        <Word id="w205">
          <Coords points="607,1949 656,1949 656,2010 607,2010"/>
          <TextEquiv>
            <Unicode>و</Unicode>
          </TextEquiv>
        </Word>
        <Word id="w206">
          <Coords points="508,1947 765,1947 765,2053 508,2053"/>
          <TextEquiv>
            <Unicode>يحيي</Unicode>
          </TextEquiv>
        </Word>
        <Word id="w207">
          <Coords points="480,1940 616,1940 616,2028 480,2028"/>
          <TextEquiv>
            <Unicode>يميت</Unicode>
          </TextEquiv>
        </Word>
        <Word id="w208">
          <Coords points="420,1973 461,1973 461,2024 420,2024"/>
          <TextEquiv>
            <Unicode>و</Unicode>
          </TextEquiv>
        </Word>
        <Word id="w209">
          <Coords points="405,1951 421,1951 421,2006 405,2006"/>
          <TextEquiv>
            <Unicode>ا</Unicode>
          </TextEquiv>
        </Word>
        <Word id="w210">
          <Coords points="334,1967 400,1967 400,2010 334,2010"/>
          <TextEquiv>
            <Unicode>لله</Unicode>
          </TextEquiv>
        </Word>
        <Word id="w211">
          <Coords points="256,1928 326,1928 326,2033 256,2033"/>
          <TextEquiv>
            <Unicode>بما</Unicode>
          </TextEquiv>
        </Word>
        <Word id="w212">
          <Coords points="138,1929 251,1929 251,2046 138,2046"/>
          <TextEquiv>
            <Unicode>تعملو</Unicode>
          </TextEquiv>
        </Word>
        <Word id="w213">
          <Coords points="100,1960 150,1960 150,2025 100,2025"/>
          <TextEquiv>
            <Unicode>ن</Unicode>
          </TextEquiv>
        </Word>
        <TextEquiv>
          <Unicode> حسر ه فى قلو بهم و ا لله و يحيي يميت و ا لله بما تعملو ن</Unicode>
        </TextEquiv>
      </TextLine>
      <TextLine id="l12">
        <Coords points="94,2089 1351,2089 1351,2227 94,2227"/>
        <Word id="w214">
          <Coords points="1197,2107 1350,2107 1350,2186 1197,2186"/>
          <TextEquiv>
            <Unicode>بصير</Unicode>
          </TextEquiv>
        </Word>
        <Word id="w215">
          <Coords points="1046,2129 1082,2129 1082,2177 1046,2177"/>
          <TextEquiv>
            <Unicode>و</Unicode>
          </TextEquiv>
        </Word>
        <Word id="w216">
          <Coords points="805,2091 1040,2091 1040,2212 805,2212"/>
          <TextEquiv>
            <Unicode>لئن</Unicode>
          </TextEquiv>
        </Word>
        <Word id="w217">
          <Coords points="764,2089 963,2089 963,2179 764,2179"/>
          <TextEquiv>
            <Unicode>قتلتم</Unicode>
          </TextEquiv>
        </Word>
        <Word id="w218">
          <Coords points="705,2093 758,2093 758,2184 705,2184"/>
          <TextEquiv>
            <Unicode>فى</Unicode>
          </TextEquiv>
        </Word>
        <Word id="w219">
          <Coords points="542,2096 710,2096 710,2217 542,2217"/>
          <TextEquiv>
            <Unicode>سبيل</Unicode>
          </TextEquiv>
        </Word>
        <Word id="w220">
          <Coords points="525,2102 552,2102 552,2161 525,2161"/>
          <TextEquiv>
            <Unicode>ا</Unicode>
          </TextEquiv>
        </Word>
        <Word id="w221">
          <Coords points="459,2124 526,2124 526,2174 459,2174"/>
          <TextEquiv>
            <Unicode>له</Unicode>
          </TextEquiv>
        </Word>
        <Word id="w222">
          <Coords points="429,2103 450,2103 450,2168 429,2168"/>
          <TextEquiv>
            <Unicode>ا</Unicode>
          </TextEquiv>
        </Word>
        <Word id="w223">
          <Coords points="389,2139 429,2139 429,2188 389,2188"/>
          <TextEquiv>
            <Unicode>و</Unicode>
          </TextEquiv>
        </Word>
        <Word id="w224">
          <Coords points="307,2110 395,2110 395,2226 307,2226"/>
          <TextEquiv>
            <Unicode>متم</Unicode>
          </TextEquiv>
        </Word>
        <Word id="w225">
          <Coords points="115,2098 314,2098 314,2211 115,2211"/>
          <TextEquiv>
            <Unicode>لمفر</Unicode>
          </TextEquiv>
        </Word>
        <Word id="w226">
          <Coords points="94,2112 122,2112 122,2170 94,2170"/>
          <TextEquiv>
            <Unicode>ة</Unicode>
          </TextEquiv>
        </Word>
        <TextEquiv>
          <Unicode> بصير و لئن قتلتم فى سبيل ا له ا و متم لمفر ة</Unicode>
        </TextEquiv>
      </TextLine>
      <TextLine id="l13">
        <Coords points="73,2249 1348,2249 1348,2390 73,2390"/>
        <Word id="w227">
          <Coords points="1272,2275 1347,2275 1347,2354 1272,2354"/>
          <TextEquiv>
            <Unicode>من</Unicode>
          </TextEquiv>
        </Word>
        <Word id="w228">
          <Coords points="1249,2259 1270,2259 1270,2318 1249,2318"/>
          <TextEquiv>
            <Unicode>ا</Unicode>
          </TextEquiv>
        </Word>
        <Word id="w229">
          <Coords points="1175,2277 1247,2277 1247,2328 1175,2328"/>
          <TextEquiv>
            <Unicode>لله</Unicode>
          </TextEquiv>
        </Word>
        <Word id="w230">
          <Coords points="1118,2287 1166,2287 1166,2345 1118,2345"/>
          <TextEquiv>
            <Unicode>و</Unicode>
          </TextEquiv>
        </Word>
        <Word id="w231">
          <Coords points="1083,2292 1121,2292 1121,2340 1083,2340"/>
          <TextEquiv>
            <Unicode>ر</Unicode>
          </TextEquiv>
        </Word>
        <Word id="w232">
          <Coords points="985,2269 1084,2269 1084,2339 985,2339"/>
          <TextEquiv>
            <Unicode>حمة</Unicode>
          </TextEquiv>
        </Word>
        <Word id="w233">
          <Coords points="870,2278 973,2278 973,2377 870,2377"/>
          <TextEquiv>
            <Unicode>خير</Unicode>
          </TextEquiv>
        </Word>
        <Word id="w234">
          <Coords points="797,2249 872,2249 872,2349 797,2349"/>
          <TextEquiv>
            <Unicode>مما</Unicode>
          </TextEquiv>
        </Word>
        <Word id="w235">
          <Coords points="556,2253 801,2253 801,2383 556,2383"/>
          <TextEquiv>
            <Unicode>يجمعو</Unicode>
          </TextEquiv>
        </Word>
        <Word id="w236">
          <Coords points="513,2281 564,2281 564,2358 513,2358"/>
          <TextEquiv>
            <Unicode>ن</Unicode>
          </TextEquiv>
        </Word>
        <Word id="w237">
          <Coords points="337,2299 378,2299 378,2349 337,2349"/>
          <TextEquiv>
            <Unicode>و</Unicode>
          </TextEquiv>
        </Word>
        <Word id="w238">
          <Coords points="108,2267 342,2267 342,2389 108,2389"/>
          <TextEquiv>
            <Unicode>لئن</Unicode>
          </TextEquiv>
        </Word>
        <Word id="w239">
          <Coords points="73,2270 247,2270 247,2383 73,2383"/>
          <TextEquiv>
            <Unicode>متم</Unicode>
          </TextEquiv>
        </Word>
        <TextEquiv>
          <Unicode> من ا لله و ر حمة خير مما يجمعو ن و لئن متم</Unicode>
        </TextEquiv>
      </TextLine>
      <TextLine id="l14">
        <Coords points="75,2409 1358,2409 1358,2538 75,2538"/>
        <Word id="w240">
          <Coords points="1339,2409 1357,2409 1357,2484 1339,2484"/>
          <TextEquiv>
            <Unicode>ا</Unicode>
          </TextEquiv>
        </Word>
        <Word id="w241">
          <Coords points="1291,2453 1342,2453 1342,2505 1291,2505"/>
          <TextEquiv>
            <Unicode>و</Unicode>
          </TextEquiv>
        </Word>
        <Word id="w242">
          <Coords points="1144,2412 1306,2412 1306,2516 1144,2516"/>
          <TextEquiv>
            <Unicode>قتلتم</Unicode>
          </TextEquiv>
        </Word>
        <Word id="w243">
          <Coords points="1075,2416 1140,2416 1140,2506 1075,2506"/>
          <TextEquiv>
            <Unicode>لا</Unicode>
          </TextEquiv>
        </Word>
        <Word id="w244">
          <Coords points="999,2421 1071,2421 1071,2526 999,2526"/>
          <TextEquiv>
            <Unicode>لى</Unicode>
          </TextEquiv>
        </Word>
        <Word id="w245">
          <Coords points="997,2409 1017,2409 1017,2478 997,2478"/>
          <TextEquiv>
            <Unicode>ا</Unicode>
          </TextEquiv>
        </Word>
        <Word id="w246">
          <Coords points="918,2445 983,2445 983,2488 918,2488"/>
          <TextEquiv>
            <Unicode>لله</Unicode>
          </TextEquiv>
        </Word>
        <Word id="w247">
          <Coords points="759,2422 907,2422 907,2526 759,2526"/>
          <TextEquiv>
            <Unicode>تحشر</Unicode>
          </TextEquiv>
        </Word>
        <Word id="w248">
          <Coords points="721,2456 777,2456 777,2507 721,2507"/>
          <TextEquiv>
            <Unicode>و</Unicode>
          </TextEquiv>
        </Word>
        <Word id="w249">
          <Coords points="680,2424 724,2424 724,2492 680,2492"/>
          <TextEquiv>
            <Unicode>ن</Unicode>
          </TextEquiv>
        </Word>
        <Word id="w250">
          <Coords points="471,2409 570,2409 570,2518 471,2518"/>
          <TextEquiv>
            <Unicode>فبما</Unicode>
          </TextEquiv>
        </Word>
        <Word id="w251">
          <Coords points="271,2452 434,2452 434,2500 271,2500"/>
          <TextEquiv>
            <Unicode>حمه</Unicode>
          </TextEquiv>
        </Word>
        <Word id="w252">
          <Coords points="176,2438 196,2438 196,2496 176,2496"/>
          <TextEquiv>
            <Unicode>ا</Unicode>
          </TextEquiv>
        </Word>
        <Word id="w253">
          <Coords points="110,2454 170,2454 170,2495 110,2495"/>
          <TextEquiv>
            <Unicode>لله</Unicode>
          </TextEquiv>
        </Word>
        <Word id="w254">
          <Coords points="75,2449 265,2449 265,2537 75,2537"/>
          <TextEquiv>
            <Unicode>من</Unicode>
          </TextEquiv>
        </Word>
        <TextEquiv>
          <Unicode> ا و قتلتم لا لى ا لله تحشر و ن فبما حمه ا لله من</Unicode>
        </TextEquiv>
      </TextLine>
    </TextRegion>
  </Page>
</PcGts>
