<?xml version='1.0' encoding='utf-8'?>
<PcGts xmlns:xsi="http://www.w3.org/2001/XMLSchema-instance" xmlns="http://schema.primaresearch.org/PAGE/gts/pagecontent/2019-07-15" xsi:schemaLocation="http://schema.primaresearch.org/PAGE/gts/pagecontent/2019-07-15 http://schema.primaresearch.org/PAGE/gts/pagecontent/2019-07-15/pagecontent.xsd" pcGtsId="pc-aletheiaexamplepage">
  <Metadata>
    <Creator>PRImA Research Lab</Creator>
    <Created>2015-07-17T15:27:13</Created>
    <LastChange>2017-07-14T10:03:33</LastChange>
    <Comments>Example Page</Comments>
  </Metadata>
  <Page imageFilename="3158466/_041-2.png" imageWidth="1435" imageHeight="2562">
    <TextRegion id="r0" type="paragraph">
      <Coords points="1,1 1433,1 1433,2560 1,2560"/>
      <TextLine id="l0">
        <Coords points="94,43 1379,43 1379,227 94,227"/>
        <Word id="w0">
          <Coords points="1364,86 1378,86 1378,147 1364,147"/>
          <TextEquiv>
            <Unicode>ا</Unicode>
          </TextEquiv>
        </Word>
        <Word id="w1">
          <Coords points="1200,49 1353,49 1353,202 1200,202"/>
          <TextEquiv>
            <Unicode>نفسكم</Unicode>
          </TextEquiv>
        </Word>
        <Word id="w2">
          <Coords points="1163,90 1179,90 1179,147 1163,147"/>
          <TextEquiv>
            <Unicode>ا</Unicode>
          </TextEquiv>
        </Word>
        <Word id="w3">
          <Coords points="1121,112 1156,112 1156,173 1121,173"/>
          <TextEquiv>
            <Unicode>ن</Unicode>
          </TextEquiv>
        </Word>
        <Word id="w4">
          <Coords points="1094,93 1116,93 1116,158 1094,158"/>
          <TextEquiv>
            <Unicode>ا</Unicode>
          </TextEquiv>
        </Word>
        <Word id="w5">
          <Coords points="1024,123 1081,123 1081,164 1024,164"/>
          <TextEquiv>
            <Unicode>لله</Unicode>
          </TextEquiv>
        </Word>
        <Word id="w6">
          <Coords points="940,94 1014,94 1014,209 940,209"/>
          <TextEquiv>
            <Unicode>على</Unicode>
          </TextEquiv>
        </Word>
        <Word id="w7">
          <Coords points="854,43 968,43 968,196 854,196"/>
          <TextEquiv>
            <Unicode>كل</Unicode>
          </TextEquiv>
        </Word>
        <Word id="w8">
          <Coords points="758,113 783,113 783,137 758,137"/>
          <TextEquiv>
            <Unicode>ء</Unicode>
          </TextEquiv>
        </Word>
        <Word id="w9">
          <Coords points="758,130 857,130 857,189 758,189"/>
          <TextEquiv>
            <Unicode>سى</Unicode>
          </TextEquiv>
        </Word>
        <Word id="w10">
          <Coords points="670,103 728,103 728,172 670,172"/>
          <TextEquiv>
            <Unicode>قد</Unicode>
          </TextEquiv>
        </Word>
        <Word id="w11">
          <Coords points="619,134 698,134 698,195 619,195"/>
          <TextEquiv>
            <Unicode>ير</Unicode>
          </TextEquiv>
        </Word>
        <Word id="w12">
          <Coords points="475,137 521,137 521,189 475,189"/>
          <TextEquiv>
            <Unicode>و</Unicode>
          </TextEquiv>
        </Word>
        <Word id="w13">
          <Coords points="436,90 486,90 486,170 436,170"/>
          <TextEquiv>
            <Unicode>ما</Unicode>
          </TextEquiv>
        </Word>
        <Word id="w14">
          <Coords points="391,93 414,93 414,162 391,162"/>
          <TextEquiv>
            <Unicode>ا</Unicode>
          </TextEquiv>
        </Word>
        <Word id="w15">
          <Coords points="295,84 382,84 382,181 295,181"/>
          <TextEquiv>
            <Unicode>صا</Unicode>
          </TextEquiv>
        </Word>
        <Word id="w16">
          <Coords points="211,55 289,55 289,188 211,188"/>
          <TextEquiv>
            <Unicode>بكم</Unicode>
          </TextEquiv>
        </Word>
        <Word id="w17">
          <Coords points="133,126 193,126 193,226 133,226"/>
          <TextEquiv>
            <Unicode>يو</Unicode>
          </TextEquiv>
        </Word>
        <Word id="w18">
          <Coords points="94,136 146,136 146,182 94,182"/>
          <TextEquiv>
            <Unicode>م</Unicode>
          </TextEquiv>
        </Word>
        <TextEquiv>
          <Unicode> ا نفسكم ا ن ا لله على كل ء سى قد ير و ما ا صا بكم يو م</Unicode>
        </TextEquiv>
      </TextLine>
      <TextLine id="l1">
        <Coords points="288,237 1378,237 1378,388 288,388"/>
        <Word id="w19">
          <Coords points="1356,246 1377,246 1377,310 1356,310"/>
          <TextEquiv>
            <Unicode>ا</Unicode>
          </TextEquiv>
        </Word>
        <Word id="w20">
          <Coords points="1244,242 1355,242 1355,370 1244,370"/>
          <TextEquiv>
            <Unicode>لتقى</Unicode>
          </TextEquiv>
        </Word>
        <Word id="w21">
          <Coords points="1220,241 1239,241 1239,307 1220,307"/>
          <TextEquiv>
            <Unicode>ا</Unicode>
          </TextEquiv>
        </Word>
        <Word id="w22">
          <Coords points="1084,237 1220,237 1220,338 1084,338"/>
          <TextEquiv>
            <Unicode>لحمعا</Unicode>
          </TextEquiv>
        </Word>
        <Word id="w23">
          <Coords points="1038,286 1076,286 1076,340 1038,340"/>
          <TextEquiv>
            <Unicode>ن</Unicode>
          </TextEquiv>
        </Word>
        <Word id="w24">
          <Coords points="905,258 1021,258 1021,353 905,353"/>
          <TextEquiv>
            <Unicode>فبا</Unicode>
          </TextEquiv>
        </Word>
        <Word id="w25">
          <Coords points="873,300 899,300 899,337 873,337"/>
          <TextEquiv>
            <Unicode>د</Unicode>
          </TextEquiv>
        </Word>
        <Word id="w26">
          <Coords points="816,283 851,283 851,336 816,336"/>
          <TextEquiv>
            <Unicode>ن</Unicode>
          </TextEquiv>
        </Word>
        <Word id="w27">
          <Coords points="779,265 802,265 802,323 779,323"/>
          <TextEquiv>
            <Unicode>ا</Unicode>
          </TextEquiv>
        </Word>
        <Word id="w28">
          <Coords points="704,284 780,284 780,335 704,335"/>
          <TextEquiv>
            <Unicode>لله</Unicode>
          </TextEquiv>
        </Word>
        <Word id="w29">
          <Coords points="657,297 699,297 699,347 657,347"/>
          <TextEquiv>
            <Unicode>و</Unicode>
          </TextEquiv>
        </Word>
        <Word id="w30">
          <Coords points="539,263 654,263 654,387 539,387"/>
          <TextEquiv>
            <Unicode>ليعلم</Unicode>
          </TextEquiv>
        </Word>
        <Word id="w31">
          <Coords points="508,266 521,266 521,317 508,317"/>
          <TextEquiv>
            <Unicode>ا</Unicode>
          </TextEquiv>
        </Word>
        <Word id="w32">
          <Coords points="419,268 496,268 496,358 419,358"/>
          <TextEquiv>
            <Unicode>لمؤ</Unicode>
          </TextEquiv>
        </Word>
        <Word id="w33">
          <Coords points="288,286 431,286 431,365 288,365"/>
          <TextEquiv>
            <Unicode>منين</Unicode>
          </TextEquiv>
        </Word>
        <TextEquiv>
          <Unicode> ا لتقى ا لحمعا ن فبا د ن ا لله و ليعلم ا لمؤ منين</Unicode>
        </TextEquiv>
      </TextLine>
      <TextLine id="l2">
        <Coords points="122,409 1374,409 1374,531 122,531"/>
        <Word id="w34">
          <Coords points="1333,451 1373,451 1373,498 1333,498"/>
          <TextEquiv>
            <Unicode>و</Unicode>
          </TextEquiv>
        </Word>
        <Word id="w35">
          <Coords points="1209,409 1331,409 1331,530 1209,530"/>
          <TextEquiv>
            <Unicode>ليعلم</Unicode>
          </TextEquiv>
        </Word>
        <Word id="w36">
          <Coords points="1187,422 1204,422 1204,480 1187,480"/>
          <TextEquiv>
            <Unicode>ا</Unicode>
          </TextEquiv>
        </Word>
        <Word id="w37">
          <Coords points="1129,421 1176,421 1176,491 1129,491"/>
          <TextEquiv>
            <Unicode>لذ</Unicode>
          </TextEquiv>
        </Word>
        <Word id="w38">
          <Coords points="1065,438 1132,438 1132,513 1065,513"/>
          <TextEquiv>
            <Unicode>ين</Unicode>
          </TextEquiv>
        </Word>
        <Word id="w39">
          <Coords points="1033,417 1058,417 1058,483 1033,483"/>
          <TextEquiv>
            <Unicode>نا</Unicode>
          </TextEquiv>
        </Word>
        <Word id="w40">
          <Coords points="869,438 1016,438 1016,517 869,517"/>
          <TextEquiv>
            <Unicode>ففو</Unicode>
          </TextEquiv>
        </Word>
        <Word id="w41">
          <Coords points="854,431 875,431 875,487 854,487"/>
          <TextEquiv>
            <Unicode>ا</Unicode>
          </TextEquiv>
        </Word>
        <Word id="w42">
          <Coords points="803,453 844,453 844,505 803,505"/>
          <TextEquiv>
            <Unicode>و</Unicode>
          </TextEquiv>
        </Word>
        <Word id="w43">
          <Coords points="727,429 812,429 812,524 727,524"/>
          <TextEquiv>
            <Unicode>قيل</Unicode>
          </TextEquiv>
        </Word>
        <Word id="w44">
          <Coords points="662,412 739,412 739,499 662,499"/>
          <TextEquiv>
            <Unicode>لهم</Unicode>
          </TextEquiv>
        </Word>
        <Word id="w45">
          <Coords points="583,419 651,419 651,489 583,489"/>
          <TextEquiv>
            <Unicode>تعا</Unicode>
          </TextEquiv>
        </Word>
        <Word id="w46">
          <Coords points="512,420 575,420 575,515 512,515"/>
          <TextEquiv>
            <Unicode>لو</Unicode>
          </TextEquiv>
        </Word>
        <Word id="w47">
          <Coords points="505,430 528,430 528,495 505,495"/>
          <TextEquiv>
            <Unicode>ا</Unicode>
          </TextEquiv>
        </Word>
        <Word id="w48">
          <Coords points="456,425 490,425 490,491 456,491"/>
          <TextEquiv>
            <Unicode>قا</Unicode>
          </TextEquiv>
        </Word>
        <Word id="w49">
          <Coords points="324,434 442,434 442,521 324,521"/>
          <TextEquiv>
            <Unicode>تلو</Unicode>
          </TextEquiv>
        </Word>
        <Word id="w50">
          <Coords points="311,432 335,432 335,493 311,493"/>
          <TextEquiv>
            <Unicode>ا</Unicode>
          </TextEquiv>
        </Word>
        <Word id="w51">
          <Coords points="255,423 305,423 305,508 255,508"/>
          <TextEquiv>
            <Unicode>فى</Unicode>
          </TextEquiv>
        </Word>
        <Word id="w52">
          <Coords points="122,426 273,426 273,529 122,529"/>
          <TextEquiv>
            <Unicode>سبيل</Unicode>
          </TextEquiv>
        </Word>
        <TextEquiv>
          <Unicode> و ليعلم ا لذ ين نا ففو ا و قيل لهم تعا لو ا قا تلو ا فى سبيل</Unicode>
        </TextEquiv>
      </TextLine>
      <TextLine id="l3">
        <Coords points="97,547 1375,547 1375,714 97,714"/>
        <Word id="w53">
          <Coords points="1364,602 1374,602 1374,635 1364,635"/>
          <TextEquiv>
            <Unicode>ا</Unicode>
          </TextEquiv>
        </Word>
        <Word id="w54">
          <Coords points="1296,608 1357,608 1357,651 1296,651"/>
          <TextEquiv>
            <Unicode>له</Unicode>
          </TextEquiv>
        </Word>
        <Word id="w55">
          <Coords points="1269,583 1286,583 1286,649 1269,649"/>
          <TextEquiv>
            <Unicode>ا</Unicode>
          </TextEquiv>
        </Word>
        <Word id="w56">
          <Coords points="1226,620 1266,620 1266,671 1226,671"/>
          <TextEquiv>
            <Unicode>و</Unicode>
          </TextEquiv>
        </Word>
        <Word id="w57">
          <Coords points="1219,597 1230,597 1230,645 1219,645"/>
          <TextEquiv>
            <Unicode>ا</Unicode>
          </TextEquiv>
        </Word>
        <Word id="w58">
          <Coords points="1183,625 1209,625 1209,661 1183,661"/>
          <TextEquiv>
            <Unicode>د</Unicode>
          </TextEquiv>
        </Word>
        <Word id="w59">
          <Coords points="1066,596 1170,596 1170,684 1066,684"/>
          <TextEquiv>
            <Unicode>فعو</Unicode>
          </TextEquiv>
        </Word>
        <Word id="w60">
          <Coords points="1063,594 1078,594 1078,650 1063,650"/>
          <TextEquiv>
            <Unicode>ا</Unicode>
          </TextEquiv>
        </Word>
        <Word id="w61">
          <Coords points="1019,589 1049,589 1049,657 1019,657"/>
          <TextEquiv>
            <Unicode>قا</Unicode>
          </TextEquiv>
        </Word>
        <Word id="w62">
          <Coords points="957,587 1008,587 1008,679 957,679"/>
          <TextEquiv>
            <Unicode>لو</Unicode>
          </TextEquiv>
        </Word>
        <Word id="w63">
          <Coords points="942,592 960,592 960,653 942,653"/>
          <TextEquiv>
            <Unicode>ا</Unicode>
          </TextEquiv>
        </Word>
        <Word id="w64">
          <Coords points="866,590 923,590 923,680 866,680"/>
          <TextEquiv>
            <Unicode>لو</Unicode>
          </TextEquiv>
        </Word>
        <Word id="w65">
          <Coords points="733,591 871,591 871,713 733,713"/>
          <TextEquiv>
            <Unicode>نعلم</Unicode>
          </TextEquiv>
        </Word>
        <Word id="w66">
          <Coords points="660,592 729,592 729,657 660,657"/>
          <TextEquiv>
            <Unicode>قتا</Unicode>
          </TextEquiv>
        </Word>
        <Word id="w67">
          <Coords points="593,598 634,598 634,667 593,667"/>
          <TextEquiv>
            <Unicode>لا</Unicode>
          </TextEquiv>
        </Word>
        <Word id="w68">
          <Coords points="527,597 572,597 572,672 527,672"/>
          <TextEquiv>
            <Unicode>لا</Unicode>
          </TextEquiv>
        </Word>
        <Word id="w69">
          <Coords points="398,581 525,581 525,689 398,689"/>
          <TextEquiv>
            <Unicode>تبعنا</Unicode>
          </TextEquiv>
        </Word>
        <Word id="w70">
          <Coords points="350,550 429,550 429,675 350,675"/>
          <TextEquiv>
            <Unicode>كم</Unicode>
          </TextEquiv>
        </Word>
        <Word id="w71">
          <Coords points="286,624 343,624 343,688 286,688"/>
          <TextEquiv>
            <Unicode>هم</Unicode>
          </TextEquiv>
        </Word>
        <Word id="w72">
          <Coords points="97,547 280,547 280,689 97,689"/>
          <TextEquiv>
            <Unicode>للكفر</Unicode>
          </TextEquiv>
        </Word>
        <TextEquiv>
          <Unicode> ا له ا و ا د فعو ا قا لو ا لو نعلم قتا لا لا تبعنا كم هم للكفر</Unicode>
        </TextEquiv>
      </TextLine>
      <TextLine id="l4">
        <Coords points="102,741 1381,741 1381,853 102,853"/>
        <Word id="w73">
          <Coords points="1320,769 1380,769 1380,845 1320,845"/>
          <TextEquiv>
            <Unicode>يو</Unicode>
          </TextEquiv>
        </Word>
        <Word id="w74">
          <Coords points="1228,757 1329,757 1329,821 1228,821"/>
          <TextEquiv>
            <Unicode>مئذ</Unicode>
          </TextEquiv>
        </Word>
        <Word id="w75">
          <Coords points="1201,741 1225,741 1225,811 1201,811"/>
          <TextEquiv>
            <Unicode>ا</Unicode>
          </TextEquiv>
        </Word>
        <Word id="w76">
          <Coords points="1149,759 1206,759 1206,839 1149,839"/>
          <TextEquiv>
            <Unicode>قر</Unicode>
          </TextEquiv>
        </Word>
        <Word id="w77">
          <Coords points="1087,790 1151,790 1151,837 1087,837"/>
          <TextEquiv>
            <Unicode>ب</Unicode>
          </TextEquiv>
        </Word>
        <Word id="w78">
          <Coords points="922,761 1086,761 1086,844 922,844"/>
          <TextEquiv>
            <Unicode>منهم</Unicode>
          </TextEquiv>
        </Word>
        <Word id="w79">
          <Coords points="854,757 917,757 917,819 854,819"/>
          <TextEquiv>
            <Unicode>للا</Unicode>
          </TextEquiv>
        </Word>
        <Word id="w80">
          <Coords points="792,744 847,744 847,847 792,847"/>
          <TextEquiv>
            <Unicode>يما</Unicode>
          </TextEquiv>
        </Word>
        <Word id="w81">
          <Coords points="737,777 773,777 773,830 737,830"/>
          <TextEquiv>
            <Unicode>ن</Unicode>
          </TextEquiv>
        </Word>
        <Word id="w82">
          <Coords points="630,770 720,770 720,845 630,845"/>
          <TextEquiv>
            <Unicode>يقو</Unicode>
          </TextEquiv>
        </Word>
        <Word id="w83">
          <Coords points="579,749 634,749 634,844 579,844"/>
          <TextEquiv>
            <Unicode>لو</Unicode>
          </TextEquiv>
        </Word>
        <Word id="w84">
          <Coords points="539,769 576,769 576,834 539,834"/>
          <TextEquiv>
            <Unicode>ن</Unicode>
          </TextEquiv>
        </Word>
        <Word id="w85">
          <Coords points="489,753 521,753 521,841 489,841"/>
          <TextEquiv>
            <Unicode>با</Unicode>
          </TextEquiv>
        </Word>
        <Word id="w86">
          <Coords points="422,769 477,769 477,852 422,852"/>
          <TextEquiv>
            <Unicode>فو</Unicode>
          </TextEquiv>
        </Word>
        <Word id="w87">
          <Coords points="406,766 417,766 417,815 406,815"/>
          <TextEquiv>
            <Unicode>ا</Unicode>
          </TextEquiv>
        </Word>
        <Word id="w88">
          <Coords points="255,778 393,778 393,847 255,847"/>
          <TextEquiv>
            <Unicode>ههم</Unicode>
          </TextEquiv>
        </Word>
        <Word id="w89">
          <Coords points="203,748 249,748 249,825 203,825"/>
          <TextEquiv>
            <Unicode>ما</Unicode>
          </TextEquiv>
        </Word>
        <Word id="w90">
          <Coords points="102,763 192,763 192,852 102,852"/>
          <TextEquiv>
            <Unicode>ليس</Unicode>
          </TextEquiv>
        </Word>
        <TextEquiv>
          <Unicode> يو مئذ ا قر ب منهم للا يما ن يقو لو ن با فو ا ههم ما ليس</Unicode>
        </TextEquiv>
      </TextLine>
      <TextLine id="l5">
        <Coords points="98,867 1393,867 1393,1046 98,1046"/>
        <Word id="w91">
          <Coords points="1282,888 1392,888 1392,988 1282,988"/>
          <TextEquiv>
            <Unicode>فى</Unicode>
          </TextEquiv>
        </Word>
        <Word id="w92">
          <Coords points="1185,912 1270,912 1270,1007 1185,1007"/>
          <TextEquiv>
            <Unicode>قلو</Unicode>
          </TextEquiv>
        </Word>
        <Word id="w93">
          <Coords points="1118,936 1196,936 1196,1024 1118,1024"/>
          <TextEquiv>
            <Unicode>بهم</Unicode>
          </TextEquiv>
        </Word>
        <Word id="w94">
          <Coords points="1068,953 1111,953 1111,1001 1068,1001"/>
          <TextEquiv>
            <Unicode>و</Unicode>
          </TextEquiv>
        </Word>
        <Word id="w95">
          <Coords points="1058,917 1075,917 1075,976 1058,976"/>
          <TextEquiv>
            <Unicode>ا</Unicode>
          </TextEquiv>
        </Word>
        <Word id="w96">
          <Coords points="983,944 1046,944 1046,989 983,989"/>
          <TextEquiv>
            <Unicode>لله</Unicode>
          </TextEquiv>
        </Word>
        <Word id="w97">
          <Coords points="954,930 965,930 965,979 954,979"/>
          <TextEquiv>
            <Unicode>ا</Unicode>
          </TextEquiv>
        </Word>
        <Word id="w98">
          <Coords points="885,928 941,928 941,1039 885,1039"/>
          <TextEquiv>
            <Unicode>علم</Unicode>
          </TextEquiv>
        </Word>
        <Word id="w99">
          <Coords points="808,915 863,915 863,1007 808,1007"/>
          <TextEquiv>
            <Unicode>بما</Unicode>
          </TextEquiv>
        </Word>
        <Word id="w100">
          <Coords points="679,867 839,867 839,1028 679,1028"/>
          <TextEquiv>
            <Unicode>يكتمو</Unicode>
          </TextEquiv>
        </Word>
        <Word id="w101">
          <Coords points="642,951 679,951 679,1005 642,1005"/>
          <TextEquiv>
            <Unicode>ن</Unicode>
          </TextEquiv>
        </Word>
        <Word id="w102">
          <Coords points="519,921 540,921 540,988 519,988"/>
          <TextEquiv>
            <Unicode>ا</Unicode>
          </TextEquiv>
        </Word>
        <Word id="w103">
          <Coords points="467,935 510,935 510,997 467,997"/>
          <TextEquiv>
            <Unicode>لذ</Unicode>
          </TextEquiv>
        </Word>
        <Word id="w104">
          <Coords points="411,953 454,953 454,1016 411,1016"/>
          <TextEquiv>
            <Unicode>ين</Unicode>
          </TextEquiv>
        </Word>
        <Word id="w105">
          <Coords points="359,926 399,926 399,993 359,993"/>
          <TextEquiv>
            <Unicode>قا</Unicode>
          </TextEquiv>
        </Word>
        <Word id="w106">
          <Coords points="289,929 342,929 342,1022 289,1022"/>
          <TextEquiv>
            <Unicode>لو</Unicode>
          </TextEquiv>
        </Word>
        <Word id="w107">
          <Coords points="270,930 298,930 298,997 270,997"/>
          <TextEquiv>
            <Unicode>ا</Unicode>
          </TextEquiv>
        </Word>
        <Word id="w108">
          <Coords points="213,936 256,936 256,1004 213,1004"/>
          <TextEquiv>
            <Unicode>لا</Unicode>
          </TextEquiv>
        </Word>
        <Word id="w109">
          <Coords points="153,966 224,966 224,1019 153,1019"/>
          <TextEquiv>
            <Unicode>حو</Unicode>
          </TextEquiv>
        </Word>
        <Word id="w110">
          <Coords points="146,930 166,930 166,988 146,988"/>
          <TextEquiv>
            <Unicode>ا</Unicode>
          </TextEquiv>
        </Word>
        <Word id="w111">
          <Coords points="98,953 148,953 148,1045 98,1045"/>
          <TextEquiv>
            <Unicode>نهم</Unicode>
          </TextEquiv>
        </Word>
        <TextEquiv>
          <Unicode> فى قلو بهم و ا لله ا علم بما يكتمو ن ا لذ ين قا لو ا لا حو ا نهم</Unicode>
        </TextEquiv>
      </TextLine>
      <TextLine id="l6">
        <Coords points="116,1051 1377,1051 1377,1186 116,1186"/>
        <Word id="w112">
          <Coords points="1331,1111 1376,1111 1376,1164 1331,1164"/>
          <TextEquiv>
            <Unicode>و</Unicode>
          </TextEquiv>
        </Word>
        <Word id="w113">
          <Coords points="1246,1085 1335,1085 1335,1152 1246,1152"/>
          <TextEquiv>
            <Unicode>قعد</Unicode>
          </TextEquiv>
        </Word>
        <Word id="w114">
          <Coords points="1186,1113 1229,1113 1229,1166 1186,1166"/>
          <TextEquiv>
            <Unicode>و</Unicode>
          </TextEquiv>
        </Word>
        <Word id="w115">
          <Coords points="1175,1089 1186,1089 1186,1135 1175,1135"/>
          <TextEquiv>
            <Unicode>ا</Unicode>
          </TextEquiv>
        </Word>
        <Word id="w116">
          <Coords points="1097,1085 1152,1085 1152,1165 1097,1165"/>
          <TextEquiv>
            <Unicode>لو</Unicode>
          </TextEquiv>
        </Word>
        <Word id="w117">
          <Coords points="1080,1075 1097,1075 1097,1137 1080,1137"/>
          <TextEquiv>
            <Unicode>ا</Unicode>
          </TextEquiv>
        </Word>
        <Word id="w118">
          <Coords points="1011,1086 1064,1086 1064,1141 1011,1141"/>
          <TextEquiv>
            <Unicode>طا</Unicode>
          </TextEquiv>
        </Word>
        <Word id="w119">
          <Coords points="923,1111 1005,1111 1005,1174 923,1174"/>
          <TextEquiv>
            <Unicode>عو</Unicode>
          </TextEquiv>
        </Word>
        <Word id="w120">
          <Coords points="894,1077 922,1077 922,1146 894,1146"/>
          <TextEquiv>
            <Unicode>نا</Unicode>
          </TextEquiv>
        </Word>
        <Word id="w121">
          <Coords points="837,1067 881,1067 881,1157 837,1157"/>
          <TextEquiv>
            <Unicode>ما</Unicode>
          </TextEquiv>
        </Word>
        <Word id="w122">
          <Coords points="653,1079 831,1079 831,1167 653,1167"/>
          <TextEquiv>
            <Unicode>قتلو</Unicode>
          </TextEquiv>
        </Word>
        <Word id="w123">
          <Coords points="645,1089 658,1089 658,1139 645,1139"/>
          <TextEquiv>
            <Unicode>ا</Unicode>
          </TextEquiv>
        </Word>
        <Word id="w124">
          <Coords points="578,1096 632,1096 632,1185 578,1185"/>
          <TextEquiv>
            <Unicode>قل</Unicode>
          </TextEquiv>
        </Word>
        <Word id="w125">
          <Coords points="537,1075 582,1075 582,1157 537,1157"/>
          <TextEquiv>
            <Unicode>فا</Unicode>
          </TextEquiv>
        </Word>
        <Word id="w126">
          <Coords points="501,1122 527,1122 527,1156 501,1156"/>
          <TextEquiv>
            <Unicode>د</Unicode>
          </TextEquiv>
        </Word>
        <Word id="w127">
          <Coords points="449,1125 485,1125 485,1165 449,1165"/>
          <TextEquiv>
            <Unicode>ر</Unicode>
          </TextEquiv>
        </Word>
        <Word id="w128">
          <Coords points="423,1072 449,1072 449,1100 423,1100"/>
          <TextEquiv>
            <Unicode>ء</Unicode>
          </TextEquiv>
        </Word>
        <Word id="w129">
          <Coords points="403,1116 445,1116 445,1169 403,1169"/>
          <TextEquiv>
            <Unicode>و</Unicode>
          </TextEquiv>
        </Word>
        <Word id="w130">
          <Coords points="391,1094 405,1094 405,1148 391,1148"/>
          <TextEquiv>
            <Unicode>ا</Unicode>
          </TextEquiv>
        </Word>
        <Word id="w131">
          <Coords points="298,1118 381,1118 381,1183 298,1183"/>
          <TextEquiv>
            <Unicode>عن</Unicode>
          </TextEquiv>
        </Word>
        <Word id="w132">
          <Coords points="284,1084 303,1084 303,1149 284,1149"/>
          <TextEquiv>
            <Unicode>ا</Unicode>
          </TextEquiv>
        </Word>
        <Word id="w133">
          <Coords points="116,1051 278,1051 278,1182 116,1182"/>
          <TextEquiv>
            <Unicode>نفسكم</Unicode>
          </TextEquiv>
        </Word>
        <TextEquiv>
          <Unicode> و قعد و ا لو ا طا عو نا ما قتلو ا قل فا د ر ء و ا عن ا نفسكم</Unicode>
        </TextEquiv>
      </TextLine>
      <TextLine id="l7">
        <Coords points="113,1186 1384,1186 1384,1346 113,1346"/>
        <Word id="w134">
          <Coords points="1366,1238 1383,1238 1383,1301 1366,1301"/>
          <TextEquiv>
            <Unicode>ا</Unicode>
          </TextEquiv>
        </Word>
        <Word id="w135">
          <Coords points="1284,1239 1359,1239 1359,1326 1284,1326"/>
          <TextEquiv>
            <Unicode>لمو</Unicode>
          </TextEquiv>
        </Word>
        <Word id="w136">
          <Coords points="1229,1266 1291,1266 1291,1307 1229,1307"/>
          <TextEquiv>
            <Unicode>ت</Unicode>
          </TextEquiv>
        </Word>
        <Word id="w137">
          <Coords points="1204,1252 1214,1252 1214,1295 1204,1295"/>
          <TextEquiv>
            <Unicode>ا</Unicode>
          </TextEquiv>
        </Word>
        <Word id="w138">
          <Coords points="1153,1260 1187,1260 1187,1315 1153,1315"/>
          <TextEquiv>
            <Unicode>ن</Unicode>
          </TextEquiv>
        </Word>
        <Word id="w139">
          <Coords points="1015,1186 1193,1186 1193,1319 1015,1319"/>
          <TextEquiv>
            <Unicode>كنتم</Unicode>
          </TextEquiv>
        </Word>
        <Word id="w140">
          <Coords points="922,1237 1001,1237 1001,1320 922,1320"/>
          <TextEquiv>
            <Unicode>صا</Unicode>
          </TextEquiv>
        </Word>
        <Word id="w141">
          <Coords points="884,1282 910,1282 910,1312 884,1312"/>
          <TextEquiv>
            <Unicode>د</Unicode>
          </TextEquiv>
        </Word>
        <Word id="w142">
          <Coords points="787,1256 869,1256 869,1333 787,1333"/>
          <TextEquiv>
            <Unicode>قين</Unicode>
          </TextEquiv>
        </Word>
        <Word id="w143">
          <Coords points="624,1283 668,1283 668,1334 624,1334"/>
          <TextEquiv>
            <Unicode>و</Unicode>
          </TextEquiv>
        </Word>
        <Word id="w144">
          <Coords points="574,1256 619,1256 619,1320 574,1320"/>
          <TextEquiv>
            <Unicode>لا</Unicode>
          </TextEquiv>
        </Word>
        <Word id="w145">
          <Coords points="372,1237 562,1237 562,1341 372,1341"/>
          <TextEquiv>
            <Unicode>تحسبن</Unicode>
          </TextEquiv>
        </Word>
        <Word id="w146">
          <Coords points="349,1246 370,1246 370,1317 349,1317"/>
          <TextEquiv>
            <Unicode>ا</Unicode>
          </TextEquiv>
        </Word>
        <Word id="w147">
          <Coords points="286,1254 342,1254 342,1329 286,1329"/>
          <TextEquiv>
            <Unicode>لذ</Unicode>
          </TextEquiv>
        </Word>
        <Word id="w148">
          <Coords points="230,1267 289,1267 289,1345 230,1345"/>
          <TextEquiv>
            <Unicode>ين</Unicode>
          </TextEquiv>
        </Word>
        <Word id="w149">
          <Coords points="118,1252 225,1252 225,1343 118,1343"/>
          <TextEquiv>
            <Unicode>قتلو</Unicode>
          </TextEquiv>
        </Word>
        <Word id="w150">
          <Coords points="113,1251 136,1251 136,1324 113,1324"/>
          <TextEquiv>
            <Unicode>ا</Unicode>
          </TextEquiv>
        </Word>
        <TextEquiv>
          <Unicode> ا لمو ت ا ن كنتم صا د قين و لا تحسبن ا لذ ين قتلو ا</Unicode>
        </TextEquiv>
      </TextLine>
      <TextLine id="l8">
        <Coords points="215,1380 1403,1380 1403,1536 215,1536"/>
        <Word id="w151">
          <Coords points="1275,1380 1402,1380 1402,1481 1275,1481"/>
          <TextEquiv>
            <Unicode>فى</Unicode>
          </TextEquiv>
        </Word>
        <Word id="w152">
          <Coords points="1126,1423 1265,1423 1265,1507 1126,1507"/>
          <TextEquiv>
            <Unicode>سبيل</Unicode>
          </TextEquiv>
        </Word>
        <Word id="w153">
          <Coords points="1116,1417 1135,1417 1135,1477 1116,1477"/>
          <TextEquiv>
            <Unicode>ا</Unicode>
          </TextEquiv>
        </Word>
        <Word id="w154">
          <Coords points="1040,1439 1103,1439 1103,1478 1040,1478"/>
          <TextEquiv>
            <Unicode>لله</Unicode>
          </TextEquiv>
        </Word>
        <Word id="w155">
          <Coords points="1008,1416 1019,1416 1019,1463 1008,1463"/>
          <TextEquiv>
            <Unicode>ا</Unicode>
          </TextEquiv>
        </Word>
        <Word id="w156">
          <Coords points="923,1449 997,1449 997,1500 923,1500"/>
          <TextEquiv>
            <Unicode>مو</Unicode>
          </TextEquiv>
        </Word>
        <Word id="w157">
          <Coords points="904,1413 921,1413 921,1479 904,1479"/>
          <TextEquiv>
            <Unicode>ا</Unicode>
          </TextEquiv>
        </Word>
        <Word id="w158">
          <Coords points="864,1404 896,1404 896,1489 864,1489"/>
          <TextEquiv>
            <Unicode>تا</Unicode>
          </TextEquiv>
        </Word>
        <Word id="w159">
          <Coords points="786,1416 849,1416 849,1507 786,1507"/>
          <TextEquiv>
            <Unicode>بل</Unicode>
          </TextEquiv>
        </Word>
        <Word id="w160">
          <Coords points="777,1405 795,1405 795,1473 777,1473"/>
          <TextEquiv>
            <Unicode>ا</Unicode>
          </TextEquiv>
        </Word>
        <Word id="w161">
          <Coords points="683,1414 775,1414 775,1504 683,1504"/>
          <TextEquiv>
            <Unicode>حيا</Unicode>
          </TextEquiv>
        </Word>
        <Word id="w162">
          <Coords points="647,1450 672,1450 672,1478 647,1478"/>
          <TextEquiv>
            <Unicode>ء</Unicode>
          </TextEquiv>
        </Word>
        <Word id="w163">
          <Coords points="514,1450 630,1450 630,1491 514,1491"/>
          <TextEquiv>
            <Unicode>عند</Unicode>
          </TextEquiv>
        </Word>
        <Word id="w164">
          <Coords points="473,1454 506,1454 506,1492 473,1492"/>
          <TextEquiv>
            <Unicode>ر</Unicode>
          </TextEquiv>
        </Word>
        <Word id="w165">
          <Coords points="394,1439 477,1439 477,1535 394,1535"/>
          <TextEquiv>
            <Unicode>بهم</Unicode>
          </TextEquiv>
        </Word>
        <Word id="w166">
          <Coords points="323,1452 394,1452 394,1517 323,1517"/>
          <TextEquiv>
            <Unicode>ير</Unicode>
          </TextEquiv>
        </Word>
        <Word id="w167">
          <Coords points="293,1427 350,1427 350,1494 293,1494"/>
          <TextEquiv>
            <Unicode>ز</Unicode>
          </TextEquiv>
        </Word>
        <Word id="w168">
          <Coords points="244,1424 307,1424 307,1510 244,1510"/>
          <TextEquiv>
            <Unicode>قو</Unicode>
          </TextEquiv>
        </Word>
        <Word id="w169">
          <Coords points="215,1436 250,1436 250,1496 215,1496"/>
          <TextEquiv>
            <Unicode>ن</Unicode>
          </TextEquiv>
        </Word>
        <TextEquiv>
          <Unicode> فى سبيل ا لله ا مو ا تا بل ا حيا ء عند ر بهم ير ز قو ن</Unicode>
        </TextEquiv>
      </TextLine>
      <TextLine id="l9">
        <Coords points="106,1560 1378,1560 1378,1706 106,1706"/>
        <Word id="w170">
          <Coords points="1321,1578 1377,1578 1377,1667 1321,1667"/>
          <TextEquiv>
            <Unicode>فر</Unicode>
          </TextEquiv>
        </Word>
        <Word id="w171">
          <Coords points="1217,1606 1334,1606 1334,1668 1217,1668"/>
          <TextEquiv>
            <Unicode>حين</Unicode>
          </TextEquiv>
        </Word>
        <Word id="w172">
          <Coords points="1152,1583 1209,1583 1209,1678 1152,1678"/>
          <TextEquiv>
            <Unicode>بما</Unicode>
          </TextEquiv>
        </Word>
        <Word id="w173">
          <Coords points="1129,1583 1142,1583 1142,1650 1129,1650"/>
          <TextEquiv>
            <Unicode>ا</Unicode>
          </TextEquiv>
        </Word>
        <Word id="w174">
          <Coords points="1019,1581 1116,1581 1116,1705 1019,1705"/>
          <TextEquiv>
            <Unicode>تيهم</Unicode>
          </TextEquiv>
        </Word>
        <Word id="w175">
          <Coords points="989,1584 1009,1584 1009,1640 989,1640"/>
          <TextEquiv>
            <Unicode>ا</Unicode>
          </TextEquiv>
        </Word>
        <Word id="w176">
          <Coords points="907,1599 983,1599 983,1657 907,1657"/>
          <TextEquiv>
            <Unicode>لله</Unicode>
          </TextEquiv>
        </Word>
        <Word id="w177">
          <Coords points="818,1608 896,1608 896,1674 818,1674"/>
          <TextEquiv>
            <Unicode>من</Unicode>
          </TextEquiv>
        </Word>
        <Word id="w178">
          <Coords points="669,1585 814,1585 814,1663 669,1663"/>
          <TextEquiv>
            <Unicode>فضله</Unicode>
          </TextEquiv>
        </Word>
        <Word id="w179">
          <Coords points="606,1621 652,1621 652,1672 606,1672"/>
          <TextEquiv>
            <Unicode>و</Unicode>
          </TextEquiv>
        </Word>
        <Word id="w180">
          <Coords points="368,1595 612,1595 612,1692 368,1692"/>
          <TextEquiv>
            <Unicode>يستبشر</Unicode>
          </TextEquiv>
        </Word>
        <Word id="w181">
          <Coords points="343,1625 388,1625 388,1676 343,1676"/>
          <TextEquiv>
            <Unicode>و</Unicode>
          </TextEquiv>
        </Word>
        <Word id="w182">
          <Coords points="310,1599 349,1599 349,1669 310,1669"/>
          <TextEquiv>
            <Unicode>ن</Unicode>
          </TextEquiv>
        </Word>
        <Word id="w183">
          <Coords points="265,1596 291,1596 291,1683 265,1683"/>
          <TextEquiv>
            <Unicode>با</Unicode>
          </TextEquiv>
        </Word>
        <Word id="w184">
          <Coords points="205,1601 248,1601 248,1662 205,1662"/>
          <TextEquiv>
            <Unicode>لذ</Unicode>
          </TextEquiv>
        </Word>
        <Word id="w185">
          <Coords points="142,1607 190,1607 190,1687 142,1687"/>
          <TextEquiv>
            <Unicode>ين</Unicode>
          </TextEquiv>
        </Word>
        <Word id="w186">
          <Coords points="106,1560 145,1560 145,1652 106,1652"/>
          <TextEquiv>
            <Unicode>لم</Unicode>
          </TextEquiv>
        </Word>
        <TextEquiv>
          <Unicode> فر حين بما ا تيهم ا لله من فضله و يستبشر و ن با لذ ين لم</Unicode>
        </TextEquiv>
      </TextLine>
      <TextLine id="l10">
        <Coords points="134,1721 1392,1721 1392,1872 134,1872"/>
        <Word id="w187">
          <Coords points="1241,1721 1391,1721 1391,1839 1241,1839"/>
          <TextEquiv>
            <Unicode>يلحقو</Unicode>
          </TextEquiv>
        </Word>
        <Word id="w188">
          <Coords points="1228,1743 1247,1743 1247,1803 1228,1803"/>
          <TextEquiv>
            <Unicode>ا</Unicode>
          </TextEquiv>
        </Word>
        <Word id="w189">
          <Coords points="1140,1755 1229,1755 1229,1859 1140,1859"/>
          <TextEquiv>
            <Unicode>بهم</Unicode>
          </TextEquiv>
        </Word>
        <Word id="w190">
          <Coords points="1066,1771 1135,1771 1135,1828 1066,1828"/>
          <TextEquiv>
            <Unicode>من</Unicode>
          </TextEquiv>
        </Word>
        <Word id="w191">
          <Coords points="906,1737 1066,1737 1066,1871 906,1871"/>
          <TextEquiv>
            <Unicode>خلفهم</Unicode>
          </TextEquiv>
        </Word>
        <Word id="w192">
          <Coords points="871,1749 894,1749 894,1807 871,1807"/>
          <TextEquiv>
            <Unicode>ا</Unicode>
          </TextEquiv>
        </Word>
        <Word id="w193">
          <Coords points="808,1743 859,1743 859,1825 808,1825"/>
          <TextEquiv>
            <Unicode>لا</Unicode>
          </TextEquiv>
        </Word>
        <Word id="w194">
          <Coords points="721,1776 813,1776 813,1836 721,1836"/>
          <TextEquiv>
            <Unicode>حو</Unicode>
          </TextEquiv>
        </Word>
        <Word id="w195">
          <Coords points="656,1773 729,1773 729,1834 656,1834"/>
          <TextEquiv>
            <Unicode>ف</Unicode>
          </TextEquiv>
        </Word>
        <Word id="w196">
          <Coords points="461,1754 638,1754 638,1844 461,1844"/>
          <TextEquiv>
            <Unicode>عليهم</Unicode>
          </TextEquiv>
        </Word>
        <Word id="w197">
          <Coords points="406,1776 452,1776 452,1838 406,1838"/>
          <TextEquiv>
            <Unicode>و</Unicode>
          </TextEquiv>
        </Word>
        <Word id="w198">
          <Coords points="364,1758 402,1758 402,1825 364,1825"/>
          <TextEquiv>
            <Unicode>لا</Unicode>
          </TextEquiv>
        </Word>
        <Word id="w199">
          <Coords points="292,1779 362,1779 362,1846 292,1846"/>
          <TextEquiv>
            <Unicode>هم</Unicode>
          </TextEquiv>
        </Word>
        <Word id="w200">
          <Coords points="198,1756 297,1756 297,1853 198,1853"/>
          <TextEquiv>
            <Unicode>يحز</Unicode>
          </TextEquiv>
        </Word>
        <Word id="w201">
          <Coords points="160,1766 211,1766 211,1838 160,1838"/>
          <TextEquiv>
            <Unicode>نو</Unicode>
          </TextEquiv>
        </Word>
        <Word id="w202">
          <Coords points="134,1764 169,1764 169,1828 134,1828"/>
          <TextEquiv>
            <Unicode>ن</Unicode>
          </TextEquiv>
        </Word>
        <TextEquiv>
          <Unicode> يلحقو ا بهم من خلفهم ا لا حو ف عليهم و لا هم يحز نو ن</Unicode>
        </TextEquiv>
      </TextLine>
      <TextLine id="l11">
        <Coords points="143,1906 1311,1906 1311,2020 143,2020"/>
        <Word id="w203">
          <Coords points="1070,1912 1310,1912 1310,2006 1070,2006"/>
          <TextEquiv>
            <Unicode>يستبشر</Unicode>
          </TextEquiv>
        </Word>
        <Word id="w204">
          <Coords points="1038,1947 1074,1947 1074,1993 1038,1993"/>
          <TextEquiv>
            <Unicode>و</Unicode>
          </TextEquiv>
        </Word>
        <Word id="w205">
          <Coords points="995,1913 1031,1913 1031,1983 995,1983"/>
          <TextEquiv>
            <Unicode>ن</Unicode>
          </TextEquiv>
        </Word>
        <Word id="w206">
          <Coords points="793,1923 973,1923 973,1983 793,1983"/>
          <TextEquiv>
            <Unicode>بنعمه</Unicode>
          </TextEquiv>
        </Word>
        <Word id="w207">
          <Coords points="701,1942 774,1942 774,2004 701,2004"/>
          <TextEquiv>
            <Unicode>من</Unicode>
          </TextEquiv>
        </Word>
        <Word id="w208">
          <Coords points="676,1907 696,1907 696,1978 676,1978"/>
          <TextEquiv>
            <Unicode>ا</Unicode>
          </TextEquiv>
        </Word>
        <Word id="w209">
          <Coords points="598,1943 666,1943 666,1983 598,1983"/>
          <TextEquiv>
            <Unicode>لله</Unicode>
          </TextEquiv>
        </Word>
        <Word id="w210">
          <Coords points="534,1947 586,1947 586,2003 534,2003"/>
          <TextEquiv>
            <Unicode>و</Unicode>
          </TextEquiv>
        </Word>
        <Word id="w211">
          <Coords points="413,1919 545,1919 545,2019 413,2019"/>
          <TextEquiv>
            <Unicode>فضل</Unicode>
          </TextEquiv>
        </Word>
        <Word id="w212">
          <Coords points="363,1947 412,1947 412,2004 363,2004"/>
          <TextEquiv>
            <Unicode>و</Unicode>
          </TextEquiv>
        </Word>
        <Word id="w213">
          <Coords points="358,1916 375,1916 375,1984 358,1984"/>
          <TextEquiv>
            <Unicode>ا</Unicode>
          </TextEquiv>
        </Word>
        <Word id="w214">
          <Coords points="307,1939 345,1939 345,1996 307,1996"/>
          <TextEquiv>
            <Unicode>ن</Unicode>
          </TextEquiv>
        </Word>
        <Word id="w215">
          <Coords points="271,1906 299,1906 299,1974 271,1974"/>
          <TextEquiv>
            <Unicode>ا</Unicode>
          </TextEquiv>
        </Word>
        <Word id="w216">
          <Coords points="204,1945 271,1945 271,1988 204,1988"/>
          <TextEquiv>
            <Unicode>لله</Unicode>
          </TextEquiv>
        </Word>
        <Word id="w217">
          <Coords points="143,1920 193,1920 193,1990 143,1990"/>
          <TextEquiv>
            <Unicode>لا</Unicode>
          </TextEquiv>
        </Word>
        <TextEquiv>
          <Unicode> يستبشر و ن بنعمه من ا لله و فضل و ا ن ا لله لا</Unicode>
        </TextEquiv>
      </TextLine>
      <TextLine id="l12">
        <Coords points="137,2070 1386,2070 1386,2214 137,2214"/>
        <Word id="w218">
          <Coords points="1248,2097 1385,2097 1385,2213 1248,2213"/>
          <TextEquiv>
            <Unicode>يصيع</Unicode>
          </TextEquiv>
        </Word>
        <Word id="w219">
          <Coords points="1223,2074 1247,2074 1247,2133 1223,2133"/>
          <TextEquiv>
            <Unicode>ا</Unicode>
          </TextEquiv>
        </Word>
        <Word id="w220">
          <Coords points="1140,2073 1154,2073 1154,2129 1140,2129"/>
          <TextEquiv>
            <Unicode>ا</Unicode>
          </TextEquiv>
        </Word>
        <Word id="w221">
          <Coords points="1136,2096 1218,2096 1218,2162 1136,2162"/>
          <TextEquiv>
            <Unicode>جر</Unicode>
          </TextEquiv>
        </Word>
        <Word id="w222">
          <Coords points="1063,2081 1133,2081 1133,2166 1063,2166"/>
          <TextEquiv>
            <Unicode>لمؤ</Unicode>
          </TextEquiv>
        </Word>
        <Word id="w223">
          <Coords points="944,2098 1071,2098 1071,2162 944,2162"/>
          <TextEquiv>
            <Unicode>منين</Unicode>
          </TextEquiv>
        </Word>
        <Word id="w224">
          <Coords points="808,2086 828,2086 828,2140 808,2140"/>
          <TextEquiv>
            <Unicode>ا</Unicode>
          </TextEquiv>
        </Word>
        <Word id="w225">
          <Coords points="753,2084 800,2084 800,2149 753,2149"/>
          <TextEquiv>
            <Unicode>لذ</Unicode>
          </TextEquiv>
        </Word>
        <Word id="w226">
          <Coords points="692,2108 743,2108 743,2175 692,2175"/>
          <TextEquiv>
            <Unicode>ين</Unicode>
          </TextEquiv>
        </Word>
        <Word id="w227">
          <Coords points="665,2075 685,2075 685,2139 665,2139"/>
          <TextEquiv>
            <Unicode>ا</Unicode>
          </TextEquiv>
        </Word>
        <Word id="w228">
          <Coords points="523,2089 660,2089 660,2186 523,2186"/>
          <TextEquiv>
            <Unicode>ستجا</Unicode>
          </TextEquiv>
        </Word>
        <Word id="w229">
          <Coords points="462,2102 514,2102 514,2177 462,2177"/>
          <TextEquiv>
            <Unicode>بو</Unicode>
          </TextEquiv>
        </Word>
        <Word id="w230">
          <Coords points="444,2083 466,2083 466,2140 444,2140"/>
          <TextEquiv>
            <Unicode>ا</Unicode>
          </TextEquiv>
        </Word>
        <Word id="w231">
          <Coords points="377,2109 437,2109 437,2150 377,2150"/>
          <TextEquiv>
            <Unicode>لله</Unicode>
          </TextEquiv>
        </Word>
        <Word id="w232">
          <Coords points="320,2121 362,2121 362,2174 320,2174"/>
          <TextEquiv>
            <Unicode>و</Unicode>
          </TextEquiv>
        </Word>
        <Word id="w233">
          <Coords points="306,2081 331,2081 331,2140 306,2140"/>
          <TextEquiv>
            <Unicode>ا</Unicode>
          </TextEquiv>
        </Word>
        <Word id="w234">
          <Coords points="251,2088 295,2088 295,2172 251,2172"/>
          <TextEquiv>
            <Unicode>لر</Unicode>
          </TextEquiv>
        </Word>
        <Word id="w235">
          <Coords points="177,2124 265,2124 265,2179 177,2179"/>
          <TextEquiv>
            <Unicode>سو</Unicode>
          </TextEquiv>
        </Word>
        <Word id="w236">
          <Coords points="137,2070 182,2070 182,2156 137,2156"/>
          <TextEquiv>
            <Unicode>ل</Unicode>
          </TextEquiv>
        </Word>
        <TextEquiv>
          <Unicode> يصيع ا ا جر لمؤ منين ا لذ ين ا ستجا بو ا لله و ا لر سو ل</Unicode>
        </TextEquiv>
      </TextLine>
      <TextLine id="l13">
        <Coords points="141,2223 1393,2223 1393,2360 141,2360"/>
        <Word id="w237">
          <Coords points="1319,2256 1392,2256 1392,2324 1319,2324"/>
          <TextEquiv>
            <Unicode>من</Unicode>
          </TextEquiv>
        </Word>
        <Word id="w238">
          <Coords points="1220,2260 1321,2260 1321,2328 1220,2328"/>
          <TextEquiv>
            <Unicode>بعد</Unicode>
          </TextEquiv>
        </Word>
        <Word id="w239">
          <Coords points="1171,2230 1217,2230 1217,2300 1171,2300"/>
          <TextEquiv>
            <Unicode>ما</Unicode>
          </TextEquiv>
        </Word>
        <Word id="w240">
          <Coords points="1140,2234 1156,2234 1156,2299 1140,2299"/>
          <TextEquiv>
            <Unicode>ا</Unicode>
          </TextEquiv>
        </Word>
        <Word id="w241">
          <Coords points="1055,2223 1146,2223 1146,2299 1055,2299"/>
          <TextEquiv>
            <Unicode>صا</Unicode>
          </TextEquiv>
        </Word>
        <Word id="w242">
          <Coords points="973,2276 1040,2276 1040,2354 973,2354"/>
          <TextEquiv>
            <Unicode>بهم</Unicode>
          </TextEquiv>
        </Word>
        <Word id="w243">
          <Coords points="945,2230 961,2230 961,2288 945,2288"/>
          <TextEquiv>
            <Unicode>ا</Unicode>
          </TextEquiv>
        </Word>
        <Word id="w244">
          <Coords points="814,2229 938,2229 938,2327 814,2327"/>
          <TextEquiv>
            <Unicode>لقر</Unicode>
          </TextEquiv>
        </Word>
        <Word id="w245">
          <Coords points="775,2275 856,2275 856,2359 775,2359"/>
          <TextEquiv>
            <Unicode>ح</Unicode>
          </TextEquiv>
        </Word>
        <Word id="w246">
          <Coords points="679,2238 754,2238 754,2317 679,2317"/>
          <TextEquiv>
            <Unicode>للذ</Unicode>
          </TextEquiv>
        </Word>
        <Word id="w247">
          <Coords points="620,2262 685,2262 685,2335 620,2335"/>
          <TextEquiv>
            <Unicode>ين</Unicode>
          </TextEquiv>
        </Word>
        <Word id="w248">
          <Coords points="589,2241 606,2241 606,2314 589,2314"/>
          <TextEquiv>
            <Unicode>ا</Unicode>
          </TextEquiv>
        </Word>
        <Word id="w249">
          <Coords points="376,2264 581,2264 581,2349 376,2349"/>
          <TextEquiv>
            <Unicode>حسنو</Unicode>
          </TextEquiv>
        </Word>
        <Word id="w250">
          <Coords points="373,2254 388,2254 388,2304 373,2304"/>
          <TextEquiv>
            <Unicode>ا</Unicode>
          </TextEquiv>
        </Word>
        <Word id="w251">
          <Coords points="141,2259 362,2259 362,2340 141,2340"/>
          <TextEquiv>
            <Unicode>منهم</Unicode>
          </TextEquiv>
        </Word>
        <TextEquiv>
          <Unicode> من بعد ما ا صا بهم ا لقر ح للذ ين ا حسنو ا منهم</Unicode>
        </TextEquiv>
      </TextLine>
      <TextLine id="l14">
        <Coords points="127,2385 1393,2385 1393,2518 127,2518"/>
        <Word id="w252">
          <Coords points="1340,2425 1392,2425 1392,2480 1340,2480"/>
          <TextEquiv>
            <Unicode>و</Unicode>
          </TextEquiv>
        </Word>
        <Word id="w253">
          <Coords points="1333,2385 1353,2385 1353,2453 1333,2453"/>
          <TextEquiv>
            <Unicode>ا</Unicode>
          </TextEquiv>
        </Word>
        <Word id="w254">
          <Coords points="1229,2403 1330,2403 1330,2488 1229,2488"/>
          <TextEquiv>
            <Unicode>تقو</Unicode>
          </TextEquiv>
        </Word>
        <Word id="w255">
          <Coords points="1216,2389 1236,2389 1236,2456 1216,2456"/>
          <TextEquiv>
            <Unicode>ا</Unicode>
          </TextEquiv>
        </Word>
        <Word id="w256">
          <Coords points="1185,2395 1204,2395 1204,2459 1185,2459"/>
          <TextEquiv>
            <Unicode>ا</Unicode>
          </TextEquiv>
        </Word>
        <Word id="w257">
          <Coords points="1103,2425 1182,2425 1182,2487 1103,2487"/>
          <TextEquiv>
            <Unicode>جر</Unicode>
          </TextEquiv>
        </Word>
        <Word id="w258">
          <Coords points="908,2405 1104,2405 1104,2517 908,2517"/>
          <TextEquiv>
            <Unicode>عظيم</Unicode>
          </TextEquiv>
        </Word>
        <Word id="w259">
          <Coords points="752,2402 779,2402 779,2468 752,2468"/>
          <TextEquiv>
            <Unicode>ا</Unicode>
          </TextEquiv>
        </Word>
        <Word id="w260">
          <Coords points="692,2404 755,2404 755,2481 692,2481"/>
          <TextEquiv>
            <Unicode>لذ</Unicode>
          </TextEquiv>
        </Word>
        <Word id="w261">
          <Coords points="642,2432 706,2432 706,2509 642,2509"/>
          <TextEquiv>
            <Unicode>ين</Unicode>
          </TextEquiv>
        </Word>
        <Word id="w262">
          <Coords points="591,2408 630,2408 630,2476 591,2476"/>
          <TextEquiv>
            <Unicode>قا</Unicode>
          </TextEquiv>
        </Word>
        <Word id="w263">
          <Coords points="544,2405 580,2405 580,2492 544,2492"/>
          <TextEquiv>
            <Unicode>ل</Unicode>
          </TextEquiv>
        </Word>
        <Word id="w264">
          <Coords points="447,2397 539,2397 539,2487 447,2487"/>
          <TextEquiv>
            <Unicode>لهم</Unicode>
          </TextEquiv>
        </Word>
        <Word id="w265">
          <Coords points="414,2405 434,2405 434,2467 414,2467"/>
          <TextEquiv>
            <Unicode>ا</Unicode>
          </TextEquiv>
        </Word>
        <Word id="w266">
          <Coords points="310,2409 399,2409 399,2477 310,2477"/>
          <TextEquiv>
            <Unicode>لنا</Unicode>
          </TextEquiv>
        </Word>
        <Word id="w267">
          <Coords points="213,2406 234,2406 234,2464 213,2464"/>
          <TextEquiv>
            <Unicode>ا</Unicode>
          </TextEquiv>
        </Word>
        <Word id="w268">
          <Coords points="127,2426 202,2426 202,2483 127,2483"/>
          <TextEquiv>
            <Unicode>ن</Unicode>
          </TextEquiv>
        </Word>
        <TextEquiv>
          <Unicode> و ا تقو ا ا جر عظيم ا لذ ين قا ل لهم ا لنا ا ن</Unicode>
        </TextEquiv>
      </TextLine>
    </TextRegion>
  </Page>
</PcGts>
