<?xml version='1.0' encoding='utf-8'?>
<PcGts xmlns:xsi="http://www.w3.org/2001/XMLSchema-instance" xmlns="http://schema.primaresearch.org/PAGE/gts/pagecontent/2019-07-15" xsi:schemaLocation="http://schema.primaresearch.org/PAGE/gts/pagecontent/2019-07-15 http://schema.primaresearch.org/PAGE/gts/pagecontent/2019-07-15/pagecontent.xsd" pcGtsId="pc-aletheiaexamplepage">
  <Metadata>
    <Creator>PRImA Research Lab</Creator>
    <Created>2015-07-17T15:27:13</Created>
    <LastChange>2017-07-14T10:03:33</LastChange>
    <Comments>Example Page</Comments>
  </Metadata>
  <Page imageFilename="3158466/_042-1.png" imageWidth="1385" imageHeight="2517">
    <TextRegion id="r0" type="paragraph">
      <Coords points="1,1 1383,1 1383,2515 1,2515"/>
      <TextLine id="l0">
        <Coords points="50,11 1323,11 1323,194 50,194"/>
        <Word id="w0">
          <Coords points="1276,83 1322,83 1322,132 1276,132"/>
          <TextEquiv>
            <Unicode>و</Unicode>
          </TextEquiv>
        </Word>
        <Word id="w1">
          <Coords points="1158,67 1283,67 1283,147 1158,147"/>
          <TextEquiv>
            <Unicode>نتقو</Unicode>
          </TextEquiv>
        </Word>
        <Word id="w2">
          <Coords points="1137,50 1162,50 1162,111 1137,111"/>
          <TextEquiv>
            <Unicode>ا</Unicode>
          </TextEquiv>
        </Word>
        <Word id="w3">
          <Coords points="975,11 1142,11 1142,176 975,176"/>
          <TextEquiv>
            <Unicode>فلكم</Unicode>
          </TextEquiv>
        </Word>
        <Word id="w4">
          <Coords points="943,61 961,61 961,127 943,127"/>
          <TextEquiv>
            <Unicode>ا</Unicode>
          </TextEquiv>
        </Word>
        <Word id="w5">
          <Coords points="873,97 940,97 940,151 873,151"/>
          <TextEquiv>
            <Unicode>جر</Unicode>
          </TextEquiv>
        </Word>
        <Word id="w6">
          <Coords points="723,60 871,60 871,193 723,193"/>
          <TextEquiv>
            <Unicode>عظيم</Unicode>
          </TextEquiv>
        </Word>
        <Word id="w7">
          <Coords points="559,104 600,104 600,158 559,158"/>
          <TextEquiv>
            <Unicode>و</Unicode>
          </TextEquiv>
        </Word>
        <Word id="w8">
          <Coords points="512,62 564,62 564,140 512,140"/>
          <TextEquiv>
            <Unicode>لا</Unicode>
          </TextEquiv>
        </Word>
        <Word id="w9">
          <Coords points="325,89 517,89 517,172 325,172"/>
          <TextEquiv>
            <Unicode>يحسبن</Unicode>
          </TextEquiv>
        </Word>
        <Word id="w10">
          <Coords points="293,80 310,80 310,136 293,136"/>
          <TextEquiv>
            <Unicode>ا</Unicode>
          </TextEquiv>
        </Word>
        <Word id="w11">
          <Coords points="236,85 283,85 283,148 236,148"/>
          <TextEquiv>
            <Unicode>لذ</Unicode>
          </TextEquiv>
        </Word>
        <Word id="w12">
          <Coords points="183,99 226,99 226,174 183,174"/>
          <TextEquiv>
            <Unicode>ين</Unicode>
          </TextEquiv>
        </Word>
        <Word id="w13">
          <Coords points="74,71 184,71 184,185 74,185"/>
          <TextEquiv>
            <Unicode>يبخلو</Unicode>
          </TextEquiv>
        </Word>
        <Word id="w14">
          <Coords points="50,102 82,102 82,154 50,154"/>
          <TextEquiv>
            <Unicode>ن</Unicode>
          </TextEquiv>
        </Word>
        <TextEquiv>
          <Unicode> و نتقو ا فلكم ا جر عظيم و لا يحسبن ا لذ ين يبخلو ن</Unicode>
        </TextEquiv>
      </TextLine>
      <TextLine id="l1">
        <Coords points="47,221 1317,221 1317,350 47,350"/>
        <Word id="w15">
          <Coords points="1263,223 1316,223 1316,312 1263,312"/>
          <TextEquiv>
            <Unicode>بما</Unicode>
          </TextEquiv>
        </Word>
        <Word id="w16">
          <Coords points="1226,221 1251,221 1251,287 1226,287"/>
          <TextEquiv>
            <Unicode>ا</Unicode>
          </TextEquiv>
        </Word>
        <Word id="w17">
          <Coords points="1134,238 1226,238 1226,341 1134,341"/>
          <TextEquiv>
            <Unicode>يتهم</Unicode>
          </TextEquiv>
        </Word>
        <Word id="w18">
          <Coords points="1105,236 1121,236 1121,291 1105,291"/>
          <TextEquiv>
            <Unicode>ا</Unicode>
          </TextEquiv>
        </Word>
        <Word id="w19">
          <Coords points="1037,253 1099,253 1099,299 1037,299"/>
          <TextEquiv>
            <Unicode>لله</Unicode>
          </TextEquiv>
        </Word>
        <Word id="w20">
          <Coords points="968,258 1031,258 1031,316 968,316"/>
          <TextEquiv>
            <Unicode>من</Unicode>
          </TextEquiv>
        </Word>
        <Word id="w21">
          <Coords points="820,236 960,236 960,311 820,311"/>
          <TextEquiv>
            <Unicode>فضله</Unicode>
          </TextEquiv>
        </Word>
        <Word id="w22">
          <Coords points="723,260 809,260 809,325 723,325"/>
          <TextEquiv>
            <Unicode>هو</Unicode>
          </TextEquiv>
        </Word>
        <Word id="w23">
          <Coords points="608,274 729,274 729,329 608,329"/>
          <TextEquiv>
            <Unicode>حير</Unicode>
          </TextEquiv>
        </Word>
        <Word id="w24">
          <Coords points="606,233 629,233 629,300 606,300"/>
          <TextEquiv>
            <Unicode>ا</Unicode>
          </TextEquiv>
        </Word>
        <Word id="w25">
          <Coords points="512,233 602,233 602,316 512,316"/>
          <TextEquiv>
            <Unicode>لهم</Unicode>
          </TextEquiv>
        </Word>
        <Word id="w26">
          <Coords points="444,245 517,245 517,349 444,349"/>
          <TextEquiv>
            <Unicode>بل</Unicode>
          </TextEquiv>
        </Word>
        <Word id="w27">
          <Coords points="376,270 460,270 460,332 376,332"/>
          <TextEquiv>
            <Unicode>هو</Unicode>
          </TextEquiv>
        </Word>
        <Word id="w28">
          <Coords points="278,284 379,284 379,336 278,336"/>
          <TextEquiv>
            <Unicode>سر</Unicode>
          </TextEquiv>
        </Word>
        <Word id="w29">
          <Coords points="47,238 275,238 275,342 47,342"/>
          <TextEquiv>
            <Unicode>لهم</Unicode>
          </TextEquiv>
        </Word>
        <TextEquiv>
          <Unicode> بما ا يتهم ا لله من فضله هو حير ا لهم بل هو سر لهم</Unicode>
        </TextEquiv>
      </TextLine>
      <TextLine id="l2">
        <Coords points="54,381 1313,381 1313,505 54,505"/>
        <Word id="w30">
          <Coords points="1141,382 1312,382 1312,470 1141,470"/>
          <TextEquiv>
            <Unicode>سيطو</Unicode>
          </TextEquiv>
        </Word>
        <Word id="w31">
          <Coords points="1074,401 1134,401 1134,483 1074,483"/>
          <TextEquiv>
            <Unicode>قو</Unicode>
          </TextEquiv>
        </Word>
        <Word id="w32">
          <Coords points="1035,400 1071,400 1071,464 1035,464"/>
          <TextEquiv>
            <Unicode>ن</Unicode>
          </TextEquiv>
        </Word>
        <Word id="w33">
          <Coords points="974,381 1021,381 1021,453 974,453"/>
          <TextEquiv>
            <Unicode>ما</Unicode>
          </TextEquiv>
        </Word>
        <Word id="w34">
          <Coords points="853,394 972,394 972,487 853,487"/>
          <TextEquiv>
            <Unicode>بخلو</Unicode>
          </TextEquiv>
        </Word>
        <Word id="w35">
          <Coords points="837,396 854,396 854,456 837,456"/>
          <TextEquiv>
            <Unicode>ا</Unicode>
          </TextEquiv>
        </Word>
        <Word id="w36">
          <Coords points="786,432 830,432 830,475 786,475"/>
          <TextEquiv>
            <Unicode>به</Unicode>
          </TextEquiv>
        </Word>
        <Word id="w37">
          <Coords points="708,424 766,424 766,494 708,494"/>
          <TextEquiv>
            <Unicode>يو</Unicode>
          </TextEquiv>
        </Word>
        <Word id="w38">
          <Coords points="675,428 713,428 713,471 675,471"/>
          <TextEquiv>
            <Unicode>م</Unicode>
          </TextEquiv>
        </Word>
        <Word id="w39">
          <Coords points="654,397 669,397 669,456 654,456"/>
          <TextEquiv>
            <Unicode>ا</Unicode>
          </TextEquiv>
        </Word>
        <Word id="w40">
          <Coords points="474,397 641,397 641,500 474,500"/>
          <TextEquiv>
            <Unicode>لقيمة</Unicode>
          </TextEquiv>
        </Word>
        <Word id="w41">
          <Coords points="411,435 453,435 453,490 411,490"/>
          <TextEquiv>
            <Unicode>و</Unicode>
          </TextEquiv>
        </Word>
        <Word id="w42">
          <Coords points="336,426 405,426 405,477 336,477"/>
          <TextEquiv>
            <Unicode>لله</Unicode>
          </TextEquiv>
        </Word>
        <Word id="w43">
          <Coords points="227,448 324,448 324,504 227,504"/>
          <TextEquiv>
            <Unicode>مير</Unicode>
          </TextEquiv>
        </Word>
        <Word id="w44">
          <Coords points="225,419 244,419 244,471 225,471"/>
          <TextEquiv>
            <Unicode>ا</Unicode>
          </TextEquiv>
        </Word>
        <Word id="w45">
          <Coords points="54,449 215,449 215,489 54,489"/>
          <TextEquiv>
            <Unicode>ت</Unicode>
          </TextEquiv>
        </Word>
        <TextEquiv>
          <Unicode> سيطو قو ن ما بخلو ا به يو م ا لقيمة و لله مير ا ت</Unicode>
        </TextEquiv>
      </TextLine>
      <TextLine id="l3">
        <Coords points="56,546 1325,546 1325,713 56,713"/>
        <Word id="w46">
          <Coords points="1303,546 1324,546 1324,611 1303,611"/>
          <TextEquiv>
            <Unicode>ا</Unicode>
          </TextEquiv>
        </Word>
        <Word id="w47">
          <Coords points="1171,551 1300,551 1300,648 1171,648"/>
          <TextEquiv>
            <Unicode>لسمو</Unicode>
          </TextEquiv>
        </Word>
        <Word id="w48">
          <Coords points="1166,558 1184,558 1184,618 1166,618"/>
          <TextEquiv>
            <Unicode>ا</Unicode>
          </TextEquiv>
        </Word>
        <Word id="w49">
          <Coords points="1101,581 1159,581 1159,626 1101,626"/>
          <TextEquiv>
            <Unicode>ت</Unicode>
          </TextEquiv>
        </Word>
        <Word id="w50">
          <Coords points="1036,591 1082,591 1082,641 1036,641"/>
          <TextEquiv>
            <Unicode>و</Unicode>
          </TextEquiv>
        </Word>
        <Word id="w51">
          <Coords points="1027,547 1050,547 1050,614 1027,614"/>
          <TextEquiv>
            <Unicode>ا</Unicode>
          </TextEquiv>
        </Word>
        <Word id="w52">
          <Coords points="969,563 1013,563 1013,633 969,633"/>
          <TextEquiv>
            <Unicode>لا</Unicode>
          </TextEquiv>
        </Word>
        <Word id="w53">
          <Coords points="904,599 967,599 967,657 904,657"/>
          <TextEquiv>
            <Unicode>لا</Unicode>
          </TextEquiv>
        </Word>
        <Word id="w54">
          <Coords points="844,590 928,590 928,644 844,644"/>
          <TextEquiv>
            <Unicode>ص</Unicode>
          </TextEquiv>
        </Word>
        <Word id="w55">
          <Coords points="786,595 829,595 829,650 786,650"/>
          <TextEquiv>
            <Unicode>و</Unicode>
          </TextEquiv>
        </Word>
        <Word id="w56">
          <Coords points="774,569 795,569 795,624 774,624"/>
          <TextEquiv>
            <Unicode>ا</Unicode>
          </TextEquiv>
        </Word>
        <Word id="w57">
          <Coords points="701,592 763,592 763,635 701,635"/>
          <TextEquiv>
            <Unicode>لله</Unicode>
          </TextEquiv>
        </Word>
        <Word id="w58">
          <Coords points="631,562 684,562 684,656 631,656"/>
          <TextEquiv>
            <Unicode>بما</Unicode>
          </TextEquiv>
        </Word>
        <Word id="w59">
          <Coords points="500,564 626,564 626,667 500,667"/>
          <TextEquiv>
            <Unicode>تعملو</Unicode>
          </TextEquiv>
        </Word>
        <Word id="w60">
          <Coords points="468,585 506,585 506,649 468,649"/>
          <TextEquiv>
            <Unicode>ن</Unicode>
          </TextEquiv>
        </Word>
        <Word id="w61">
          <Coords points="331,609 462,609 462,668 331,668"/>
          <TextEquiv>
            <Unicode>حبير</Unicode>
          </TextEquiv>
        </Word>
        <Word id="w62">
          <Coords points="163,578 260,578 260,653 163,653"/>
          <TextEquiv>
            <Unicode>لقد</Unicode>
          </TextEquiv>
        </Word>
        <Word id="w63">
          <Coords points="56,611 164,611 164,712 56,712"/>
          <TextEquiv>
            <Unicode>سمع</Unicode>
          </TextEquiv>
        </Word>
        <TextEquiv>
          <Unicode> ا لسمو ا ت و ا لا لا ص و ا لله بما تعملو ن حبير لقد سمع</Unicode>
        </TextEquiv>
      </TextLine>
      <TextLine id="l4">
        <Coords points="76,713 1326,713 1326,846 76,846"/>
        <Word id="w64">
          <Coords points="1312,713 1325,713 1325,769 1312,769"/>
          <TextEquiv>
            <Unicode>ا</Unicode>
          </TextEquiv>
        </Word>
        <Word id="w65">
          <Coords points="1236,735 1299,735 1299,779 1236,779"/>
          <TextEquiv>
            <Unicode>لله</Unicode>
          </TextEquiv>
        </Word>
        <Word id="w66">
          <Coords points="1163,721 1223,721 1223,803 1163,803"/>
          <TextEquiv>
            <Unicode>قو</Unicode>
          </TextEquiv>
        </Word>
        <Word id="w67">
          <Coords points="1135,714 1167,714 1167,786 1135,786"/>
          <TextEquiv>
            <Unicode>ل</Unicode>
          </TextEquiv>
        </Word>
        <Word id="w68">
          <Coords points="1102,722 1120,722 1120,772 1102,772"/>
          <TextEquiv>
            <Unicode>ا</Unicode>
          </TextEquiv>
        </Word>
        <Word id="w69">
          <Coords points="1039,727 1094,727 1094,788 1039,788"/>
          <TextEquiv>
            <Unicode>لذ</Unicode>
          </TextEquiv>
        </Word>
        <Word id="w70">
          <Coords points="980,740 1043,740 1043,817 980,817"/>
          <TextEquiv>
            <Unicode>بن</Unicode>
          </TextEquiv>
        </Word>
        <Word id="w71">
          <Coords points="929,720 967,720 967,785 929,785"/>
          <TextEquiv>
            <Unicode>قا</Unicode>
          </TextEquiv>
        </Word>
        <Word id="w72">
          <Coords points="859,722 915,722 915,811 859,811"/>
          <TextEquiv>
            <Unicode>لو</Unicode>
          </TextEquiv>
        </Word>
        <Word id="w73">
          <Coords points="849,732 866,732 866,787 849,787"/>
          <TextEquiv>
            <Unicode>ا</Unicode>
          </TextEquiv>
        </Word>
        <Word id="w74">
          <Coords points="816,729 829,729 829,786 816,786"/>
          <TextEquiv>
            <Unicode>ا</Unicode>
          </TextEquiv>
        </Word>
        <Word id="w75">
          <Coords points="761,741 799,741 799,802 761,802"/>
          <TextEquiv>
            <Unicode>ن</Unicode>
          </TextEquiv>
        </Word>
        <Word id="w76">
          <Coords points="724,736 747,736 747,793 724,793"/>
          <TextEquiv>
            <Unicode>ا</Unicode>
          </TextEquiv>
        </Word>
        <Word id="w77">
          <Coords points="648,758 714,758 714,802 648,802"/>
          <TextEquiv>
            <Unicode>لله</Unicode>
          </TextEquiv>
        </Word>
        <Word id="w78">
          <Coords points="507,741 634,741 634,829 507,829"/>
          <TextEquiv>
            <Unicode>فقير</Unicode>
          </TextEquiv>
        </Word>
        <Word id="w79">
          <Coords points="456,772 502,772 502,822 456,822"/>
          <TextEquiv>
            <Unicode>و</Unicode>
          </TextEquiv>
        </Word>
        <Word id="w80">
          <Coords points="342,736 365,736 365,802 342,802"/>
          <TextEquiv>
            <Unicode>ا</Unicode>
          </TextEquiv>
        </Word>
        <Word id="w81">
          <Coords points="249,746 460,746 460,845 249,845"/>
          <TextEquiv>
            <Unicode>نحن</Unicode>
          </TextEquiv>
        </Word>
        <Word id="w82">
          <Coords points="103,734 335,734 335,844 103,844"/>
          <TextEquiv>
            <Unicode>غنيا</Unicode>
          </TextEquiv>
        </Word>
        <Word id="w83">
          <Coords points="76,781 103,781 103,812 76,812"/>
          <TextEquiv>
            <Unicode>ء</Unicode>
          </TextEquiv>
        </Word>
        <TextEquiv>
          <Unicode> ا لله قو ل ا لذ بن قا لو ا ا ن ا لله فقير و ا نحن غنيا ء</Unicode>
        </TextEquiv>
      </TextLine>
      <TextLine id="l5">
        <Coords points="64,822 1326,822 1326,1001 64,1001"/>
        <Word id="w84">
          <Coords points="1134,822 1325,822 1325,980 1134,980"/>
          <TextEquiv>
            <Unicode>سنكتب</Unicode>
          </TextEquiv>
        </Word>
        <Word id="w85">
          <Coords points="1071,877 1119,877 1119,949 1071,949"/>
          <TextEquiv>
            <Unicode>ما</Unicode>
          </TextEquiv>
        </Word>
        <Word id="w86">
          <Coords points="1013,876 1058,876 1058,954 1013,954"/>
          <TextEquiv>
            <Unicode>قا</Unicode>
          </TextEquiv>
        </Word>
        <Word id="w87">
          <Coords points="941,886 1003,886 1003,983 941,983"/>
          <TextEquiv>
            <Unicode>لو</Unicode>
          </TextEquiv>
        </Word>
        <Word id="w88">
          <Coords points="926,889 953,889 953,951 926,951"/>
          <TextEquiv>
            <Unicode>ا</Unicode>
          </TextEquiv>
        </Word>
        <Word id="w89">
          <Coords points="873,921 919,921 919,978 873,978"/>
          <TextEquiv>
            <Unicode>و</Unicode>
          </TextEquiv>
        </Word>
        <Word id="w90">
          <Coords points="693,883 879,883 879,981 693,981"/>
          <TextEquiv>
            <Unicode>قتلهم</Unicode>
          </TextEquiv>
        </Word>
        <Word id="w91">
          <Coords points="664,895 686,895 686,956 664,956"/>
          <TextEquiv>
            <Unicode>ا</Unicode>
          </TextEquiv>
        </Word>
        <Word id="w92">
          <Coords points="603,901 651,901 651,970 603,970"/>
          <TextEquiv>
            <Unicode>لا</Unicode>
          </TextEquiv>
        </Word>
        <Word id="w93">
          <Coords points="500,893 602,893 602,991 500,991"/>
          <TextEquiv>
            <Unicode>نبيا</Unicode>
          </TextEquiv>
        </Word>
        <Word id="w94">
          <Coords points="467,938 490,938 490,964 467,964"/>
          <TextEquiv>
            <Unicode>ء</Unicode>
          </TextEquiv>
        </Word>
        <Word id="w95">
          <Coords points="322,905 438,905 438,998 322,998"/>
          <TextEquiv>
            <Unicode>بغير</Unicode>
          </TextEquiv>
        </Word>
        <Word id="w96">
          <Coords points="250,936 341,936 341,993 250,993"/>
          <TextEquiv>
            <Unicode>حق</Unicode>
          </TextEquiv>
        </Word>
        <Word id="w97">
          <Coords points="194,943 241,943 241,995 194,995"/>
          <TextEquiv>
            <Unicode>و</Unicode>
          </TextEquiv>
        </Word>
        <Word id="w98">
          <Coords points="97,916 198,916 198,1000 97,1000"/>
          <TextEquiv>
            <Unicode>نقو</Unicode>
          </TextEquiv>
        </Word>
        <Word id="w99">
          <Coords points="64,902 102,902 102,979 64,979"/>
          <TextEquiv>
            <Unicode>ل</Unicode>
          </TextEquiv>
        </Word>
        <TextEquiv>
          <Unicode> سنكتب ما قا لو ا و قتلهم ا لا نبيا ء بغير حق و نقو ل</Unicode>
        </TextEquiv>
      </TextLine>
      <TextLine id="l6">
        <Coords points="54,1008 1328,1008 1328,1171 54,1171"/>
        <Word id="w100">
          <Coords points="1301,1075 1327,1075 1327,1108 1301,1108"/>
          <TextEquiv>
            <Unicode>د</Unicode>
          </TextEquiv>
        </Word>
        <Word id="w101">
          <Coords points="1247,1071 1287,1071 1287,1122 1247,1122"/>
          <TextEquiv>
            <Unicode>و</Unicode>
          </TextEquiv>
        </Word>
        <Word id="w102">
          <Coords points="1179,1047 1248,1047 1248,1134 1179,1134"/>
          <TextEquiv>
            <Unicode>قو</Unicode>
          </TextEquiv>
        </Word>
        <Word id="w103">
          <Coords points="1169,1048 1186,1048 1186,1110 1169,1110"/>
          <TextEquiv>
            <Unicode>ا</Unicode>
          </TextEquiv>
        </Word>
        <Word id="w104">
          <Coords points="1074,1070 1160,1070 1160,1121 1074,1121"/>
          <TextEquiv>
            <Unicode>عد</Unicode>
          </TextEquiv>
        </Word>
        <Word id="w105">
          <Coords points="1056,1051 1072,1051 1072,1112 1056,1112"/>
          <TextEquiv>
            <Unicode>ا</Unicode>
          </TextEquiv>
        </Word>
        <Word id="w106">
          <Coords points="990,1090 1048,1090 1048,1138 990,1138"/>
          <TextEquiv>
            <Unicode>ب</Unicode>
          </TextEquiv>
        </Word>
        <Word id="w107">
          <Coords points="958,1043 982,1043 982,1107 958,1107"/>
          <TextEquiv>
            <Unicode>ا</Unicode>
          </TextEquiv>
        </Word>
        <Word id="w108">
          <Coords points="863,1036 951,1036 951,1158 863,1158"/>
          <TextEquiv>
            <Unicode>لحر</Unicode>
          </TextEquiv>
        </Word>
        <Word id="w109">
          <Coords points="800,1080 871,1080 871,1170 800,1170"/>
          <TextEquiv>
            <Unicode>يق</Unicode>
          </TextEquiv>
        </Word>
        <Word id="w110">
          <Coords points="658,1095 686,1095 686,1129 658,1129"/>
          <TextEquiv>
            <Unicode>د</Unicode>
          </TextEquiv>
        </Word>
        <Word id="w111">
          <Coords points="559,1075 639,1075 639,1136 559,1136"/>
          <TextEquiv>
            <Unicode>لك</Unicode>
          </TextEquiv>
        </Word>
        <Word id="w112">
          <Coords points="485,1059 552,1059 552,1152 485,1152"/>
          <TextEquiv>
            <Unicode>بما</Unicode>
          </TextEquiv>
        </Word>
        <Word id="w113">
          <Coords points="413,1081 473,1081 473,1143 413,1143"/>
          <TextEquiv>
            <Unicode>قد</Unicode>
          </TextEquiv>
        </Word>
        <Word id="w114">
          <Coords points="314,1100 413,1100 413,1145 314,1145"/>
          <TextEquiv>
            <Unicode>مت</Unicode>
          </TextEquiv>
        </Word>
        <Word id="w115">
          <Coords points="279,1074 300,1074 300,1136 279,1136"/>
          <TextEquiv>
            <Unicode>ا</Unicode>
          </TextEquiv>
        </Word>
        <Word id="w116">
          <Coords points="228,1103 280,1103 280,1170 228,1170"/>
          <TextEquiv>
            <Unicode>يد</Unicode>
          </TextEquiv>
        </Word>
        <Word id="w117">
          <Coords points="141,1008 247,1008 247,1160 141,1160"/>
          <TextEquiv>
            <Unicode>يكم</Unicode>
          </TextEquiv>
        </Word>
        <Word id="w118">
          <Coords points="96,1100 137,1100 137,1158 96,1158"/>
          <TextEquiv>
            <Unicode>و</Unicode>
          </TextEquiv>
        </Word>
        <Word id="w119">
          <Coords points="85,1071 105,1071 105,1133 85,1133"/>
          <TextEquiv>
            <Unicode>ا</Unicode>
          </TextEquiv>
        </Word>
        <Word id="w120">
          <Coords points="54,1088 89,1088 89,1146 54,1146"/>
          <TextEquiv>
            <Unicode>ن</Unicode>
          </TextEquiv>
        </Word>
        <TextEquiv>
          <Unicode> د و قو ا عد ا ب ا لحر يق د لك بما قد مت ا يد يكم و ا ن</Unicode>
        </TextEquiv>
      </TextLine>
      <TextLine id="l7">
        <Coords points="64,1200 1340,1200 1340,1346 64,1346"/>
        <Word id="w121">
          <Coords points="1321,1216 1339,1216 1339,1271 1321,1271"/>
          <TextEquiv>
            <Unicode>ا</Unicode>
          </TextEquiv>
        </Word>
        <Word id="w122">
          <Coords points="1255,1237 1318,1237 1318,1278 1255,1278"/>
          <TextEquiv>
            <Unicode>لله</Unicode>
          </TextEquiv>
        </Word>
        <Word id="w123">
          <Coords points="1133,1200 1245,1200 1245,1308 1133,1308"/>
          <TextEquiv>
            <Unicode>ليس</Unicode>
          </TextEquiv>
        </Word>
        <Word id="w124">
          <Coords points="991,1217 1124,1217 1124,1296 991,1296"/>
          <TextEquiv>
            <Unicode>بظلا</Unicode>
          </TextEquiv>
        </Word>
        <Word id="w125">
          <Coords points="943,1248 985,1248 985,1291 943,1291"/>
          <TextEquiv>
            <Unicode>م</Unicode>
          </TextEquiv>
        </Word>
        <Word id="w126">
          <Coords points="763,1218 936,1218 936,1311 763,1311"/>
          <TextEquiv>
            <Unicode>للعبيد</Unicode>
          </TextEquiv>
        </Word>
        <Word id="w127">
          <Coords points="614,1230 633,1230 633,1288 614,1288"/>
          <TextEquiv>
            <Unicode>ا</Unicode>
          </TextEquiv>
        </Word>
        <Word id="w128">
          <Coords points="560,1237 602,1237 602,1296 560,1296"/>
          <TextEquiv>
            <Unicode>لذ</Unicode>
          </TextEquiv>
        </Word>
        <Word id="w129">
          <Coords points="499,1250 563,1250 563,1323 499,1323"/>
          <TextEquiv>
            <Unicode>ين</Unicode>
          </TextEquiv>
        </Word>
        <Word id="w130">
          <Coords points="448,1233 482,1233 482,1294 448,1294"/>
          <TextEquiv>
            <Unicode>قا</Unicode>
          </TextEquiv>
        </Word>
        <Word id="w131">
          <Coords points="361,1231 425,1231 425,1316 361,1316"/>
          <TextEquiv>
            <Unicode>لو</Unicode>
          </TextEquiv>
        </Word>
        <Word id="w132">
          <Coords points="348,1237 376,1237 376,1298 348,1298"/>
          <TextEquiv>
            <Unicode>ا</Unicode>
          </TextEquiv>
        </Word>
        <Word id="w133">
          <Coords points="325,1239 343,1239 343,1295 325,1295"/>
          <TextEquiv>
            <Unicode>ا</Unicode>
          </TextEquiv>
        </Word>
        <Word id="w134">
          <Coords points="279,1251 314,1251 314,1305 279,1305"/>
          <TextEquiv>
            <Unicode>ن</Unicode>
          </TextEquiv>
        </Word>
        <Word id="w135">
          <Coords points="251,1241 267,1241 267,1299 251,1299"/>
          <TextEquiv>
            <Unicode>ا</Unicode>
          </TextEquiv>
        </Word>
        <Word id="w136">
          <Coords points="178,1256 245,1256 245,1308 178,1308"/>
          <TextEquiv>
            <Unicode>لله</Unicode>
          </TextEquiv>
        </Word>
        <Word id="w137">
          <Coords points="64,1256 175,1256 175,1345 64,1345"/>
          <TextEquiv>
            <Unicode>عهد</Unicode>
          </TextEquiv>
        </Word>
        <TextEquiv>
          <Unicode> ا لله ليس بظلا م للعبيد ا لذ ين قا لو ا ا ن ا لله عهد</Unicode>
        </TextEquiv>
      </TextLine>
      <TextLine id="l8">
        <Coords points="80,1369 1335,1369 1335,1502 80,1502"/>
        <Word id="w138">
          <Coords points="1319,1373 1334,1373 1334,1432 1319,1432"/>
          <TextEquiv>
            <Unicode>ا</Unicode>
          </TextEquiv>
        </Word>
        <Word id="w139">
          <Coords points="1220,1369 1306,1369 1306,1453 1220,1453"/>
          <TextEquiv>
            <Unicode>لينا</Unicode>
          </TextEquiv>
        </Word>
        <Word id="w140">
          <Coords points="1195,1376 1207,1376 1207,1435 1195,1435"/>
          <TextEquiv>
            <Unicode>ا</Unicode>
          </TextEquiv>
        </Word>
        <Word id="w141">
          <Coords points="1125,1379 1170,1379 1170,1452 1125,1452"/>
          <TextEquiv>
            <Unicode>لا</Unicode>
          </TextEquiv>
        </Word>
        <Word id="w142">
          <Coords points="1061,1382 1117,1382 1117,1470 1061,1470"/>
          <TextEquiv>
            <Unicode>نؤ</Unicode>
          </TextEquiv>
        </Word>
        <Word id="w143">
          <Coords points="992,1417 1067,1417 1067,1478 992,1478"/>
          <TextEquiv>
            <Unicode>من</Unicode>
          </TextEquiv>
        </Word>
        <Word id="w144">
          <Coords points="925,1384 976,1384 976,1473 925,1473"/>
          <TextEquiv>
            <Unicode>لر</Unicode>
          </TextEquiv>
        </Word>
        <Word id="w145">
          <Coords points="829,1426 928,1426 928,1477 829,1477"/>
          <TextEquiv>
            <Unicode>سو</Unicode>
          </TextEquiv>
        </Word>
        <Word id="w146">
          <Coords points="791,1377 827,1377 827,1461 791,1461"/>
          <TextEquiv>
            <Unicode>ل</Unicode>
          </TextEquiv>
        </Word>
        <Word id="w147">
          <Coords points="690,1404 800,1404 800,1481 690,1481"/>
          <TextEquiv>
            <Unicode>حتى</Unicode>
          </TextEquiv>
        </Word>
        <Word id="w148">
          <Coords points="666,1401 692,1401 692,1479 666,1479"/>
          <TextEquiv>
            <Unicode>يا</Unicode>
          </TextEquiv>
        </Word>
        <Word id="w149">
          <Coords points="549,1387 661,1387 661,1485 549,1485"/>
          <TextEquiv>
            <Unicode>تينا</Unicode>
          </TextEquiv>
        </Word>
        <Word id="w150">
          <Coords points="446,1412 540,1412 540,1497 446,1497"/>
          <TextEquiv>
            <Unicode>بقر</Unicode>
          </TextEquiv>
        </Word>
        <Word id="w151">
          <Coords points="418,1384 459,1384 459,1501 418,1501"/>
          <TextEquiv>
            <Unicode>با</Unicode>
          </TextEquiv>
        </Word>
        <Word id="w152">
          <Coords points="376,1420 414,1420 414,1478 376,1478"/>
          <TextEquiv>
            <Unicode>ن</Unicode>
          </TextEquiv>
        </Word>
        <Word id="w153">
          <Coords points="328,1393 360,1393 360,1465 328,1465"/>
          <TextEquiv>
            <Unicode>تا</Unicode>
          </TextEquiv>
        </Word>
        <Word id="w154">
          <Coords points="216,1386 325,1386 325,1498 216,1498"/>
          <TextEquiv>
            <Unicode>كله</Unicode>
          </TextEquiv>
        </Word>
        <Word id="w155">
          <Coords points="195,1408 208,1408 208,1461 195,1461"/>
          <TextEquiv>
            <Unicode>ا</Unicode>
          </TextEquiv>
        </Word>
        <Word id="w156">
          <Coords points="123,1403 184,1403 184,1474 123,1474"/>
          <TextEquiv>
            <Unicode>لنا</Unicode>
          </TextEquiv>
        </Word>
        <Word id="w157">
          <Coords points="80,1442 114,1442 114,1485 80,1485"/>
          <TextEquiv>
            <Unicode>ر</Unicode>
          </TextEquiv>
        </Word>
        <TextEquiv>
          <Unicode> ا لينا ا لا نؤ من لر سو ل حتى يا تينا بقر با ن تا كله ا لنا ر</Unicode>
        </TextEquiv>
      </TextLine>
      <TextLine id="l9">
        <Coords points="71,1538 1347,1538 1347,1677 71,1677"/>
        <Word id="w158">
          <Coords points="1275,1543 1346,1543 1346,1644 1275,1644"/>
          <TextEquiv>
            <Unicode>قل</Unicode>
          </TextEquiv>
        </Word>
        <Word id="w159">
          <Coords points="1218,1547 1279,1547 1279,1621 1218,1621"/>
          <TextEquiv>
            <Unicode>قد</Unicode>
          </TextEquiv>
        </Word>
        <Word id="w160">
          <Coords points="1157,1538 1220,1538 1220,1633 1157,1633"/>
          <TextEquiv>
            <Unicode>جا</Unicode>
          </TextEquiv>
        </Word>
        <Word id="w161">
          <Coords points="1129,1590 1154,1590 1154,1612 1129,1612"/>
          <TextEquiv>
            <Unicode>ء</Unicode>
          </TextEquiv>
        </Word>
        <Word id="w162">
          <Coords points="913,1555 1121,1555 1121,1633 913,1633"/>
          <TextEquiv>
            <Unicode>كم</Unicode>
          </TextEquiv>
        </Word>
        <Word id="w163">
          <Coords points="865,1588 898,1588 898,1630 865,1630"/>
          <TextEquiv>
            <Unicode>ر</Unicode>
          </TextEquiv>
        </Word>
        <Word id="w164">
          <Coords points="766,1568 867,1568 867,1657 766,1657"/>
          <TextEquiv>
            <Unicode>سل</Unicode>
          </TextEquiv>
        </Word>
        <Word id="w165">
          <Coords points="699,1591 769,1591 769,1655 699,1655"/>
          <TextEquiv>
            <Unicode>من</Unicode>
          </TextEquiv>
        </Word>
        <Word id="w166">
          <Coords points="595,1565 695,1565 695,1676 595,1676"/>
          <TextEquiv>
            <Unicode>قبلى</Unicode>
          </TextEquiv>
        </Word>
        <Word id="w167">
          <Coords points="567,1576 594,1576 594,1664 567,1664"/>
          <TextEquiv>
            <Unicode>با</Unicode>
          </TextEquiv>
        </Word>
        <Word id="w168">
          <Coords points="416,1577 548,1577 548,1667 416,1667"/>
          <TextEquiv>
            <Unicode>لبينا</Unicode>
          </TextEquiv>
        </Word>
        <Word id="w169">
          <Coords points="344,1597 406,1597 406,1645 344,1645"/>
          <TextEquiv>
            <Unicode>ت</Unicode>
          </TextEquiv>
        </Word>
        <Word id="w170">
          <Coords points="287,1602 327,1602 327,1654 287,1654"/>
          <TextEquiv>
            <Unicode>و</Unicode>
          </TextEquiv>
        </Word>
        <Word id="w171">
          <Coords points="255,1568 283,1568 283,1665 255,1665"/>
          <TextEquiv>
            <Unicode>با</Unicode>
          </TextEquiv>
        </Word>
        <Word id="w172">
          <Coords points="178,1561 241,1561 241,1652 178,1652"/>
          <TextEquiv>
            <Unicode>لذ</Unicode>
          </TextEquiv>
        </Word>
        <Word id="w173">
          <Coords points="71,1600 174,1600 174,1657 71,1657"/>
          <TextEquiv>
            <Unicode>ى</Unicode>
          </TextEquiv>
        </Word>
        <TextEquiv>
          <Unicode> قل قد جا ء كم ر سل من قبلى با لبينا ت و با لذ ى</Unicode>
        </TextEquiv>
      </TextLine>
      <TextLine id="l10">
        <Coords points="83,1663 1336,1663 1336,1831 83,1831"/>
        <Word id="w174">
          <Coords points="1199,1711 1335,1711 1335,1791 1199,1791"/>
          <TextEquiv>
            <Unicode>فلتم</Unicode>
          </TextEquiv>
        </Word>
        <Word id="w175">
          <Coords points="1098,1707 1195,1707 1195,1828 1098,1828"/>
          <TextEquiv>
            <Unicode>فلم</Unicode>
          </TextEquiv>
        </Word>
        <Word id="w176">
          <Coords points="930,1699 1089,1699 1089,1826 930,1826"/>
          <TextEquiv>
            <Unicode>قتلتمو</Unicode>
          </TextEquiv>
        </Word>
        <Word id="w177">
          <Coords points="859,1743 935,1743 935,1818 859,1818"/>
          <TextEquiv>
            <Unicode>هم</Unicode>
          </TextEquiv>
        </Word>
        <Word id="w178">
          <Coords points="856,1715 874,1715 874,1776 856,1776"/>
          <TextEquiv>
            <Unicode>ا</Unicode>
          </TextEquiv>
        </Word>
        <Word id="w179">
          <Coords points="811,1739 846,1739 846,1789 811,1789"/>
          <TextEquiv>
            <Unicode>ن</Unicode>
          </TextEquiv>
        </Word>
        <Word id="w180">
          <Coords points="664,1663 851,1663 851,1801 664,1801"/>
          <TextEquiv>
            <Unicode>كنتم</Unicode>
          </TextEquiv>
        </Word>
        <Word id="w181">
          <Coords points="574,1719 659,1719 659,1799 574,1799"/>
          <TextEquiv>
            <Unicode>صا</Unicode>
          </TextEquiv>
        </Word>
        <Word id="w182">
          <Coords points="537,1764 562,1764 562,1796 537,1796"/>
          <TextEquiv>
            <Unicode>د</Unicode>
          </TextEquiv>
        </Word>
        <Word id="w183">
          <Coords points="435,1745 521,1745 521,1821 435,1821"/>
          <TextEquiv>
            <Unicode>قين</Unicode>
          </TextEquiv>
        </Word>
        <Word id="w184">
          <Coords points="300,1744 339,1744 339,1807 300,1807"/>
          <TextEquiv>
            <Unicode>فا</Unicode>
          </TextEquiv>
        </Word>
        <Word id="w185">
          <Coords points="251,1760 287,1760 287,1817 251,1817"/>
          <TextEquiv>
            <Unicode>ن</Unicode>
          </TextEquiv>
        </Word>
        <Word id="w186">
          <Coords points="179,1701 286,1701 286,1814 179,1814"/>
          <TextEquiv>
            <Unicode>كذ</Unicode>
          </TextEquiv>
        </Word>
        <Word id="w187">
          <Coords points="109,1771 165,1771 165,1830 109,1830"/>
          <TextEquiv>
            <Unicode>بو</Unicode>
          </TextEquiv>
        </Word>
        <Word id="w188">
          <Coords points="83,1735 120,1735 120,1801 83,1801"/>
          <TextEquiv>
            <Unicode>ك</Unicode>
          </TextEquiv>
        </Word>
        <TextEquiv>
          <Unicode> فلتم فلم قتلتمو هم ا ن كنتم صا د قين فا ن كذ بو ك</Unicode>
        </TextEquiv>
      </TextLine>
      <TextLine id="l11">
        <Coords points="69,1880 1338,1880 1338,2020 69,2020"/>
        <Word id="w189">
          <Coords points="1239,1882 1337,1882 1337,1953 1239,1953"/>
          <TextEquiv>
            <Unicode>فقد</Unicode>
          </TextEquiv>
        </Word>
        <Word id="w190">
          <Coords points="1046,1883 1245,1883 1245,1959 1046,1959"/>
          <TextEquiv>
            <Unicode>ك</Unicode>
          </TextEquiv>
        </Word>
        <Word id="w191">
          <Coords points="991,1907 1048,1907 1048,1972 991,1972"/>
          <TextEquiv>
            <Unicode>ب</Unicode>
          </TextEquiv>
        </Word>
        <Word id="w192">
          <Coords points="939,1917 974,1917 974,1957 939,1957"/>
          <TextEquiv>
            <Unicode>ر</Unicode>
          </TextEquiv>
        </Word>
        <Word id="w193">
          <Coords points="851,1896 940,1896 940,1981 851,1981"/>
          <TextEquiv>
            <Unicode>سل</Unicode>
          </TextEquiv>
        </Word>
        <Word id="w194">
          <Coords points="776,1920 853,1920 853,1980 776,1980"/>
          <TextEquiv>
            <Unicode>من</Unicode>
          </TextEquiv>
        </Word>
        <Word id="w195">
          <Coords points="629,1880 776,1880 776,1975 629,1975"/>
          <TextEquiv>
            <Unicode>قبلك</Unicode>
          </TextEquiv>
        </Word>
        <Word id="w196">
          <Coords points="554,1899 618,1899 618,1986 554,1986"/>
          <TextEquiv>
            <Unicode>جا</Unicode>
          </TextEquiv>
        </Word>
        <Word id="w197">
          <Coords points="496,1931 543,1931 543,1979 496,1979"/>
          <TextEquiv>
            <Unicode>و</Unicode>
          </TextEquiv>
        </Word>
        <Word id="w198">
          <Coords points="458,1895 483,1895 483,1988 458,1988"/>
          <TextEquiv>
            <Unicode>با</Unicode>
          </TextEquiv>
        </Word>
        <Word id="w199">
          <Coords points="303,1880 442,1880 442,1985 303,1985"/>
          <TextEquiv>
            <Unicode>لبينا</Unicode>
          </TextEquiv>
        </Word>
        <Word id="w200">
          <Coords points="237,1921 300,1921 300,1971 237,1971"/>
          <TextEquiv>
            <Unicode>ت</Unicode>
          </TextEquiv>
        </Word>
        <Word id="w201">
          <Coords points="181,1933 227,1933 227,1986 181,1986"/>
          <TextEquiv>
            <Unicode>و</Unicode>
          </TextEquiv>
        </Word>
        <Word id="w202">
          <Coords points="176,1898 195,1898 195,1961 176,1961"/>
          <TextEquiv>
            <Unicode>ا</Unicode>
          </TextEquiv>
        </Word>
        <Word id="w203">
          <Coords points="112,1902 168,1902 168,1997 112,1997"/>
          <TextEquiv>
            <Unicode>لز</Unicode>
          </TextEquiv>
        </Word>
        <Word id="w204">
          <Coords points="69,1938 132,1938 132,2019 69,2019"/>
          <TextEquiv>
            <Unicode>بر</Unicode>
          </TextEquiv>
        </Word>
        <TextEquiv>
          <Unicode> فقد ك ب ر سل من قبلك جا و با لبينا ت و ا لز بر</Unicode>
        </TextEquiv>
      </TextLine>
      <TextLine id="l12">
        <Coords points="74,1992 1339,1992 1339,2162 74,2162"/>
        <Word id="w205">
          <Coords points="1293,2069 1338,2069 1338,2121 1293,2121"/>
          <TextEquiv>
            <Unicode>و</Unicode>
          </TextEquiv>
        </Word>
        <Word id="w206">
          <Coords points="1281,2039 1300,2039 1300,2098 1281,2098"/>
          <TextEquiv>
            <Unicode>ا</Unicode>
          </TextEquiv>
        </Word>
        <Word id="w207">
          <Coords points="1170,1992 1283,1992 1283,2121 1170,2121"/>
          <TextEquiv>
            <Unicode>لكتا</Unicode>
          </TextEquiv>
        </Word>
        <Word id="w208">
          <Coords points="1107,2079 1167,2079 1167,2134 1107,2134"/>
          <TextEquiv>
            <Unicode>ب</Unicode>
          </TextEquiv>
        </Word>
        <Word id="w209">
          <Coords points="1071,2045 1092,2045 1092,2103 1071,2103"/>
          <TextEquiv>
            <Unicode>ا</Unicode>
          </TextEquiv>
        </Word>
        <Word id="w210">
          <Coords points="932,2047 1071,2047 1071,2142 932,2142"/>
          <TextEquiv>
            <Unicode>لمنير</Unicode>
          </TextEquiv>
        </Word>
        <Word id="w211">
          <Coords points="754,2016 870,2016 870,2156 754,2156"/>
          <TextEquiv>
            <Unicode>كل</Unicode>
          </TextEquiv>
        </Word>
        <Word id="w212">
          <Coords points="608,2076 759,2076 759,2155 608,2155"/>
          <TextEquiv>
            <Unicode>نفس</Unicode>
          </TextEquiv>
        </Word>
        <Word id="w213">
          <Coords points="580,2098 609,2098 609,2133 580,2133"/>
          <TextEquiv>
            <Unicode>د</Unicode>
          </TextEquiv>
        </Word>
        <Word id="w214">
          <Coords points="547,2059 567,2059 567,2124 547,2124"/>
          <TextEquiv>
            <Unicode>ا</Unicode>
          </TextEquiv>
        </Word>
        <Word id="w215">
          <Coords points="419,2057 535,2057 535,2137 419,2137"/>
          <TextEquiv>
            <Unicode>ئقة</Unicode>
          </TextEquiv>
        </Word>
        <Word id="w216">
          <Coords points="394,2061 416,2061 416,2124 394,2124"/>
          <TextEquiv>
            <Unicode>ا</Unicode>
          </TextEquiv>
        </Word>
        <Word id="w217">
          <Coords points="308,2069 390,2069 390,2161 308,2161"/>
          <TextEquiv>
            <Unicode>لمو</Unicode>
          </TextEquiv>
        </Word>
        <Word id="w218">
          <Coords points="257,2095 317,2095 317,2138 257,2138"/>
          <TextEquiv>
            <Unicode>ت</Unicode>
          </TextEquiv>
        </Word>
        <Word id="w219">
          <Coords points="191,2096 242,2096 242,2158 191,2158"/>
          <TextEquiv>
            <Unicode>و</Unicode>
          </TextEquiv>
        </Word>
        <Word id="w220">
          <Coords points="187,2067 202,2067 202,2126 187,2126"/>
          <TextEquiv>
            <Unicode>ا</Unicode>
          </TextEquiv>
        </Word>
        <Word id="w221">
          <Coords points="74,2062 181,2062 181,2146 74,2146"/>
          <TextEquiv>
            <Unicode>نما</Unicode>
          </TextEquiv>
        </Word>
        <TextEquiv>
          <Unicode> و ا لكتا ب ا لمنير كل نفس د ا ئقة ا لمو ت و ا نما</Unicode>
        </TextEquiv>
      </TextLine>
      <TextLine id="l13">
        <Coords points="112,2165 1346,2165 1346,2347 112,2347"/>
        <Word id="w222">
          <Coords points="1276,2195 1345,2195 1345,2291 1276,2291"/>
          <TextEquiv>
            <Unicode>تو</Unicode>
          </TextEquiv>
        </Word>
        <Word id="w223">
          <Coords points="1218,2210 1284,2210 1284,2297 1218,2297"/>
          <TextEquiv>
            <Unicode>فو</Unicode>
          </TextEquiv>
        </Word>
        <Word id="w224">
          <Coords points="1167,2213 1220,2213 1220,2279 1167,2279"/>
          <TextEquiv>
            <Unicode>ن</Unicode>
          </TextEquiv>
        </Word>
        <Word id="w225">
          <Coords points="1138,2211 1156,2211 1156,2270 1138,2270"/>
          <TextEquiv>
            <Unicode>ا</Unicode>
          </TextEquiv>
        </Word>
        <Word id="w226">
          <Coords points="1044,2246 1134,2246 1134,2302 1044,2302"/>
          <TextEquiv>
            <Unicode>جو</Unicode>
          </TextEquiv>
        </Word>
        <Word id="w227">
          <Coords points="1012,2247 1044,2247 1044,2290 1012,2290"/>
          <TextEquiv>
            <Unicode>ر</Unicode>
          </TextEquiv>
        </Word>
        <Word id="w228">
          <Coords points="955,2165 1056,2165 1056,2292 955,2292"/>
          <TextEquiv>
            <Unicode>كم</Unicode>
          </TextEquiv>
        </Word>
        <Word id="w229">
          <Coords points="888,2231 950,2231 950,2322 888,2322"/>
          <TextEquiv>
            <Unicode>يو</Unicode>
          </TextEquiv>
        </Word>
        <Word id="w230">
          <Coords points="837,2249 885,2249 885,2293 837,2293"/>
          <TextEquiv>
            <Unicode>م</Unicode>
          </TextEquiv>
        </Word>
        <Word id="w231">
          <Coords points="825,2211 853,2211 853,2271 825,2271"/>
          <TextEquiv>
            <Unicode>ا</Unicode>
          </TextEquiv>
        </Word>
        <Word id="w232">
          <Coords points="619,2224 809,2224 809,2311 619,2311"/>
          <TextEquiv>
            <Unicode>لقيمة</Unicode>
          </TextEquiv>
        </Word>
        <Word id="w233">
          <Coords points="528,2215 607,2215 607,2315 528,2315"/>
          <TextEquiv>
            <Unicode>فمن</Unicode>
          </TextEquiv>
        </Word>
        <Word id="w234">
          <Coords points="480,2257 514,2257 514,2297 480,2297"/>
          <TextEquiv>
            <Unicode>ر</Unicode>
          </TextEquiv>
        </Word>
        <Word id="w235">
          <Coords points="404,2246 491,2246 491,2318 404,2318"/>
          <TextEquiv>
            <Unicode>حز</Unicode>
          </TextEquiv>
        </Word>
        <Word id="w236">
          <Coords points="359,2264 438,2264 438,2346 359,2346"/>
          <TextEquiv>
            <Unicode>ح</Unicode>
          </TextEquiv>
        </Word>
        <Word id="w237">
          <Coords points="261,2223 278,2223 278,2288 261,2288"/>
          <TextEquiv>
            <Unicode>ا</Unicode>
          </TextEquiv>
        </Word>
        <Word id="w238">
          <Coords points="155,2220 257,2220 257,2294 155,2294"/>
          <TextEquiv>
            <Unicode>لنا</Unicode>
          </TextEquiv>
        </Word>
        <Word id="w239">
          <Coords points="149,2234 352,2234 352,2340 149,2340"/>
          <TextEquiv>
            <Unicode>عن</Unicode>
          </TextEquiv>
        </Word>
        <Word id="w240">
          <Coords points="112,2259 154,2259 154,2310 112,2310"/>
          <TextEquiv>
            <Unicode>ر</Unicode>
          </TextEquiv>
        </Word>
        <TextEquiv>
          <Unicode> تو فو ن ا جو ر كم يو م ا لقيمة فمن ر حز ح ا لنا عن ر</Unicode>
        </TextEquiv>
      </TextLine>
      <TextLine id="l14">
        <Coords points="105,2363 1345,2363 1345,2509 105,2509"/>
        <Word id="w241">
          <Coords points="1302,2398 1344,2398 1344,2452 1302,2452"/>
          <TextEquiv>
            <Unicode>و</Unicode>
          </TextEquiv>
        </Word>
        <Word id="w242">
          <Coords points="1294,2372 1304,2372 1304,2421 1294,2421"/>
          <TextEquiv>
            <Unicode>ا</Unicode>
          </TextEquiv>
        </Word>
        <Word id="w243">
          <Coords points="1253,2394 1285,2394 1285,2435 1253,2435"/>
          <TextEquiv>
            <Unicode>د</Unicode>
          </TextEquiv>
        </Word>
        <Word id="w244">
          <Coords points="1157,2364 1244,2364 1244,2459 1157,2459"/>
          <TextEquiv>
            <Unicode>خل</Unicode>
          </TextEquiv>
        </Word>
        <Word id="w245">
          <Coords points="1140,2370 1152,2370 1152,2424 1140,2424"/>
          <TextEquiv>
            <Unicode>ا</Unicode>
          </TextEquiv>
        </Word>
        <Word id="w246">
          <Coords points="1018,2369 1140,2369 1140,2446 1018,2446"/>
          <TextEquiv>
            <Unicode>لحنة</Unicode>
          </TextEquiv>
        </Word>
        <Word id="w247">
          <Coords points="897,2385 1009,2385 1009,2445 897,2445"/>
          <TextEquiv>
            <Unicode>فقد</Unicode>
          </TextEquiv>
        </Word>
        <Word id="w248">
          <Coords points="843,2372 884,2372 884,2442 843,2442"/>
          <TextEquiv>
            <Unicode>فا</Unicode>
          </TextEquiv>
        </Word>
        <Word id="w249">
          <Coords points="749,2406 793,2406 793,2468 749,2468"/>
          <TextEquiv>
            <Unicode>و</Unicode>
          </TextEquiv>
        </Word>
        <Word id="w250">
          <Coords points="706,2371 754,2371 754,2450 706,2450"/>
          <TextEquiv>
            <Unicode>ما</Unicode>
          </TextEquiv>
        </Word>
        <Word id="w251">
          <Coords points="679,2380 691,2380 691,2435 679,2435"/>
          <TextEquiv>
            <Unicode>ا</Unicode>
          </TextEquiv>
        </Word>
        <Word id="w252">
          <Coords points="557,2363 672,2363 672,2486 557,2486"/>
          <TextEquiv>
            <Unicode>لحيو</Unicode>
          </TextEquiv>
        </Word>
        <Word id="w253">
          <Coords points="545,2398 582,2398 582,2451 545,2451"/>
          <TextEquiv>
            <Unicode>ة</Unicode>
          </TextEquiv>
        </Word>
        <Word id="w254">
          <Coords points="517,2388 537,2388 537,2446 517,2446"/>
          <TextEquiv>
            <Unicode>ا</Unicode>
          </TextEquiv>
        </Word>
        <Word id="w255">
          <Coords points="446,2384 508,2384 508,2468 446,2468"/>
          <TextEquiv>
            <Unicode>لد</Unicode>
          </TextEquiv>
        </Word>
        <Word id="w256">
          <Coords points="371,2376 439,2376 439,2479 371,2479"/>
          <TextEquiv>
            <Unicode>نيا</Unicode>
          </TextEquiv>
        </Word>
        <Word id="w257">
          <Coords points="339,2397 350,2397 350,2444 339,2444"/>
          <TextEquiv>
            <Unicode>ا</Unicode>
          </TextEquiv>
        </Word>
        <Word id="w258">
          <Coords points="274,2392 317,2392 317,2461 274,2461"/>
          <TextEquiv>
            <Unicode>لا</Unicode>
          </TextEquiv>
        </Word>
        <Word id="w259">
          <Coords points="153,2382 277,2382 277,2465 153,2465"/>
          <TextEquiv>
            <Unicode>متا</Unicode>
          </TextEquiv>
        </Word>
        <Word id="w260">
          <Coords points="105,2413 180,2413 180,2508 105,2508"/>
          <TextEquiv>
            <Unicode>ع</Unicode>
          </TextEquiv>
        </Word>
        <TextEquiv>
          <Unicode> و ا د خل ا لحنة فقد فا و ما ا لحيو ة ا لد نيا ا لا متا ع</Unicode>
        </TextEquiv>
      </TextLine>
    </TextRegion>
  </Page>
</PcGts>
