<?xml version='1.0' encoding='utf-8'?>
<PcGts xmlns:xsi="http://www.w3.org/2001/XMLSchema-instance" xmlns="http://schema.primaresearch.org/PAGE/gts/pagecontent/2019-07-15" xsi:schemaLocation="http://schema.primaresearch.org/PAGE/gts/pagecontent/2019-07-15 http://schema.primaresearch.org/PAGE/gts/pagecontent/2019-07-15/pagecontent.xsd" pcGtsId="pc-aletheiaexamplepage">
  <Metadata>
    <Creator>PRImA Research Lab</Creator>
    <Created>2015-07-17T15:27:13</Created>
    <LastChange>2017-07-14T10:03:33</LastChange>
    <Comments>Example Page</Comments>
  </Metadata>
  <Page imageFilename="3158466/_046-2.png" imageWidth="1385" imageHeight="2557">
    <TextRegion id="r0" type="paragraph">
      <Coords points="1,1 1383,1 1383,2555 1,2555"/>
      <TextLine id="l0">
        <Coords points="50,35 1319,35 1319,230 50,230"/>
        <Word id="w0">
          <Coords points="1269,71 1318,71 1318,172 1269,172"/>
          <TextEquiv>
            <Unicode>لم</Unicode>
          </TextEquiv>
        </Word>
        <Word id="w1">
          <Coords points="1076,69 1277,69 1277,221 1076,221"/>
          <TextEquiv>
            <Unicode>يستطع</Unicode>
          </TextEquiv>
        </Word>
        <Word id="w2">
          <Coords points="941,46 1077,46 1077,180 941,180"/>
          <TextEquiv>
            <Unicode>منكم</Unicode>
          </TextEquiv>
        </Word>
        <Word id="w3">
          <Coords points="857,76 942,76 942,177 857,177"/>
          <TextEquiv>
            <Unicode>طو</Unicode>
          </TextEquiv>
        </Word>
        <Word id="w4">
          <Coords points="811,80 866,80 866,160 811,160"/>
          <TextEquiv>
            <Unicode>لا</Unicode>
          </TextEquiv>
        </Word>
        <Word id="w5">
          <Coords points="789,89 807,89 807,150 789,150"/>
          <TextEquiv>
            <Unicode>ا</Unicode>
          </TextEquiv>
        </Word>
        <Word id="w6">
          <Coords points="741,92 780,92 780,161 741,161"/>
          <TextEquiv>
            <Unicode>ن</Unicode>
          </TextEquiv>
        </Word>
        <Word id="w7">
          <Coords points="632,35 737,35 737,229 632,229"/>
          <TextEquiv>
            <Unicode>ينكح</Unicode>
          </TextEquiv>
        </Word>
        <Word id="w8">
          <Coords points="599,75 610,75 610,135 599,135"/>
          <TextEquiv>
            <Unicode>ا</Unicode>
          </TextEquiv>
        </Word>
        <Word id="w9">
          <Coords points="418,84 593,84 593,181 418,181"/>
          <TextEquiv>
            <Unicode>لمحصنا</Unicode>
          </TextEquiv>
        </Word>
        <Word id="w10">
          <Coords points="349,116 412,116 412,160 349,160"/>
          <TextEquiv>
            <Unicode>ت</Unicode>
          </TextEquiv>
        </Word>
        <Word id="w11">
          <Coords points="330,73 349,73 349,143 330,143"/>
          <TextEquiv>
            <Unicode>ا</Unicode>
          </TextEquiv>
        </Word>
        <Word id="w12">
          <Coords points="247,67 324,67 324,180 247,180"/>
          <TextEquiv>
            <Unicode>لمؤ</Unicode>
          </TextEquiv>
        </Word>
        <Word id="w13">
          <Coords points="175,76 255,76 255,156 175,156"/>
          <TextEquiv>
            <Unicode>منا</Unicode>
          </TextEquiv>
        </Word>
        <Word id="w14">
          <Coords points="50,120 164,120 164,161 50,161"/>
          <TextEquiv>
            <Unicode>ت</Unicode>
          </TextEquiv>
        </Word>
        <TextEquiv>
          <Unicode> لم يستطع منكم طو لا ا ن ينكح ا لمحصنا ت ا لمؤ منا ت</Unicode>
        </TextEquiv>
      </TextLine>
      <TextLine id="l1">
        <Coords points="57,208 1320,208 1320,350 57,350"/>
        <Word id="w15">
          <Coords points="1247,229 1319,229 1319,340 1247,340"/>
          <TextEquiv>
            <Unicode>فمن</Unicode>
          </TextEquiv>
        </Word>
        <Word id="w16">
          <Coords points="1192,237 1237,237 1237,316 1192,316"/>
          <TextEquiv>
            <Unicode>ما</Unicode>
          </TextEquiv>
        </Word>
        <Word id="w17">
          <Coords points="909,253 1186,253 1186,326 909,326"/>
          <TextEquiv>
            <Unicode>ملكت</Unicode>
          </TextEquiv>
        </Word>
        <Word id="w18">
          <Coords points="880,252 905,252 905,306 880,306"/>
          <TextEquiv>
            <Unicode>ا</Unicode>
          </TextEquiv>
        </Word>
        <Word id="w19">
          <Coords points="824,251 886,251 886,335 824,335"/>
          <TextEquiv>
            <Unicode>يما</Unicode>
          </TextEquiv>
        </Word>
        <Word id="w20">
          <Coords points="739,208 825,208 825,347 739,347"/>
          <TextEquiv>
            <Unicode>نكم</Unicode>
          </TextEquiv>
        </Word>
        <Word id="w21">
          <Coords points="669,268 742,268 742,343 669,343"/>
          <TextEquiv>
            <Unicode>من</Unicode>
          </TextEquiv>
        </Word>
        <Word id="w22">
          <Coords points="565,237 665,237 665,340 565,340"/>
          <TextEquiv>
            <Unicode>فتيا</Unicode>
          </TextEquiv>
        </Word>
        <Word id="w23">
          <Coords points="329,244 564,244 564,348 329,348"/>
          <TextEquiv>
            <Unicode>تكم</Unicode>
          </TextEquiv>
        </Word>
        <Word id="w24">
          <Coords points="304,254 325,254 325,308 304,308"/>
          <TextEquiv>
            <Unicode>ا</Unicode>
          </TextEquiv>
        </Word>
        <Word id="w25">
          <Coords points="229,252 306,252 306,349 229,349"/>
          <TextEquiv>
            <Unicode>لمؤ</Unicode>
          </TextEquiv>
        </Word>
        <Word id="w26">
          <Coords points="147,246 234,246 234,321 147,321"/>
          <TextEquiv>
            <Unicode>منا</Unicode>
          </TextEquiv>
        </Word>
        <Word id="w27">
          <Coords points="57,289 140,289 140,322 57,322"/>
          <TextEquiv>
            <Unicode>ت</Unicode>
          </TextEquiv>
        </Word>
        <TextEquiv>
          <Unicode> فمن ما ملكت ا يما نكم من فتيا تكم ا لمؤ منا ت</Unicode>
        </TextEquiv>
      </TextLine>
      <TextLine id="l2">
        <Coords points="56,355 1330,355 1330,541 56,541"/>
        <Word id="w28">
          <Coords points="1282,440 1329,440 1329,496 1282,496"/>
          <TextEquiv>
            <Unicode>و</Unicode>
          </TextEquiv>
        </Word>
        <Word id="w29">
          <Coords points="1267,422 1290,422 1290,478 1267,478"/>
          <TextEquiv>
            <Unicode>ا</Unicode>
          </TextEquiv>
        </Word>
        <Word id="w30">
          <Coords points="1190,431 1262,431 1262,486 1190,486"/>
          <TextEquiv>
            <Unicode>لله</Unicode>
          </TextEquiv>
        </Word>
        <Word id="w31">
          <Coords points="1171,412 1194,412 1194,471 1171,471"/>
          <TextEquiv>
            <Unicode>ا</Unicode>
          </TextEquiv>
        </Word>
        <Word id="w32">
          <Coords points="1083,409 1162,409 1162,536 1083,536"/>
          <TextEquiv>
            <Unicode>علم</Unicode>
          </TextEquiv>
        </Word>
        <Word id="w33">
          <Coords points="1041,403 1069,403 1069,500 1041,500"/>
          <TextEquiv>
            <Unicode>با</Unicode>
          </TextEquiv>
        </Word>
        <Word id="w34">
          <Coords points="979,395 1037,395 1037,510 979,510"/>
          <TextEquiv>
            <Unicode>يما</Unicode>
          </TextEquiv>
        </Word>
        <Word id="w35">
          <Coords points="896,355 988,355 988,540 896,540"/>
          <TextEquiv>
            <Unicode>نكم</Unicode>
          </TextEquiv>
        </Word>
        <Word id="w36">
          <Coords points="693,380 886,380 886,523 693,523"/>
          <TextEquiv>
            <Unicode>بعضكم</Unicode>
          </TextEquiv>
        </Word>
        <Word id="w37">
          <Coords points="615,448 696,448 696,512 615,512"/>
          <TextEquiv>
            <Unicode>من</Unicode>
          </TextEquiv>
        </Word>
        <Word id="w38">
          <Coords points="452,428 613,428 613,518 452,518"/>
          <TextEquiv>
            <Unicode>بعض</Unicode>
          </TextEquiv>
        </Word>
        <Word id="w39">
          <Coords points="420,406 460,406 460,480 420,480"/>
          <TextEquiv>
            <Unicode>فا</Unicode>
          </TextEquiv>
        </Word>
        <Word id="w40">
          <Coords points="295,362 422,362 422,518 295,518"/>
          <TextEquiv>
            <Unicode>نكحو</Unicode>
          </TextEquiv>
        </Word>
        <Word id="w41">
          <Coords points="224,445 316,445 316,509 224,509"/>
          <TextEquiv>
            <Unicode>هن</Unicode>
          </TextEquiv>
        </Word>
        <Word id="w42">
          <Coords points="179,409 207,409 207,496 179,496"/>
          <TextEquiv>
            <Unicode>با</Unicode>
          </TextEquiv>
        </Word>
        <Word id="w43">
          <Coords points="134,449 164,449 164,485 134,485"/>
          <TextEquiv>
            <Unicode>د</Unicode>
          </TextEquiv>
        </Word>
        <Word id="w44">
          <Coords points="56,434 121,434 121,490 56,490"/>
          <TextEquiv>
            <Unicode>ن</Unicode>
          </TextEquiv>
        </Word>
        <TextEquiv>
          <Unicode> و ا لله ا علم با يما نكم بعضكم من بعض فا نكحو هن با د ن</Unicode>
        </TextEquiv>
      </TextLine>
      <TextLine id="l3">
        <Coords points="50,567 1329,567 1329,696 50,696"/>
        <Word id="w45">
          <Coords points="1311,575 1328,575 1328,650 1311,650"/>
          <TextEquiv>
            <Unicode>ا</Unicode>
          </TextEquiv>
        </Word>
        <Word id="w46">
          <Coords points="1147,577 1304,577 1304,695 1147,695"/>
          <TextEquiv>
            <Unicode>هلهن</Unicode>
          </TextEquiv>
        </Word>
        <Word id="w47">
          <Coords points="1091,585 1112,585 1112,645 1091,645"/>
          <TextEquiv>
            <Unicode>ا</Unicode>
          </TextEquiv>
        </Word>
        <Word id="w48">
          <Coords points="1091,622 1139,622 1139,674 1091,674"/>
          <TextEquiv>
            <Unicode>و</Unicode>
          </TextEquiv>
        </Word>
        <Word id="w49">
          <Coords points="1018,603 1079,603 1079,682 1018,682"/>
          <TextEquiv>
            <Unicode>تو</Unicode>
          </TextEquiv>
        </Word>
        <Word id="w50">
          <Coords points="939,613 1031,613 1031,677 939,677"/>
          <TextEquiv>
            <Unicode>هن</Unicode>
          </TextEquiv>
        </Word>
        <Word id="w51">
          <Coords points="921,572 941,572 941,625 921,625"/>
          <TextEquiv>
            <Unicode>ا</Unicode>
          </TextEquiv>
        </Word>
        <Word id="w52">
          <Coords points="829,612 926,612 926,676 829,676"/>
          <TextEquiv>
            <Unicode>جو</Unicode>
          </TextEquiv>
        </Word>
        <Word id="w53">
          <Coords points="795,618 837,618 837,662 795,662"/>
          <TextEquiv>
            <Unicode>ر</Unicode>
          </TextEquiv>
        </Word>
        <Word id="w54">
          <Coords points="714,609 809,609 809,671 714,671"/>
          <TextEquiv>
            <Unicode>هن</Unicode>
          </TextEquiv>
        </Word>
        <Word id="w55">
          <Coords points="674,576 699,576 699,664 674,664"/>
          <TextEquiv>
            <Unicode>با</Unicode>
          </TextEquiv>
        </Word>
        <Word id="w56">
          <Coords points="549,567 661,567 661,683 549,683"/>
          <TextEquiv>
            <Unicode>لمعر</Unicode>
          </TextEquiv>
        </Word>
        <Word id="w57">
          <Coords points="512,609 562,609 562,668 512,668"/>
          <TextEquiv>
            <Unicode>و</Unicode>
          </TextEquiv>
        </Word>
        <Word id="w58">
          <Coords points="440,595 517,595 517,660 440,660"/>
          <TextEquiv>
            <Unicode>ف</Unicode>
          </TextEquiv>
        </Word>
        <Word id="w59">
          <Coords points="231,569 431,569 431,666 231,666"/>
          <TextEquiv>
            <Unicode>محصنا</Unicode>
          </TextEquiv>
        </Word>
        <Word id="w60">
          <Coords points="159,602 228,602 228,655 159,655"/>
          <TextEquiv>
            <Unicode>ت</Unicode>
          </TextEquiv>
        </Word>
        <Word id="w61">
          <Coords points="50,600 155,600 155,677 50,677"/>
          <TextEquiv>
            <Unicode>غير</Unicode>
          </TextEquiv>
        </Word>
        <TextEquiv>
          <Unicode> ا هلهن ا و تو هن ا جو ر هن با لمعر و ف محصنا ت غير</Unicode>
        </TextEquiv>
      </TextLine>
      <TextLine id="l4">
        <Coords points="65,733 1315,733 1315,845 65,845"/>
        <Word id="w62">
          <Coords points="1201,739 1314,739 1314,817 1201,817"/>
          <TextEquiv>
            <Unicode>مسا</Unicode>
          </TextEquiv>
        </Word>
        <Word id="w63">
          <Coords points="1119,733 1199,733 1199,822 1119,822"/>
          <TextEquiv>
            <Unicode>فحا</Unicode>
          </TextEquiv>
        </Word>
        <Word id="w64">
          <Coords points="1056,779 1118,779 1118,816 1056,816"/>
          <TextEquiv>
            <Unicode>ت</Unicode>
          </TextEquiv>
        </Word>
        <Word id="w65">
          <Coords points="995,780 1045,780 1045,835 995,835"/>
          <TextEquiv>
            <Unicode>و</Unicode>
          </TextEquiv>
        </Word>
        <Word id="w66">
          <Coords points="965,752 1004,752 1004,820 965,820"/>
          <TextEquiv>
            <Unicode>لا</Unicode>
          </TextEquiv>
        </Word>
        <Word id="w67">
          <Coords points="848,736 962,736 962,832 848,832"/>
          <TextEquiv>
            <Unicode>متخذ</Unicode>
          </TextEquiv>
        </Word>
        <Word id="w68">
          <Coords points="818,747 842,747 842,812 818,812"/>
          <TextEquiv>
            <Unicode>ا</Unicode>
          </TextEquiv>
        </Word>
        <Word id="w69">
          <Coords points="751,787 817,787 817,823 751,823"/>
          <TextEquiv>
            <Unicode>ت</Unicode>
          </TextEquiv>
        </Word>
        <Word id="w70">
          <Coords points="711,748 731,748 731,813 711,813"/>
          <TextEquiv>
            <Unicode>ا</Unicode>
          </TextEquiv>
        </Word>
        <Word id="w71">
          <Coords points="623,761 708,761 708,819 623,819"/>
          <TextEquiv>
            <Unicode>خد</Unicode>
          </TextEquiv>
        </Word>
        <Word id="w72">
          <Coords points="608,745 625,745 625,801 608,801"/>
          <TextEquiv>
            <Unicode>ا</Unicode>
          </TextEquiv>
        </Word>
        <Word id="w73">
          <Coords points="563,779 601,779 601,829 563,829"/>
          <TextEquiv>
            <Unicode>ن</Unicode>
          </TextEquiv>
        </Word>
        <Word id="w74">
          <Coords points="510,749 545,749 545,823 510,823"/>
          <TextEquiv>
            <Unicode>فا</Unicode>
          </TextEquiv>
        </Word>
        <Word id="w75">
          <Coords points="473,782 501,782 501,825 473,825"/>
          <TextEquiv>
            <Unicode>د</Unicode>
          </TextEquiv>
        </Word>
        <Word id="w76">
          <Coords points="442,745 464,745 464,820 442,820"/>
          <TextEquiv>
            <Unicode>ا</Unicode>
          </TextEquiv>
        </Word>
        <Word id="w77">
          <Coords points="408,744 431,744 431,809 408,809"/>
          <TextEquiv>
            <Unicode>ا</Unicode>
          </TextEquiv>
        </Word>
        <Word id="w78">
          <Coords points="215,779 412,779 412,844 215,844"/>
          <TextEquiv>
            <Unicode>حصن</Unicode>
          </TextEquiv>
        </Word>
        <Word id="w79">
          <Coords points="164,739 200,739 200,814 164,814"/>
          <TextEquiv>
            <Unicode>فا</Unicode>
          </TextEquiv>
        </Word>
        <Word id="w80">
          <Coords points="65,772 152,772 152,818 65,818"/>
          <TextEquiv>
            <Unicode>ن</Unicode>
          </TextEquiv>
        </Word>
        <TextEquiv>
          <Unicode> مسا فحا ت و لا متخذ ا ت ا خد ا ن فا د ا ا حصن فا ن</Unicode>
        </TextEquiv>
      </TextLine>
      <TextLine id="l5">
        <Coords points="50,896 1326,896 1326,1013 50,1013"/>
        <Word id="w81">
          <Coords points="1302,902 1325,902 1325,973 1302,973"/>
          <TextEquiv>
            <Unicode>ا</Unicode>
          </TextEquiv>
        </Word>
        <Word id="w82">
          <Coords points="1210,929 1300,929 1300,1003 1210,1003"/>
          <TextEquiv>
            <Unicode>تين</Unicode>
          </TextEquiv>
        </Word>
        <Word id="w83">
          <Coords points="1107,913 1197,913 1197,1000 1107,1000"/>
          <TextEquiv>
            <Unicode>بفا</Unicode>
          </TextEquiv>
        </Word>
        <Word id="w84">
          <Coords points="936,936 1108,936 1108,986 936,986"/>
          <TextEquiv>
            <Unicode>حشه</Unicode>
          </TextEquiv>
        </Word>
        <Word id="w85">
          <Coords points="723,914 922,914 922,1012 723,1012"/>
          <TextEquiv>
            <Unicode>فعليهن</Unicode>
          </TextEquiv>
        </Word>
        <Word id="w86">
          <Coords points="524,921 707,921 707,992 524,992"/>
          <TextEquiv>
            <Unicode>نصف</Unicode>
          </TextEquiv>
        </Word>
        <Word id="w87">
          <Coords points="461,909 511,909 511,983 461,983"/>
          <TextEquiv>
            <Unicode>ما</Unicode>
          </TextEquiv>
        </Word>
        <Word id="w88">
          <Coords points="342,905 437,905 437,1007 342,1007"/>
          <TextEquiv>
            <Unicode>على</Unicode>
          </TextEquiv>
        </Word>
        <Word id="w89">
          <Coords points="336,898 353,898 353,961 336,961"/>
          <TextEquiv>
            <Unicode>ا</Unicode>
          </TextEquiv>
        </Word>
        <Word id="w90">
          <Coords points="128,896 330,896 330,1009 128,1009"/>
          <TextEquiv>
            <Unicode>لمحصنا</Unicode>
          </TextEquiv>
        </Word>
        <Word id="w91">
          <Coords points="50,920 122,920 122,977 50,977"/>
          <TextEquiv>
            <Unicode>ت</Unicode>
          </TextEquiv>
        </Word>
        <TextEquiv>
          <Unicode> ا تين بفا حشه فعليهن نصف ما على ا لمحصنا ت</Unicode>
        </TextEquiv>
      </TextLine>
      <TextLine id="l6">
        <Coords points="55,1066 1323,1066 1323,1184 55,1184"/>
        <Word id="w92">
          <Coords points="1248,1113 1322,1113 1322,1169 1248,1169"/>
          <TextEquiv>
            <Unicode>من</Unicode>
          </TextEquiv>
        </Word>
        <Word id="w93">
          <Coords points="1225,1082 1251,1082 1251,1136 1225,1136"/>
          <TextEquiv>
            <Unicode>ا</Unicode>
          </TextEquiv>
        </Word>
        <Word id="w94">
          <Coords points="1122,1077 1220,1077 1220,1155 1122,1155"/>
          <TextEquiv>
            <Unicode>لعذ</Unicode>
          </TextEquiv>
        </Word>
        <Word id="w95">
          <Coords points="1110,1073 1127,1073 1127,1134 1110,1134"/>
          <TextEquiv>
            <Unicode>ا</Unicode>
          </TextEquiv>
        </Word>
        <Word id="w96">
          <Coords points="1037,1121 1104,1121 1104,1172 1037,1172"/>
          <TextEquiv>
            <Unicode>ب</Unicode>
          </TextEquiv>
        </Word>
        <Word id="w97">
          <Coords points="986,1111 1018,1111 1018,1149 986,1149"/>
          <TextEquiv>
            <Unicode>د</Unicode>
          </TextEquiv>
        </Word>
        <Word id="w98">
          <Coords points="870,1087 960,1087 960,1154 870,1154"/>
          <TextEquiv>
            <Unicode>لك</Unicode>
          </TextEquiv>
        </Word>
        <Word id="w99">
          <Coords points="777,1076 859,1076 859,1171 777,1171"/>
          <TextEquiv>
            <Unicode>لمن</Unicode>
          </TextEquiv>
        </Word>
        <Word id="w100">
          <Coords points="603,1102 772,1102 772,1183 603,1183"/>
          <TextEquiv>
            <Unicode>حشى</Unicode>
          </TextEquiv>
        </Word>
        <Word id="w101">
          <Coords points="596,1076 619,1076 619,1133 596,1133"/>
          <TextEquiv>
            <Unicode>ا</Unicode>
          </TextEquiv>
        </Word>
        <Word id="w102">
          <Coords points="426,1074 587,1074 587,1156 426,1156"/>
          <TextEquiv>
            <Unicode>لعنت</Unicode>
          </TextEquiv>
        </Word>
        <Word id="w103">
          <Coords points="146,1083 413,1083 413,1149 146,1149"/>
          <TextEquiv>
            <Unicode>منكم</Unicode>
          </TextEquiv>
        </Word>
        <Word id="w104">
          <Coords points="98,1107 148,1107 148,1160 98,1160"/>
          <TextEquiv>
            <Unicode>و</Unicode>
          </TextEquiv>
        </Word>
        <Word id="w105">
          <Coords points="96,1066 110,1066 110,1119 96,1119"/>
          <TextEquiv>
            <Unicode>ا</Unicode>
          </TextEquiv>
        </Word>
        <Word id="w106">
          <Coords points="55,1085 95,1085 95,1149 55,1149"/>
          <TextEquiv>
            <Unicode>ن</Unicode>
          </TextEquiv>
        </Word>
        <TextEquiv>
          <Unicode> من ا لعذ ا ب د لك لمن حشى ا لعنت منكم و ا ن</Unicode>
        </TextEquiv>
      </TextLine>
      <TextLine id="l7">
        <Coords points="205,1234 1322,1234 1322,1345 205,1345"/>
        <Word id="w107">
          <Coords points="1139,1251 1321,1251 1321,1337 1139,1337"/>
          <TextEquiv>
            <Unicode>تصبر</Unicode>
          </TextEquiv>
        </Word>
        <Word id="w108">
          <Coords points="1103,1278 1151,1278 1151,1335 1103,1335"/>
          <TextEquiv>
            <Unicode>و</Unicode>
          </TextEquiv>
        </Word>
        <Word id="w109">
          <Coords points="1095,1234 1119,1234 1119,1299 1095,1299"/>
          <TextEquiv>
            <Unicode>ا</Unicode>
          </TextEquiv>
        </Word>
        <Word id="w110">
          <Coords points="973,1278 1093,1278 1093,1327 973,1327"/>
          <TextEquiv>
            <Unicode>حير</Unicode>
          </TextEquiv>
        </Word>
        <Word id="w111">
          <Coords points="771,1245 978,1245 978,1344 771,1344"/>
          <TextEquiv>
            <Unicode>لكم</Unicode>
          </TextEquiv>
        </Word>
        <Word id="w112">
          <Coords points="707,1274 757,1274 757,1329 707,1329"/>
          <TextEquiv>
            <Unicode>و</Unicode>
          </TextEquiv>
        </Word>
        <Word id="w113">
          <Coords points="699,1244 725,1244 725,1298 699,1298"/>
          <TextEquiv>
            <Unicode>ا</Unicode>
          </TextEquiv>
        </Word>
        <Word id="w114">
          <Coords points="620,1266 692,1266 692,1310 620,1310"/>
          <TextEquiv>
            <Unicode>لله</Unicode>
          </TextEquiv>
        </Word>
        <Word id="w115">
          <Coords points="467,1245 606,1245 606,1339 467,1339"/>
          <TextEquiv>
            <Unicode>غفو</Unicode>
          </TextEquiv>
        </Word>
        <Word id="w116">
          <Coords points="415,1272 463,1272 463,1325 415,1325"/>
          <TextEquiv>
            <Unicode>ر</Unicode>
          </TextEquiv>
        </Word>
        <Word id="w117">
          <Coords points="372,1273 416,1273 416,1321 372,1321"/>
          <TextEquiv>
            <Unicode>ر</Unicode>
          </TextEquiv>
        </Word>
        <Word id="w118">
          <Coords points="205,1271 395,1271 395,1328 205,1328"/>
          <TextEquiv>
            <Unicode>حيم</Unicode>
          </TextEquiv>
        </Word>
        <TextEquiv>
          <Unicode> تصبر و ا حير لكم و ا لله غفو ر ر حيم</Unicode>
        </TextEquiv>
      </TextLine>
      <TextLine id="l8">
        <Coords points="38,1354 1328,1354 1328,1520 38,1520"/>
        <Word id="w119">
          <Coords points="1274,1443 1327,1443 1327,1504 1274,1504"/>
          <TextEquiv>
            <Unicode>ير</Unicode>
          </TextEquiv>
        </Word>
        <Word id="w120">
          <Coords points="1234,1442 1279,1442 1279,1508 1234,1508"/>
          <TextEquiv>
            <Unicode>يد</Unicode>
          </TextEquiv>
        </Word>
        <Word id="w121">
          <Coords points="1221,1404 1237,1404 1237,1464 1221,1464"/>
          <TextEquiv>
            <Unicode>ا</Unicode>
          </TextEquiv>
        </Word>
        <Word id="w122">
          <Coords points="1146,1436 1214,1436 1214,1484 1146,1484"/>
          <TextEquiv>
            <Unicode>لله</Unicode>
          </TextEquiv>
        </Word>
        <Word id="w123">
          <Coords points="940,1387 1132,1387 1132,1519 940,1519"/>
          <TextEquiv>
            <Unicode>ليبين</Unicode>
          </TextEquiv>
        </Word>
        <Word id="w124">
          <Coords points="860,1355 958,1355 958,1498 860,1498"/>
          <TextEquiv>
            <Unicode>لكم</Unicode>
          </TextEquiv>
        </Word>
        <Word id="w125">
          <Coords points="812,1439 856,1439 856,1492 812,1492"/>
          <TextEquiv>
            <Unicode>و</Unicode>
          </TextEquiv>
        </Word>
        <Word id="w126">
          <Coords points="712,1430 810,1430 810,1517 712,1517"/>
          <TextEquiv>
            <Unicode>يهد</Unicode>
          </TextEquiv>
        </Word>
        <Word id="w127">
          <Coords points="606,1367 717,1367 717,1494 606,1494"/>
          <TextEquiv>
            <Unicode>يكم</Unicode>
          </TextEquiv>
        </Word>
        <Word id="w128">
          <Coords points="474,1432 604,1432 604,1494 474,1494"/>
          <TextEquiv>
            <Unicode>سنن</Unicode>
          </TextEquiv>
        </Word>
        <Word id="w129">
          <Coords points="438,1405 466,1405 466,1455 438,1455"/>
          <TextEquiv>
            <Unicode>ا</Unicode>
          </TextEquiv>
        </Word>
        <Word id="w130">
          <Coords points="390,1406 439,1406 439,1481 390,1481"/>
          <TextEquiv>
            <Unicode>لد</Unicode>
          </TextEquiv>
        </Word>
        <Word id="w131">
          <Coords points="332,1427 385,1427 385,1504 332,1504"/>
          <TextEquiv>
            <Unicode>بن</Unicode>
          </TextEquiv>
        </Word>
        <Word id="w132">
          <Coords points="251,1440 325,1440 325,1497 251,1497"/>
          <TextEquiv>
            <Unicode>من</Unicode>
          </TextEquiv>
        </Word>
        <Word id="w133">
          <Coords points="38,1354 270,1354 270,1510 38,1510"/>
          <TextEquiv>
            <Unicode>قبلكم</Unicode>
          </TextEquiv>
        </Word>
        <TextEquiv>
          <Unicode> ير يد ا لله ليبين لكم و يهد يكم سنن ا لد بن من قبلكم</Unicode>
        </TextEquiv>
      </TextLine>
      <TextLine id="l9">
        <Coords points="41,1569 1320,1569 1320,1721 41,1721"/>
        <Word id="w134">
          <Coords points="1281,1612 1319,1612 1319,1666 1281,1666"/>
          <TextEquiv>
            <Unicode>و</Unicode>
          </TextEquiv>
        </Word>
        <Word id="w135">
          <Coords points="1207,1588 1283,1588 1283,1689 1207,1689"/>
          <TextEquiv>
            <Unicode>يتو</Unicode>
          </TextEquiv>
        </Word>
        <Word id="w136">
          <Coords points="1140,1626 1201,1626 1201,1681 1140,1681"/>
          <TextEquiv>
            <Unicode>ب</Unicode>
          </TextEquiv>
        </Word>
        <Word id="w137">
          <Coords points="827,1569 1133,1569 1133,1687 827,1687"/>
          <TextEquiv>
            <Unicode>عليكم</Unicode>
          </TextEquiv>
        </Word>
        <Word id="w138">
          <Coords points="759,1611 819,1611 819,1670 759,1670"/>
          <TextEquiv>
            <Unicode>و</Unicode>
          </TextEquiv>
        </Word>
        <Word id="w139">
          <Coords points="755,1580 774,1580 774,1642 755,1642"/>
          <TextEquiv>
            <Unicode>ا</Unicode>
          </TextEquiv>
        </Word>
        <Word id="w140">
          <Coords points="667,1605 752,1605 752,1653 667,1653"/>
          <TextEquiv>
            <Unicode>لله</Unicode>
          </TextEquiv>
        </Word>
        <Word id="w141">
          <Coords points="529,1569 657,1569 657,1720 529,1720"/>
          <TextEquiv>
            <Unicode>عليم</Unicode>
          </TextEquiv>
        </Word>
        <Word id="w142">
          <Coords points="266,1583 541,1583 541,1694 266,1694"/>
          <TextEquiv>
            <Unicode>حكيم</Unicode>
          </TextEquiv>
        </Word>
        <Word id="w143">
          <Coords points="120,1604 176,1604 176,1673 120,1673"/>
          <TextEquiv>
            <Unicode>و</Unicode>
          </TextEquiv>
        </Word>
        <Word id="w144">
          <Coords points="107,1579 127,1579 127,1641 107,1641"/>
          <TextEquiv>
            <Unicode>ا</Unicode>
          </TextEquiv>
        </Word>
        <Word id="w145">
          <Coords points="41,1597 116,1597 116,1654 41,1654"/>
          <TextEquiv>
            <Unicode>لله</Unicode>
          </TextEquiv>
        </Word>
        <TextEquiv>
          <Unicode> و يتو ب عليكم و ا لله عليم حكيم و ا لله</Unicode>
        </TextEquiv>
      </TextLine>
      <TextLine id="l10">
        <Coords points="55,1693 1319,1693 1319,1866 55,1866"/>
        <Word id="w146">
          <Coords points="1270,1790 1318,1790 1318,1849 1270,1849"/>
          <TextEquiv>
            <Unicode>ير</Unicode>
          </TextEquiv>
        </Word>
        <Word id="w147">
          <Coords points="1225,1778 1278,1778 1278,1847 1225,1847"/>
          <TextEquiv>
            <Unicode>يد</Unicode>
          </TextEquiv>
        </Word>
        <Word id="w148">
          <Coords points="1205,1750 1226,1750 1226,1808 1205,1808"/>
          <TextEquiv>
            <Unicode>ا</Unicode>
          </TextEquiv>
        </Word>
        <Word id="w149">
          <Coords points="1160,1776 1197,1776 1197,1827 1160,1827"/>
          <TextEquiv>
            <Unicode>ن</Unicode>
          </TextEquiv>
        </Word>
        <Word id="w150">
          <Coords points="1060,1779 1146,1779 1146,1843 1060,1843"/>
          <TextEquiv>
            <Unicode>يتو</Unicode>
          </TextEquiv>
        </Word>
        <Word id="w151">
          <Coords points="992,1788 1063,1788 1063,1844 992,1844"/>
          <TextEquiv>
            <Unicode>ب</Unicode>
          </TextEquiv>
        </Word>
        <Word id="w152">
          <Coords points="833,1693 974,1693 974,1865 833,1865"/>
          <TextEquiv>
            <Unicode>عليكم</Unicode>
          </TextEquiv>
        </Word>
        <Word id="w153">
          <Coords points="769,1775 816,1775 816,1829 769,1829"/>
          <TextEquiv>
            <Unicode>و</Unicode>
          </TextEquiv>
        </Word>
        <Word id="w154">
          <Coords points="719,1780 776,1780 776,1850 719,1850"/>
          <TextEquiv>
            <Unicode>ير</Unicode>
          </TextEquiv>
        </Word>
        <Word id="w155">
          <Coords points="665,1771 721,1771 721,1845 665,1845"/>
          <TextEquiv>
            <Unicode>يد</Unicode>
          </TextEquiv>
        </Word>
        <Word id="w156">
          <Coords points="640,1752 656,1752 656,1805 640,1805"/>
          <TextEquiv>
            <Unicode>ا</Unicode>
          </TextEquiv>
        </Word>
        <Word id="w157">
          <Coords points="565,1753 639,1753 639,1811 565,1811"/>
          <TextEquiv>
            <Unicode>لد</Unicode>
          </TextEquiv>
        </Word>
        <Word id="w158">
          <Coords points="501,1759 588,1759 588,1836 501,1836"/>
          <TextEquiv>
            <Unicode>ين</Unicode>
          </TextEquiv>
        </Word>
        <Word id="w159">
          <Coords points="340,1734 494,1734 494,1848 340,1848"/>
          <TextEquiv>
            <Unicode>يتبعو</Unicode>
          </TextEquiv>
        </Word>
        <Word id="w160">
          <Coords points="314,1762 350,1762 350,1817 314,1817"/>
          <TextEquiv>
            <Unicode>ن</Unicode>
          </TextEquiv>
        </Word>
        <Word id="w161">
          <Coords points="288,1726 303,1726 303,1789 288,1789"/>
          <TextEquiv>
            <Unicode>ا</Unicode>
          </TextEquiv>
        </Word>
        <Word id="w162">
          <Coords points="124,1732 273,1732 273,1834 124,1834"/>
          <TextEquiv>
            <Unicode>لشهو</Unicode>
          </TextEquiv>
        </Word>
        <Word id="w163">
          <Coords points="121,1742 135,1742 135,1797 121,1797"/>
          <TextEquiv>
            <Unicode>ا</Unicode>
          </TextEquiv>
        </Word>
        <Word id="w164">
          <Coords points="55,1757 119,1757 119,1812 55,1812"/>
          <TextEquiv>
            <Unicode>ت</Unicode>
          </TextEquiv>
        </Word>
        <TextEquiv>
          <Unicode> ير يد ا ن يتو ب عليكم و ير يد ا لد ين يتبعو ن ا لشهو ا ت</Unicode>
        </TextEquiv>
      </TextLine>
      <TextLine id="l11">
        <Coords points="62,1901 1328,1901 1328,2018 62,2018"/>
        <Word id="w165">
          <Coords points="1317,1911 1327,1911 1327,1954 1317,1954"/>
          <TextEquiv>
            <Unicode>ا</Unicode>
          </TextEquiv>
        </Word>
        <Word id="w166">
          <Coords points="1265,1934 1300,1934 1300,1981 1265,1981"/>
          <TextEquiv>
            <Unicode>ن</Unicode>
          </TextEquiv>
        </Word>
        <Word id="w167">
          <Coords points="1105,1919 1245,1919 1245,2009 1105,2009"/>
          <TextEquiv>
            <Unicode>تميلو</Unicode>
          </TextEquiv>
        </Word>
        <Word id="w168">
          <Coords points="1095,1913 1116,1913 1116,1981 1095,1981"/>
          <TextEquiv>
            <Unicode>ا</Unicode>
          </TextEquiv>
        </Word>
        <Word id="w169">
          <Coords points="961,1930 1093,1930 1093,2000 961,2000"/>
          <TextEquiv>
            <Unicode>ميلا</Unicode>
          </TextEquiv>
        </Word>
        <Word id="w170">
          <Coords points="737,1907 947,1907 947,2017 737,2017"/>
          <TextEquiv>
            <Unicode>عظيما</Unicode>
          </TextEquiv>
        </Word>
        <Word id="w171">
          <Coords points="545,1949 599,1949 599,2006 545,2006"/>
          <TextEquiv>
            <Unicode>ير</Unicode>
          </TextEquiv>
        </Word>
        <Word id="w172">
          <Coords points="494,1931 553,1931 553,2004 494,2004"/>
          <TextEquiv>
            <Unicode>يد</Unicode>
          </TextEquiv>
        </Word>
        <Word id="w173">
          <Coords points="459,1901 487,1901 487,1968 459,1968"/>
          <TextEquiv>
            <Unicode>ا</Unicode>
          </TextEquiv>
        </Word>
        <Word id="w174">
          <Coords points="376,1926 473,1926 473,1981 376,1981"/>
          <TextEquiv>
            <Unicode>لله</Unicode>
          </TextEquiv>
        </Word>
        <Word id="w175">
          <Coords points="349,1911 378,1911 378,1981 349,1981"/>
          <TextEquiv>
            <Unicode>ا</Unicode>
          </TextEquiv>
        </Word>
        <Word id="w176">
          <Coords points="305,1938 342,1938 342,1989 305,1989"/>
          <TextEquiv>
            <Unicode>ت</Unicode>
          </TextEquiv>
        </Word>
        <Word id="w177">
          <Coords points="62,1901 289,1901 289,2005 62,2005"/>
          <TextEquiv>
            <Unicode>يخفف</Unicode>
          </TextEquiv>
        </Word>
        <TextEquiv>
          <Unicode> ا ن تميلو ا ميلا عظيما ير يد ا لله ا ت يخفف</Unicode>
        </TextEquiv>
      </TextLine>
      <TextLine id="l12">
        <Coords points="58,2050 1331,2050 1331,2174 58,2174"/>
        <Word id="w178">
          <Coords points="1056,2084 1330,2084 1330,2158 1056,2158"/>
          <TextEquiv>
            <Unicode>عنكم</Unicode>
          </TextEquiv>
        </Word>
        <Word id="w179">
          <Coords points="1005,2106 1056,2106 1056,2161 1005,2161"/>
          <TextEquiv>
            <Unicode>و</Unicode>
          </TextEquiv>
        </Word>
        <Word id="w180">
          <Coords points="894,2068 1018,2068 1018,2163 894,2163"/>
          <TextEquiv>
            <Unicode>خلق</Unicode>
          </TextEquiv>
        </Word>
        <Word id="w181">
          <Coords points="875,2068 890,2068 890,2129 875,2129"/>
          <TextEquiv>
            <Unicode>ا</Unicode>
          </TextEquiv>
        </Word>
        <Word id="w182">
          <Coords points="806,2077 854,2077 854,2142 806,2142"/>
          <TextEquiv>
            <Unicode>لا</Unicode>
          </TextEquiv>
        </Word>
        <Word id="w183">
          <Coords points="694,2060 801,2060 801,2141 694,2141"/>
          <TextEquiv>
            <Unicode>نسا</Unicode>
          </TextEquiv>
        </Word>
        <Word id="w184">
          <Coords points="653,2089 703,2089 703,2159 653,2159"/>
          <TextEquiv>
            <Unicode>ن</Unicode>
          </TextEquiv>
        </Word>
        <Word id="w185">
          <Coords points="433,2050 644,2050 644,2164 433,2164"/>
          <TextEquiv>
            <Unicode>ضعيفا</Unicode>
          </TextEquiv>
        </Word>
        <Word id="w186">
          <Coords points="273,2061 309,2061 309,2173 273,2173"/>
          <TextEquiv>
            <Unicode>يا</Unicode>
          </TextEquiv>
        </Word>
        <Word id="w187">
          <Coords points="253,2073 268,2073 268,2126 253,2126"/>
          <TextEquiv>
            <Unicode>ا</Unicode>
          </TextEquiv>
        </Word>
        <Word id="w188">
          <Coords points="176,2055 249,2055 249,2155 176,2155"/>
          <TextEquiv>
            <Unicode>يها</Unicode>
          </TextEquiv>
        </Word>
        <Word id="w189">
          <Coords points="155,2064 171,2064 171,2137 155,2137"/>
          <TextEquiv>
            <Unicode>ا</Unicode>
          </TextEquiv>
        </Word>
        <Word id="w190">
          <Coords points="108,2069 152,2069 152,2139 108,2139"/>
          <TextEquiv>
            <Unicode>لذ</Unicode>
          </TextEquiv>
        </Word>
        <Word id="w191">
          <Coords points="58,2078 114,2078 114,2161 58,2161"/>
          <TextEquiv>
            <Unicode>ين</Unicode>
          </TextEquiv>
        </Word>
        <TextEquiv>
          <Unicode> عنكم و خلق ا لا نسا ن ضعيفا يا ا يها ا لذ ين</Unicode>
        </TextEquiv>
      </TextLine>
      <TextLine id="l13">
        <Coords points="75,2175 1343,2175 1343,2347 75,2347"/>
        <Word id="w192">
          <Coords points="1309,2185 1342,2185 1342,2299 1309,2299"/>
          <TextEquiv>
            <Unicode>ا</Unicode>
          </TextEquiv>
        </Word>
        <Word id="w193">
          <Coords points="1214,2254 1313,2254 1313,2332 1214,2332"/>
          <TextEquiv>
            <Unicode>منو</Unicode>
          </TextEquiv>
        </Word>
        <Word id="w194">
          <Coords points="1203,2235 1220,2235 1220,2301 1203,2301"/>
          <TextEquiv>
            <Unicode>ا</Unicode>
          </TextEquiv>
        </Word>
        <Word id="w195">
          <Coords points="1146,2237 1196,2237 1196,2311 1146,2311"/>
          <TextEquiv>
            <Unicode>لا</Unicode>
          </TextEquiv>
        </Word>
        <Word id="w196">
          <Coords points="1105,2222 1135,2222 1135,2306 1105,2306"/>
          <TextEquiv>
            <Unicode>تا</Unicode>
          </TextEquiv>
        </Word>
        <Word id="w197">
          <Coords points="997,2230 1097,2230 1097,2341 997,2341"/>
          <TextEquiv>
            <Unicode>كلو</Unicode>
          </TextEquiv>
        </Word>
        <Word id="w198">
          <Coords points="981,2236 1001,2236 1001,2304 981,2304"/>
          <TextEquiv>
            <Unicode>ا</Unicode>
          </TextEquiv>
        </Word>
        <Word id="w199">
          <Coords points="952,2238 977,2238 977,2299 952,2299"/>
          <TextEquiv>
            <Unicode>ا</Unicode>
          </TextEquiv>
        </Word>
        <Word id="w200">
          <Coords points="866,2271 950,2271 950,2329 866,2329"/>
          <TextEquiv>
            <Unicode>مو</Unicode>
          </TextEquiv>
        </Word>
        <Word id="w201">
          <Coords points="850,2238 875,2238 875,2297 850,2297"/>
          <TextEquiv>
            <Unicode>ا</Unicode>
          </TextEquiv>
        </Word>
        <Word id="w202">
          <Coords points="760,2175 855,2175 855,2325 760,2325"/>
          <TextEquiv>
            <Unicode>لكم</Unicode>
          </TextEquiv>
        </Word>
        <Word id="w203">
          <Coords points="472,2230 752,2230 752,2346 472,2346"/>
          <TextEquiv>
            <Unicode>بينكم</Unicode>
          </TextEquiv>
        </Word>
        <Word id="w204">
          <Coords points="429,2234 459,2234 459,2329 429,2329"/>
          <TextEquiv>
            <Unicode>با</Unicode>
          </TextEquiv>
        </Word>
        <Word id="w205">
          <Coords points="342,2223 412,2223 412,2330 342,2330"/>
          <TextEquiv>
            <Unicode>لبا</Unicode>
          </TextEquiv>
        </Word>
        <Word id="w206">
          <Coords points="246,2234 337,2234 337,2332 246,2332"/>
          <TextEquiv>
            <Unicode>طل</Unicode>
          </TextEquiv>
        </Word>
        <Word id="w207">
          <Coords points="225,2234 244,2234 244,2298 225,2298"/>
          <TextEquiv>
            <Unicode>ا</Unicode>
          </TextEquiv>
        </Word>
        <Word id="w208">
          <Coords points="163,2236 224,2236 224,2314 163,2314"/>
          <TextEquiv>
            <Unicode>لا</Unicode>
          </TextEquiv>
        </Word>
        <Word id="w209">
          <Coords points="139,2244 155,2244 155,2303 139,2303"/>
          <TextEquiv>
            <Unicode>ا</Unicode>
          </TextEquiv>
        </Word>
        <Word id="w210">
          <Coords points="75,2247 134,2247 134,2319 75,2319"/>
          <TextEquiv>
            <Unicode>ن</Unicode>
          </TextEquiv>
        </Word>
        <TextEquiv>
          <Unicode> ا منو ا لا تا كلو ا ا مو ا لكم بينكم با لبا طل ا لا ا ن</Unicode>
        </TextEquiv>
      </TextLine>
      <TextLine id="l14">
        <Coords points="64,2356 1348,2356 1348,2504 64,2504"/>
        <Word id="w211">
          <Coords points="1248,2360 1347,2360 1347,2488 1248,2488"/>
          <TextEquiv>
            <Unicode>تكو</Unicode>
          </TextEquiv>
        </Word>
        <Word id="w212">
          <Coords points="1196,2409 1243,2409 1243,2482 1196,2482"/>
          <TextEquiv>
            <Unicode>ن</Unicode>
          </TextEquiv>
        </Word>
        <Word id="w213">
          <Coords points="1103,2386 1181,2386 1181,2488 1103,2488"/>
          <TextEquiv>
            <Unicode>تجا</Unicode>
          </TextEquiv>
        </Word>
        <Word id="w214">
          <Coords points="1049,2400 1080,2400 1080,2458 1049,2458"/>
          <TextEquiv>
            <Unicode>ة</Unicode>
          </TextEquiv>
        </Word>
        <Word id="w215">
          <Coords points="936,2405 1034,2405 1034,2490 936,2490"/>
          <TextEquiv>
            <Unicode>عن</Unicode>
          </TextEquiv>
        </Word>
        <Word id="w216">
          <Coords points="862,2399 935,2399 935,2499 862,2499"/>
          <TextEquiv>
            <Unicode>تر</Unicode>
          </TextEquiv>
        </Word>
        <Word id="w217">
          <Coords points="859,2385 880,2385 880,2453 859,2453"/>
          <TextEquiv>
            <Unicode>ا</Unicode>
          </TextEquiv>
        </Word>
        <Word id="w218">
          <Coords points="765,2431 859,2431 859,2486 765,2486"/>
          <TextEquiv>
            <Unicode>ص</Unicode>
          </TextEquiv>
        </Word>
        <Word id="w219">
          <Coords points="626,2356 781,2356 781,2499 626,2499"/>
          <TextEquiv>
            <Unicode>منكم</Unicode>
          </TextEquiv>
        </Word>
        <Word id="w220">
          <Coords points="594,2433 643,2433 643,2484 594,2484"/>
          <TextEquiv>
            <Unicode>و</Unicode>
          </TextEquiv>
        </Word>
        <Word id="w221">
          <Coords points="545,2400 591,2400 591,2472 545,2472"/>
          <TextEquiv>
            <Unicode>لا</Unicode>
          </TextEquiv>
        </Word>
        <Word id="w222">
          <Coords points="340,2394 537,2394 537,2495 340,2495"/>
          <TextEquiv>
            <Unicode>تقتلو</Unicode>
          </TextEquiv>
        </Word>
        <Word id="w223">
          <Coords points="327,2405 345,2405 345,2464 327,2464"/>
          <TextEquiv>
            <Unicode>ا</Unicode>
          </TextEquiv>
        </Word>
        <Word id="w224">
          <Coords points="302,2399 327,2399 327,2461 302,2461"/>
          <TextEquiv>
            <Unicode>ا</Unicode>
          </TextEquiv>
        </Word>
        <Word id="w225">
          <Coords points="64,2375 291,2375 291,2503 64,2503"/>
          <TextEquiv>
            <Unicode>نفسكم</Unicode>
          </TextEquiv>
        </Word>
        <TextEquiv>
          <Unicode> تكو ن تجا ة عن تر ا ص منكم و لا تقتلو ا ا نفسكم</Unicode>
        </TextEquiv>
      </TextLine>
    </TextRegion>
  </Page>
</PcGts>
