<?xml version='1.0' encoding='utf-8'?>
<PcGts xmlns:xsi="http://www.w3.org/2001/XMLSchema-instance" xmlns="http://schema.primaresearch.org/PAGE/gts/pagecontent/2019-07-15" xsi:schemaLocation="http://schema.primaresearch.org/PAGE/gts/pagecontent/2019-07-15 http://schema.primaresearch.org/PAGE/gts/pagecontent/2019-07-15/pagecontent.xsd" pcGtsId="pc-aletheiaexamplepage">
  <Metadata>
    <Creator>PRImA Research Lab</Creator>
    <Created>2015-07-17T15:27:13</Created>
    <LastChange>2017-07-14T10:03:33</LastChange>
    <Comments>Example Page</Comments>
  </Metadata>
  <Page imageFilename="3158466/_054-1.png" imageWidth="1313" imageHeight="2513">
    <TextRegion id="r0" type="paragraph">
      <Coords points="1,1 1311,1 1311,2511 1,2511"/>
      <TextLine id="l0">
        <Coords points="149,58 1285,58 1285,186 149,186"/>
        <Word id="w0">
          <Coords points="1271,78 1284,78 1284,136 1271,136"/>
          <TextEquiv>
            <Unicode>ا</Unicode>
          </TextEquiv>
        </Word>
        <Word id="w1">
          <Coords points="1087,75 1266,75 1266,185 1087,185"/>
          <TextEquiv>
            <Unicode>نفسهم</Unicode>
          </TextEquiv>
        </Word>
        <Word id="w2">
          <Coords points="1068,67 1096,67 1096,140 1068,140"/>
          <TextEquiv>
            <Unicode>ا</Unicode>
          </TextEquiv>
        </Word>
        <Word id="w3">
          <Coords points="1024,86 1061,86 1061,150 1024,150"/>
          <TextEquiv>
            <Unicode>ن</Unicode>
          </TextEquiv>
        </Word>
        <Word id="w4">
          <Coords points="999,82 1014,82 1014,133 999,133"/>
          <TextEquiv>
            <Unicode>ا</Unicode>
          </TextEquiv>
        </Word>
        <Word id="w5">
          <Coords points="922,99 988,99 988,145 922,145"/>
          <TextEquiv>
            <Unicode>لله</Unicode>
          </TextEquiv>
        </Word>
        <Word id="w6">
          <Coords points="864,84 905,84 905,146 864,146"/>
          <TextEquiv>
            <Unicode>لا</Unicode>
          </TextEquiv>
        </Word>
        <Word id="w7">
          <Coords points="730,94 868,94 868,169 730,169"/>
          <TextEquiv>
            <Unicode>يحب</Unicode>
          </TextEquiv>
        </Word>
        <Word id="w8">
          <Coords points="640,84 722,84 722,169 640,169"/>
          <TextEquiv>
            <Unicode>من</Unicode>
          </TextEquiv>
        </Word>
        <Word id="w9">
          <Coords points="451,58 638,58 638,162 451,162"/>
          <TextEquiv>
            <Unicode>كا</Unicode>
          </TextEquiv>
        </Word>
        <Word id="w10">
          <Coords points="403,85 434,85 434,153 403,153"/>
          <TextEquiv>
            <Unicode>ن</Unicode>
          </TextEquiv>
        </Word>
        <Word id="w11">
          <Coords points="304,109 385,109 385,167 304,167"/>
          <TextEquiv>
            <Unicode>حو</Unicode>
          </TextEquiv>
        </Word>
        <Word id="w12">
          <Coords points="294,74 312,74 312,140 294,140"/>
          <TextEquiv>
            <Unicode>ا</Unicode>
          </TextEquiv>
        </Word>
        <Word id="w13">
          <Coords points="255,72 286,72 286,148 255,148"/>
          <TextEquiv>
            <Unicode>نا</Unicode>
          </TextEquiv>
        </Word>
        <Word id="w14">
          <Coords points="228,64 248,64 248,128 228,128"/>
          <TextEquiv>
            <Unicode>ا</Unicode>
          </TextEquiv>
        </Word>
        <Word id="w15">
          <Coords points="149,59 239,59 239,161 149,161"/>
          <TextEquiv>
            <Unicode>يثما</Unicode>
          </TextEquiv>
        </Word>
        <TextEquiv>
          <Unicode> ا نفسهم ا ن ا لله لا يحب من كا ن حو ا نا ا يثما</Unicode>
        </TextEquiv>
      </TextLine>
      <TextLine id="l1">
        <Coords points="17,239 1286,239 1286,346 17,346"/>
        <Word id="w16">
          <Coords points="1053,246 1285,246 1285,345 1053,345"/>
          <TextEquiv>
            <Unicode>يستخفو</Unicode>
          </TextEquiv>
        </Word>
        <Word id="w17">
          <Coords points="1022,255 1058,255 1058,325 1022,325"/>
          <TextEquiv>
            <Unicode>ن</Unicode>
          </TextEquiv>
        </Word>
        <Word id="w18">
          <Coords points="942,262 1017,262 1017,341 942,341"/>
          <TextEquiv>
            <Unicode>من</Unicode>
          </TextEquiv>
        </Word>
        <Word id="w19">
          <Coords points="930,240 948,240 948,301 930,301"/>
          <TextEquiv>
            <Unicode>ا</Unicode>
          </TextEquiv>
        </Word>
        <Word id="w20">
          <Coords points="801,240 918,240 918,316 801,316"/>
          <TextEquiv>
            <Unicode>لنا</Unicode>
          </TextEquiv>
        </Word>
        <Word id="w21">
          <Coords points="714,282 788,282 788,334 714,334"/>
          <TextEquiv>
            <Unicode>س</Unicode>
          </TextEquiv>
        </Word>
        <Word id="w22">
          <Coords points="660,266 713,266 713,329 660,329"/>
          <TextEquiv>
            <Unicode>و</Unicode>
          </TextEquiv>
        </Word>
        <Word id="w23">
          <Coords points="618,243 664,243 664,315 618,315"/>
          <TextEquiv>
            <Unicode>لا</Unicode>
          </TextEquiv>
        </Word>
        <Word id="w24">
          <Coords points="366,239 606,239 606,345 366,345"/>
          <TextEquiv>
            <Unicode>يستخفو</Unicode>
          </TextEquiv>
        </Word>
        <Word id="w25">
          <Coords points="347,260 384,260 384,317 347,317"/>
          <TextEquiv>
            <Unicode>ن</Unicode>
          </TextEquiv>
        </Word>
        <Word id="w26">
          <Coords points="253,259 333,259 333,334 253,334"/>
          <TextEquiv>
            <Unicode>من</Unicode>
          </TextEquiv>
        </Word>
        <Word id="w27">
          <Coords points="241,243 260,243 260,310 241,310"/>
          <TextEquiv>
            <Unicode>ا</Unicode>
          </TextEquiv>
        </Word>
        <Word id="w28">
          <Coords points="168,266 238,266 238,318 168,318"/>
          <TextEquiv>
            <Unicode>لله</Unicode>
          </TextEquiv>
        </Word>
        <Word id="w29">
          <Coords points="107,274 158,274 158,330 107,330"/>
          <TextEquiv>
            <Unicode>و</Unicode>
          </TextEquiv>
        </Word>
        <Word id="w30">
          <Coords points="17,264 115,264 115,332 17,332"/>
          <TextEquiv>
            <Unicode>هو</Unicode>
          </TextEquiv>
        </Word>
        <TextEquiv>
          <Unicode> يستخفو ن من ا لنا س و لا يستخفو ن من ا لله و هو</Unicode>
        </TextEquiv>
      </TextLine>
      <TextLine id="l2">
        <Coords points="16,374 1286,374 1286,510 16,510"/>
        <Word id="w31">
          <Coords points="1100,443 1285,443 1285,505 1100,505"/>
          <TextEquiv>
            <Unicode>معهم</Unicode>
          </TextEquiv>
        </Word>
        <Word id="w32">
          <Coords points="1085,399 1111,399 1111,465 1085,465"/>
          <TextEquiv>
            <Unicode>ا</Unicode>
          </TextEquiv>
        </Word>
        <Word id="w33">
          <Coords points="1050,445 1080,445 1080,479 1050,479"/>
          <TextEquiv>
            <Unicode>د</Unicode>
          </TextEquiv>
        </Word>
        <Word id="w34">
          <Coords points="812,434 1036,434 1036,507 812,507"/>
          <TextEquiv>
            <Unicode>يبيتو</Unicode>
          </TextEquiv>
        </Word>
        <Word id="w35">
          <Coords points="782,424 821,424 821,481 782,481"/>
          <TextEquiv>
            <Unicode>ن</Unicode>
          </TextEquiv>
        </Word>
        <Word id="w36">
          <Coords points="718,401 762,401 762,473 718,473"/>
          <TextEquiv>
            <Unicode>ما</Unicode>
          </TextEquiv>
        </Word>
        <Word id="w37">
          <Coords points="651,410 695,410 695,479 651,479"/>
          <TextEquiv>
            <Unicode>لا</Unicode>
          </TextEquiv>
        </Word>
        <Word id="w38">
          <Coords points="588,443 641,443 641,502 588,502"/>
          <TextEquiv>
            <Unicode>ير</Unicode>
          </TextEquiv>
        </Word>
        <Word id="w39">
          <Coords points="488,439 596,439 596,501 488,501"/>
          <TextEquiv>
            <Unicode>صى</Unicode>
          </TextEquiv>
        </Word>
        <Word id="w40">
          <Coords points="425,441 498,441 498,495 425,495"/>
          <TextEquiv>
            <Unicode>من</Unicode>
          </TextEquiv>
        </Word>
        <Word id="w41">
          <Coords points="405,403 426,403 426,470 405,470"/>
          <TextEquiv>
            <Unicode>ا</Unicode>
          </TextEquiv>
        </Word>
        <Word id="w42">
          <Coords points="288,415 398,415 398,499 288,499"/>
          <TextEquiv>
            <Unicode>لقو</Unicode>
          </TextEquiv>
        </Word>
        <Word id="w43">
          <Coords points="266,401 301,401 301,480 266,480"/>
          <TextEquiv>
            <Unicode>ل</Unicode>
          </TextEquiv>
        </Word>
        <Word id="w44">
          <Coords points="206,440 251,440 251,496 206,496"/>
          <TextEquiv>
            <Unicode>و</Unicode>
          </TextEquiv>
        </Word>
        <Word id="w45">
          <Coords points="162,374 263,374 263,481 162,481"/>
          <TextEquiv>
            <Unicode>كا</Unicode>
          </TextEquiv>
        </Word>
        <Word id="w46">
          <Coords points="84,415 105,415 105,463 84,463"/>
          <TextEquiv>
            <Unicode>ا</Unicode>
          </TextEquiv>
        </Word>
        <Word id="w47">
          <Coords points="17,431 156,431 156,509 17,509"/>
          <TextEquiv>
            <Unicode>ن</Unicode>
          </TextEquiv>
        </Word>
        <Word id="w48">
          <Coords points="16,429 80,429 80,473 16,473"/>
          <TextEquiv>
            <Unicode>لله</Unicode>
          </TextEquiv>
        </Word>
        <TextEquiv>
          <Unicode> معهم ا د يبيتو ن ما لا ير صى من ا لقو ل و كا ا ن لله</Unicode>
        </TextEquiv>
      </TextLine>
      <TextLine id="l3">
        <Coords points="19,568 1280,568 1280,696 19,696"/>
        <Word id="w49">
          <Coords points="1229,571 1279,571 1279,676 1229,676"/>
          <TextEquiv>
            <Unicode>بما</Unicode>
          </TextEquiv>
        </Word>
        <Word id="w50">
          <Coords points="1018,574 1215,574 1215,676 1018,676"/>
          <TextEquiv>
            <Unicode>يعملو</Unicode>
          </TextEquiv>
        </Word>
        <Word id="w51">
          <Coords points="985,571 1022,571 1022,651 985,651"/>
          <TextEquiv>
            <Unicode>ن</Unicode>
          </TextEquiv>
        </Word>
        <Word id="w52">
          <Coords points="774,568 963,568 963,665 774,665"/>
          <TextEquiv>
            <Unicode>محيطا</Unicode>
          </TextEquiv>
        </Word>
        <Word id="w53">
          <Coords points="537,568 660,568 660,646 537,646"/>
          <TextEquiv>
            <Unicode>ها</Unicode>
          </TextEquiv>
        </Word>
        <Word id="w54">
          <Coords points="507,605 528,605 528,641 507,641"/>
          <TextEquiv>
            <Unicode>ء</Unicode>
          </TextEquiv>
        </Word>
        <Word id="w55">
          <Coords points="372,592 487,592 487,657 372,657"/>
          <TextEquiv>
            <Unicode>نتم</Unicode>
          </TextEquiv>
        </Word>
        <Word id="w56">
          <Coords points="260,602 360,602 360,667 260,667"/>
          <TextEquiv>
            <Unicode>هو</Unicode>
          </TextEquiv>
        </Word>
        <Word id="w57">
          <Coords points="225,570 266,570 266,648 225,648"/>
          <TextEquiv>
            <Unicode>لا</Unicode>
          </TextEquiv>
        </Word>
        <Word id="w58">
          <Coords points="194,612 213,612 213,634 194,634"/>
          <TextEquiv>
            <Unicode>ء</Unicode>
          </TextEquiv>
        </Word>
        <Word id="w59">
          <Coords points="122,572 180,572 180,642 122,642"/>
          <TextEquiv>
            <Unicode>حا</Unicode>
          </TextEquiv>
        </Word>
        <Word id="w60">
          <Coords points="88,616 112,616 112,653 88,653"/>
          <TextEquiv>
            <Unicode>د</Unicode>
          </TextEquiv>
        </Word>
        <Word id="w61">
          <Coords points="19,570 75,570 75,695 19,695"/>
          <TextEquiv>
            <Unicode>لتم</Unicode>
          </TextEquiv>
        </Word>
        <TextEquiv>
          <Unicode> بما يعملو ن محيطا ها ء نتم هو لا ء حا د لتم</Unicode>
        </TextEquiv>
      </TextLine>
      <TextLine id="l4">
        <Coords points="35,709 1292,709 1292,842 35,842"/>
        <Word id="w62">
          <Coords points="1116,754 1291,754 1291,820 1116,820"/>
          <TextEquiv>
            <Unicode>عنهم</Unicode>
          </TextEquiv>
        </Word>
        <Word id="w63">
          <Coords points="1022,723 1131,723 1131,796 1022,796"/>
          <TextEquiv>
            <Unicode>فى</Unicode>
          </TextEquiv>
        </Word>
        <Word id="w64">
          <Coords points="984,713 1003,713 1003,776 984,776"/>
          <TextEquiv>
            <Unicode>ا</Unicode>
          </TextEquiv>
        </Word>
        <Word id="w65">
          <Coords points="856,709 983,709 983,841 856,841"/>
          <TextEquiv>
            <Unicode>لحيو</Unicode>
          </TextEquiv>
        </Word>
        <Word id="w66">
          <Coords points="849,757 876,757 876,785 849,785"/>
          <TextEquiv>
            <Unicode>ه</Unicode>
          </TextEquiv>
        </Word>
        <Word id="w67">
          <Coords points="823,736 845,736 845,795 823,795"/>
          <TextEquiv>
            <Unicode>ا</Unicode>
          </TextEquiv>
        </Word>
        <Word id="w68">
          <Coords points="775,737 822,737 822,804 775,804"/>
          <TextEquiv>
            <Unicode>لد</Unicode>
          </TextEquiv>
        </Word>
        <Word id="w69">
          <Coords points="698,724 766,724 766,832 698,832"/>
          <TextEquiv>
            <Unicode>نيا</Unicode>
          </TextEquiv>
        </Word>
        <Word id="w70">
          <Coords points="598,743 685,743 685,838 598,838"/>
          <TextEquiv>
            <Unicode>فمن</Unicode>
          </TextEquiv>
        </Word>
        <Word id="w71">
          <Coords points="525,725 604,725 604,834 525,834"/>
          <TextEquiv>
            <Unicode>يجا</Unicode>
          </TextEquiv>
        </Word>
        <Word id="w72">
          <Coords points="487,771 515,771 515,809 487,809"/>
          <TextEquiv>
            <Unicode>د</Unicode>
          </TextEquiv>
        </Word>
        <Word id="w73">
          <Coords points="442,734 477,734 477,809 442,809"/>
          <TextEquiv>
            <Unicode>ل</Unicode>
          </TextEquiv>
        </Word>
        <Word id="w74">
          <Coords points="413,739 432,739 432,805 413,805"/>
          <TextEquiv>
            <Unicode>ا</Unicode>
          </TextEquiv>
        </Word>
        <Word id="w75">
          <Coords points="341,761 404,761 404,805 341,805"/>
          <TextEquiv>
            <Unicode>لله</Unicode>
          </TextEquiv>
        </Word>
        <Word id="w76">
          <Coords points="156,763 324,763 324,829 156,829"/>
          <TextEquiv>
            <Unicode>عنهم</Unicode>
          </TextEquiv>
        </Word>
        <Word id="w77">
          <Coords points="69,768 135,768 135,837 69,837"/>
          <TextEquiv>
            <Unicode>يو</Unicode>
          </TextEquiv>
        </Word>
        <Word id="w78">
          <Coords points="35,772 78,772 78,815 35,815"/>
          <TextEquiv>
            <Unicode>م</Unicode>
          </TextEquiv>
        </Word>
        <TextEquiv>
          <Unicode> عنهم فى ا لحيو ه ا لد نيا فمن يجا د ل ا لله عنهم يو م</Unicode>
        </TextEquiv>
      </TextLine>
      <TextLine id="l5">
        <Coords points="14,847 1289,847 1289,1021 14,1021"/>
        <Word id="w79">
          <Coords points="1278,901 1288,901 1288,950 1278,950"/>
          <TextEquiv>
            <Unicode>ا</Unicode>
          </TextEquiv>
        </Word>
        <Word id="w80">
          <Coords points="1096,894 1266,894 1266,979 1096,979"/>
          <TextEquiv>
            <Unicode>لقيمة</Unicode>
          </TextEquiv>
        </Word>
        <Word id="w81">
          <Coords points="1072,903 1081,903 1081,960 1072,960"/>
          <TextEquiv>
            <Unicode>ا</Unicode>
          </TextEquiv>
        </Word>
        <Word id="w82">
          <Coords points="1009,933 1058,933 1058,980 1009,980"/>
          <TextEquiv>
            <Unicode>م</Unicode>
          </TextEquiv>
        </Word>
        <Word id="w83">
          <Coords points="949,930 1020,930 1020,986 949,986"/>
          <TextEquiv>
            <Unicode>من</Unicode>
          </TextEquiv>
        </Word>
        <Word id="w84">
          <Coords points="840,847 966,847 966,992 840,992"/>
          <TextEquiv>
            <Unicode>يكو</Unicode>
          </TextEquiv>
        </Word>
        <Word id="w85">
          <Coords points="801,922 841,922 841,976 801,976"/>
          <TextEquiv>
            <Unicode>ن</Unicode>
          </TextEquiv>
        </Word>
        <Word id="w86">
          <Coords points="639,892 788,892 788,1020 639,1020"/>
          <TextEquiv>
            <Unicode>عليهم</Unicode>
          </TextEquiv>
        </Word>
        <Word id="w87">
          <Coords points="588,935 636,935 636,991 588,991"/>
          <TextEquiv>
            <Unicode>و</Unicode>
          </TextEquiv>
        </Word>
        <Word id="w88">
          <Coords points="351,917 601,917 601,1007 351,1007"/>
          <TextEquiv>
            <Unicode>كيلا</Unicode>
          </TextEquiv>
        </Word>
        <Word id="w89">
          <Coords points="210,944 256,944 256,996 210,996"/>
          <TextEquiv>
            <Unicode>و</Unicode>
          </TextEquiv>
        </Word>
        <Word id="w90">
          <Coords points="150,930 223,930 223,1002 150,1002"/>
          <TextEquiv>
            <Unicode>من</Unicode>
          </TextEquiv>
        </Word>
        <Word id="w91">
          <Coords points="14,922 154,922 154,1010 14,1010"/>
          <TextEquiv>
            <Unicode>يعمل</Unicode>
          </TextEquiv>
        </Word>
        <TextEquiv>
          <Unicode> ا لقيمة ا م من يكو ن عليهم و كيلا و من يعمل</Unicode>
        </TextEquiv>
      </TextLine>
      <TextLine id="l6">
        <Coords points="15,1043 1293,1043 1293,1179 15,1179"/>
        <Word id="w92">
          <Coords points="1191,1098 1292,1098 1292,1150 1191,1150"/>
          <TextEquiv>
            <Unicode>سو</Unicode>
          </TextEquiv>
        </Word>
        <Word id="w93">
          <Coords points="1180,1093 1203,1093 1203,1119 1180,1119"/>
          <TextEquiv>
            <Unicode>ء</Unicode>
          </TextEquiv>
        </Word>
        <Word id="w94">
          <Coords points="1149,1067 1160,1067 1160,1121 1149,1121"/>
          <TextEquiv>
            <Unicode>ا</Unicode>
          </TextEquiv>
        </Word>
        <Word id="w95">
          <Coords points="1104,1095 1143,1095 1143,1143 1104,1143"/>
          <TextEquiv>
            <Unicode>و</Unicode>
          </TextEquiv>
        </Word>
        <Word id="w96">
          <Coords points="1004,1054 1105,1054 1105,1178 1004,1178"/>
          <TextEquiv>
            <Unicode>يظلم</Unicode>
          </TextEquiv>
        </Word>
        <Word id="w97">
          <Coords points="832,1077 990,1077 990,1138 832,1138"/>
          <TextEquiv>
            <Unicode>نفسه</Unicode>
          </TextEquiv>
        </Word>
        <Word id="w98">
          <Coords points="769,1043 825,1043 825,1150 769,1150"/>
          <TextEquiv>
            <Unicode>ثم</Unicode>
          </TextEquiv>
        </Word>
        <Word id="w99">
          <Coords points="468,1078 753,1078 753,1163 468,1163"/>
          <TextEquiv>
            <Unicode>يستغفر</Unicode>
          </TextEquiv>
        </Word>
        <Word id="w100">
          <Coords points="464,1075 488,1075 488,1137 464,1137"/>
          <TextEquiv>
            <Unicode>ا</Unicode>
          </TextEquiv>
        </Word>
        <Word id="w101">
          <Coords points="388,1088 453,1088 453,1149 388,1149"/>
          <TextEquiv>
            <Unicode>لله</Unicode>
          </TextEquiv>
        </Word>
        <Word id="w102">
          <Coords points="276,1086 371,1086 371,1170 276,1170"/>
          <TextEquiv>
            <Unicode>يجد</Unicode>
          </TextEquiv>
        </Word>
        <Word id="w103">
          <Coords points="263,1081 283,1081 283,1139 263,1139"/>
          <TextEquiv>
            <Unicode>ا</Unicode>
          </TextEquiv>
        </Word>
        <Word id="w104">
          <Coords points="197,1101 257,1101 257,1141 197,1141"/>
          <TextEquiv>
            <Unicode>لله</Unicode>
          </TextEquiv>
        </Word>
        <Word id="w105">
          <Coords points="43,1079 191,1079 191,1167 43,1167"/>
          <TextEquiv>
            <Unicode>غفو</Unicode>
          </TextEquiv>
        </Word>
        <Word id="w106">
          <Coords points="24,1105 59,1105 59,1144 24,1144"/>
          <TextEquiv>
            <Unicode>ر</Unicode>
          </TextEquiv>
        </Word>
        <Word id="w107">
          <Coords points="15,1067 28,1067 28,1121 15,1121"/>
          <TextEquiv>
            <Unicode>ا</Unicode>
          </TextEquiv>
        </Word>
        <TextEquiv>
          <Unicode> سو ء ا و يظلم نفسه ثم يستغفر ا لله يجد ا لله غفو ر ا</Unicode>
        </TextEquiv>
      </TextLine>
      <TextLine id="l7">
        <Coords points="12,1173 1289,1173 1289,1341 12,1341"/>
        <Word id="w108">
          <Coords points="1247,1261 1288,1261 1288,1302 1247,1302"/>
          <TextEquiv>
            <Unicode>ر</Unicode>
          </TextEquiv>
        </Word>
        <Word id="w109">
          <Coords points="1134,1215 1267,1215 1267,1324 1134,1324"/>
          <TextEquiv>
            <Unicode>حيما</Unicode>
          </TextEquiv>
        </Word>
        <Word id="w110">
          <Coords points="988,1257 1031,1257 1031,1306 988,1306"/>
          <TextEquiv>
            <Unicode>و</Unicode>
          </TextEquiv>
        </Word>
        <Word id="w111">
          <Coords points="926,1252 999,1252 999,1312 926,1312"/>
          <TextEquiv>
            <Unicode>من</Unicode>
          </TextEquiv>
        </Word>
        <Word id="w112">
          <Coords points="751,1173 944,1173 944,1334 751,1334"/>
          <TextEquiv>
            <Unicode>يكسب</Unicode>
          </TextEquiv>
        </Word>
        <Word id="w113">
          <Coords points="722,1227 746,1227 746,1288 722,1288"/>
          <TextEquiv>
            <Unicode>ا</Unicode>
          </TextEquiv>
        </Word>
        <Word id="w114">
          <Coords points="656,1226 715,1226 715,1307 656,1307"/>
          <TextEquiv>
            <Unicode>ثما</Unicode>
          </TextEquiv>
        </Word>
        <Word id="w115">
          <Coords points="606,1227 650,1227 650,1307 606,1307"/>
          <TextEquiv>
            <Unicode>فا</Unicode>
          </TextEquiv>
        </Word>
        <Word id="w116">
          <Coords points="546,1235 591,1235 591,1303 546,1303"/>
          <TextEquiv>
            <Unicode>نما</Unicode>
          </TextEquiv>
        </Word>
        <Word id="w117">
          <Coords points="191,1229 534,1229 534,1340 191,1340"/>
          <TextEquiv>
            <Unicode>يكسبه</Unicode>
          </TextEquiv>
        </Word>
        <Word id="w118">
          <Coords points="112,1235 181,1235 181,1338 112,1338"/>
          <TextEquiv>
            <Unicode>على</Unicode>
          </TextEquiv>
        </Word>
        <Word id="w119">
          <Coords points="12,1255 129,1255 129,1308 12,1308"/>
          <TextEquiv>
            <Unicode>نفسه</Unicode>
          </TextEquiv>
        </Word>
        <TextEquiv>
          <Unicode> ر حيما و من يكسب ا ثما فا نما يكسبه على نفسه</Unicode>
        </TextEquiv>
      </TextLine>
      <TextLine id="l8">
        <Coords points="13,1353 1298,1353 1298,1510 13,1510"/>
        <Word id="w120">
          <Coords points="1240,1442 1290,1442 1290,1493 1240,1493"/>
          <TextEquiv>
            <Unicode>و</Unicode>
          </TextEquiv>
        </Word>
        <Word id="w121">
          <Coords points="1210,1365 1297,1365 1297,1469 1210,1469"/>
          <TextEquiv>
            <Unicode>كا</Unicode>
          </TextEquiv>
        </Word>
        <Word id="w122">
          <Coords points="1168,1429 1203,1429 1203,1473 1168,1473"/>
          <TextEquiv>
            <Unicode>ن</Unicode>
          </TextEquiv>
        </Word>
        <Word id="w123">
          <Coords points="1133,1407 1156,1407 1156,1457 1133,1457"/>
          <TextEquiv>
            <Unicode>ا</Unicode>
          </TextEquiv>
        </Word>
        <Word id="w124">
          <Coords points="1058,1424 1128,1424 1128,1467 1058,1467"/>
          <TextEquiv>
            <Unicode>لله</Unicode>
          </TextEquiv>
        </Word>
        <Word id="w125">
          <Coords points="916,1389 1047,1389 1047,1496 916,1496"/>
          <TextEquiv>
            <Unicode>عليما</Unicode>
          </TextEquiv>
        </Word>
        <Word id="w126">
          <Coords points="791,1392 919,1392 919,1498 791,1498"/>
          <TextEquiv>
            <Unicode>حكيما</Unicode>
          </TextEquiv>
        </Word>
        <Word id="w127">
          <Coords points="637,1435 678,1435 678,1481 637,1481"/>
          <TextEquiv>
            <Unicode>و</Unicode>
          </TextEquiv>
        </Word>
        <Word id="w128">
          <Coords points="561,1430 651,1430 651,1495 561,1495"/>
          <TextEquiv>
            <Unicode>من</Unicode>
          </TextEquiv>
        </Word>
        <Word id="w129">
          <Coords points="380,1353 577,1353 577,1509 380,1509"/>
          <TextEquiv>
            <Unicode>يكسب</Unicode>
          </TextEquiv>
        </Word>
        <Word id="w130">
          <Coords points="156,1412 363,1412 363,1492 156,1492"/>
          <TextEquiv>
            <Unicode>خطيئه</Unicode>
          </TextEquiv>
        </Word>
        <Word id="w131">
          <Coords points="124,1405 142,1405 142,1468 124,1468"/>
          <TextEquiv>
            <Unicode>ا</Unicode>
          </TextEquiv>
        </Word>
        <Word id="w132">
          <Coords points="72,1399 90,1399 90,1462 72,1462"/>
          <TextEquiv>
            <Unicode>ا</Unicode>
          </TextEquiv>
        </Word>
        <Word id="w133">
          <Coords points="71,1441 120,1441 120,1490 71,1490"/>
          <TextEquiv>
            <Unicode>و</Unicode>
          </TextEquiv>
        </Word>
        <Word id="w134">
          <Coords points="13,1397 63,1397 63,1482 13,1482"/>
          <TextEquiv>
            <Unicode>ثما</Unicode>
          </TextEquiv>
        </Word>
        <TextEquiv>
          <Unicode> و كا ن ا لله عليما حكيما و من يكسب خطيئه ا ا و ثما</Unicode>
        </TextEquiv>
      </TextLine>
      <TextLine id="l9">
        <Coords points="30,1554 1300,1554 1300,1688 30,1688"/>
        <Word id="w135">
          <Coords points="1240,1563 1299,1563 1299,1632 1240,1632"/>
          <TextEquiv>
            <Unicode>تم</Unicode>
          </TextEquiv>
        </Word>
        <Word id="w136">
          <Coords points="1176,1601 1228,1601 1228,1672 1176,1672"/>
          <TextEquiv>
            <Unicode>ير</Unicode>
          </TextEquiv>
        </Word>
        <Word id="w137">
          <Coords points="1136,1591 1194,1591 1194,1649 1136,1649"/>
          <TextEquiv>
            <Unicode>م</Unicode>
          </TextEquiv>
        </Word>
        <Word id="w138">
          <Coords points="1095,1603 1134,1603 1134,1641 1095,1641"/>
          <TextEquiv>
            <Unicode>به</Unicode>
          </TextEquiv>
        </Word>
        <Word id="w139">
          <Coords points="1038,1594 1087,1594 1087,1647 1038,1647"/>
          <TextEquiv>
            <Unicode>بر</Unicode>
          </TextEquiv>
        </Word>
        <Word id="w140">
          <Coords points="1007,1554 1045,1554 1045,1623 1007,1623"/>
          <TextEquiv>
            <Unicode>ئا</Unicode>
          </TextEquiv>
        </Word>
        <Word id="w141">
          <Coords points="887,1579 991,1579 991,1641 887,1641"/>
          <TextEquiv>
            <Unicode>فقد</Unicode>
          </TextEquiv>
        </Word>
        <Word id="w142">
          <Coords points="869,1555 886,1555 886,1627 869,1627"/>
          <TextEquiv>
            <Unicode>ا</Unicode>
          </TextEquiv>
        </Word>
        <Word id="w143">
          <Coords points="740,1570 861,1570 861,1674 740,1674"/>
          <TextEquiv>
            <Unicode>حتمل</Unicode>
          </TextEquiv>
        </Word>
        <Word id="w144">
          <Coords points="602,1560 742,1560 742,1687 602,1687"/>
          <TextEquiv>
            <Unicode>بهتا</Unicode>
          </TextEquiv>
        </Word>
        <Word id="w145">
          <Coords points="565,1568 592,1568 592,1637 565,1637"/>
          <TextEquiv>
            <Unicode>نا</Unicode>
          </TextEquiv>
        </Word>
        <Word id="w146">
          <Coords points="505,1603 553,1603 553,1654 505,1654"/>
          <TextEquiv>
            <Unicode>و</Unicode>
          </TextEquiv>
        </Word>
        <Word id="w147">
          <Coords points="501,1573 516,1573 516,1631 501,1631"/>
          <TextEquiv>
            <Unicode>ا</Unicode>
          </TextEquiv>
        </Word>
        <Word id="w148">
          <Coords points="426,1566 491,1566 491,1649 426,1649"/>
          <TextEquiv>
            <Unicode>ثما</Unicode>
          </TextEquiv>
        </Word>
        <Word id="w149">
          <Coords points="264,1559 415,1559 415,1671 264,1671"/>
          <TextEquiv>
            <Unicode>مبينا</Unicode>
          </TextEquiv>
        </Word>
        <Word id="w150">
          <Coords points="108,1606 159,1606 159,1656 108,1656"/>
          <TextEquiv>
            <Unicode>و</Unicode>
          </TextEquiv>
        </Word>
        <Word id="w151">
          <Coords points="76,1565 130,1565 130,1656 76,1656"/>
          <TextEquiv>
            <Unicode>لو</Unicode>
          </TextEquiv>
        </Word>
        <Word id="w152">
          <Coords points="30,1569 75,1569 75,1648 30,1648"/>
          <TextEquiv>
            <Unicode>لا</Unicode>
          </TextEquiv>
        </Word>
        <TextEquiv>
          <Unicode> تم ير م به بر ئا فقد ا حتمل بهتا نا و ا ثما مبينا و لو لا</Unicode>
        </TextEquiv>
      </TextLine>
      <TextLine id="l10">
        <Coords points="33,1720 1285,1720 1285,1841 33,1841"/>
        <Word id="w153">
          <Coords points="1145,1745 1284,1745 1284,1833 1145,1833"/>
          <TextEquiv>
            <Unicode>فضل</Unicode>
          </TextEquiv>
        </Word>
        <Word id="w154">
          <Coords points="1134,1740 1151,1740 1151,1793 1134,1793"/>
          <TextEquiv>
            <Unicode>ا</Unicode>
          </TextEquiv>
        </Word>
        <Word id="w155">
          <Coords points="1051,1757 1131,1757 1131,1801 1051,1801"/>
          <TextEquiv>
            <Unicode>لله</Unicode>
          </TextEquiv>
        </Word>
        <Word id="w156">
          <Coords points="878,1738 1041,1738 1041,1840 878,1840"/>
          <TextEquiv>
            <Unicode>عليك</Unicode>
          </TextEquiv>
        </Word>
        <Word id="w157">
          <Coords points="818,1768 866,1768 866,1823 818,1823"/>
          <TextEquiv>
            <Unicode>و</Unicode>
          </TextEquiv>
        </Word>
        <Word id="w158">
          <Coords points="783,1766 821,1766 821,1810 783,1810"/>
          <TextEquiv>
            <Unicode>ر</Unicode>
          </TextEquiv>
        </Word>
        <Word id="w159">
          <Coords points="651,1761 792,1761 792,1811 651,1811"/>
          <TextEquiv>
            <Unicode>حمته</Unicode>
          </TextEquiv>
        </Word>
        <Word id="w160">
          <Coords points="452,1724 632,1724 632,1818 452,1818"/>
          <TextEquiv>
            <Unicode>لهمت</Unicode>
          </TextEquiv>
        </Word>
        <Word id="w161">
          <Coords points="368,1737 434,1737 434,1803 368,1803"/>
          <TextEquiv>
            <Unicode>طا</Unicode>
          </TextEquiv>
        </Word>
        <Word id="w162">
          <Coords points="255,1747 353,1747 353,1808 255,1808"/>
          <TextEquiv>
            <Unicode>ئفه</Unicode>
          </TextEquiv>
        </Word>
        <Word id="w163">
          <Coords points="77,1769 243,1769 243,1828 77,1828"/>
          <TextEquiv>
            <Unicode>منهم</Unicode>
          </TextEquiv>
        </Word>
        <Word id="w164">
          <Coords points="64,1720 88,1720 88,1790 64,1790"/>
          <TextEquiv>
            <Unicode>ا</Unicode>
          </TextEquiv>
        </Word>
        <Word id="w165">
          <Coords points="33,1749 66,1749 66,1809 33,1809"/>
          <TextEquiv>
            <Unicode>ن</Unicode>
          </TextEquiv>
        </Word>
        <TextEquiv>
          <Unicode> فضل ا لله عليك و ر حمته لهمت طا ئفه منهم ا ن</Unicode>
        </TextEquiv>
      </TextLine>
      <TextLine id="l11">
        <Coords points="28,1892 1289,1892 1289,2016 28,2016"/>
        <Word id="w166">
          <Coords points="1129,1902 1288,1902 1288,1998 1129,1998"/>
          <TextEquiv>
            <Unicode>يضلو</Unicode>
          </TextEquiv>
        </Word>
        <Word id="w167">
          <Coords points="1091,1906 1142,1906 1142,1968 1091,1968"/>
          <TextEquiv>
            <Unicode>ك</Unicode>
          </TextEquiv>
        </Word>
        <Word id="w168">
          <Coords points="998,1902 1048,1902 1048,1967 998,1967"/>
          <TextEquiv>
            <Unicode>ما</Unicode>
          </TextEquiv>
        </Word>
        <Word id="w169">
          <Coords points="821,1910 984,1910 984,2009 821,2009"/>
          <TextEquiv>
            <Unicode>يضلو</Unicode>
          </TextEquiv>
        </Word>
        <Word id="w170">
          <Coords points="790,1913 827,1913 827,1977 790,1977"/>
          <TextEquiv>
            <Unicode>ن</Unicode>
          </TextEquiv>
        </Word>
        <Word id="w171">
          <Coords points="762,1901 778,1901 778,1966 762,1966"/>
          <TextEquiv>
            <Unicode>ا</Unicode>
          </TextEquiv>
        </Word>
        <Word id="w172">
          <Coords points="707,1904 749,1904 749,1980 707,1980"/>
          <TextEquiv>
            <Unicode>لا</Unicode>
          </TextEquiv>
        </Word>
        <Word id="w173">
          <Coords points="677,1897 704,1897 704,1972 677,1972"/>
          <TextEquiv>
            <Unicode>ا</Unicode>
          </TextEquiv>
        </Word>
        <Word id="w174">
          <Coords points="501,1915 669,1915 669,2015 501,2015"/>
          <TextEquiv>
            <Unicode>نفسهم</Unicode>
          </TextEquiv>
        </Word>
        <Word id="w175">
          <Coords points="447,1933 496,1933 496,1990 447,1990"/>
          <TextEquiv>
            <Unicode>و</Unicode>
          </TextEquiv>
        </Word>
        <Word id="w176">
          <Coords points="411,1892 458,1892 458,1967 411,1967"/>
          <TextEquiv>
            <Unicode>ما</Unicode>
          </TextEquiv>
        </Word>
        <Word id="w177">
          <Coords points="261,1911 399,1911 399,2007 261,2007"/>
          <TextEquiv>
            <Unicode>يضر</Unicode>
          </TextEquiv>
        </Word>
        <Word id="w178">
          <Coords points="245,1916 290,1916 290,1980 245,1980"/>
          <TextEquiv>
            <Unicode>و</Unicode>
          </TextEquiv>
        </Word>
        <Word id="w179">
          <Coords points="163,1894 251,1894 251,1966 163,1966"/>
          <TextEquiv>
            <Unicode>نك</Unicode>
          </TextEquiv>
        </Word>
        <Word id="w180">
          <Coords points="28,1926 150,1926 150,1989 28,1989"/>
          <TextEquiv>
            <Unicode>من</Unicode>
          </TextEquiv>
        </Word>
        <TextEquiv>
          <Unicode> يضلو ك ما يضلو ن ا لا ا نفسهم و ما يضر و نك من</Unicode>
        </TextEquiv>
      </TextLine>
      <TextLine id="l12">
        <Coords points="11,2033 1288,2033 1288,2166 11,2166"/>
        <Word id="w181">
          <Coords points="1190,2099 1287,2099 1287,2154 1190,2154"/>
          <TextEquiv>
            <Unicode>سى</Unicode>
          </TextEquiv>
        </Word>
        <Word id="w182">
          <Coords points="1109,2060 1128,2060 1128,2117 1109,2117"/>
          <TextEquiv>
            <Unicode>ا</Unicode>
          </TextEquiv>
        </Word>
        <Word id="w183">
          <Coords points="1105,2091 1160,2091 1160,2140 1105,2140"/>
          <TextEquiv>
            <Unicode>و</Unicode>
          </TextEquiv>
        </Word>
        <Word id="w184">
          <Coords points="1050,2084 1096,2084 1096,2144 1050,2144"/>
          <TextEquiv>
            <Unicode>نز</Unicode>
          </TextEquiv>
        </Word>
        <Word id="w185">
          <Coords points="1013,2058 1053,2058 1053,2131 1013,2131"/>
          <TextEquiv>
            <Unicode>ل</Unicode>
          </TextEquiv>
        </Word>
        <Word id="w186">
          <Coords points="980,2072 1005,2072 1005,2127 980,2127"/>
          <TextEquiv>
            <Unicode>ا</Unicode>
          </TextEquiv>
        </Word>
        <Word id="w187">
          <Coords points="905,2092 974,2092 974,2134 905,2134"/>
          <TextEquiv>
            <Unicode>لله</Unicode>
          </TextEquiv>
        </Word>
        <Word id="w188">
          <Coords points="728,2069 889,2069 889,2165 728,2165"/>
          <TextEquiv>
            <Unicode>عليك</Unicode>
          </TextEquiv>
        </Word>
        <Word id="w189">
          <Coords points="706,2076 717,2076 717,2122 706,2122"/>
          <TextEquiv>
            <Unicode>ا</Unicode>
          </TextEquiv>
        </Word>
        <Word id="w190">
          <Coords points="601,2033 696,2033 696,2156 601,2156"/>
          <TextEquiv>
            <Unicode>لكتا</Unicode>
          </TextEquiv>
        </Word>
        <Word id="w191">
          <Coords points="528,2105 591,2105 591,2160 528,2160"/>
          <TextEquiv>
            <Unicode>ب</Unicode>
          </TextEquiv>
        </Word>
        <Word id="w192">
          <Coords points="477,2095 525,2095 525,2154 477,2154"/>
          <TextEquiv>
            <Unicode>و</Unicode>
          </TextEquiv>
        </Word>
        <Word id="w193">
          <Coords points="460,2058 483,2058 483,2122 460,2122"/>
          <TextEquiv>
            <Unicode>ا</Unicode>
          </TextEquiv>
        </Word>
        <Word id="w194">
          <Coords points="175,2063 463,2063 463,2153 175,2153"/>
          <TextEquiv>
            <Unicode>لحكمة</Unicode>
          </TextEquiv>
        </Word>
        <Word id="w195">
          <Coords points="121,2106 167,2106 167,2150 121,2150"/>
          <TextEquiv>
            <Unicode>و</Unicode>
          </TextEquiv>
        </Word>
        <Word id="w196">
          <Coords points="11,2074 130,2074 130,2151 11,2151"/>
          <TextEquiv>
            <Unicode>علمك</Unicode>
          </TextEquiv>
        </Word>
        <TextEquiv>
          <Unicode> سى ا و نز ل ا لله عليك ا لكتا ب و ا لحكمة و علمك</Unicode>
        </TextEquiv>
      </TextLine>
      <TextLine id="l13">
        <Coords points="8,2194 1297,2194 1297,2361 8,2361"/>
        <Word id="w197">
          <Coords points="1242,2222 1296,2222 1296,2297 1242,2297"/>
          <TextEquiv>
            <Unicode>ما</Unicode>
          </TextEquiv>
        </Word>
        <Word id="w198">
          <Coords points="1188,2226 1227,2226 1227,2315 1188,2315"/>
          <TextEquiv>
            <Unicode>لم</Unicode>
          </TextEquiv>
        </Word>
        <Word id="w199">
          <Coords points="1087,2194 1186,2194 1186,2328 1087,2328"/>
          <TextEquiv>
            <Unicode>تكن</Unicode>
          </TextEquiv>
        </Word>
        <Word id="w200">
          <Coords points="968,2234 1078,2234 1078,2360 968,2360"/>
          <TextEquiv>
            <Unicode>تعلم</Unicode>
          </TextEquiv>
        </Word>
        <Word id="w201">
          <Coords points="912,2267 958,2267 958,2315 912,2315"/>
          <TextEquiv>
            <Unicode>و</Unicode>
          </TextEquiv>
        </Word>
        <Word id="w202">
          <Coords points="883,2198 960,2198 960,2302 883,2302"/>
          <TextEquiv>
            <Unicode>كا</Unicode>
          </TextEquiv>
        </Word>
        <Word id="w203">
          <Coords points="831,2240 880,2240 880,2311 831,2311"/>
          <TextEquiv>
            <Unicode>ن</Unicode>
          </TextEquiv>
        </Word>
        <Word id="w204">
          <Coords points="682,2242 824,2242 824,2335 682,2335"/>
          <TextEquiv>
            <Unicode>فضل</Unicode>
          </TextEquiv>
        </Word>
        <Word id="w205">
          <Coords points="674,2231 695,2231 695,2289 674,2289"/>
          <TextEquiv>
            <Unicode>ا</Unicode>
          </TextEquiv>
        </Word>
        <Word id="w206">
          <Coords points="588,2256 664,2256 664,2301 588,2301"/>
          <TextEquiv>
            <Unicode>لله</Unicode>
          </TextEquiv>
        </Word>
        <Word id="w207">
          <Coords points="405,2234 575,2234 575,2341 405,2341"/>
          <TextEquiv>
            <Unicode>عليك</Unicode>
          </TextEquiv>
        </Word>
        <Word id="w208">
          <Coords points="240,2237 410,2237 410,2349 240,2349"/>
          <TextEquiv>
            <Unicode>عظيما</Unicode>
          </TextEquiv>
        </Word>
        <Word id="w209">
          <Coords points="110,2227 159,2227 159,2309 110,2309"/>
          <TextEquiv>
            <Unicode>لا</Unicode>
          </TextEquiv>
        </Word>
        <Word id="w210">
          <Coords points="8,2255 108,2255 108,2328 8,2328"/>
          <TextEquiv>
            <Unicode>خير</Unicode>
          </TextEquiv>
        </Word>
        <TextEquiv>
          <Unicode> ما لم تكن تعلم و كا ن فضل ا لله عليك عظيما لا خير</Unicode>
        </TextEquiv>
      </TextLine>
      <TextLine id="l14">
        <Coords points="78,2340 1306,2340 1306,2510 78,2510"/>
        <Word id="w211">
          <Coords points="1240,2365 1305,2365 1305,2475 1240,2475"/>
          <TextEquiv>
            <Unicode>فى</Unicode>
          </TextEquiv>
        </Word>
        <Word id="w212">
          <Coords points="1128,2340 1276,2340 1276,2480 1128,2480"/>
          <TextEquiv>
            <Unicode>كثير</Unicode>
          </TextEquiv>
        </Word>
        <Word id="w213">
          <Coords points="1067,2401 1137,2401 1137,2477 1067,2477"/>
          <TextEquiv>
            <Unicode>من</Unicode>
          </TextEquiv>
        </Word>
        <Word id="w214">
          <Coords points="979,2375 1056,2375 1056,2492 979,2492"/>
          <TextEquiv>
            <Unicode>نجو</Unicode>
          </TextEquiv>
        </Word>
        <Word id="w215">
          <Coords points="900,2421 985,2421 985,2509 900,2509"/>
          <TextEquiv>
            <Unicode>يهم</Unicode>
          </TextEquiv>
        </Word>
        <Word id="w216">
          <Coords points="874,2400 893,2400 893,2452 874,2452"/>
          <TextEquiv>
            <Unicode>ا</Unicode>
          </TextEquiv>
        </Word>
        <Word id="w217">
          <Coords points="820,2411 861,2411 861,2474 820,2474"/>
          <TextEquiv>
            <Unicode>لا</Unicode>
          </TextEquiv>
        </Word>
        <Word id="w218">
          <Coords points="742,2414 825,2414 825,2485 742,2485"/>
          <TextEquiv>
            <Unicode>من</Unicode>
          </TextEquiv>
        </Word>
        <Word id="w219">
          <Coords points="720,2392 743,2392 743,2456 720,2456"/>
          <TextEquiv>
            <Unicode>ا</Unicode>
          </TextEquiv>
        </Word>
        <Word id="w220">
          <Coords points="638,2428 721,2428 721,2496 638,2496"/>
          <TextEquiv>
            <Unicode>مر</Unicode>
          </TextEquiv>
        </Word>
        <Word id="w221">
          <Coords points="513,2402 651,2402 651,2489 513,2489"/>
          <TextEquiv>
            <Unicode>بصد</Unicode>
          </TextEquiv>
        </Word>
        <Word id="w222">
          <Coords points="455,2393 520,2393 520,2461 455,2461"/>
          <TextEquiv>
            <Unicode>قة</Unicode>
          </TextEquiv>
        </Word>
        <Word id="w223">
          <Coords points="430,2388 455,2388 455,2466 430,2466"/>
          <TextEquiv>
            <Unicode>ا</Unicode>
          </TextEquiv>
        </Word>
        <Word id="w224">
          <Coords points="382,2427 428,2427 428,2480 382,2480"/>
          <TextEquiv>
            <Unicode>و</Unicode>
          </TextEquiv>
        </Word>
        <Word id="w225">
          <Coords points="267,2418 391,2418 391,2496 267,2496"/>
          <TextEquiv>
            <Unicode>معر</Unicode>
          </TextEquiv>
        </Word>
        <Word id="w226">
          <Coords points="245,2419 297,2419 297,2477 245,2477"/>
          <TextEquiv>
            <Unicode>و</Unicode>
          </TextEquiv>
        </Word>
        <Word id="w227">
          <Coords points="96,2408 254,2408 254,2475 96,2475"/>
          <TextEquiv>
            <Unicode>ف</Unicode>
          </TextEquiv>
        </Word>
        <Word id="w228">
          <Coords points="78,2400 95,2400 95,2474 78,2474"/>
          <TextEquiv>
            <Unicode>ا</Unicode>
          </TextEquiv>
        </Word>
        <TextEquiv>
          <Unicode> فى كثير من نجو يهم ا لا من ا مر بصد قة ا و معر و ف ا</Unicode>
        </TextEquiv>
      </TextLine>
    </TextRegion>
  </Page>
</PcGts>
