<?xml version='1.0' encoding='utf-8'?>
<PcGts xmlns:xsi="http://www.w3.org/2001/XMLSchema-instance" xmlns="http://schema.primaresearch.org/PAGE/gts/pagecontent/2019-07-15" xsi:schemaLocation="http://schema.primaresearch.org/PAGE/gts/pagecontent/2019-07-15 http://schema.primaresearch.org/PAGE/gts/pagecontent/2019-07-15/pagecontent.xsd" pcGtsId="pc-aletheiaexamplepage">
  <Metadata>
    <Creator>PRImA Research Lab</Creator>
    <Created>2015-07-17T15:27:13</Created>
    <LastChange>2017-07-14T10:03:33</LastChange>
    <Comments>Example Page</Comments>
  </Metadata>
  <Page imageFilename="3158466/_057-2.png" imageWidth="1341" imageHeight="2537">
    <TextRegion id="r0" type="paragraph">
      <Coords points="1,1 1339,1 1339,2535 1,2535"/>
      <TextLine id="l0">
        <Coords points="23,41 1306,41 1306,195 23,195"/>
        <Word id="w0">
          <Coords points="1116,71 1305,71 1305,185 1116,185"/>
          <TextEquiv>
            <Unicode>بظلمهم</Unicode>
          </TextEquiv>
        </Word>
        <Word id="w1">
          <Coords points="1047,64 1097,64 1097,156 1047,156"/>
          <TextEquiv>
            <Unicode>تم</Unicode>
          </TextEquiv>
        </Word>
        <Word id="w2">
          <Coords points="1036,55 1055,55 1055,124 1036,124"/>
          <TextEquiv>
            <Unicode>ا</Unicode>
          </TextEquiv>
        </Word>
        <Word id="w3">
          <Coords points="928,41 1026,41 1026,140 928,140"/>
          <TextEquiv>
            <Unicode>تخذ</Unicode>
          </TextEquiv>
        </Word>
        <Word id="w4">
          <Coords points="876,101 920,101 920,153 876,153"/>
          <TextEquiv>
            <Unicode>و</Unicode>
          </TextEquiv>
        </Word>
        <Word id="w5">
          <Coords points="870,62 882,62 882,118 870,118"/>
          <TextEquiv>
            <Unicode>ا</Unicode>
          </TextEquiv>
        </Word>
        <Word id="w6">
          <Coords points="844,66 860,66 860,117 844,117"/>
          <TextEquiv>
            <Unicode>ا</Unicode>
          </TextEquiv>
        </Word>
        <Word id="w7">
          <Coords points="684,48 838,48 838,177 684,177"/>
          <TextEquiv>
            <Unicode>لعجل</Unicode>
          </TextEquiv>
        </Word>
        <Word id="w8">
          <Coords points="618,101 687,101 687,166 618,166"/>
          <TextEquiv>
            <Unicode>من</Unicode>
          </TextEquiv>
        </Word>
        <Word id="w9">
          <Coords points="519,102 608,102 608,162 519,162"/>
          <TextEquiv>
            <Unicode>بعد</Unicode>
          </TextEquiv>
        </Word>
        <Word id="w10">
          <Coords points="465,57 511,57 511,140 465,140"/>
          <TextEquiv>
            <Unicode>ما</Unicode>
          </TextEquiv>
        </Word>
        <Word id="w11">
          <Coords points="392,58 460,58 460,146 392,146"/>
          <TextEquiv>
            <Unicode>حا</Unicode>
          </TextEquiv>
        </Word>
        <Word id="w12">
          <Coords points="369,106 392,106 392,132 369,132"/>
          <TextEquiv>
            <Unicode>ء</Unicode>
          </TextEquiv>
        </Word>
        <Word id="w13">
          <Coords points="277,94 348,94 348,194 277,194"/>
          <TextEquiv>
            <Unicode>تهم</Unicode>
          </TextEquiv>
        </Word>
        <Word id="w14">
          <Coords points="245,78 264,78 264,140 245,140"/>
          <TextEquiv>
            <Unicode>ا</Unicode>
          </TextEquiv>
        </Word>
        <Word id="w15">
          <Coords points="107,79 237,79 237,171 107,171"/>
          <TextEquiv>
            <Unicode>لبينا</Unicode>
          </TextEquiv>
        </Word>
        <Word id="w16">
          <Coords points="23,103 100,103 100,146 23,146"/>
          <TextEquiv>
            <Unicode>ت</Unicode>
          </TextEquiv>
        </Word>
        <TextEquiv>
          <Unicode> بظلمهم تم ا تخذ و ا ا لعجل من بعد ما حا ء تهم ا لبينا ت</Unicode>
        </TextEquiv>
      </TextLine>
      <TextLine id="l1">
        <Coords points="158,218 1312,218 1312,345 158,345"/>
        <Word id="w17">
          <Coords points="1107,229 1311,229 1311,344 1107,344"/>
          <TextEquiv>
            <Unicode>فعفو</Unicode>
          </TextEquiv>
        </Word>
        <Word id="w18">
          <Coords points="1083,218 1108,218 1108,305 1083,305"/>
          <TextEquiv>
            <Unicode>نا</Unicode>
          </TextEquiv>
        </Word>
        <Word id="w19">
          <Coords points="993,269 1074,269 1074,331 993,331"/>
          <TextEquiv>
            <Unicode>عن</Unicode>
          </TextEquiv>
        </Word>
        <Word id="w20">
          <Coords points="957,264 984,264 984,308 957,308"/>
          <TextEquiv>
            <Unicode>د</Unicode>
          </TextEquiv>
        </Word>
        <Word id="w21">
          <Coords points="861,250 944,250 944,314 861,314"/>
          <TextEquiv>
            <Unicode>لك</Unicode>
          </TextEquiv>
        </Word>
        <Word id="w22">
          <Coords points="799,275 847,275 847,324 799,324"/>
          <TextEquiv>
            <Unicode>و</Unicode>
          </TextEquiv>
        </Word>
        <Word id="w23">
          <Coords points="798,243 815,243 815,295 798,295"/>
          <TextEquiv>
            <Unicode>ا</Unicode>
          </TextEquiv>
        </Word>
        <Word id="w24">
          <Coords points="704,235 791,235 791,338 704,338"/>
          <TextEquiv>
            <Unicode>تينا</Unicode>
          </TextEquiv>
        </Word>
        <Word id="w25">
          <Coords points="616,280 696,280 696,334 616,334"/>
          <TextEquiv>
            <Unicode>مو</Unicode>
          </TextEquiv>
        </Word>
        <Word id="w26">
          <Coords points="524,262 620,262 620,331 524,331"/>
          <TextEquiv>
            <Unicode>سى</Unicode>
          </TextEquiv>
        </Word>
        <Word id="w27">
          <Coords points="369,233 533,233 533,308 369,308"/>
          <TextEquiv>
            <Unicode>سلطا</Unicode>
          </TextEquiv>
        </Word>
        <Word id="w28">
          <Coords points="329,232 359,232 359,307 329,307"/>
          <TextEquiv>
            <Unicode>نا</Unicode>
          </TextEquiv>
        </Word>
        <Word id="w29">
          <Coords points="158,231 322,231 322,336 158,336"/>
          <TextEquiv>
            <Unicode>مبينا</Unicode>
          </TextEquiv>
        </Word>
        <TextEquiv>
          <Unicode> فعفو نا عن د لك و ا تينا مو سى سلطا نا مبينا</Unicode>
        </TextEquiv>
      </TextLine>
      <TextLine id="l2">
        <Coords points="54,378 1303,378 1303,506 54,506"/>
        <Word id="w30">
          <Coords points="1262,436 1302,436 1302,491 1262,491"/>
          <TextEquiv>
            <Unicode>و</Unicode>
          </TextEquiv>
        </Word>
        <Word id="w31">
          <Coords points="1230,440 1262,440 1262,481 1230,481"/>
          <TextEquiv>
            <Unicode>ر</Unicode>
          </TextEquiv>
        </Word>
        <Word id="w32">
          <Coords points="1117,378 1233,378 1233,478 1117,478"/>
          <TextEquiv>
            <Unicode>فعنا</Unicode>
          </TextEquiv>
        </Word>
        <Word id="w33">
          <Coords points="1036,405 1105,405 1105,505 1036,505"/>
          <TextEquiv>
            <Unicode>فو</Unicode>
          </TextEquiv>
        </Word>
        <Word id="w34">
          <Coords points="926,408 1042,408 1042,489 926,489"/>
          <TextEquiv>
            <Unicode>قهم</Unicode>
          </TextEquiv>
        </Word>
        <Word id="w35">
          <Coords points="903,397 922,397 922,459 903,459"/>
          <TextEquiv>
            <Unicode>ا</Unicode>
          </TextEquiv>
        </Word>
        <Word id="w36">
          <Coords points="784,401 895,401 895,497 784,497"/>
          <TextEquiv>
            <Unicode>لطو</Unicode>
          </TextEquiv>
        </Word>
        <Word id="w37">
          <Coords points="750,440 789,440 789,484 750,484"/>
          <TextEquiv>
            <Unicode>ر</Unicode>
          </TextEquiv>
        </Word>
        <Word id="w38">
          <Coords points="636,383 746,383 746,494 636,494"/>
          <TextEquiv>
            <Unicode>بميثا</Unicode>
          </TextEquiv>
        </Word>
        <Word id="w39">
          <Coords points="517,387 626,387 626,489 517,489"/>
          <TextEquiv>
            <Unicode>قهم</Unicode>
          </TextEquiv>
        </Word>
        <Word id="w40">
          <Coords points="455,436 498,436 498,488 455,488"/>
          <TextEquiv>
            <Unicode>و</Unicode>
          </TextEquiv>
        </Word>
        <Word id="w41">
          <Coords points="356,401 453,401 453,478 356,478"/>
          <TextEquiv>
            <Unicode>قلنا</Unicode>
          </TextEquiv>
        </Word>
        <Word id="w42">
          <Coords points="266,394 349,394 349,481 266,481"/>
          <TextEquiv>
            <Unicode>لهم</Unicode>
          </TextEquiv>
        </Word>
        <Word id="w43">
          <Coords points="241,402 252,402 252,469 241,469"/>
          <TextEquiv>
            <Unicode>ا</Unicode>
          </TextEquiv>
        </Word>
        <Word id="w44">
          <Coords points="199,433 231,433 231,483 199,483"/>
          <TextEquiv>
            <Unicode>د</Unicode>
          </TextEquiv>
        </Word>
        <Word id="w45">
          <Coords points="62,399 183,399 183,496 62,496"/>
          <TextEquiv>
            <Unicode>خلو</Unicode>
          </TextEquiv>
        </Word>
        <Word id="w46">
          <Coords points="54,412 67,412 67,465 54,465"/>
          <TextEquiv>
            <Unicode>ا</Unicode>
          </TextEquiv>
        </Word>
        <TextEquiv>
          <Unicode> و ر فعنا فو قهم ا لطو ر بميثا قهم و قلنا لهم ا د خلو ا</Unicode>
        </TextEquiv>
      </TextLine>
      <TextLine id="l3">
        <Coords points="36,554 1304,554 1304,671 36,671"/>
        <Word id="w47">
          <Coords points="1288,578 1303,578 1303,632 1288,632"/>
          <TextEquiv>
            <Unicode>ا</Unicode>
          </TextEquiv>
        </Word>
        <Word id="w48">
          <Coords points="1224,580 1279,580 1279,659 1224,659"/>
          <TextEquiv>
            <Unicode>لبا</Unicode>
          </TextEquiv>
        </Word>
        <Word id="w49">
          <Coords points="1144,617 1214,617 1214,670 1144,670"/>
          <TextEquiv>
            <Unicode>ب</Unicode>
          </TextEquiv>
        </Word>
        <Word id="w50">
          <Coords points="1009,607 1124,607 1124,670 1009,670"/>
          <TextEquiv>
            <Unicode>سجد</Unicode>
          </TextEquiv>
        </Word>
        <Word id="w51">
          <Coords points="986,577 1001,577 1001,640 986,640"/>
          <TextEquiv>
            <Unicode>ا</Unicode>
          </TextEquiv>
        </Word>
        <Word id="w52">
          <Coords points="927,608 977,608 977,663 927,663"/>
          <TextEquiv>
            <Unicode>و</Unicode>
          </TextEquiv>
        </Word>
        <Word id="w53">
          <Coords points="837,572 933,572 933,646 837,646"/>
          <TextEquiv>
            <Unicode>فلنا</Unicode>
          </TextEquiv>
        </Word>
        <Word id="w54">
          <Coords points="718,565 821,565 821,662 718,662"/>
          <TextEquiv>
            <Unicode>لهم</Unicode>
          </TextEquiv>
        </Word>
        <Word id="w55">
          <Coords points="663,577 705,577 705,650 663,650"/>
          <TextEquiv>
            <Unicode>لا</Unicode>
          </TextEquiv>
        </Word>
        <Word id="w56">
          <Coords points="561,578 662,578 662,648 561,648"/>
          <TextEquiv>
            <Unicode>تعد</Unicode>
          </TextEquiv>
        </Word>
        <Word id="w57">
          <Coords points="508,608 553,608 553,658 508,658"/>
          <TextEquiv>
            <Unicode>و</Unicode>
          </TextEquiv>
        </Word>
        <Word id="w58">
          <Coords points="500,572 517,572 517,643 500,643"/>
          <TextEquiv>
            <Unicode>ا</Unicode>
          </TextEquiv>
        </Word>
        <Word id="w59">
          <Coords points="406,557 505,557 505,643 406,643"/>
          <TextEquiv>
            <Unicode>فى</Unicode>
          </TextEquiv>
        </Word>
        <Word id="w60">
          <Coords points="371,564 389,564 389,623 371,623"/>
          <TextEquiv>
            <Unicode>ا</Unicode>
          </TextEquiv>
        </Word>
        <Word id="w61">
          <Coords points="204,559 357,559 357,656 204,656"/>
          <TextEquiv>
            <Unicode>لسبت</Unicode>
          </TextEquiv>
        </Word>
        <Word id="w62">
          <Coords points="147,608 188,608 188,657 147,657"/>
          <TextEquiv>
            <Unicode>و</Unicode>
          </TextEquiv>
        </Word>
        <Word id="w63">
          <Coords points="144,579 153,579 153,628 144,628"/>
          <TextEquiv>
            <Unicode>ا</Unicode>
          </TextEquiv>
        </Word>
        <Word id="w64">
          <Coords points="68,587 145,587 145,643 68,643"/>
          <TextEquiv>
            <Unicode>خد</Unicode>
          </TextEquiv>
        </Word>
        <Word id="w65">
          <Coords points="36,554 61,554 61,631 36,631"/>
          <TextEquiv>
            <Unicode>نا</Unicode>
          </TextEquiv>
        </Word>
        <TextEquiv>
          <Unicode> ا لبا ب سجد ا و فلنا لهم لا تعد و ا فى ا لسبت و ا خد نا</Unicode>
        </TextEquiv>
      </TextLine>
      <TextLine id="l4">
        <Coords points="0,686 1305,686 1305,861 0,861"/>
        <Word id="w66">
          <Coords points="1147,770 1304,770 1304,833 1147,833"/>
          <TextEquiv>
            <Unicode>منهم</Unicode>
          </TextEquiv>
        </Word>
        <Word id="w67">
          <Coords points="1000,729 1140,729 1140,827 1000,827"/>
          <TextEquiv>
            <Unicode>ميثا</Unicode>
          </TextEquiv>
        </Word>
        <Word id="w68">
          <Coords points="950,727 988,727 988,807 950,807"/>
          <TextEquiv>
            <Unicode>قا</Unicode>
          </TextEquiv>
        </Word>
        <Word id="w69">
          <Coords points="779,733 939,733 939,831 779,831"/>
          <TextEquiv>
            <Unicode>غليظا</Unicode>
          </TextEquiv>
        </Word>
        <Word id="w70">
          <Coords points="592,717 656,717 656,811 592,811"/>
          <TextEquiv>
            <Unicode>فبما</Unicode>
          </TextEquiv>
        </Word>
        <Word id="w71">
          <Coords points="415,749 583,749 583,860 415,860"/>
          <TextEquiv>
            <Unicode>نقضهم</Unicode>
          </TextEquiv>
        </Word>
        <Word id="w72">
          <Coords points="285,727 409,727 409,826 285,826"/>
          <TextEquiv>
            <Unicode>ميثا</Unicode>
          </TextEquiv>
        </Word>
        <Word id="w73">
          <Coords points="171,717 272,717 272,817 171,817"/>
          <TextEquiv>
            <Unicode>قهم</Unicode>
          </TextEquiv>
        </Word>
        <Word id="w74">
          <Coords points="115,768 162,768 162,819 115,819"/>
          <TextEquiv>
            <Unicode>و</Unicode>
          </TextEquiv>
        </Word>
        <Word id="w75">
          <Coords points="50,686 171,686 171,827 50,827"/>
          <TextEquiv>
            <Unicode>كفر</Unicode>
          </TextEquiv>
        </Word>
        <Word id="w76">
          <Coords points="0,741 64,741 64,814 0,814"/>
          <TextEquiv>
            <Unicode>هم</Unicode>
          </TextEquiv>
        </Word>
        <TextEquiv>
          <Unicode> منهم ميثا قا غليظا فبما نقضهم ميثا قهم و كفر هم</Unicode>
        </TextEquiv>
      </TextLine>
      <TextLine id="l5">
        <Coords points="29,896 1306,896 1306,1005 29,1005"/>
        <Word id="w77">
          <Coords points="1281,908 1305,908 1305,992 1281,992"/>
          <TextEquiv>
            <Unicode>با</Unicode>
          </TextEquiv>
        </Word>
        <Word id="w78">
          <Coords points="1241,907 1268,907 1268,988 1241,988"/>
          <TextEquiv>
            <Unicode>يا</Unicode>
          </TextEquiv>
        </Word>
        <Word id="w79">
          <Coords points="1166,929 1228,929 1228,978 1166,978"/>
          <TextEquiv>
            <Unicode>ت</Unicode>
          </TextEquiv>
        </Word>
        <Word id="w80">
          <Coords points="1139,922 1150,922 1150,968 1139,968"/>
          <TextEquiv>
            <Unicode>ا</Unicode>
          </TextEquiv>
        </Word>
        <Word id="w81">
          <Coords points="1063,929 1132,929 1132,978 1063,978"/>
          <TextEquiv>
            <Unicode>لله</Unicode>
          </TextEquiv>
        </Word>
        <Word id="w82">
          <Coords points="999,939 1047,939 1047,994 999,994"/>
          <TextEquiv>
            <Unicode>و</Unicode>
          </TextEquiv>
        </Word>
        <Word id="w83">
          <Coords points="868,906 1004,906 1004,992 868,992"/>
          <TextEquiv>
            <Unicode>فتلهم</Unicode>
          </TextEquiv>
        </Word>
        <Word id="w84">
          <Coords points="833,907 856,907 856,963 833,963"/>
          <TextEquiv>
            <Unicode>ا</Unicode>
          </TextEquiv>
        </Word>
        <Word id="w85">
          <Coords points="775,911 818,911 818,979 775,979"/>
          <TextEquiv>
            <Unicode>لا</Unicode>
          </TextEquiv>
        </Word>
        <Word id="w86">
          <Coords points="670,900 774,900 774,1003 670,1003"/>
          <TextEquiv>
            <Unicode>نبيا</Unicode>
          </TextEquiv>
        </Word>
        <Word id="w87">
          <Coords points="641,941 669,941 669,963 641,963"/>
          <TextEquiv>
            <Unicode>ء</Unicode>
          </TextEquiv>
        </Word>
        <Word id="w88">
          <Coords points="501,929 631,929 631,1004 501,1004"/>
          <TextEquiv>
            <Unicode>بغير</Unicode>
          </TextEquiv>
        </Word>
        <Word id="w89">
          <Coords points="423,931 520,931 520,1000 423,1000"/>
          <TextEquiv>
            <Unicode>حق</Unicode>
          </TextEquiv>
        </Word>
        <Word id="w90">
          <Coords points="363,942 413,942 413,992 363,992"/>
          <TextEquiv>
            <Unicode>و</Unicode>
          </TextEquiv>
        </Word>
        <Word id="w91">
          <Coords points="312,906 373,906 373,999 312,999"/>
          <TextEquiv>
            <Unicode>قو</Unicode>
          </TextEquiv>
        </Word>
        <Word id="w92">
          <Coords points="234,913 325,913 325,984 234,984"/>
          <TextEquiv>
            <Unicode>لهم</Unicode>
          </TextEquiv>
        </Word>
        <Word id="w93">
          <Coords points="130,904 222,904 222,998 130,998"/>
          <TextEquiv>
            <Unicode>قلو</Unicode>
          </TextEquiv>
        </Word>
        <Word id="w94">
          <Coords points="29,896 135,896 135,1003 29,1003"/>
          <TextEquiv>
            <Unicode>بنا</Unicode>
          </TextEquiv>
        </Word>
        <TextEquiv>
          <Unicode> با يا ت ا لله و فتلهم ا لا نبيا ء بغير حق و قو لهم قلو بنا</Unicode>
        </TextEquiv>
      </TextLine>
      <TextLine id="l6">
        <Coords points="62,1038 1308,1038 1308,1207 62,1207"/>
        <Word id="w95">
          <Coords points="1169,1067 1307,1067 1307,1150 1169,1150"/>
          <TextEquiv>
            <Unicode>غلف</Unicode>
          </TextEquiv>
        </Word>
        <Word id="w96">
          <Coords points="1099,1071 1165,1071 1165,1166 1099,1166"/>
          <TextEquiv>
            <Unicode>بل</Unicode>
          </TextEquiv>
        </Word>
        <Word id="w97">
          <Coords points="994,1059 1107,1059 1107,1206 994,1206"/>
          <TextEquiv>
            <Unicode>طبع</Unicode>
          </TextEquiv>
        </Word>
        <Word id="w98">
          <Coords points="976,1065 992,1065 992,1128 976,1128"/>
          <TextEquiv>
            <Unicode>ا</Unicode>
          </TextEquiv>
        </Word>
        <Word id="w99">
          <Coords points="904,1091 971,1091 971,1135 904,1135"/>
          <TextEquiv>
            <Unicode>لله</Unicode>
          </TextEquiv>
        </Word>
        <Word id="w100">
          <Coords points="745,1055 882,1055 882,1170 745,1170"/>
          <TextEquiv>
            <Unicode>عليها</Unicode>
          </TextEquiv>
        </Word>
        <Word id="w101">
          <Coords points="595,1038 743,1038 743,1163 595,1163"/>
          <TextEquiv>
            <Unicode>بكفر</Unicode>
          </TextEquiv>
        </Word>
        <Word id="w102">
          <Coords points="552,1096 606,1096 606,1156 552,1156"/>
          <TextEquiv>
            <Unicode>هم</Unicode>
          </TextEquiv>
        </Word>
        <Word id="w103">
          <Coords points="460,1071 551,1071 551,1154 460,1154"/>
          <TextEquiv>
            <Unicode>فلا</Unicode>
          </TextEquiv>
        </Word>
        <Word id="w104">
          <Coords points="399,1097 457,1097 457,1173 399,1173"/>
          <TextEquiv>
            <Unicode>يو</Unicode>
          </TextEquiv>
        </Word>
        <Word id="w105">
          <Coords points="305,1086 412,1086 412,1163 305,1163"/>
          <TextEquiv>
            <Unicode>منو</Unicode>
          </TextEquiv>
        </Word>
        <Word id="w106">
          <Coords points="277,1083 311,1083 311,1143 277,1143"/>
          <TextEquiv>
            <Unicode>ن</Unicode>
          </TextEquiv>
        </Word>
        <Word id="w107">
          <Coords points="236,1071 259,1071 259,1123 236,1123"/>
          <TextEquiv>
            <Unicode>ا</Unicode>
          </TextEquiv>
        </Word>
        <Word id="w108">
          <Coords points="185,1063 237,1063 237,1146 185,1146"/>
          <TextEquiv>
            <Unicode>لا</Unicode>
          </TextEquiv>
        </Word>
        <Word id="w109">
          <Coords points="62,1060 190,1060 190,1160 62,1160"/>
          <TextEquiv>
            <Unicode>قليلا</Unicode>
          </TextEquiv>
        </Word>
        <TextEquiv>
          <Unicode> غلف بل طبع ا لله عليها بكفر هم فلا يو منو ن ا لا قليلا</Unicode>
        </TextEquiv>
      </TextLine>
      <TextLine id="l7">
        <Coords points="145,1216 1220,1216 1220,1348 145,1348"/>
        <Word id="w110">
          <Coords points="1178,1263 1219,1263 1219,1312 1178,1312"/>
          <TextEquiv>
            <Unicode>و</Unicode>
          </TextEquiv>
        </Word>
        <Word id="w111">
          <Coords points="962,1231 1192,1231 1192,1329 962,1329"/>
          <TextEquiv>
            <Unicode>بكفر</Unicode>
          </TextEquiv>
        </Word>
        <Word id="w112">
          <Coords points="899,1253 964,1253 964,1326 899,1326"/>
          <TextEquiv>
            <Unicode>هم</Unicode>
          </TextEquiv>
        </Word>
        <Word id="w113">
          <Coords points="858,1264 902,1264 902,1318 858,1318"/>
          <TextEquiv>
            <Unicode>و</Unicode>
          </TextEquiv>
        </Word>
        <Word id="w114">
          <Coords points="800,1226 873,1226 873,1324 800,1324"/>
          <TextEquiv>
            <Unicode>قو</Unicode>
          </TextEquiv>
        </Word>
        <Word id="w115">
          <Coords points="732,1221 813,1221 813,1347 732,1347"/>
          <TextEquiv>
            <Unicode>لهم</Unicode>
          </TextEquiv>
        </Word>
        <Word id="w116">
          <Coords points="633,1235 718,1235 718,1339 633,1339"/>
          <TextEquiv>
            <Unicode>على</Unicode>
          </TextEquiv>
        </Word>
        <Word id="w117">
          <Coords points="577,1256 651,1256 651,1325 577,1325"/>
          <TextEquiv>
            <Unicode>مر</Unicode>
          </TextEquiv>
        </Word>
        <Word id="w118">
          <Coords points="502,1258 584,1258 584,1328 502,1328"/>
          <TextEquiv>
            <Unicode>يم</Unicode>
          </TextEquiv>
        </Word>
        <Word id="w119">
          <Coords points="386,1218 497,1218 497,1328 386,1328"/>
          <TextEquiv>
            <Unicode>بهتا</Unicode>
          </TextEquiv>
        </Word>
        <Word id="w120">
          <Coords points="341,1219 378,1219 378,1300 341,1300"/>
          <TextEquiv>
            <Unicode>نا</Unicode>
          </TextEquiv>
        </Word>
        <Word id="w121">
          <Coords points="145,1216 338,1216 338,1326 145,1326"/>
          <TextEquiv>
            <Unicode>عظيما</Unicode>
          </TextEquiv>
        </Word>
        <TextEquiv>
          <Unicode> و بكفر هم و قو لهم على مر يم بهتا نا عظيما</Unicode>
        </TextEquiv>
      </TextLine>
      <TextLine id="l8">
        <Coords points="43,1373 1309,1373 1309,1540 43,1540"/>
        <Word id="w122">
          <Coords points="1268,1429 1308,1429 1308,1479 1268,1479"/>
          <TextEquiv>
            <Unicode>و</Unicode>
          </TextEquiv>
        </Word>
        <Word id="w123">
          <Coords points="1221,1398 1279,1398 1279,1486 1221,1486"/>
          <TextEquiv>
            <Unicode>قو</Unicode>
          </TextEquiv>
        </Word>
        <Word id="w124">
          <Coords points="1139,1375 1230,1375 1230,1478 1139,1478"/>
          <TextEquiv>
            <Unicode>لهم</Unicode>
          </TextEquiv>
        </Word>
        <Word id="w125">
          <Coords points="1111,1404 1128,1404 1128,1463 1111,1463"/>
          <TextEquiv>
            <Unicode>ا</Unicode>
          </TextEquiv>
        </Word>
        <Word id="w126">
          <Coords points="1069,1398 1099,1398 1099,1466 1069,1466"/>
          <TextEquiv>
            <Unicode>نا</Unicode>
          </TextEquiv>
        </Word>
        <Word id="w127">
          <Coords points="942,1402 1059,1402 1059,1471 942,1471"/>
          <TextEquiv>
            <Unicode>قتنا</Unicode>
          </TextEquiv>
        </Word>
        <Word id="w128">
          <Coords points="903,1404 927,1404 927,1463 903,1463"/>
          <TextEquiv>
            <Unicode>ا</Unicode>
          </TextEquiv>
        </Word>
        <Word id="w129">
          <Coords points="737,1397 897,1397 897,1539 737,1539"/>
          <TextEquiv>
            <Unicode>لمسيح</Unicode>
          </TextEquiv>
        </Word>
        <Word id="w130">
          <Coords points="569,1410 723,1410 723,1494 569,1494"/>
          <TextEquiv>
            <Unicode>عيسى</Unicode>
          </TextEquiv>
        </Word>
        <Word id="w131">
          <Coords points="565,1387 576,1387 576,1452 565,1452"/>
          <TextEquiv>
            <Unicode>ا</Unicode>
          </TextEquiv>
        </Word>
        <Word id="w132">
          <Coords points="500,1423 551,1423 551,1506 500,1506"/>
          <TextEquiv>
            <Unicode>بن</Unicode>
          </TextEquiv>
        </Word>
        <Word id="w133">
          <Coords points="429,1428 495,1428 495,1492 429,1492"/>
          <TextEquiv>
            <Unicode>مر</Unicode>
          </TextEquiv>
        </Word>
        <Word id="w134">
          <Coords points="380,1412 433,1412 433,1505 380,1505"/>
          <TextEquiv>
            <Unicode>يم</Unicode>
          </TextEquiv>
        </Word>
        <Word id="w135">
          <Coords points="330,1432 371,1432 371,1480 330,1480"/>
          <TextEquiv>
            <Unicode>ر</Unicode>
          </TextEquiv>
        </Word>
        <Word id="w136">
          <Coords points="232,1436 337,1436 337,1489 232,1489"/>
          <TextEquiv>
            <Unicode>سو</Unicode>
          </TextEquiv>
        </Word>
        <Word id="w137">
          <Coords points="208,1393 255,1393 255,1473 208,1473"/>
          <TextEquiv>
            <Unicode>ل</Unicode>
          </TextEquiv>
        </Word>
        <Word id="w138">
          <Coords points="203,1398 221,1398 221,1458 203,1458"/>
          <TextEquiv>
            <Unicode>ا</Unicode>
          </TextEquiv>
        </Word>
        <Word id="w139">
          <Coords points="127,1428 187,1428 187,1467 127,1467"/>
          <TextEquiv>
            <Unicode>لله</Unicode>
          </TextEquiv>
        </Word>
        <Word id="w140">
          <Coords points="66,1421 123,1421 123,1482 66,1482"/>
          <TextEquiv>
            <Unicode>و</Unicode>
          </TextEquiv>
        </Word>
        <Word id="w141">
          <Coords points="43,1373 90,1373 90,1459 43,1459"/>
          <TextEquiv>
            <Unicode>ما</Unicode>
          </TextEquiv>
        </Word>
        <TextEquiv>
          <Unicode> و قو لهم ا نا قتنا ا لمسيح عيسى ا بن مر يم ر سو ل ا لله و ما</Unicode>
        </TextEquiv>
      </TextLine>
      <TextLine id="l9">
        <Coords points="49,1553 1319,1553 1319,1675 49,1675"/>
        <Word id="w142">
          <Coords points="1196,1562 1318,1562 1318,1671 1196,1671"/>
          <TextEquiv>
            <Unicode>قتلو</Unicode>
          </TextEquiv>
        </Word>
        <Word id="w143">
          <Coords points="1188,1593 1205,1593 1205,1619 1188,1619"/>
          <TextEquiv>
            <Unicode>ه</Unicode>
          </TextEquiv>
        </Word>
        <Word id="w144">
          <Coords points="1123,1603 1172,1603 1172,1657 1123,1657"/>
          <TextEquiv>
            <Unicode>و</Unicode>
          </TextEquiv>
        </Word>
        <Word id="w145">
          <Coords points="1087,1555 1134,1555 1134,1637 1087,1637"/>
          <TextEquiv>
            <Unicode>ما</Unicode>
          </TextEquiv>
        </Word>
        <Word id="w146">
          <Coords points="904,1557 1074,1557 1074,1674 904,1674"/>
          <TextEquiv>
            <Unicode>صلبو</Unicode>
          </TextEquiv>
        </Word>
        <Word id="w147">
          <Coords points="896,1599 912,1599 912,1625 896,1625"/>
          <TextEquiv>
            <Unicode>ه</Unicode>
          </TextEquiv>
        </Word>
        <Word id="w148">
          <Coords points="838,1606 875,1606 875,1658 838,1658"/>
          <TextEquiv>
            <Unicode>و</Unicode>
          </TextEquiv>
        </Word>
        <Word id="w149">
          <Coords points="617,1574 836,1574 836,1659 617,1659"/>
          <TextEquiv>
            <Unicode>لكن</Unicode>
          </TextEquiv>
        </Word>
        <Word id="w150">
          <Coords points="484,1569 608,1569 608,1657 484,1657"/>
          <TextEquiv>
            <Unicode>شبه</Unicode>
          </TextEquiv>
        </Word>
        <Word id="w151">
          <Coords points="383,1553 472,1553 472,1636 383,1636"/>
          <TextEquiv>
            <Unicode>لهم</Unicode>
          </TextEquiv>
        </Word>
        <Word id="w152">
          <Coords points="328,1597 373,1597 373,1647 328,1647"/>
          <TextEquiv>
            <Unicode>و</Unicode>
          </TextEquiv>
        </Word>
        <Word id="w153">
          <Coords points="321,1564 338,1564 338,1626 321,1626"/>
          <TextEquiv>
            <Unicode>ا</Unicode>
          </TextEquiv>
        </Word>
        <Word id="w154">
          <Coords points="277,1582 313,1582 313,1640 277,1640"/>
          <TextEquiv>
            <Unicode>ن</Unicode>
          </TextEquiv>
        </Word>
        <Word id="w155">
          <Coords points="239,1558 262,1558 262,1626 239,1626"/>
          <TextEquiv>
            <Unicode>ا</Unicode>
          </TextEquiv>
        </Word>
        <Word id="w156">
          <Coords points="183,1572 241,1572 241,1636 183,1636"/>
          <TextEquiv>
            <Unicode>لذ</Unicode>
          </TextEquiv>
        </Word>
        <Word id="w157">
          <Coords points="49,1597 192,1597 192,1660 49,1660"/>
          <TextEquiv>
            <Unicode>ين</Unicode>
          </TextEquiv>
        </Word>
        <TextEquiv>
          <Unicode> قتلو ه و ما صلبو ه و لكن شبه لهم و ا ن ا لذ ين</Unicode>
        </TextEquiv>
      </TextLine>
      <TextLine id="l10">
        <Coords points="59,1714 1310,1714 1310,1857 59,1857"/>
        <Word id="w158">
          <Coords points="1293,1725 1309,1725 1309,1791 1293,1791"/>
          <TextEquiv>
            <Unicode>ا</Unicode>
          </TextEquiv>
        </Word>
        <Word id="w159">
          <Coords points="1118,1727 1294,1727 1294,1829 1118,1829"/>
          <TextEquiv>
            <Unicode>ختلفو</Unicode>
          </TextEquiv>
        </Word>
        <Word id="w160">
          <Coords points="1102,1738 1131,1738 1131,1808 1102,1808"/>
          <TextEquiv>
            <Unicode>ا</Unicode>
          </TextEquiv>
        </Word>
        <Word id="w161">
          <Coords points="1000,1736 1102,1736 1102,1831 1000,1831"/>
          <TextEquiv>
            <Unicode>فيه</Unicode>
          </TextEquiv>
        </Word>
        <Word id="w162">
          <Coords points="909,1714 980,1714 980,1831 909,1831"/>
          <TextEquiv>
            <Unicode>لفى</Unicode>
          </TextEquiv>
        </Word>
        <Word id="w163">
          <Coords points="765,1730 899,1730 899,1816 765,1816"/>
          <TextEquiv>
            <Unicode>شك</Unicode>
          </TextEquiv>
        </Word>
        <Word id="w164">
          <Coords points="646,1763 749,1763 749,1807 646,1807"/>
          <TextEquiv>
            <Unicode>منه</Unicode>
          </TextEquiv>
        </Word>
        <Word id="w165">
          <Coords points="585,1740 629,1740 629,1806 585,1806"/>
          <TextEquiv>
            <Unicode>ما</Unicode>
          </TextEquiv>
        </Word>
        <Word id="w166">
          <Coords points="482,1723 574,1723 574,1810 482,1810"/>
          <TextEquiv>
            <Unicode>لهم</Unicode>
          </TextEquiv>
        </Word>
        <Word id="w167">
          <Coords points="436,1769 475,1769 475,1810 436,1810"/>
          <TextEquiv>
            <Unicode>به</Unicode>
          </TextEquiv>
        </Word>
        <Word id="w168">
          <Coords points="351,1752 426,1752 426,1822 351,1822"/>
          <TextEquiv>
            <Unicode>من</Unicode>
          </TextEquiv>
        </Word>
        <Word id="w169">
          <Coords points="282,1719 351,1719 351,1856 282,1856"/>
          <TextEquiv>
            <Unicode>علم</Unicode>
          </TextEquiv>
        </Word>
        <Word id="w170">
          <Coords points="261,1720 278,1720 278,1788 261,1788"/>
          <TextEquiv>
            <Unicode>ا</Unicode>
          </TextEquiv>
        </Word>
        <Word id="w171">
          <Coords points="209,1740 249,1740 249,1806 209,1806"/>
          <TextEquiv>
            <Unicode>لا</Unicode>
          </TextEquiv>
        </Word>
        <Word id="w172">
          <Coords points="184,1730 208,1730 208,1793 184,1793"/>
          <TextEquiv>
            <Unicode>ا</Unicode>
          </TextEquiv>
        </Word>
        <Word id="w173">
          <Coords points="103,1718 195,1718 195,1820 103,1820"/>
          <TextEquiv>
            <Unicode>تبا</Unicode>
          </TextEquiv>
        </Word>
        <Word id="w174">
          <Coords points="59,1746 134,1746 134,1848 59,1848"/>
          <TextEquiv>
            <Unicode>ع</Unicode>
          </TextEquiv>
        </Word>
        <TextEquiv>
          <Unicode> ا ختلفو ا فيه لفى شك منه ما لهم به من علم ا لا ا تبا ع</Unicode>
        </TextEquiv>
      </TextLine>
      <TextLine id="l11">
        <Coords points="43,1877 1313,1877 1313,1998 43,1998"/>
        <Word id="w175">
          <Coords points="1301,1895 1312,1895 1312,1961 1301,1961"/>
          <TextEquiv>
            <Unicode>ا</Unicode>
          </TextEquiv>
        </Word>
        <Word id="w176">
          <Coords points="1175,1893 1292,1893 1292,1989 1175,1989"/>
          <TextEquiv>
            <Unicode>لظن</Unicode>
          </TextEquiv>
        </Word>
        <Word id="w177">
          <Coords points="1125,1931 1164,1931 1164,1978 1125,1978"/>
          <TextEquiv>
            <Unicode>و</Unicode>
          </TextEquiv>
        </Word>
        <Word id="w178">
          <Coords points="1086,1886 1130,1886 1130,1963 1086,1963"/>
          <TextEquiv>
            <Unicode>ما</Unicode>
          </TextEquiv>
        </Word>
        <Word id="w179">
          <Coords points="951,1884 1077,1884 1077,1997 951,1997"/>
          <TextEquiv>
            <Unicode>قتلو</Unicode>
          </TextEquiv>
        </Word>
        <Word id="w180">
          <Coords points="942,1930 958,1930 958,1956 942,1956"/>
          <TextEquiv>
            <Unicode>ه</Unicode>
          </TextEquiv>
        </Word>
        <Word id="w181">
          <Coords points="790,1881 918,1881 918,1987 790,1987"/>
          <TextEquiv>
            <Unicode>يقينا</Unicode>
          </TextEquiv>
        </Word>
        <Word id="w182">
          <Coords points="612,1896 693,1896 693,1997 612,1997"/>
          <TextEquiv>
            <Unicode>بل</Unicode>
          </TextEquiv>
        </Word>
        <Word id="w183">
          <Coords points="586,1934 619,1934 619,1973 586,1973"/>
          <TextEquiv>
            <Unicode>ر</Unicode>
          </TextEquiv>
        </Word>
        <Word id="w184">
          <Coords points="481,1910 579,1910 579,1972 481,1972"/>
          <TextEquiv>
            <Unicode>فعه</Unicode>
          </TextEquiv>
        </Word>
        <Word id="w185">
          <Coords points="457,1899 472,1899 472,1955 457,1955"/>
          <TextEquiv>
            <Unicode>ا</Unicode>
          </TextEquiv>
        </Word>
        <Word id="w186">
          <Coords points="384,1919 445,1919 445,1968 384,1968"/>
          <TextEquiv>
            <Unicode>لله</Unicode>
          </TextEquiv>
        </Word>
        <Word id="w187">
          <Coords points="340,1897 359,1897 359,1961 340,1961"/>
          <TextEquiv>
            <Unicode>ا</Unicode>
          </TextEquiv>
        </Word>
        <Word id="w188">
          <Coords points="245,1894 335,1894 335,1993 245,1993"/>
          <TextEquiv>
            <Unicode>ليه</Unicode>
          </TextEquiv>
        </Word>
        <Word id="w189">
          <Coords points="181,1931 225,1931 225,1985 181,1985"/>
          <TextEquiv>
            <Unicode>و</Unicode>
          </TextEquiv>
        </Word>
        <Word id="w190">
          <Coords points="141,1877 210,1877 210,1967 141,1967"/>
          <TextEquiv>
            <Unicode>كا</Unicode>
          </TextEquiv>
        </Word>
        <Word id="w191">
          <Coords points="43,1919 119,1919 119,1973 43,1973"/>
          <TextEquiv>
            <Unicode>ن</Unicode>
          </TextEquiv>
        </Word>
        <TextEquiv>
          <Unicode> ا لظن و ما قتلو ه يقينا بل ر فعه ا لله ا ليه و كا ن</Unicode>
        </TextEquiv>
      </TextLine>
      <TextLine id="l12">
        <Coords points="21,2026 1312,2026 1312,2165 21,2165"/>
        <Word id="w192">
          <Coords points="1296,2071 1311,2071 1311,2124 1296,2124"/>
          <TextEquiv>
            <Unicode>ا</Unicode>
          </TextEquiv>
        </Word>
        <Word id="w193">
          <Coords points="1220,2075 1292,2075 1292,2137 1220,2137"/>
          <TextEquiv>
            <Unicode>لله</Unicode>
          </TextEquiv>
        </Word>
        <Word id="w194">
          <Coords points="1126,2076 1212,2076 1212,2164 1126,2164"/>
          <TextEquiv>
            <Unicode>غز</Unicode>
          </TextEquiv>
        </Word>
        <Word id="w195">
          <Coords points="1087,2103 1147,2103 1147,2149 1087,2149"/>
          <TextEquiv>
            <Unicode>ير</Unicode>
          </TextEquiv>
        </Word>
        <Word id="w196">
          <Coords points="1083,2065 1098,2065 1098,2134 1083,2134"/>
          <TextEquiv>
            <Unicode>ا</Unicode>
          </TextEquiv>
        </Word>
        <Word id="w197">
          <Coords points="808,2067 1077,2067 1077,2151 808,2151"/>
          <TextEquiv>
            <Unicode>حكيما</Unicode>
          </TextEquiv>
        </Word>
        <Word id="w198">
          <Coords points="651,2090 705,2090 705,2148 651,2148"/>
          <TextEquiv>
            <Unicode>و</Unicode>
          </TextEquiv>
        </Word>
        <Word id="w199">
          <Coords points="638,2052 661,2052 661,2118 638,2118"/>
          <TextEquiv>
            <Unicode>ا</Unicode>
          </TextEquiv>
        </Word>
        <Word id="w200">
          <Coords points="589,2072 635,2072 635,2139 589,2139"/>
          <TextEquiv>
            <Unicode>ن</Unicode>
          </TextEquiv>
        </Word>
        <Word id="w201">
          <Coords points="511,2096 583,2096 583,2154 511,2154"/>
          <TextEquiv>
            <Unicode>من</Unicode>
          </TextEquiv>
        </Word>
        <Word id="w202">
          <Coords points="488,2051 513,2051 513,2118 488,2118"/>
          <TextEquiv>
            <Unicode>ا</Unicode>
          </TextEquiv>
        </Word>
        <Word id="w203">
          <Coords points="394,2068 487,2068 487,2164 394,2164"/>
          <TextEquiv>
            <Unicode>هل</Unicode>
          </TextEquiv>
        </Word>
        <Word id="w204">
          <Coords points="387,2061 404,2061 404,2122 387,2122"/>
          <TextEquiv>
            <Unicode>ا</Unicode>
          </TextEquiv>
        </Word>
        <Word id="w205">
          <Coords points="293,2026 383,2026 383,2146 293,2146"/>
          <TextEquiv>
            <Unicode>لكتا</Unicode>
          </TextEquiv>
        </Word>
        <Word id="w206">
          <Coords points="208,2100 279,2100 279,2154 208,2154"/>
          <TextEquiv>
            <Unicode>ب</Unicode>
          </TextEquiv>
        </Word>
        <Word id="w207">
          <Coords points="197,2050 220,2050 220,2105 197,2105"/>
          <TextEquiv>
            <Unicode>ا</Unicode>
          </TextEquiv>
        </Word>
        <Word id="w208">
          <Coords points="146,2062 192,2062 192,2137 146,2137"/>
          <TextEquiv>
            <Unicode>لا</Unicode>
          </TextEquiv>
        </Word>
        <Word id="w209">
          <Coords points="77,2056 150,2056 150,2150 77,2150"/>
          <TextEquiv>
            <Unicode>ليو</Unicode>
          </TextEquiv>
        </Word>
        <Word id="w210">
          <Coords points="21,2044 109,2044 109,2141 21,2141"/>
          <TextEquiv>
            <Unicode>منن</Unicode>
          </TextEquiv>
        </Word>
        <TextEquiv>
          <Unicode> ا لله غز ير ا حكيما و ا ن من ا هل ا لكتا ب ا لا ليو منن</Unicode>
        </TextEquiv>
      </TextLine>
      <TextLine id="l13">
        <Coords points="160,2186 1315,2186 1315,2356 160,2356"/>
        <Word id="w211">
          <Coords points="1282,2258 1314,2258 1314,2300 1282,2300"/>
          <TextEquiv>
            <Unicode>به</Unicode>
          </TextEquiv>
        </Word>
        <Word id="w212">
          <Coords points="1171,2216 1274,2216 1274,2335 1171,2335"/>
          <TextEquiv>
            <Unicode>قبل</Unicode>
          </TextEquiv>
        </Word>
        <Word id="w213">
          <Coords points="1094,2266 1181,2266 1181,2329 1094,2329"/>
          <TextEquiv>
            <Unicode>مو</Unicode>
          </TextEquiv>
        </Word>
        <Word id="w214">
          <Coords points="1076,2238 1108,2238 1108,2297 1076,2297"/>
          <TextEquiv>
            <Unicode>ته</Unicode>
          </TextEquiv>
        </Word>
        <Word id="w215">
          <Coords points="1018,2253 1064,2253 1064,2321 1018,2321"/>
          <TextEquiv>
            <Unicode>و</Unicode>
          </TextEquiv>
        </Word>
        <Word id="w216">
          <Coords points="966,2257 1023,2257 1023,2340 966,2340"/>
          <TextEquiv>
            <Unicode>يو</Unicode>
          </TextEquiv>
        </Word>
        <Word id="w217">
          <Coords points="923,2267 961,2267 961,2304 923,2304"/>
          <TextEquiv>
            <Unicode>م</Unicode>
          </TextEquiv>
        </Word>
        <Word id="w218">
          <Coords points="894,2231 918,2231 918,2288 894,2288"/>
          <TextEquiv>
            <Unicode>ا</Unicode>
          </TextEquiv>
        </Word>
        <Word id="w219">
          <Coords points="686,2225 883,2225 883,2337 686,2337"/>
          <TextEquiv>
            <Unicode>لقيمة</Unicode>
          </TextEquiv>
        </Word>
        <Word id="w220">
          <Coords points="582,2186 699,2186 699,2336 582,2336"/>
          <TextEquiv>
            <Unicode>يكو</Unicode>
          </TextEquiv>
        </Word>
        <Word id="w221">
          <Coords points="543,2264 577,2264 577,2313 543,2313"/>
          <TextEquiv>
            <Unicode>ن</Unicode>
          </TextEquiv>
        </Word>
        <Word id="w222">
          <Coords points="361,2243 524,2243 524,2355 361,2355"/>
          <TextEquiv>
            <Unicode>عليهم</Unicode>
          </TextEquiv>
        </Word>
        <Word id="w223">
          <Coords points="181,2224 358,2224 358,2336 181,2336"/>
          <TextEquiv>
            <Unicode>شهيد</Unicode>
          </TextEquiv>
        </Word>
        <Word id="w224">
          <Coords points="160,2236 181,2236 181,2303 160,2303"/>
          <TextEquiv>
            <Unicode>ا</Unicode>
          </TextEquiv>
        </Word>
        <TextEquiv>
          <Unicode> به قبل مو ته و يو م ا لقيمة يكو ن عليهم شهيد ا</Unicode>
        </TextEquiv>
      </TextLine>
      <TextLine id="l14">
        <Coords points="46,2378 1331,2378 1331,2511 46,2511"/>
        <Word id="w225">
          <Coords points="1152,2378 1330,2378 1330,2510 1152,2510"/>
          <TextEquiv>
            <Unicode>فبظلم</Unicode>
          </TextEquiv>
        </Word>
        <Word id="w226">
          <Coords points="1079,2421 1151,2421 1151,2487 1079,2487"/>
          <TextEquiv>
            <Unicode>من</Unicode>
          </TextEquiv>
        </Word>
        <Word id="w227">
          <Coords points="1054,2404 1071,2404 1071,2468 1054,2468"/>
          <TextEquiv>
            <Unicode>ا</Unicode>
          </TextEquiv>
        </Word>
        <Word id="w228">
          <Coords points="991,2410 1045,2410 1045,2479 991,2479"/>
          <TextEquiv>
            <Unicode>لد</Unicode>
          </TextEquiv>
        </Word>
        <Word id="w229">
          <Coords points="915,2415 996,2415 996,2510 915,2510"/>
          <TextEquiv>
            <Unicode>ين</Unicode>
          </TextEquiv>
        </Word>
        <Word id="w230">
          <Coords points="838,2381 911,2381 911,2472 838,2472"/>
          <TextEquiv>
            <Unicode>ها</Unicode>
          </TextEquiv>
        </Word>
        <Word id="w231">
          <Coords points="794,2422 834,2422 834,2469 794,2469"/>
          <TextEquiv>
            <Unicode>د</Unicode>
          </TextEquiv>
        </Word>
        <Word id="w232">
          <Coords points="730,2396 762,2396 762,2474 730,2474"/>
          <TextEquiv>
            <Unicode>ا</Unicode>
          </TextEquiv>
        </Word>
        <Word id="w233">
          <Coords points="638,2430 717,2430 717,2485 638,2485"/>
          <TextEquiv>
            <Unicode>حر</Unicode>
          </TextEquiv>
        </Word>
        <Word id="w234">
          <Coords points="551,2397 648,2397 648,2474 551,2474"/>
          <TextEquiv>
            <Unicode>منا</Unicode>
          </TextEquiv>
        </Word>
        <Word id="w235">
          <Coords points="348,2390 540,2390 540,2508 348,2508"/>
          <TextEquiv>
            <Unicode>عليهم</Unicode>
          </TextEquiv>
        </Word>
        <Word id="w236">
          <Coords points="209,2382 344,2382 344,2507 209,2507"/>
          <TextEquiv>
            <Unicode>طيا</Unicode>
          </TextEquiv>
        </Word>
        <Word id="w237">
          <Coords points="46,2407 205,2407 205,2476 46,2476"/>
          <TextEquiv>
            <Unicode>ت</Unicode>
          </TextEquiv>
        </Word>
        <TextEquiv>
          <Unicode> فبظلم من ا لد ين ها د ا حر منا عليهم طيا ت</Unicode>
        </TextEquiv>
      </TextLine>
    </TextRegion>
  </Page>
</PcGts>
