<?xml version='1.0' encoding='utf-8'?>
<PcGts xmlns:xsi="http://www.w3.org/2001/XMLSchema-instance" xmlns="http://schema.primaresearch.org/PAGE/gts/pagecontent/2019-07-15" xsi:schemaLocation="http://schema.primaresearch.org/PAGE/gts/pagecontent/2019-07-15 http://schema.primaresearch.org/PAGE/gts/pagecontent/2019-07-15/pagecontent.xsd" pcGtsId="pc-aletheiaexamplepage">
  <Metadata>
    <Creator>PRImA Research Lab</Creator>
    <Created>2015-07-17T15:27:13</Created>
    <LastChange>2017-07-14T10:03:33</LastChange>
    <Comments>Example Page</Comments>
  </Metadata>
  <Page imageFilename="3158466/_059-1.png" imageWidth="1313" imageHeight="2173">
    <TextRegion id="r0" type="paragraph">
      <Coords points="1,1 1311,1 1311,2171 1,2171"/>
      <TextLine id="l0">
        <Coords points="9,11 1304,11 1304,158 9,158"/>
        <Word id="w0">
          <Coords points="1003,25 1303,25 1303,153 1003,153"/>
          <TextEquiv>
            <Unicode>فسيحشر</Unicode>
          </TextEquiv>
        </Word>
        <Word id="w1">
          <Coords points="962,75 1024,75 1024,143 962,143"/>
          <TextEquiv>
            <Unicode>هم</Unicode>
          </TextEquiv>
        </Word>
        <Word id="w2">
          <Coords points="947,35 971,35 971,100 947,100"/>
          <TextEquiv>
            <Unicode>ا</Unicode>
          </TextEquiv>
        </Word>
        <Word id="w3">
          <Coords points="872,29 938,29 938,135 872,135"/>
          <TextEquiv>
            <Unicode>ليه</Unicode>
          </TextEquiv>
        </Word>
        <Word id="w4">
          <Coords points="722,11 857,11 857,143 722,143"/>
          <TextEquiv>
            <Unicode>جميعا</Unicode>
          </TextEquiv>
        </Word>
        <Word id="w5">
          <Coords points="583,45 619,45 619,116 583,116"/>
          <TextEquiv>
            <Unicode>فا</Unicode>
          </TextEquiv>
        </Word>
        <Word id="w6">
          <Coords points="521,42 569,42 569,117 521,117"/>
          <TextEquiv>
            <Unicode>ما</Unicode>
          </TextEquiv>
        </Word>
        <Word id="w7">
          <Coords points="485,47 503,47 503,118 485,118"/>
          <TextEquiv>
            <Unicode>ا</Unicode>
          </TextEquiv>
        </Word>
        <Word id="w8">
          <Coords points="433,50 478,50 478,123 433,123"/>
          <TextEquiv>
            <Unicode>لذ</Unicode>
          </TextEquiv>
        </Word>
        <Word id="w9">
          <Coords points="368,72 427,72 427,147 368,147"/>
          <TextEquiv>
            <Unicode>ين</Unicode>
          </TextEquiv>
        </Word>
        <Word id="w10">
          <Coords points="343,30 370,30 370,114 343,114"/>
          <TextEquiv>
            <Unicode>ا</Unicode>
          </TextEquiv>
        </Word>
        <Word id="w11">
          <Coords points="236,63 345,63 345,152 236,152"/>
          <TextEquiv>
            <Unicode>منو</Unicode>
          </TextEquiv>
        </Word>
        <Word id="w12">
          <Coords points="233,35 255,35 255,112 233,112"/>
          <TextEquiv>
            <Unicode>ا</Unicode>
          </TextEquiv>
        </Word>
        <Word id="w13">
          <Coords points="167,83 216,83 216,136 167,136"/>
          <TextEquiv>
            <Unicode>و</Unicode>
          </TextEquiv>
        </Word>
        <Word id="w14">
          <Coords points="13,43 180,43 180,157 13,157"/>
          <TextEquiv>
            <Unicode>عملو</Unicode>
          </TextEquiv>
        </Word>
        <Word id="w15">
          <Coords points="9,56 17,56 17,116 9,116"/>
          <TextEquiv>
            <Unicode>ا</Unicode>
          </TextEquiv>
        </Word>
        <TextEquiv>
          <Unicode> فسيحشر هم ا ليه جميعا فا ما ا لذ ين ا منو ا و عملو ا</Unicode>
        </TextEquiv>
      </TextLine>
      <TextLine id="l1">
        <Coords points="20,186 1292,186 1292,318 20,318"/>
        <Word id="w16">
          <Coords points="1270,208 1291,208 1291,277 1270,277"/>
          <TextEquiv>
            <Unicode>ا</Unicode>
          </TextEquiv>
        </Word>
        <Word id="w17">
          <Coords points="1150,186 1264,186 1264,288 1150,288"/>
          <TextEquiv>
            <Unicode>لصا</Unicode>
          </TextEquiv>
        </Word>
        <Word id="w18">
          <Coords points="1077,193 1143,193 1143,282 1077,282"/>
          <TextEquiv>
            <Unicode>لحا</Unicode>
          </TextEquiv>
        </Word>
        <Word id="w19">
          <Coords points="999,233 1072,233 1072,284 999,284"/>
          <TextEquiv>
            <Unicode>ت</Unicode>
          </TextEquiv>
        </Word>
        <Word id="w20">
          <Coords points="910,199 990,199 990,311 910,311"/>
          <TextEquiv>
            <Unicode>فيو</Unicode>
          </TextEquiv>
        </Word>
        <Word id="w21">
          <Coords points="772,212 911,212 911,311 772,311"/>
          <TextEquiv>
            <Unicode>فيهم</Unicode>
          </TextEquiv>
        </Word>
        <Word id="w22">
          <Coords points="743,205 775,205 775,279 743,279"/>
          <TextEquiv>
            <Unicode>ا</Unicode>
          </TextEquiv>
        </Word>
        <Word id="w23">
          <Coords points="663,244 754,244 754,306 663,306"/>
          <TextEquiv>
            <Unicode>جو</Unicode>
          </TextEquiv>
        </Word>
        <Word id="w24">
          <Coords points="633,251 667,251 667,295 633,295"/>
          <TextEquiv>
            <Unicode>ر</Unicode>
          </TextEquiv>
        </Word>
        <Word id="w25">
          <Coords points="562,234 639,234 639,306 562,306"/>
          <TextEquiv>
            <Unicode>هم</Unicode>
          </TextEquiv>
        </Word>
        <Word id="w26">
          <Coords points="528,243 570,243 570,294 528,294"/>
          <TextEquiv>
            <Unicode>و</Unicode>
          </TextEquiv>
        </Word>
        <Word id="w27">
          <Coords points="465,231 526,231 526,310 465,310"/>
          <TextEquiv>
            <Unicode>يز</Unicode>
          </TextEquiv>
        </Word>
        <Word id="w28">
          <Coords points="428,211 472,211 472,316 428,316"/>
          <TextEquiv>
            <Unicode>يد</Unicode>
          </TextEquiv>
        </Word>
        <Word id="w29">
          <Coords points="367,227 425,227 425,317 367,317"/>
          <TextEquiv>
            <Unicode>هم</Unicode>
          </TextEquiv>
        </Word>
        <Word id="w30">
          <Coords points="299,253 372,253 372,311 299,311"/>
          <TextEquiv>
            <Unicode>من</Unicode>
          </TextEquiv>
        </Word>
        <Word id="w31">
          <Coords points="151,226 296,226 296,296 151,296"/>
          <TextEquiv>
            <Unicode>فضله</Unicode>
          </TextEquiv>
        </Word>
        <Word id="w32">
          <Coords points="92,258 134,258 134,312 92,312"/>
          <TextEquiv>
            <Unicode>و</Unicode>
          </TextEquiv>
        </Word>
        <Word id="w33">
          <Coords points="77,224 98,224 98,285 77,285"/>
          <TextEquiv>
            <Unicode>ا</Unicode>
          </TextEquiv>
        </Word>
        <Word id="w34">
          <Coords points="20,216 76,216 76,296 20,296"/>
          <TextEquiv>
            <Unicode>ما</Unicode>
          </TextEquiv>
        </Word>
        <TextEquiv>
          <Unicode> ا لصا لحا ت فيو فيهم ا جو ر هم و يز يد هم من فضله و ا ما</Unicode>
        </TextEquiv>
      </TextLine>
      <TextLine id="l2">
        <Coords points="12,368 1268,368 1268,511 12,511"/>
        <Word id="w35">
          <Coords points="1216,381 1267,381 1267,445 1216,445"/>
          <TextEquiv>
            <Unicode>لذ</Unicode>
          </TextEquiv>
        </Word>
        <Word id="w36">
          <Coords points="1152,398 1203,398 1203,484 1152,484"/>
          <TextEquiv>
            <Unicode>بن</Unicode>
          </TextEquiv>
        </Word>
        <Word id="w37">
          <Coords points="1131,377 1141,377 1141,423 1131,423"/>
          <TextEquiv>
            <Unicode>ا</Unicode>
          </TextEquiv>
        </Word>
        <Word id="w38">
          <Coords points="775,368 1124,368 1124,478 775,478"/>
          <TextEquiv>
            <Unicode>ستنكفو</Unicode>
          </TextEquiv>
        </Word>
        <Word id="w39">
          <Coords points="757,377 777,377 777,439 757,439"/>
          <TextEquiv>
            <Unicode>ا</Unicode>
          </TextEquiv>
        </Word>
        <Word id="w40">
          <Coords points="708,414 758,414 758,469 708,469"/>
          <TextEquiv>
            <Unicode>و</Unicode>
          </TextEquiv>
        </Word>
        <Word id="w41">
          <Coords points="705,371 728,371 728,438 705,438"/>
          <TextEquiv>
            <Unicode>ا</Unicode>
          </TextEquiv>
        </Word>
        <Word id="w42">
          <Coords points="384,386 703,386 703,485 384,485"/>
          <TextEquiv>
            <Unicode>ستكبر</Unicode>
          </TextEquiv>
        </Word>
        <Word id="w43">
          <Coords points="338,421 387,421 387,474 338,474"/>
          <TextEquiv>
            <Unicode>و</Unicode>
          </TextEquiv>
        </Word>
        <Word id="w44">
          <Coords points="332,379 355,379 355,450 332,450"/>
          <TextEquiv>
            <Unicode>ا</Unicode>
          </TextEquiv>
        </Word>
        <Word id="w45">
          <Coords points="204,385 330,385 330,483 204,483"/>
          <TextEquiv>
            <Unicode>فيعذ</Unicode>
          </TextEquiv>
        </Word>
        <Word id="w46">
          <Coords points="141,415 217,415 217,510 141,510"/>
          <TextEquiv>
            <Unicode>بهم</Unicode>
          </TextEquiv>
        </Word>
        <Word id="w47">
          <Coords points="54,419 128,419 128,461 54,461"/>
          <TextEquiv>
            <Unicode>عد</Unicode>
          </TextEquiv>
        </Word>
        <Word id="w48">
          <Coords points="36,379 63,379 63,439 36,439"/>
          <TextEquiv>
            <Unicode>ا</Unicode>
          </TextEquiv>
        </Word>
        <Word id="w49">
          <Coords points="12,374 40,374 40,480 12,480"/>
          <TextEquiv>
            <Unicode>يا</Unicode>
          </TextEquiv>
        </Word>
        <TextEquiv>
          <Unicode> لذ بن ا ستنكفو ا و ا ستكبر و ا فيعذ بهم عد ا يا</Unicode>
        </TextEquiv>
      </TextLine>
      <TextLine id="l3">
        <Coords points="1,528 1291,528 1291,653 1,653"/>
        <Word id="w50">
          <Coords points="1271,528 1290,528 1290,593 1271,593"/>
          <TextEquiv>
            <Unicode>ا</Unicode>
          </TextEquiv>
        </Word>
        <Word id="w51">
          <Coords points="1170,528 1265,528 1265,633 1170,633"/>
          <TextEquiv>
            <Unicode>ليما</Unicode>
          </TextEquiv>
        </Word>
        <Word id="w52">
          <Coords points="1013,576 1060,576 1060,633 1013,633"/>
          <TextEquiv>
            <Unicode>و</Unicode>
          </TextEquiv>
        </Word>
        <Word id="w53">
          <Coords points="958,543 1005,543 1005,621 958,621"/>
          <TextEquiv>
            <Unicode>لا</Unicode>
          </TextEquiv>
        </Word>
        <Word id="w54">
          <Coords points="856,563 954,563 954,645 856,645"/>
          <TextEquiv>
            <Unicode>يجد</Unicode>
          </TextEquiv>
        </Word>
        <Word id="w55">
          <Coords points="809,577 855,577 855,630 809,630"/>
          <TextEquiv>
            <Unicode>و</Unicode>
          </TextEquiv>
        </Word>
        <Word id="w56">
          <Coords points="777,562 813,562 813,619 777,619"/>
          <TextEquiv>
            <Unicode>ن</Unicode>
          </TextEquiv>
        </Word>
        <Word id="w57">
          <Coords points="663,528 770,528 770,620 663,620"/>
          <TextEquiv>
            <Unicode>لهم</Unicode>
          </TextEquiv>
        </Word>
        <Word id="w58">
          <Coords points="596,573 669,573 669,630 596,630"/>
          <TextEquiv>
            <Unicode>من</Unicode>
          </TextEquiv>
        </Word>
        <Word id="w59">
          <Coords points="560,580 584,580 584,615 560,615"/>
          <TextEquiv>
            <Unicode>د</Unicode>
          </TextEquiv>
        </Word>
        <Word id="w60">
          <Coords points="507,582 551,582 551,635 507,635"/>
          <TextEquiv>
            <Unicode>و</Unicode>
          </TextEquiv>
        </Word>
        <Word id="w61">
          <Coords points="460,566 503,566 503,624 460,624"/>
          <TextEquiv>
            <Unicode>ن</Unicode>
          </TextEquiv>
        </Word>
        <Word id="w62">
          <Coords points="432,557 452,557 452,608 432,608"/>
          <TextEquiv>
            <Unicode>ا</Unicode>
          </TextEquiv>
        </Word>
        <Word id="w63">
          <Coords points="364,558 429,558 429,617 364,617"/>
          <TextEquiv>
            <Unicode>لله</Unicode>
          </TextEquiv>
        </Word>
        <Word id="w64">
          <Coords points="296,585 350,585 350,641 296,641"/>
          <TextEquiv>
            <Unicode>و</Unicode>
          </TextEquiv>
        </Word>
        <Word id="w65">
          <Coords points="244,553 312,553 312,645 244,645"/>
          <TextEquiv>
            <Unicode>ليا</Unicode>
          </TextEquiv>
        </Word>
        <Word id="w66">
          <Coords points="187,588 236,588 236,643 187,643"/>
          <TextEquiv>
            <Unicode>و</Unicode>
          </TextEquiv>
        </Word>
        <Word id="w67">
          <Coords points="142,561 190,561 190,631 142,631"/>
          <TextEquiv>
            <Unicode>لا</Unicode>
          </TextEquiv>
        </Word>
        <Word id="w68">
          <Coords points="18,549 30,549 30,602 18,602"/>
          <TextEquiv>
            <Unicode>ا</Unicode>
          </TextEquiv>
        </Word>
        <Word id="w69">
          <Coords points="1,562 136,562 136,652 1,652"/>
          <TextEquiv>
            <Unicode>نصير</Unicode>
          </TextEquiv>
        </Word>
        <TextEquiv>
          <Unicode> ا ليما و لا يجد و ن لهم من د و ن ا لله و ليا و لا ا نصير</Unicode>
        </TextEquiv>
      </TextLine>
      <TextLine id="l4">
        <Coords points="32,678 1161,678 1161,841 32,841"/>
        <Word id="w70">
          <Coords points="1132,699 1160,699 1160,814 1132,814"/>
          <TextEquiv>
            <Unicode>يا</Unicode>
          </TextEquiv>
        </Word>
        <Word id="w71">
          <Coords points="1099,702 1124,702 1124,761 1099,761"/>
          <TextEquiv>
            <Unicode>ا</Unicode>
          </TextEquiv>
        </Word>
        <Word id="w72">
          <Coords points="1016,685 1106,685 1106,800 1016,800"/>
          <TextEquiv>
            <Unicode>يها</Unicode>
          </TextEquiv>
        </Word>
        <Word id="w73">
          <Coords points="981,697 1004,697 1004,768 981,768"/>
          <TextEquiv>
            <Unicode>ا</Unicode>
          </TextEquiv>
        </Word>
        <Word id="w74">
          <Coords points="903,683 973,683 973,778 903,778"/>
          <TextEquiv>
            <Unicode>لنا</Unicode>
          </TextEquiv>
        </Word>
        <Word id="w75">
          <Coords points="821,738 895,738 895,796 821,796"/>
          <TextEquiv>
            <Unicode>س</Unicode>
          </TextEquiv>
        </Word>
        <Word id="w76">
          <Coords points="758,718 829,718 829,778 758,778"/>
          <TextEquiv>
            <Unicode>قد</Unicode>
          </TextEquiv>
        </Word>
        <Word id="w77">
          <Coords points="684,699 749,699 749,768 684,768"/>
          <TextEquiv>
            <Unicode>حا</Unicode>
          </TextEquiv>
        </Word>
        <Word id="w78">
          <Coords points="656,746 678,746 678,768 656,768"/>
          <TextEquiv>
            <Unicode>ء</Unicode>
          </TextEquiv>
        </Word>
        <Word id="w79">
          <Coords points="469,725 646,725 646,795 469,795"/>
          <TextEquiv>
            <Unicode>كم</Unicode>
          </TextEquiv>
        </Word>
        <Word id="w80">
          <Coords points="404,752 456,752 456,830 404,830"/>
          <TextEquiv>
            <Unicode>بر</Unicode>
          </TextEquiv>
        </Word>
        <Word id="w81">
          <Coords points="353,705 420,705 420,781 353,781"/>
          <TextEquiv>
            <Unicode>ها</Unicode>
          </TextEquiv>
        </Word>
        <Word id="w82">
          <Coords points="297,729 338,729 338,794 297,794"/>
          <TextEquiv>
            <Unicode>ن</Unicode>
          </TextEquiv>
        </Word>
        <Word id="w83">
          <Coords points="211,747 288,747 288,808 211,808"/>
          <TextEquiv>
            <Unicode>من</Unicode>
          </TextEquiv>
        </Word>
        <Word id="w84">
          <Coords points="163,760 202,760 202,804 163,804"/>
          <TextEquiv>
            <Unicode>ر</Unicode>
          </TextEquiv>
        </Word>
        <Word id="w85">
          <Coords points="32,678 171,678 171,840 32,840"/>
          <TextEquiv>
            <Unicode>بكم</Unicode>
          </TextEquiv>
        </Word>
        <TextEquiv>
          <Unicode> يا ا يها ا لنا س قد حا ء كم بر ها ن من ر بكم</Unicode>
        </TextEquiv>
      </TextLine>
      <TextLine id="l5">
        <Coords points="48,820 1288,820 1288,992 48,992"/>
        <Word id="w86">
          <Coords points="1241,901 1287,901 1287,956 1241,956"/>
          <TextEquiv>
            <Unicode>و</Unicode>
          </TextEquiv>
        </Word>
        <Word id="w87">
          <Coords points="1232,860 1258,860 1258,931 1232,931"/>
          <TextEquiv>
            <Unicode>ا</Unicode>
          </TextEquiv>
        </Word>
        <Word id="w88">
          <Coords points="1176,886 1226,886 1226,957 1176,957"/>
          <TextEquiv>
            <Unicode>نز</Unicode>
          </TextEquiv>
        </Word>
        <Word id="w89">
          <Coords points="1098,864 1166,864 1166,936 1098,936"/>
          <TextEquiv>
            <Unicode>لنا</Unicode>
          </TextEquiv>
        </Word>
        <Word id="w90">
          <Coords points="1060,872 1089,872 1089,939 1060,939"/>
          <TextEquiv>
            <Unicode>ا</Unicode>
          </TextEquiv>
        </Word>
        <Word id="w91">
          <Coords points="938,820 1044,820 1044,969 938,969"/>
          <TextEquiv>
            <Unicode>ليكم</Unicode>
          </TextEquiv>
        </Word>
        <Word id="w92">
          <Coords points="872,891 935,891 935,969 872,969"/>
          <TextEquiv>
            <Unicode>نو</Unicode>
          </TextEquiv>
        </Word>
        <Word id="w93">
          <Coords points="835,912 876,912 876,958 835,958"/>
          <TextEquiv>
            <Unicode>ر</Unicode>
          </TextEquiv>
        </Word>
        <Word id="w94">
          <Coords points="823,877 840,877 840,928 823,928"/>
          <TextEquiv>
            <Unicode>ا</Unicode>
          </TextEquiv>
        </Word>
        <Word id="w95">
          <Coords points="653,848 817,848 817,963 653,963"/>
          <TextEquiv>
            <Unicode>مبينا</Unicode>
          </TextEquiv>
        </Word>
        <Word id="w96">
          <Coords points="517,876 557,876 557,951 517,951"/>
          <TextEquiv>
            <Unicode>فا</Unicode>
          </TextEquiv>
        </Word>
        <Word id="w97">
          <Coords points="455,874 509,874 509,949 455,949"/>
          <TextEquiv>
            <Unicode>ما</Unicode>
          </TextEquiv>
        </Word>
        <Word id="w98">
          <Coords points="424,883 437,883 437,945 424,945"/>
          <TextEquiv>
            <Unicode>ا</Unicode>
          </TextEquiv>
        </Word>
        <Word id="w99">
          <Coords points="354,882 421,882 421,959 354,959"/>
          <TextEquiv>
            <Unicode>لذ</Unicode>
          </TextEquiv>
        </Word>
        <Word id="w100">
          <Coords points="287,895 367,895 367,991 287,991"/>
          <TextEquiv>
            <Unicode>ين</Unicode>
          </TextEquiv>
        </Word>
        <Word id="w101">
          <Coords points="266,887 298,887 298,953 266,953"/>
          <TextEquiv>
            <Unicode>ا</Unicode>
          </TextEquiv>
        </Word>
        <Word id="w102">
          <Coords points="160,885 178,885 178,956 160,956"/>
          <TextEquiv>
            <Unicode>ا</Unicode>
          </TextEquiv>
        </Word>
        <Word id="w103">
          <Coords points="160,907 272,907 272,984 160,984"/>
          <TextEquiv>
            <Unicode>منو</Unicode>
          </TextEquiv>
        </Word>
        <Word id="w104">
          <Coords points="106,886 155,886 155,983 106,983"/>
          <TextEquiv>
            <Unicode>با</Unicode>
          </TextEquiv>
        </Word>
        <Word id="w105">
          <Coords points="48,912 113,912 113,954 48,954"/>
          <TextEquiv>
            <Unicode>لله</Unicode>
          </TextEquiv>
        </Word>
        <TextEquiv>
          <Unicode> و ا نز لنا ا ليكم نو ر ا مبينا فا ما ا لذ ين ا ا منو با لله</Unicode>
        </TextEquiv>
      </TextLine>
      <TextLine id="l6">
        <Coords points="20,1027 1288,1027 1288,1151 20,1151"/>
        <Word id="w106">
          <Coords points="1239,1062 1287,1062 1287,1116 1239,1116"/>
          <TextEquiv>
            <Unicode>و</Unicode>
          </TextEquiv>
        </Word>
        <Word id="w107">
          <Coords points="1232,1027 1247,1027 1247,1095 1232,1095"/>
          <TextEquiv>
            <Unicode>ا</Unicode>
          </TextEquiv>
        </Word>
        <Word id="w108">
          <Coords points="993,1042 1221,1042 1221,1143 993,1143"/>
          <TextEquiv>
            <Unicode>عتصمو</Unicode>
          </TextEquiv>
        </Word>
        <Word id="w109">
          <Coords points="990,1038 1004,1038 1004,1095 990,1095"/>
          <TextEquiv>
            <Unicode>ا</Unicode>
          </TextEquiv>
        </Word>
        <Word id="w110">
          <Coords points="954,1075 983,1075 983,1107 954,1107"/>
          <TextEquiv>
            <Unicode>به</Unicode>
          </TextEquiv>
        </Word>
        <Word id="w111">
          <Coords points="755,1041 934,1041 934,1136 755,1136"/>
          <TextEquiv>
            <Unicode>فسيد</Unicode>
          </TextEquiv>
        </Word>
        <Word id="w112">
          <Coords points="616,1036 750,1036 750,1131 616,1131"/>
          <TextEquiv>
            <Unicode>خلهم</Unicode>
          </TextEquiv>
        </Word>
        <Word id="w113">
          <Coords points="541,1031 625,1031 625,1105 541,1105"/>
          <TextEquiv>
            <Unicode>فى</Unicode>
          </TextEquiv>
        </Word>
        <Word id="w114">
          <Coords points="478,1073 519,1073 519,1123 478,1123"/>
          <TextEquiv>
            <Unicode>ر</Unicode>
          </TextEquiv>
        </Word>
        <Word id="w115">
          <Coords points="384,1033 488,1033 488,1122 384,1122"/>
          <TextEquiv>
            <Unicode>حمة</Unicode>
          </TextEquiv>
        </Word>
        <Word id="w116">
          <Coords points="263,1053 374,1053 374,1125 263,1125"/>
          <TextEquiv>
            <Unicode>منه</Unicode>
          </TextEquiv>
        </Word>
        <Word id="w117">
          <Coords points="203,1085 248,1085 248,1133 203,1133"/>
          <TextEquiv>
            <Unicode>و</Unicode>
          </TextEquiv>
        </Word>
        <Word id="w118">
          <Coords points="20,1040 217,1040 217,1150 20,1150"/>
          <TextEquiv>
            <Unicode>فضل</Unicode>
          </TextEquiv>
        </Word>
        <TextEquiv>
          <Unicode> و ا عتصمو ا به فسيد خلهم فى ر حمة منه و فضل</Unicode>
        </TextEquiv>
      </TextLine>
      <TextLine id="l7">
        <Coords points="9,1190 1293,1190 1293,1320 9,1320"/>
        <Word id="w119">
          <Coords points="1256,1223 1292,1223 1292,1279 1256,1279"/>
          <TextEquiv>
            <Unicode>و</Unicode>
          </TextEquiv>
        </Word>
        <Word id="w120">
          <Coords points="1159,1206 1253,1206 1253,1288 1159,1288"/>
          <TextEquiv>
            <Unicode>يهد</Unicode>
          </TextEquiv>
        </Word>
        <Word id="w121">
          <Coords points="1080,1194 1154,1194 1154,1315 1080,1315"/>
          <TextEquiv>
            <Unicode>يهم</Unicode>
          </TextEquiv>
        </Word>
        <Word id="w122">
          <Coords points="1047,1192 1063,1192 1063,1258 1047,1258"/>
          <TextEquiv>
            <Unicode>ا</Unicode>
          </TextEquiv>
        </Word>
        <Word id="w123">
          <Coords points="960,1190 1043,1190 1043,1288 960,1288"/>
          <TextEquiv>
            <Unicode>ليه</Unicode>
          </TextEquiv>
        </Word>
        <Word id="w124">
          <Coords points="843,1230 939,1230 939,1303 843,1303"/>
          <TextEquiv>
            <Unicode>صر</Unicode>
          </TextEquiv>
        </Word>
        <Word id="w125">
          <Coords points="788,1192 855,1192 855,1281 788,1281"/>
          <TextEquiv>
            <Unicode>طا</Unicode>
          </TextEquiv>
        </Word>
        <Word id="w126">
          <Coords points="560,1196 777,1196 777,1319 560,1319"/>
          <TextEquiv>
            <Unicode>مستيما</Unicode>
          </TextEquiv>
        </Word>
        <Word id="w127">
          <Coords points="232,1231 470,1231 470,1309 232,1309"/>
          <TextEquiv>
            <Unicode>يستفتو</Unicode>
          </TextEquiv>
        </Word>
        <Word id="w128">
          <Coords points="150,1202 238,1202 238,1280 150,1280"/>
          <TextEquiv>
            <Unicode>نك</Unicode>
          </TextEquiv>
        </Word>
        <Word id="w129">
          <Coords points="73,1215 133,1215 133,1315 73,1315"/>
          <TextEquiv>
            <Unicode>قل</Unicode>
          </TextEquiv>
        </Word>
        <Word id="w130">
          <Coords points="63,1218 84,1218 84,1280 63,1280"/>
          <TextEquiv>
            <Unicode>ا</Unicode>
          </TextEquiv>
        </Word>
        <Word id="w131">
          <Coords points="9,1245 66,1245 66,1287 9,1287"/>
          <TextEquiv>
            <Unicode>لله</Unicode>
          </TextEquiv>
        </Word>
        <TextEquiv>
          <Unicode> و يهد يهم ا ليه صر طا مستيما يستفتو نك قل ا لله</Unicode>
        </TextEquiv>
      </TextLine>
      <TextLine id="l8">
        <Coords points="82,1322 1290,1322 1290,1484 82,1484"/>
        <Word id="w132">
          <Coords points="1117,1334 1289,1334 1289,1467 1117,1467"/>
          <TextEquiv>
            <Unicode>يفتيكم</Unicode>
          </TextEquiv>
        </Word>
        <Word id="w133">
          <Coords points="1027,1356 1144,1356 1144,1434 1027,1434"/>
          <TextEquiv>
            <Unicode>قى</Unicode>
          </TextEquiv>
        </Word>
        <Word id="w134">
          <Coords points="991,1361 1007,1361 1007,1451 991,1451"/>
          <TextEquiv>
            <Unicode>ا</Unicode>
          </TextEquiv>
        </Word>
        <Word id="w135">
          <Coords points="864,1322 990,1322 990,1459 864,1459"/>
          <TextEquiv>
            <Unicode>لكلا</Unicode>
          </TextEquiv>
        </Word>
        <Word id="w136">
          <Coords points="799,1376 851,1376 851,1447 799,1447"/>
          <TextEquiv>
            <Unicode>لة</Unicode>
          </TextEquiv>
        </Word>
        <Word id="w137">
          <Coords points="761,1366 774,1366 774,1446 761,1446"/>
          <TextEquiv>
            <Unicode>ا</Unicode>
          </TextEquiv>
        </Word>
        <Word id="w138">
          <Coords points="715,1393 751,1393 751,1451 715,1451"/>
          <TextEquiv>
            <Unicode>ن</Unicode>
          </TextEquiv>
        </Word>
        <Word id="w139">
          <Coords points="682,1371 700,1371 700,1431 682,1431"/>
          <TextEquiv>
            <Unicode>ا</Unicode>
          </TextEquiv>
        </Word>
        <Word id="w140">
          <Coords points="604,1398 672,1398 672,1478 604,1478"/>
          <TextEquiv>
            <Unicode>مر</Unicode>
          </TextEquiv>
        </Word>
        <Word id="w141">
          <Coords points="562,1411 617,1411 617,1463 562,1463"/>
          <TextEquiv>
            <Unicode>و</Unicode>
          </TextEquiv>
        </Word>
        <Word id="w142">
          <Coords points="546,1379 564,1379 564,1450 546,1450"/>
          <TextEquiv>
            <Unicode>ا</Unicode>
          </TextEquiv>
        </Word>
        <Word id="w143">
          <Coords points="395,1394 539,1394 539,1464 395,1464"/>
          <TextEquiv>
            <Unicode>هلك</Unicode>
          </TextEquiv>
        </Word>
        <Word id="w144">
          <Coords points="251,1378 382,1378 382,1483 251,1483"/>
          <TextEquiv>
            <Unicode>ليس</Unicode>
          </TextEquiv>
        </Word>
        <Word id="w145">
          <Coords points="199,1378 244,1378 244,1454 199,1454"/>
          <TextEquiv>
            <Unicode>له</Unicode>
          </TextEquiv>
        </Word>
        <Word id="w146">
          <Coords points="136,1418 180,1418 180,1468 136,1468"/>
          <TextEquiv>
            <Unicode>و</Unicode>
          </TextEquiv>
        </Word>
        <Word id="w147">
          <Coords points="82,1372 136,1372 136,1454 82,1454"/>
          <TextEquiv>
            <Unicode>لد</Unicode>
          </TextEquiv>
        </Word>
        <TextEquiv>
          <Unicode> يفتيكم قى ا لكلا لة ا ن ا مر و ا هلك ليس له و لد</Unicode>
        </TextEquiv>
      </TextLine>
      <TextLine id="l9">
        <Coords points="57,1501 1292,1501 1292,1659 57,1659"/>
        <Word id="w148">
          <Coords points="1246,1573 1291,1573 1291,1625 1246,1625"/>
          <TextEquiv>
            <Unicode>و</Unicode>
          </TextEquiv>
        </Word>
        <Word id="w149">
          <Coords points="1196,1535 1249,1535 1249,1618 1196,1618"/>
          <TextEquiv>
            <Unicode>له</Unicode>
          </TextEquiv>
        </Word>
        <Word id="w150">
          <Coords points="1156,1539 1183,1539 1183,1606 1156,1606"/>
          <TextEquiv>
            <Unicode>ا</Unicode>
          </TextEquiv>
        </Word>
        <Word id="w151">
          <Coords points="1031,1571 1157,1571 1157,1616 1031,1616"/>
          <TextEquiv>
            <Unicode>حت</Unicode>
          </TextEquiv>
        </Word>
        <Word id="w152">
          <Coords points="940,1535 1023,1535 1023,1622 940,1622"/>
          <TextEquiv>
            <Unicode>فلها</Unicode>
          </TextEquiv>
        </Word>
        <Word id="w153">
          <Coords points="742,1552 927,1552 927,1630 742,1630"/>
          <TextEquiv>
            <Unicode>نصف</Unicode>
          </TextEquiv>
        </Word>
        <Word id="w154">
          <Coords points="675,1545 731,1545 731,1619 675,1619"/>
          <TextEquiv>
            <Unicode>ما</Unicode>
          </TextEquiv>
        </Word>
        <Word id="w155">
          <Coords points="613,1565 673,1565 673,1648 613,1648"/>
          <TextEquiv>
            <Unicode>تر</Unicode>
          </TextEquiv>
        </Word>
        <Word id="w156">
          <Coords points="576,1530 633,1530 633,1622 576,1622"/>
          <TextEquiv>
            <Unicode>ك</Unicode>
          </TextEquiv>
        </Word>
        <Word id="w157">
          <Coords points="511,1585 563,1585 563,1637 511,1637"/>
          <TextEquiv>
            <Unicode>و</Unicode>
          </TextEquiv>
        </Word>
        <Word id="w158">
          <Coords points="432,1579 525,1579 525,1644 432,1644"/>
          <TextEquiv>
            <Unicode>هو</Unicode>
          </TextEquiv>
        </Word>
        <Word id="w159">
          <Coords points="380,1567 432,1567 432,1658 380,1658"/>
          <TextEquiv>
            <Unicode>ير</Unicode>
          </TextEquiv>
        </Word>
        <Word id="w160">
          <Coords points="293,1535 379,1535 379,1647 293,1647"/>
          <TextEquiv>
            <Unicode>ثها</Unicode>
          </TextEquiv>
        </Word>
        <Word id="w161">
          <Coords points="259,1549 283,1549 283,1611 259,1611"/>
          <TextEquiv>
            <Unicode>ا</Unicode>
          </TextEquiv>
        </Word>
        <Word id="w162">
          <Coords points="211,1570 249,1570 249,1624 211,1624"/>
          <TextEquiv>
            <Unicode>ن</Unicode>
          </TextEquiv>
        </Word>
        <Word id="w163">
          <Coords points="144,1557 196,1557 196,1640 144,1640"/>
          <TextEquiv>
            <Unicode>لم</Unicode>
          </TextEquiv>
        </Word>
        <Word id="w164">
          <Coords points="57,1501 170,1501 170,1635 57,1635"/>
          <TextEquiv>
            <Unicode>يكن</Unicode>
          </TextEquiv>
        </Word>
        <TextEquiv>
          <Unicode> و له ا حت فلها نصف ما تر ك و هو ير ثها ا ن لم يكن</Unicode>
        </TextEquiv>
      </TextLine>
      <TextLine id="l10">
        <Coords points="28,1683 1300,1683 1300,1805 28,1805"/>
        <Word id="w165">
          <Coords points="1222,1692 1299,1692 1299,1767 1222,1767"/>
          <TextEquiv>
            <Unicode>لها</Unicode>
          </TextEquiv>
        </Word>
        <Word id="w166">
          <Coords points="1162,1740 1211,1740 1211,1794 1162,1794"/>
          <TextEquiv>
            <Unicode>و</Unicode>
          </TextEquiv>
        </Word>
        <Word id="w167">
          <Coords points="1121,1688 1179,1688 1179,1778 1121,1778"/>
          <TextEquiv>
            <Unicode>لد</Unicode>
          </TextEquiv>
        </Word>
        <Word id="w168">
          <Coords points="1061,1704 1104,1704 1104,1771 1061,1771"/>
          <TextEquiv>
            <Unicode>فا</Unicode>
          </TextEquiv>
        </Word>
        <Word id="w169">
          <Coords points="1012,1719 1052,1719 1052,1775 1012,1775"/>
          <TextEquiv>
            <Unicode>ن</Unicode>
          </TextEquiv>
        </Word>
        <Word id="w170">
          <Coords points="839,1685 1013,1685 1013,1777 839,1777"/>
          <TextEquiv>
            <Unicode>كا</Unicode>
          </TextEquiv>
        </Word>
        <Word id="w171">
          <Coords points="745,1729 834,1729 834,1773 745,1773"/>
          <TextEquiv>
            <Unicode>نت</Unicode>
          </TextEquiv>
        </Word>
        <Word id="w172">
          <Coords points="719,1683 743,1683 743,1765 719,1765"/>
          <TextEquiv>
            <Unicode>ا</Unicode>
          </TextEquiv>
        </Word>
        <Word id="w173">
          <Coords points="561,1690 719,1690 719,1802 561,1802"/>
          <TextEquiv>
            <Unicode>ثنين</Unicode>
          </TextEquiv>
        </Word>
        <Word id="w174">
          <Coords points="390,1704 550,1704 550,1804 390,1804"/>
          <TextEquiv>
            <Unicode>فلهما</Unicode>
          </TextEquiv>
        </Word>
        <Word id="w175">
          <Coords points="350,1714 380,1714 380,1788 350,1788"/>
          <TextEquiv>
            <Unicode>ا</Unicode>
          </TextEquiv>
        </Word>
        <Word id="w176">
          <Coords points="212,1712 347,1712 347,1790 212,1790"/>
          <TextEquiv>
            <Unicode>لثلثا</Unicode>
          </TextEquiv>
        </Word>
        <Word id="w177">
          <Coords points="161,1730 199,1730 199,1796 161,1796"/>
          <TextEquiv>
            <Unicode>ن</Unicode>
          </TextEquiv>
        </Word>
        <Word id="w178">
          <Coords points="28,1707 157,1707 157,1790 28,1790"/>
          <TextEquiv>
            <Unicode>مما</Unicode>
          </TextEquiv>
        </Word>
        <TextEquiv>
          <Unicode> لها و لد فا ن كا نت ا ثنين فلهما ا لثلثا ن مما</Unicode>
        </TextEquiv>
      </TextLine>
      <TextLine id="l11">
        <Coords points="27,1832 1301,1832 1301,1993 27,1993"/>
        <Word id="w179">
          <Coords points="1233,1872 1300,1872 1300,1951 1233,1951"/>
          <TextEquiv>
            <Unicode>تر</Unicode>
          </TextEquiv>
        </Word>
        <Word id="w180">
          <Coords points="1189,1851 1248,1851 1248,1944 1189,1944"/>
          <TextEquiv>
            <Unicode>ك</Unicode>
          </TextEquiv>
        </Word>
        <Word id="w181">
          <Coords points="1138,1904 1180,1904 1180,1956 1138,1956"/>
          <TextEquiv>
            <Unicode>و</Unicode>
          </TextEquiv>
        </Word>
        <Word id="w182">
          <Coords points="1123,1861 1147,1861 1147,1934 1123,1934"/>
          <TextEquiv>
            <Unicode>ا</Unicode>
          </TextEquiv>
        </Word>
        <Word id="w183">
          <Coords points="1087,1888 1120,1888 1120,1946 1087,1946"/>
          <TextEquiv>
            <Unicode>ن</Unicode>
          </TextEquiv>
        </Word>
        <Word id="w184">
          <Coords points="884,1867 1079,1867 1079,1946 884,1946"/>
          <TextEquiv>
            <Unicode>كا</Unicode>
          </TextEquiv>
        </Word>
        <Word id="w185">
          <Coords points="824,1879 871,1879 871,1964 824,1964"/>
          <TextEquiv>
            <Unicode>نو</Unicode>
          </TextEquiv>
        </Word>
        <Word id="w186">
          <Coords points="800,1872 826,1872 826,1948 800,1948"/>
          <TextEquiv>
            <Unicode>ا</Unicode>
          </TextEquiv>
        </Word>
        <Word id="w187">
          <Coords points="780,1871 801,1871 801,1948 780,1948"/>
          <TextEquiv>
            <Unicode>ا</Unicode>
          </TextEquiv>
        </Word>
        <Word id="w188">
          <Coords points="694,1869 780,1869 780,1974 694,1974"/>
          <TextEquiv>
            <Unicode>خو</Unicode>
          </TextEquiv>
        </Word>
        <Word id="w189">
          <Coords points="682,1897 706,1897 706,1933 682,1933"/>
          <TextEquiv>
            <Unicode>ه</Unicode>
          </TextEquiv>
        </Word>
        <Word id="w190">
          <Coords points="631,1913 668,1913 668,1955 631,1955"/>
          <TextEquiv>
            <Unicode>ر</Unicode>
          </TextEquiv>
        </Word>
        <Word id="w191">
          <Coords points="571,1878 620,1878 620,1942 571,1942"/>
          <TextEquiv>
            <Unicode>حا</Unicode>
          </TextEquiv>
        </Word>
        <Word id="w192">
          <Coords points="497,1886 555,1886 555,1959 497,1959"/>
          <TextEquiv>
            <Unicode>لا</Unicode>
          </TextEquiv>
        </Word>
        <Word id="w193">
          <Coords points="463,1912 501,1912 501,1963 463,1963"/>
          <TextEquiv>
            <Unicode>و</Unicode>
          </TextEquiv>
        </Word>
        <Word id="w194">
          <Coords points="376,1878 463,1878 463,1947 376,1947"/>
          <TextEquiv>
            <Unicode>نسا</Unicode>
          </TextEquiv>
        </Word>
        <Word id="w195">
          <Coords points="341,1911 371,1911 371,1945 341,1945"/>
          <TextEquiv>
            <Unicode>ء</Unicode>
          </TextEquiv>
        </Word>
        <Word id="w196">
          <Coords points="234,1866 335,1866 335,1972 234,1972"/>
          <TextEquiv>
            <Unicode>فللذ</Unicode>
          </TextEquiv>
        </Word>
        <Word id="w197">
          <Coords points="148,1832 270,1832 270,1992 148,1992"/>
          <TextEquiv>
            <Unicode>كر</Unicode>
          </TextEquiv>
        </Word>
        <Word id="w198">
          <Coords points="27,1874 160,1874 160,1992 27,1992"/>
          <TextEquiv>
            <Unicode>مثل</Unicode>
          </TextEquiv>
        </Word>
        <TextEquiv>
          <Unicode> تر ك و ا ن كا نو ا ا خو ه ر حا لا و نسا ء فللذ كر مثل</Unicode>
        </TextEquiv>
      </TextLine>
      <TextLine id="l12">
        <Coords points="46,1989 1293,1989 1293,2173 46,2173"/>
        <Word id="w199">
          <Coords points="1197,2031 1292,2031 1292,2111 1197,2111"/>
          <TextEquiv>
            <Unicode>خط</Unicode>
          </TextEquiv>
        </Word>
        <Word id="w200">
          <Coords points="1174,2035 1188,2035 1188,2104 1174,2104"/>
          <TextEquiv>
            <Unicode>ا</Unicode>
          </TextEquiv>
        </Word>
        <Word id="w201">
          <Coords points="1122,2030 1170,2030 1170,2113 1122,2113"/>
          <TextEquiv>
            <Unicode>لا</Unicode>
          </TextEquiv>
        </Word>
        <Word id="w202">
          <Coords points="974,2035 1119,2035 1119,2141 974,2141"/>
          <TextEquiv>
            <Unicode>نثيين</Unicode>
          </TextEquiv>
        </Word>
        <Word id="w203">
          <Coords points="900,2004 916,2004 916,2049 900,2049"/>
          <TextEquiv>
            <Unicode>ا</Unicode>
          </TextEquiv>
        </Word>
        <Word id="w204">
          <Coords points="854,2045 974,2045 974,2136 854,2136"/>
          <TextEquiv>
            <Unicode>يبين</Unicode>
          </TextEquiv>
        </Word>
        <Word id="w205">
          <Coords points="853,2009 900,2009 900,2041 853,2041"/>
          <TextEquiv>
            <Unicode>لله</Unicode>
          </TextEquiv>
        </Word>
        <Word id="w206">
          <Coords points="760,1989 850,1989 850,2126 760,2126"/>
          <TextEquiv>
            <Unicode>لكم</Unicode>
          </TextEquiv>
        </Word>
        <Word id="w207">
          <Coords points="739,2039 757,2039 757,2098 739,2098"/>
          <TextEquiv>
            <Unicode>ا</Unicode>
          </TextEquiv>
        </Word>
        <Word id="w208">
          <Coords points="700,2053 735,2053 735,2115 700,2115"/>
          <TextEquiv>
            <Unicode>ن</Unicode>
          </TextEquiv>
        </Word>
        <Word id="w209">
          <Coords points="536,2041 691,2041 691,2132 536,2132"/>
          <TextEquiv>
            <Unicode>تضلو</Unicode>
          </TextEquiv>
        </Word>
        <Word id="w210">
          <Coords points="520,2041 544,2041 544,2113 520,2113"/>
          <TextEquiv>
            <Unicode>ا</Unicode>
          </TextEquiv>
        </Word>
        <Word id="w211">
          <Coords points="457,2073 510,2073 510,2124 457,2124"/>
          <TextEquiv>
            <Unicode>و</Unicode>
          </TextEquiv>
        </Word>
        <Word id="w212">
          <Coords points="449,2053 468,2053 468,2112 449,2112"/>
          <TextEquiv>
            <Unicode>ا</Unicode>
          </TextEquiv>
        </Word>
        <Word id="w213">
          <Coords points="374,2068 444,2068 444,2117 374,2117"/>
          <TextEquiv>
            <Unicode>لله</Unicode>
          </TextEquiv>
        </Word>
        <Word id="w214">
          <Coords points="262,2011 373,2011 373,2140 262,2140"/>
          <TextEquiv>
            <Unicode>بكل</Unicode>
          </TextEquiv>
        </Word>
        <Word id="w215">
          <Coords points="46,2050 169,2050 169,2172 46,2172"/>
          <TextEquiv>
            <Unicode>عليم</Unicode>
          </TextEquiv>
        </Word>
        <TextEquiv>
          <Unicode> خط ا لا نثيين ا يبين لله لكم ا ن تضلو ا و ا لله بكل عليم</Unicode>
        </TextEquiv>
      </TextLine>
    </TextRegion>
  </Page>
</PcGts>
