<?xml version='1.0' encoding='utf-8'?>
<PcGts xmlns:xsi="http://www.w3.org/2001/XMLSchema-instance" xmlns="http://schema.primaresearch.org/PAGE/gts/pagecontent/2019-07-15" xsi:schemaLocation="http://schema.primaresearch.org/PAGE/gts/pagecontent/2019-07-15 http://schema.primaresearch.org/PAGE/gts/pagecontent/2019-07-15/pagecontent.xsd" pcGtsId="pc-aletheiaexamplepage">
  <Metadata>
    <Creator>PRImA Research Lab</Creator>
    <Created>2015-07-17T15:27:13</Created>
    <LastChange>2017-07-14T10:03:33</LastChange>
    <Comments>Example Page</Comments>
  </Metadata>
  <Page imageFilename="3158466/_066-2.png" imageWidth="1353" imageHeight="2513">
    <TextRegion id="r0" type="paragraph">
      <Coords points="1,1 1351,1 1351,2511 1,2511"/>
      <TextLine id="l0">
        <Coords points="59,38 1305,38 1305,169 59,169"/>
        <Word id="w0">
          <Coords points="1122,44 1304,44 1304,168 1122,168"/>
          <TextEquiv>
            <Unicode>تفعل</Unicode>
          </TextEquiv>
        </Word>
        <Word id="w1">
          <Coords points="1058,38 1130,38 1130,132 1058,132"/>
          <TextEquiv>
            <Unicode>فما</Unicode>
          </TextEquiv>
        </Word>
        <Word id="w2">
          <Coords points="903,57 1051,57 1051,149 903,149"/>
          <TextEquiv>
            <Unicode>بلغت</Unicode>
          </TextEquiv>
        </Word>
        <Word id="w3">
          <Coords points="849,92 890,92 890,142 849,142"/>
          <TextEquiv>
            <Unicode>ر</Unicode>
          </TextEquiv>
        </Word>
        <Word id="w4">
          <Coords points="765,45 856,45 856,127 765,127"/>
          <TextEquiv>
            <Unicode>سا</Unicode>
          </TextEquiv>
        </Word>
        <Word id="w5">
          <Coords points="668,63 750,63 750,134 668,134"/>
          <TextEquiv>
            <Unicode>لته</Unicode>
          </TextEquiv>
        </Word>
        <Word id="w6">
          <Coords points="601,98 655,98 655,150 601,150"/>
          <TextEquiv>
            <Unicode>و</Unicode>
          </TextEquiv>
        </Word>
        <Word id="w7">
          <Coords points="597,57 613,57 613,112 597,112"/>
          <TextEquiv>
            <Unicode>ا</Unicode>
          </TextEquiv>
        </Word>
        <Word id="w8">
          <Coords points="519,84 588,84 588,132 519,132"/>
          <TextEquiv>
            <Unicode>لله</Unicode>
          </TextEquiv>
        </Word>
        <Word id="w9">
          <Coords points="312,53 509,53 509,151 312,151"/>
          <TextEquiv>
            <Unicode>يعصمك</Unicode>
          </TextEquiv>
        </Word>
        <Word id="w10">
          <Coords points="243,88 315,88 315,145 243,145"/>
          <TextEquiv>
            <Unicode>من</Unicode>
          </TextEquiv>
        </Word>
        <Word id="w11">
          <Coords points="223,59 237,59 237,109 223,109"/>
          <TextEquiv>
            <Unicode>ا</Unicode>
          </TextEquiv>
        </Word>
        <Word id="w12">
          <Coords points="152,65 217,65 217,132 152,132"/>
          <TextEquiv>
            <Unicode>لنا</Unicode>
          </TextEquiv>
        </Word>
        <Word id="w13">
          <Coords points="59,101 147,101 147,154 59,154"/>
          <TextEquiv>
            <Unicode>س</Unicode>
          </TextEquiv>
        </Word>
        <TextEquiv>
          <Unicode> تفعل فما بلغت ر سا لته و ا لله يعصمك من ا لنا س</Unicode>
        </TextEquiv>
      </TextLine>
      <TextLine id="l1">
        <Coords points="32,181 1303,181 1303,347 32,347"/>
        <Word id="w14">
          <Coords points="1280,222 1302,222 1302,284 1280,284"/>
          <TextEquiv>
            <Unicode>ا</Unicode>
          </TextEquiv>
        </Word>
        <Word id="w15">
          <Coords points="1230,246 1271,246 1271,305 1230,305"/>
          <TextEquiv>
            <Unicode>ن</Unicode>
          </TextEquiv>
        </Word>
        <Word id="w16">
          <Coords points="1203,234 1221,234 1221,290 1203,290"/>
          <TextEquiv>
            <Unicode>ا</Unicode>
          </TextEquiv>
        </Word>
        <Word id="w17">
          <Coords points="1131,255 1193,255 1193,300 1131,300"/>
          <TextEquiv>
            <Unicode>لله</Unicode>
          </TextEquiv>
        </Word>
        <Word id="w18">
          <Coords points="1071,234 1107,234 1107,303 1071,303"/>
          <TextEquiv>
            <Unicode>لا</Unicode>
          </TextEquiv>
        </Word>
        <Word id="w19">
          <Coords points="965,246 1073,246 1073,322 965,322"/>
          <TextEquiv>
            <Unicode>يهد</Unicode>
          </TextEquiv>
        </Word>
        <Word id="w20">
          <Coords points="892,254 949,254 949,313 892,313"/>
          <TextEquiv>
            <Unicode>ى</Unicode>
          </TextEquiv>
        </Word>
        <Word id="w21">
          <Coords points="883,213 896,213 896,279 883,279"/>
          <TextEquiv>
            <Unicode>ا</Unicode>
          </TextEquiv>
        </Word>
        <Word id="w22">
          <Coords points="761,228 866,228 866,323 761,323"/>
          <TextEquiv>
            <Unicode>لقو</Unicode>
          </TextEquiv>
        </Word>
        <Word id="w23">
          <Coords points="722,263 773,263 773,307 722,307"/>
          <TextEquiv>
            <Unicode>م</Unicode>
          </TextEquiv>
        </Word>
        <Word id="w24">
          <Coords points="710,222 724,222 724,282 710,282"/>
          <TextEquiv>
            <Unicode>ا</Unicode>
          </TextEquiv>
        </Word>
        <Word id="w25">
          <Coords points="617,181 713,181 713,303 617,303"/>
          <TextEquiv>
            <Unicode>لكا</Unicode>
          </TextEquiv>
        </Word>
        <Word id="w26">
          <Coords points="549,231 611,231 611,321 549,321"/>
          <TextEquiv>
            <Unicode>فر</Unicode>
          </TextEquiv>
        </Word>
        <Word id="w27">
          <Coords points="499,240 581,240 581,346 499,346"/>
          <TextEquiv>
            <Unicode>ين</Unicode>
          </TextEquiv>
        </Word>
        <Word id="w28">
          <Coords points="343,237 404,237 404,332 343,332"/>
          <TextEquiv>
            <Unicode>قل</Unicode>
          </TextEquiv>
        </Word>
        <Word id="w29">
          <Coords points="311,230 340,230 340,337 311,337"/>
          <TextEquiv>
            <Unicode>يا</Unicode>
          </TextEquiv>
        </Word>
        <Word id="w30">
          <Coords points="280,229 298,229 298,291 280,291"/>
          <TextEquiv>
            <Unicode>ا</Unicode>
          </TextEquiv>
        </Word>
        <Word id="w31">
          <Coords points="188,241 273,241 273,330 188,330"/>
          <TextEquiv>
            <Unicode>هل</Unicode>
          </TextEquiv>
        </Word>
        <Word id="w32">
          <Coords points="172,226 197,226 197,295 172,295"/>
          <TextEquiv>
            <Unicode>ا</Unicode>
          </TextEquiv>
        </Word>
        <Word id="w33">
          <Coords points="84,195 191,195 191,318 84,318"/>
          <TextEquiv>
            <Unicode>لكتا</Unicode>
          </TextEquiv>
        </Word>
        <Word id="w34">
          <Coords points="32,263 82,263 82,328 32,328"/>
          <TextEquiv>
            <Unicode>ب</Unicode>
          </TextEquiv>
        </Word>
        <TextEquiv>
          <Unicode> ا ن ا لله لا يهد ى ا لقو م ا لكا فر ين قل يا ا هل ا لكتا ب</Unicode>
        </TextEquiv>
      </TextLine>
      <TextLine id="l2">
        <Coords points="59,379 1305,379 1305,512 59,512"/>
        <Word id="w35">
          <Coords points="1166,379 1304,379 1304,511 1166,511"/>
          <TextEquiv>
            <Unicode>لستم</Unicode>
          </TextEquiv>
        </Word>
        <Word id="w36">
          <Coords points="1069,384 1152,384 1152,504 1069,504"/>
          <TextEquiv>
            <Unicode>على</Unicode>
          </TextEquiv>
        </Word>
        <Word id="w37">
          <Coords points="984,432 1082,432 1082,484 984,484"/>
          <TextEquiv>
            <Unicode>سى</Unicode>
          </TextEquiv>
        </Word>
        <Word id="w38">
          <Coords points="978,407 1001,407 1001,430 978,430"/>
          <TextEquiv>
            <Unicode>ء</Unicode>
          </TextEquiv>
        </Word>
        <Word id="w39">
          <Coords points="856,404 966,404 966,481 856,481"/>
          <TextEquiv>
            <Unicode>حتى</Unicode>
          </TextEquiv>
        </Word>
        <Word id="w40">
          <Coords points="649,394 850,394 850,496 649,496"/>
          <TextEquiv>
            <Unicode>تقيمو</Unicode>
          </TextEquiv>
        </Word>
        <Word id="w41">
          <Coords points="643,407 656,407 656,456 643,456"/>
          <TextEquiv>
            <Unicode>ا</Unicode>
          </TextEquiv>
        </Word>
        <Word id="w42">
          <Coords points="612,407 628,407 628,454 612,454"/>
          <TextEquiv>
            <Unicode>ا</Unicode>
          </TextEquiv>
        </Word>
        <Word id="w43">
          <Coords points="513,402 598,402 598,485 513,485"/>
          <TextEquiv>
            <Unicode>لتو</Unicode>
          </TextEquiv>
        </Word>
        <Word id="w44">
          <Coords points="478,433 513,433 513,474 478,474"/>
          <TextEquiv>
            <Unicode>ر</Unicode>
          </TextEquiv>
        </Word>
        <Word id="w45">
          <Coords points="439,434 475,434 475,491 439,491"/>
          <TextEquiv>
            <Unicode>يه</Unicode>
          </TextEquiv>
        </Word>
        <Word id="w46">
          <Coords points="383,425 430,425 430,479 383,479"/>
          <TextEquiv>
            <Unicode>و</Unicode>
          </TextEquiv>
        </Word>
        <Word id="w47">
          <Coords points="381,400 389,400 389,451 381,451"/>
          <TextEquiv>
            <Unicode>ا</Unicode>
          </TextEquiv>
        </Word>
        <Word id="w48">
          <Coords points="311,399 356,399 356,468 311,468"/>
          <TextEquiv>
            <Unicode>لا</Unicode>
          </TextEquiv>
        </Word>
        <Word id="w49">
          <Coords points="140,398 319,398 319,492 140,492"/>
          <TextEquiv>
            <Unicode>نجيل</Unicode>
          </TextEquiv>
        </Word>
        <Word id="w50">
          <Coords points="95,428 143,428 143,475 95,475"/>
          <TextEquiv>
            <Unicode>و</Unicode>
          </TextEquiv>
        </Word>
        <Word id="w51">
          <Coords points="59,382 107,382 107,461 59,461"/>
          <TextEquiv>
            <Unicode>ما</Unicode>
          </TextEquiv>
        </Word>
        <TextEquiv>
          <Unicode> لستم على سى ء حتى تقيمو ا ا لتو ر يه و ا لا نجيل و ما</Unicode>
        </TextEquiv>
      </TextLine>
      <TextLine id="l3">
        <Coords points="44,508 1308,508 1308,682 44,682"/>
        <Word id="w52">
          <Coords points="1292,556 1307,556 1307,614 1292,614"/>
          <TextEquiv>
            <Unicode>ا</Unicode>
          </TextEquiv>
        </Word>
        <Word id="w53">
          <Coords points="1238,557 1286,557 1286,649 1238,649"/>
          <TextEquiv>
            <Unicode>نز</Unicode>
          </TextEquiv>
        </Word>
        <Word id="w54">
          <Coords points="1204,552 1236,552 1236,637 1204,637"/>
          <TextEquiv>
            <Unicode>ل</Unicode>
          </TextEquiv>
        </Word>
        <Word id="w55">
          <Coords points="1179,559 1198,559 1198,617 1179,617"/>
          <TextEquiv>
            <Unicode>ا</Unicode>
          </TextEquiv>
        </Word>
        <Word id="w56">
          <Coords points="942,559 1168,559 1168,672 942,672"/>
          <TextEquiv>
            <Unicode>ليكم</Unicode>
          </TextEquiv>
        </Word>
        <Word id="w57">
          <Coords points="859,582 932,582 932,647 859,647"/>
          <TextEquiv>
            <Unicode>من</Unicode>
          </TextEquiv>
        </Word>
        <Word id="w58">
          <Coords points="819,594 850,594 850,633 819,633"/>
          <TextEquiv>
            <Unicode>ر</Unicode>
          </TextEquiv>
        </Word>
        <Word id="w59">
          <Coords points="723,508 840,508 840,645 723,645"/>
          <TextEquiv>
            <Unicode>بكم</Unicode>
          </TextEquiv>
        </Word>
        <Word id="w60">
          <Coords points="677,592 720,592 720,643 677,643"/>
          <TextEquiv>
            <Unicode>و</Unicode>
          </TextEquiv>
        </Word>
        <Word id="w61">
          <Coords points="594,555 674,555 674,660 594,660"/>
          <TextEquiv>
            <Unicode>ليز</Unicode>
          </TextEquiv>
        </Word>
        <Word id="w62">
          <Coords points="530,591 592,591 592,671 530,671"/>
          <TextEquiv>
            <Unicode>يد</Unicode>
          </TextEquiv>
        </Word>
        <Word id="w63">
          <Coords points="483,578 522,578 522,638 483,638"/>
          <TextEquiv>
            <Unicode>ن</Unicode>
          </TextEquiv>
        </Word>
        <Word id="w64">
          <Coords points="348,513 508,513 508,653 348,653"/>
          <TextEquiv>
            <Unicode>كثير</Unicode>
          </TextEquiv>
        </Word>
        <Word id="w65">
          <Coords points="341,569 361,569 361,632 341,632"/>
          <TextEquiv>
            <Unicode>ا</Unicode>
          </TextEquiv>
        </Word>
        <Word id="w66">
          <Coords points="227,571 337,571 337,681 227,681"/>
          <TextEquiv>
            <Unicode>مهم</Unicode>
          </TextEquiv>
        </Word>
        <Word id="w67">
          <Coords points="168,558 212,558 212,637 168,637"/>
          <TextEquiv>
            <Unicode>ما</Unicode>
          </TextEquiv>
        </Word>
        <Word id="w68">
          <Coords points="140,559 156,559 156,627 140,627"/>
          <TextEquiv>
            <Unicode>ا</Unicode>
          </TextEquiv>
        </Word>
        <Word id="w69">
          <Coords points="89,575 134,575 134,651 89,651"/>
          <TextEquiv>
            <Unicode>نز</Unicode>
          </TextEquiv>
        </Word>
        <Word id="w70">
          <Coords points="44,558 86,558 86,641 44,641"/>
          <TextEquiv>
            <Unicode>ل</Unicode>
          </TextEquiv>
        </Word>
        <TextEquiv>
          <Unicode> ا نز ل ا ليكم من ر بكم و ليز يد ن كثير ا مهم ما ا نز ل</Unicode>
        </TextEquiv>
      </TextLine>
      <TextLine id="l4">
        <Coords points="31,698 1304,698 1304,829 31,829"/>
        <Word id="w71">
          <Coords points="1285,731 1303,731 1303,795 1285,795"/>
          <TextEquiv>
            <Unicode>ا</Unicode>
          </TextEquiv>
        </Word>
        <Word id="w72">
          <Coords points="1166,737 1274,737 1274,802 1166,802"/>
          <TextEquiv>
            <Unicode>ليك</Unicode>
          </TextEquiv>
        </Word>
        <Word id="w73">
          <Coords points="1081,752 1155,752 1155,818 1081,818"/>
          <TextEquiv>
            <Unicode>من</Unicode>
          </TextEquiv>
        </Word>
        <Word id="w74">
          <Coords points="1035,766 1073,766 1073,806 1035,806"/>
          <TextEquiv>
            <Unicode>ر</Unicode>
          </TextEquiv>
        </Word>
        <Word id="w75">
          <Coords points="942,722 1036,722 1036,828 942,828"/>
          <TextEquiv>
            <Unicode>بك</Unicode>
          </TextEquiv>
        </Word>
        <Word id="w76">
          <Coords points="841,712 955,712 955,816 841,816"/>
          <TextEquiv>
            <Unicode>طغيا</Unicode>
          </TextEquiv>
        </Word>
        <Word id="w77">
          <Coords points="795,712 830,712 830,795 795,795"/>
          <TextEquiv>
            <Unicode>نا</Unicode>
          </TextEquiv>
        </Word>
        <Word id="w78">
          <Coords points="747,759 787,759 787,811 747,811"/>
          <TextEquiv>
            <Unicode>و</Unicode>
          </TextEquiv>
        </Word>
        <Word id="w79">
          <Coords points="520,728 746,728 746,818 520,818"/>
          <TextEquiv>
            <Unicode>كفر</Unicode>
          </TextEquiv>
        </Word>
        <Word id="w80">
          <Coords points="512,733 532,733 532,791 512,791"/>
          <TextEquiv>
            <Unicode>ا</Unicode>
          </TextEquiv>
        </Word>
        <Word id="w81">
          <Coords points="419,728 505,728 505,797 419,797"/>
          <TextEquiv>
            <Unicode>فلا</Unicode>
          </TextEquiv>
        </Word>
        <Word id="w82">
          <Coords points="379,715 408,715 408,788 379,788"/>
          <TextEquiv>
            <Unicode>تا</Unicode>
          </TextEquiv>
        </Word>
        <Word id="w83">
          <Coords points="288,741 367,741 367,807 288,807"/>
          <TextEquiv>
            <Unicode>س</Unicode>
          </TextEquiv>
        </Word>
        <Word id="w84">
          <Coords points="158,698 284,698 284,797 158,797"/>
          <TextEquiv>
            <Unicode>على</Unicode>
          </TextEquiv>
        </Word>
        <Word id="w85">
          <Coords points="146,709 159,709 159,764 146,764"/>
          <TextEquiv>
            <Unicode>ا</Unicode>
          </TextEquiv>
        </Word>
        <Word id="w86">
          <Coords points="47,718 137,718 137,799 47,799"/>
          <TextEquiv>
            <Unicode>لقو</Unicode>
          </TextEquiv>
        </Word>
        <Word id="w87">
          <Coords points="31,718 73,718 73,758 31,758"/>
          <TextEquiv>
            <Unicode>م</Unicode>
          </TextEquiv>
        </Word>
        <TextEquiv>
          <Unicode> ا ليك من ر بك طغيا نا و كفر ا فلا تا س على ا لقو م</Unicode>
        </TextEquiv>
      </TextLine>
      <TextLine id="l5">
        <Coords points="22,857 1310,857 1310,1000 22,1000"/>
        <Word id="w88">
          <Coords points="1291,900 1309,900 1309,956 1291,956"/>
          <TextEquiv>
            <Unicode>ا</Unicode>
          </TextEquiv>
        </Word>
        <Word id="w89">
          <Coords points="1203,857 1294,857 1294,976 1203,976"/>
          <TextEquiv>
            <Unicode>لكا</Unicode>
          </TextEquiv>
        </Word>
        <Word id="w90">
          <Coords points="1096,905 1154,905 1154,999 1096,999"/>
          <TextEquiv>
            <Unicode>ين</Unicode>
          </TextEquiv>
        </Word>
        <Word id="w91">
          <Coords points="954,890 971,890 971,950 954,950"/>
          <TextEquiv>
            <Unicode>ا</Unicode>
          </TextEquiv>
        </Word>
        <Word id="w92">
          <Coords points="908,924 944,924 944,975 908,975"/>
          <TextEquiv>
            <Unicode>ن</Unicode>
          </TextEquiv>
        </Word>
        <Word id="w93">
          <Coords points="875,897 889,897 889,950 875,950"/>
          <TextEquiv>
            <Unicode>ا</Unicode>
          </TextEquiv>
        </Word>
        <Word id="w94">
          <Coords points="816,892 867,892 867,966 816,966"/>
          <TextEquiv>
            <Unicode>لذ</Unicode>
          </TextEquiv>
        </Word>
        <Word id="w95">
          <Coords points="752,907 828,907 828,992 752,992"/>
          <TextEquiv>
            <Unicode>ين</Unicode>
          </TextEquiv>
        </Word>
        <Word id="w96">
          <Coords points="736,893 748,893 748,943 736,943"/>
          <TextEquiv>
            <Unicode>ا</Unicode>
          </TextEquiv>
        </Word>
        <Word id="w97">
          <Coords points="614,909 734,909 734,985 614,985"/>
          <TextEquiv>
            <Unicode>منو</Unicode>
          </TextEquiv>
        </Word>
        <Word id="w98">
          <Coords points="613,893 628,893 628,953 613,953"/>
          <TextEquiv>
            <Unicode>ا</Unicode>
          </TextEquiv>
        </Word>
        <Word id="w99">
          <Coords points="562,920 606,920 606,973 562,973"/>
          <TextEquiv>
            <Unicode>و</Unicode>
          </TextEquiv>
        </Word>
        <Word id="w100">
          <Coords points="551,893 567,893 567,948 551,948"/>
          <TextEquiv>
            <Unicode>ا</Unicode>
          </TextEquiv>
        </Word>
        <Word id="w101">
          <Coords points="487,892 538,892 538,960 487,960"/>
          <TextEquiv>
            <Unicode>لذ</Unicode>
          </TextEquiv>
        </Word>
        <Word id="w102">
          <Coords points="423,912 490,912 490,984 423,984"/>
          <TextEquiv>
            <Unicode>بن</Unicode>
          </TextEquiv>
        </Word>
        <Word id="w103">
          <Coords points="357,873 422,873 422,953 357,953"/>
          <TextEquiv>
            <Unicode>ها</Unicode>
          </TextEquiv>
        </Word>
        <Word id="w104">
          <Coords points="329,918 352,918 352,957 329,957"/>
          <TextEquiv>
            <Unicode>د</Unicode>
          </TextEquiv>
        </Word>
        <Word id="w105">
          <Coords points="272,925 315,925 315,971 272,971"/>
          <TextEquiv>
            <Unicode>و</Unicode>
          </TextEquiv>
        </Word>
        <Word id="w106">
          <Coords points="267,898 278,898 278,948 267,948"/>
          <TextEquiv>
            <Unicode>ا</Unicode>
          </TextEquiv>
        </Word>
        <Word id="w107">
          <Coords points="214,920 256,920 256,970 214,970"/>
          <TextEquiv>
            <Unicode>و</Unicode>
          </TextEquiv>
        </Word>
        <Word id="w108">
          <Coords points="212,890 220,890 220,934 212,934"/>
          <TextEquiv>
            <Unicode>ا</Unicode>
          </TextEquiv>
        </Word>
        <Word id="w109">
          <Coords points="107,866 199,866 199,961 107,961"/>
          <TextEquiv>
            <Unicode>لصا</Unicode>
          </TextEquiv>
        </Word>
        <Word id="w110">
          <Coords points="36,896 104,896 104,973 36,973"/>
          <TextEquiv>
            <Unicode>بئو</Unicode>
          </TextEquiv>
        </Word>
        <Word id="w111">
          <Coords points="22,863 59,863 59,921 22,921"/>
          <TextEquiv>
            <Unicode>ن</Unicode>
          </TextEquiv>
        </Word>
        <TextEquiv>
          <Unicode> ا لكا ين ا ن ا لذ ين ا منو ا و ا لذ بن ها د و ا و ا لصا بئو ن</Unicode>
        </TextEquiv>
      </TextLine>
      <TextLine id="l6">
        <Coords points="72,1032 1313,1032 1313,1159 72,1159"/>
        <Word id="w112">
          <Coords points="1264,1085 1312,1085 1312,1133 1264,1133"/>
          <TextEquiv>
            <Unicode>و</Unicode>
          </TextEquiv>
        </Word>
        <Word id="w113">
          <Coords points="1257,1052 1280,1052 1280,1111 1257,1111"/>
          <TextEquiv>
            <Unicode>ا</Unicode>
          </TextEquiv>
        </Word>
        <Word id="w114">
          <Coords points="1119,1033 1238,1033 1238,1122 1119,1122"/>
          <TextEquiv>
            <Unicode>لنصا</Unicode>
          </TextEquiv>
        </Word>
        <Word id="w115">
          <Coords points="1074,1087 1108,1087 1108,1128 1074,1128"/>
          <TextEquiv>
            <Unicode>ر</Unicode>
          </TextEquiv>
        </Word>
        <Word id="w116">
          <Coords points="1020,1076 1071,1076 1071,1128 1020,1128"/>
          <TextEquiv>
            <Unicode>ى</Unicode>
          </TextEquiv>
        </Word>
        <Word id="w117">
          <Coords points="938,1077 1014,1077 1014,1139 938,1139"/>
          <TextEquiv>
            <Unicode>من</Unicode>
          </TextEquiv>
        </Word>
        <Word id="w118">
          <Coords points="918,1055 936,1055 936,1106 918,1106"/>
          <TextEquiv>
            <Unicode>ا</Unicode>
          </TextEquiv>
        </Word>
        <Word id="w119">
          <Coords points="841,1087 914,1087 914,1144 841,1144"/>
          <TextEquiv>
            <Unicode>من</Unicode>
          </TextEquiv>
        </Word>
        <Word id="w120">
          <Coords points="800,1048 824,1048 824,1142 800,1142"/>
          <TextEquiv>
            <Unicode>با</Unicode>
          </TextEquiv>
        </Word>
        <Word id="w121">
          <Coords points="717,1066 786,1066 786,1125 717,1125"/>
          <TextEquiv>
            <Unicode>لله</Unicode>
          </TextEquiv>
        </Word>
        <Word id="w122">
          <Coords points="656,1088 701,1088 701,1141 656,1141"/>
          <TextEquiv>
            <Unicode>و</Unicode>
          </TextEquiv>
        </Word>
        <Word id="w123">
          <Coords points="648,1055 669,1055 669,1114 648,1114"/>
          <TextEquiv>
            <Unicode>ا</Unicode>
          </TextEquiv>
        </Word>
        <Word id="w124">
          <Coords points="542,1055 634,1055 634,1145 542,1145"/>
          <TextEquiv>
            <Unicode>ليو</Unicode>
          </TextEquiv>
        </Word>
        <Word id="w125">
          <Coords points="506,1084 555,1084 555,1127 506,1127"/>
          <TextEquiv>
            <Unicode>م</Unicode>
          </TextEquiv>
        </Word>
        <Word id="w126">
          <Coords points="488,1055 508,1055 508,1110 488,1110"/>
          <TextEquiv>
            <Unicode>ا</Unicode>
          </TextEquiv>
        </Word>
        <Word id="w127">
          <Coords points="429,1056 473,1056 473,1125 429,1125"/>
          <TextEquiv>
            <Unicode>لا</Unicode>
          </TextEquiv>
        </Word>
        <Word id="w128">
          <Coords points="350,1087 431,1087 431,1140 350,1140"/>
          <TextEquiv>
            <Unicode>حر</Unicode>
          </TextEquiv>
        </Word>
        <Word id="w129">
          <Coords points="311,1074 359,1074 359,1137 311,1137"/>
          <TextEquiv>
            <Unicode>و</Unicode>
          </TextEquiv>
        </Word>
        <Word id="w130">
          <Coords points="217,1037 320,1037 320,1158 217,1158"/>
          <TextEquiv>
            <Unicode>عمل</Unicode>
          </TextEquiv>
        </Word>
        <Word id="w131">
          <Coords points="157,1032 239,1032 239,1127 157,1127"/>
          <TextEquiv>
            <Unicode>صا</Unicode>
          </TextEquiv>
        </Word>
        <Word id="w132">
          <Coords points="72,1039 141,1039 141,1125 72,1125"/>
          <TextEquiv>
            <Unicode>لحا</Unicode>
          </TextEquiv>
        </Word>
        <TextEquiv>
          <Unicode> و ا لنصا ر ى من ا من با لله و ا ليو م ا لا حر و عمل صا لحا</Unicode>
        </TextEquiv>
      </TextLine>
      <TextLine id="l7">
        <Coords points="50,1198 1316,1198 1316,1338 50,1338"/>
        <Word id="w133">
          <Coords points="1242,1219 1315,1219 1315,1303 1242,1303"/>
          <TextEquiv>
            <Unicode>فلا</Unicode>
          </TextEquiv>
        </Word>
        <Word id="w134">
          <Coords points="1154,1262 1241,1262 1241,1321 1154,1321"/>
          <TextEquiv>
            <Unicode>حو</Unicode>
          </TextEquiv>
        </Word>
        <Word id="w135">
          <Coords points="1076,1254 1166,1254 1166,1304 1076,1304"/>
          <TextEquiv>
            <Unicode>ف</Unicode>
          </TextEquiv>
        </Word>
        <Word id="w136">
          <Coords points="919,1216 1067,1216 1067,1337 919,1337"/>
          <TextEquiv>
            <Unicode>عليهم</Unicode>
          </TextEquiv>
        </Word>
        <Word id="w137">
          <Coords points="862,1254 907,1254 907,1305 862,1305"/>
          <TextEquiv>
            <Unicode>و</Unicode>
          </TextEquiv>
        </Word>
        <Word id="w138">
          <Coords points="816,1222 862,1222 862,1293 816,1293"/>
          <TextEquiv>
            <Unicode>لا</Unicode>
          </TextEquiv>
        </Word>
        <Word id="w139">
          <Coords points="738,1241 810,1241 810,1312 738,1312"/>
          <TextEquiv>
            <Unicode>هم</Unicode>
          </TextEquiv>
        </Word>
        <Word id="w140">
          <Coords points="618,1226 739,1226 739,1325 618,1325"/>
          <TextEquiv>
            <Unicode>يحز</Unicode>
          </TextEquiv>
        </Word>
        <Word id="w141">
          <Coords points="571,1231 629,1231 629,1306 571,1306"/>
          <TextEquiv>
            <Unicode>نو</Unicode>
          </TextEquiv>
        </Word>
        <Word id="w142">
          <Coords points="532,1233 571,1233 571,1299 532,1299"/>
          <TextEquiv>
            <Unicode>ن</Unicode>
          </TextEquiv>
        </Word>
        <Word id="w143">
          <Coords points="294,1221 400,1221 400,1295 294,1295"/>
          <TextEquiv>
            <Unicode>لقد</Unicode>
          </TextEquiv>
        </Word>
        <Word id="w144">
          <Coords points="274,1217 290,1217 290,1282 274,1282"/>
          <TextEquiv>
            <Unicode>ا</Unicode>
          </TextEquiv>
        </Word>
        <Word id="w145">
          <Coords points="83,1221 253,1221 253,1292 83,1292"/>
          <TextEquiv>
            <Unicode>خذ</Unicode>
          </TextEquiv>
        </Word>
        <Word id="w146">
          <Coords points="50,1198 85,1198 85,1277 50,1277"/>
          <TextEquiv>
            <Unicode>نا</Unicode>
          </TextEquiv>
        </Word>
        <TextEquiv>
          <Unicode> فلا حو ف عليهم و لا هم يحز نو ن لقد ا خذ نا</Unicode>
        </TextEquiv>
      </TextLine>
      <TextLine id="l8">
        <Coords points="33,1356 1313,1356 1313,1500 33,1500"/>
        <Word id="w147">
          <Coords points="1195,1356 1312,1356 1312,1469 1195,1469"/>
          <TextEquiv>
            <Unicode>ميثا</Unicode>
          </TextEquiv>
        </Word>
        <Word id="w148">
          <Coords points="1141,1393 1188,1393 1188,1469 1141,1469"/>
          <TextEquiv>
            <Unicode>ق</Unicode>
          </TextEquiv>
        </Word>
        <Word id="w149">
          <Coords points="1040,1392 1122,1392 1122,1482 1040,1482"/>
          <TextEquiv>
            <Unicode>بنى</Unicode>
          </TextEquiv>
        </Word>
        <Word id="w150">
          <Coords points="1029,1392 1038,1392 1038,1438 1029,1438"/>
          <TextEquiv>
            <Unicode>ا</Unicode>
          </TextEquiv>
        </Word>
        <Word id="w151">
          <Coords points="918,1425 1019,1425 1019,1480 918,1480"/>
          <TextEquiv>
            <Unicode>سلا</Unicode>
          </TextEquiv>
        </Word>
        <Word id="w152">
          <Coords points="912,1381 927,1381 927,1445 912,1445"/>
          <TextEquiv>
            <Unicode>ا</Unicode>
          </TextEquiv>
        </Word>
        <Word id="w153">
          <Coords points="841,1387 901,1387 901,1487 841,1487"/>
          <TextEquiv>
            <Unicode>ءل</Unicode>
          </TextEquiv>
        </Word>
        <Word id="w154">
          <Coords points="787,1419 836,1419 836,1474 787,1474"/>
          <TextEquiv>
            <Unicode>و</Unicode>
          </TextEquiv>
        </Word>
        <Word id="w155">
          <Coords points="779,1396 787,1396 787,1442 779,1442"/>
          <TextEquiv>
            <Unicode>ا</Unicode>
          </TextEquiv>
        </Word>
        <Word id="w156">
          <Coords points="724,1423 762,1423 762,1467 724,1467"/>
          <TextEquiv>
            <Unicode>ر</Unicode>
          </TextEquiv>
        </Word>
        <Word id="w157">
          <Coords points="578,1377 724,1377 724,1459 578,1459"/>
          <TextEquiv>
            <Unicode>سلنا</Unicode>
          </TextEquiv>
        </Word>
        <Word id="w158">
          <Coords points="551,1388 564,1388 564,1443 551,1443"/>
          <TextEquiv>
            <Unicode>ا</Unicode>
          </TextEquiv>
        </Word>
        <Word id="w159">
          <Coords points="426,1388 535,1388 535,1499 426,1499"/>
          <TextEquiv>
            <Unicode>ليهم</Unicode>
          </TextEquiv>
        </Word>
        <Word id="w160">
          <Coords points="374,1418 410,1418 410,1463 374,1463"/>
          <TextEquiv>
            <Unicode>ر</Unicode>
          </TextEquiv>
        </Word>
        <Word id="w161">
          <Coords points="250,1383 370,1383 370,1459 250,1459"/>
          <TextEquiv>
            <Unicode>سلا</Unicode>
          </TextEquiv>
        </Word>
        <Word id="w162">
          <Coords points="33,1394 253,1394 253,1476 33,1476"/>
          <TextEquiv>
            <Unicode>كلما</Unicode>
          </TextEquiv>
        </Word>
        <TextEquiv>
          <Unicode> ميثا ق بنى ا سلا ا ءل و ا ر سلنا ا ليهم ر سلا كلما</Unicode>
        </TextEquiv>
      </TextLine>
      <TextLine id="l9">
        <Coords points="67,1491 1297,1491 1297,1672 67,1672"/>
        <Word id="w163">
          <Coords points="1240,1535 1296,1535 1296,1621 1240,1621"/>
          <TextEquiv>
            <Unicode>حا</Unicode>
          </TextEquiv>
        </Word>
        <Word id="w164">
          <Coords points="1214,1586 1233,1586 1233,1609 1214,1609"/>
          <TextEquiv>
            <Unicode>ء</Unicode>
          </TextEquiv>
        </Word>
        <Word id="w165">
          <Coords points="1124,1579 1188,1579 1188,1640 1124,1640"/>
          <TextEquiv>
            <Unicode>هم</Unicode>
          </TextEquiv>
        </Word>
        <Word id="w166">
          <Coords points="1073,1590 1108,1590 1108,1630 1073,1630"/>
          <TextEquiv>
            <Unicode>ر</Unicode>
          </TextEquiv>
        </Word>
        <Word id="w167">
          <Coords points="972,1592 1073,1592 1073,1642 972,1642"/>
          <TextEquiv>
            <Unicode>سو</Unicode>
          </TextEquiv>
        </Word>
        <Word id="w168">
          <Coords points="938,1547 986,1547 986,1629 938,1629"/>
          <TextEquiv>
            <Unicode>ل</Unicode>
          </TextEquiv>
        </Word>
        <Word id="w169">
          <Coords points="869,1554 923,1554 923,1652 869,1652"/>
          <TextEquiv>
            <Unicode>بما</Unicode>
          </TextEquiv>
        </Word>
        <Word id="w170">
          <Coords points="799,1561 845,1561 845,1637 799,1637"/>
          <TextEquiv>
            <Unicode>لا</Unicode>
          </TextEquiv>
        </Word>
        <Word id="w171">
          <Coords points="688,1549 798,1549 798,1648 688,1648"/>
          <TextEquiv>
            <Unicode>تهو</Unicode>
          </TextEquiv>
        </Word>
        <Word id="w172">
          <Coords points="627,1584 683,1584 683,1634 627,1634"/>
          <TextEquiv>
            <Unicode>ى</Unicode>
          </TextEquiv>
        </Word>
        <Word id="w173">
          <Coords points="623,1547 644,1547 644,1603 623,1603"/>
          <TextEquiv>
            <Unicode>ا</Unicode>
          </TextEquiv>
        </Word>
        <Word id="w174">
          <Coords points="435,1558 613,1558 613,1671 435,1671"/>
          <TextEquiv>
            <Unicode>نفسهم</Unicode>
          </TextEquiv>
        </Word>
        <Word id="w175">
          <Coords points="360,1562 423,1562 423,1646 360,1646"/>
          <TextEquiv>
            <Unicode>فر</Unicode>
          </TextEquiv>
        </Word>
        <Word id="w176">
          <Coords points="233,1537 375,1537 375,1662 233,1662"/>
          <TextEquiv>
            <Unicode>يقا</Unicode>
          </TextEquiv>
        </Word>
        <Word id="w177">
          <Coords points="143,1491 268,1491 268,1620 143,1620"/>
          <TextEquiv>
            <Unicode>كذ</Unicode>
          </TextEquiv>
        </Word>
        <Word id="w178">
          <Coords points="67,1567 147,1567 147,1648 67,1648"/>
          <TextEquiv>
            <Unicode>بو</Unicode>
          </TextEquiv>
        </Word>
        <TextEquiv>
          <Unicode> حا ء هم ر سو ل بما لا تهو ى ا نفسهم فر يقا كذ بو</Unicode>
        </TextEquiv>
      </TextLine>
      <TextLine id="l10">
        <Coords points="45,1685 1304,1685 1304,1829 45,1829"/>
        <Word id="w179">
          <Coords points="1265,1743 1303,1743 1303,1803 1265,1803"/>
          <TextEquiv>
            <Unicode>و</Unicode>
          </TextEquiv>
        </Word>
        <Word id="w180">
          <Coords points="1191,1733 1277,1733 1277,1821 1191,1821"/>
          <TextEquiv>
            <Unicode>فر</Unicode>
          </TextEquiv>
        </Word>
        <Word id="w181">
          <Coords points="1090,1708 1203,1708 1203,1828 1090,1828"/>
          <TextEquiv>
            <Unicode>يقا</Unicode>
          </TextEquiv>
        </Word>
        <Word id="w182">
          <Coords points="913,1710 1074,1710 1074,1811 913,1811"/>
          <TextEquiv>
            <Unicode>يقتلو</Unicode>
          </TextEquiv>
        </Word>
        <Word id="w183">
          <Coords points="871,1737 910,1737 910,1800 871,1800"/>
          <TextEquiv>
            <Unicode>ن</Unicode>
          </TextEquiv>
        </Word>
        <Word id="w184">
          <Coords points="712,1750 755,1750 755,1799 712,1799"/>
          <TextEquiv>
            <Unicode>و</Unicode>
          </TextEquiv>
        </Word>
        <Word id="w185">
          <Coords points="556,1748 730,1748 730,1806 556,1806"/>
          <TextEquiv>
            <Unicode>حسبو</Unicode>
          </TextEquiv>
        </Word>
        <Word id="w186">
          <Coords points="538,1706 565,1706 565,1776 538,1776"/>
          <TextEquiv>
            <Unicode>ا</Unicode>
          </TextEquiv>
        </Word>
        <Word id="w187">
          <Coords points="514,1721 537,1721 537,1780 514,1780"/>
          <TextEquiv>
            <Unicode>ا</Unicode>
          </TextEquiv>
        </Word>
        <Word id="w188">
          <Coords points="463,1725 506,1725 506,1789 463,1789"/>
          <TextEquiv>
            <Unicode>لا</Unicode>
          </TextEquiv>
        </Word>
        <Word id="w189">
          <Coords points="376,1685 459,1685 459,1795 376,1795"/>
          <TextEquiv>
            <Unicode>تكو</Unicode>
          </TextEquiv>
        </Word>
        <Word id="w190">
          <Coords points="338,1738 372,1738 372,1789 338,1789"/>
          <TextEquiv>
            <Unicode>ن</Unicode>
          </TextEquiv>
        </Word>
        <Word id="w191">
          <Coords points="218,1713 323,1713 323,1784 218,1784"/>
          <TextEquiv>
            <Unicode>فتنة</Unicode>
          </TextEquiv>
        </Word>
        <Word id="w192">
          <Coords points="51,1702 75,1702 75,1767 51,1767"/>
          <TextEquiv>
            <Unicode>ا</Unicode>
          </TextEquiv>
        </Word>
        <Word id="w193">
          <Coords points="45,1711 219,1711 219,1793 45,1793"/>
          <TextEquiv>
            <Unicode>فعمو</Unicode>
          </TextEquiv>
        </Word>
        <TextEquiv>
          <Unicode> و فر يقا يقتلو ن و حسبو ا ا لا تكو ن فتنة ا فعمو</Unicode>
        </TextEquiv>
      </TextLine>
      <TextLine id="l11">
        <Coords points="48,1834 1310,1834 1310,2005 48,2005"/>
        <Word id="w194">
          <Coords points="1257,1902 1309,1902 1309,1964 1257,1964"/>
          <TextEquiv>
            <Unicode>و</Unicode>
          </TextEquiv>
        </Word>
        <Word id="w195">
          <Coords points="1137,1900 1267,1900 1267,1974 1137,1974"/>
          <TextEquiv>
            <Unicode>صمو</Unicode>
          </TextEquiv>
        </Word>
        <Word id="w196">
          <Coords points="1129,1894 1142,1894 1142,1941 1129,1941"/>
          <TextEquiv>
            <Unicode>ا</Unicode>
          </TextEquiv>
        </Word>
        <Word id="w197">
          <Coords points="1022,1918 1119,1918 1119,1959 1022,1959"/>
          <TextEquiv>
            <Unicode>تم</Unicode>
          </TextEquiv>
        </Word>
        <Word id="w198">
          <Coords points="985,1872 1013,1872 1013,1943 985,1943"/>
          <TextEquiv>
            <Unicode>تا</Unicode>
          </TextEquiv>
        </Word>
        <Word id="w199">
          <Coords points="906,1917 974,1917 974,1965 906,1965"/>
          <TextEquiv>
            <Unicode>ب</Unicode>
          </TextEquiv>
        </Word>
        <Word id="w200">
          <Coords points="898,1869 918,1869 918,1913 898,1913"/>
          <TextEquiv>
            <Unicode>ا</Unicode>
          </TextEquiv>
        </Word>
        <Word id="w201">
          <Coords points="826,1898 888,1898 888,1945 826,1945"/>
          <TextEquiv>
            <Unicode>لله</Unicode>
          </TextEquiv>
        </Word>
        <Word id="w202">
          <Coords points="676,1869 813,1869 813,2004 676,2004"/>
          <TextEquiv>
            <Unicode>عليهم</Unicode>
          </TextEquiv>
        </Word>
        <Word id="w203">
          <Coords points="611,1877 666,1877 666,1971 611,1971"/>
          <TextEquiv>
            <Unicode>نم</Unicode>
          </TextEquiv>
        </Word>
        <Word id="w204">
          <Coords points="435,1903 612,1903 612,1980 435,1980"/>
          <TextEquiv>
            <Unicode>عمو</Unicode>
          </TextEquiv>
        </Word>
        <Word id="w205">
          <Coords points="432,1881 447,1881 447,1943 432,1943"/>
          <TextEquiv>
            <Unicode>ا</Unicode>
          </TextEquiv>
        </Word>
        <Word id="w206">
          <Coords points="377,1914 421,1914 421,1966 377,1966"/>
          <TextEquiv>
            <Unicode>و</Unicode>
          </TextEquiv>
        </Word>
        <Word id="w207">
          <Coords points="251,1905 381,1905 381,1970 251,1970"/>
          <TextEquiv>
            <Unicode>صمو</Unicode>
          </TextEquiv>
        </Word>
        <Word id="w208">
          <Coords points="248,1890 259,1890 259,1937 248,1937"/>
          <TextEquiv>
            <Unicode>ا</Unicode>
          </TextEquiv>
        </Word>
        <Word id="w209">
          <Coords points="48,1834 282,1834 282,1967 48,1967"/>
          <TextEquiv>
            <Unicode>كثر</Unicode>
          </TextEquiv>
        </Word>
        <TextEquiv>
          <Unicode> و صمو ا تم تا ب ا لله عليهم نم عمو ا و صمو ا كثر</Unicode>
        </TextEquiv>
      </TextLine>
      <TextLine id="l12">
        <Coords points="56,1992 1321,1992 1321,2164 56,2164"/>
        <Word id="w210">
          <Coords points="1209,2049 1320,2049 1320,2163 1209,2163"/>
          <TextEquiv>
            <Unicode>منهم</Unicode>
          </TextEquiv>
        </Word>
        <Word id="w211">
          <Coords points="1166,2078 1209,2078 1209,2136 1166,2136"/>
          <TextEquiv>
            <Unicode>و</Unicode>
          </TextEquiv>
        </Word>
        <Word id="w212">
          <Coords points="1157,2057 1170,2057 1170,2102 1157,2102"/>
          <TextEquiv>
            <Unicode>ا</Unicode>
          </TextEquiv>
        </Word>
        <Word id="w213">
          <Coords points="1082,2075 1146,2075 1146,2119 1082,2119"/>
          <TextEquiv>
            <Unicode>لله</Unicode>
          </TextEquiv>
        </Word>
        <Word id="w214">
          <Coords points="927,2078 1068,2078 1068,2136 927,2136"/>
          <TextEquiv>
            <Unicode>بصير</Unicode>
          </TextEquiv>
        </Word>
        <Word id="w215">
          <Coords points="867,2039 918,2039 918,2151 867,2151"/>
          <TextEquiv>
            <Unicode>بما</Unicode>
          </TextEquiv>
        </Word>
        <Word id="w216">
          <Coords points="639,2044 855,2044 855,2141 639,2141"/>
          <TextEquiv>
            <Unicode>يغملو</Unicode>
          </TextEquiv>
        </Word>
        <Word id="w217">
          <Coords points="599,2058 637,2058 637,2124 599,2124"/>
          <TextEquiv>
            <Unicode>ن</Unicode>
          </TextEquiv>
        </Word>
        <Word id="w218">
          <Coords points="376,2043 475,2043 475,2118 376,2118"/>
          <TextEquiv>
            <Unicode>لقد</Unicode>
          </TextEquiv>
        </Word>
        <Word id="w219">
          <Coords points="222,1992 432,1992 432,2132 222,2132"/>
          <TextEquiv>
            <Unicode>كفر</Unicode>
          </TextEquiv>
        </Word>
        <Word id="w220">
          <Coords points="208,2044 223,2044 223,2102 208,2102"/>
          <TextEquiv>
            <Unicode>ا</Unicode>
          </TextEquiv>
        </Word>
        <Word id="w221">
          <Coords points="142,2049 202,2049 202,2115 142,2115"/>
          <TextEquiv>
            <Unicode>لذ</Unicode>
          </TextEquiv>
        </Word>
        <Word id="w222">
          <Coords points="56,2062 152,2062 152,2141 56,2141"/>
          <TextEquiv>
            <Unicode>ين</Unicode>
          </TextEquiv>
        </Word>
        <TextEquiv>
          <Unicode> منهم و ا لله بصير بما يغملو ن لقد كفر ا لذ ين</Unicode>
        </TextEquiv>
      </TextLine>
      <TextLine id="l13">
        <Coords points="37,2186 1328,2186 1328,2361 37,2361"/>
        <Word id="w223">
          <Coords points="1284,2205 1327,2205 1327,2277 1284,2277"/>
          <TextEquiv>
            <Unicode>قا</Unicode>
          </TextEquiv>
        </Word>
        <Word id="w224">
          <Coords points="1219,2210 1273,2210 1273,2302 1219,2302"/>
          <TextEquiv>
            <Unicode>لو</Unicode>
          </TextEquiv>
        </Word>
        <Word id="w225">
          <Coords points="1216,2214 1231,2214 1231,2277 1216,2277"/>
          <TextEquiv>
            <Unicode>ا</Unicode>
          </TextEquiv>
        </Word>
        <Word id="w226">
          <Coords points="1187,2212 1200,2212 1200,2267 1187,2267"/>
          <TextEquiv>
            <Unicode>ا</Unicode>
          </TextEquiv>
        </Word>
        <Word id="w227">
          <Coords points="1140,2225 1181,2225 1181,2293 1140,2293"/>
          <TextEquiv>
            <Unicode>ن</Unicode>
          </TextEquiv>
        </Word>
        <Word id="w228">
          <Coords points="1110,2213 1131,2213 1131,2275 1110,2275"/>
          <TextEquiv>
            <Unicode>ا</Unicode>
          </TextEquiv>
        </Word>
        <Word id="w229">
          <Coords points="1035,2232 1115,2232 1115,2281 1035,2281"/>
          <TextEquiv>
            <Unicode>لله</Unicode>
          </TextEquiv>
        </Word>
        <Word id="w230">
          <Coords points="937,2234 1028,2234 1028,2304 937,2304"/>
          <TextEquiv>
            <Unicode>هو</Unicode>
          </TextEquiv>
        </Word>
        <Word id="w231">
          <Coords points="924,2201 946,2201 946,2252 924,2252"/>
          <TextEquiv>
            <Unicode>ا</Unicode>
          </TextEquiv>
        </Word>
        <Word id="w232">
          <Coords points="777,2200 925,2200 925,2360 777,2360"/>
          <TextEquiv>
            <Unicode>لمسيح</Unicode>
          </TextEquiv>
        </Word>
        <Word id="w233">
          <Coords points="751,2201 774,2201 774,2266 751,2266"/>
          <TextEquiv>
            <Unicode>ا</Unicode>
          </TextEquiv>
        </Word>
        <Word id="w234">
          <Coords points="696,2230 746,2230 746,2309 696,2309"/>
          <TextEquiv>
            <Unicode>بن</Unicode>
          </TextEquiv>
        </Word>
        <Word id="w235">
          <Coords points="610,2228 692,2228 692,2293 610,2293"/>
          <TextEquiv>
            <Unicode>مر</Unicode>
          </TextEquiv>
        </Word>
        <Word id="w236">
          <Coords points="530,2229 629,2229 629,2311 530,2311"/>
          <TextEquiv>
            <Unicode>يم</Unicode>
          </TextEquiv>
        </Word>
        <Word id="w237">
          <Coords points="489,2233 532,2233 532,2287 489,2287"/>
          <TextEquiv>
            <Unicode>و</Unicode>
          </TextEquiv>
        </Word>
        <Word id="w238">
          <Coords points="451,2186 497,2186 497,2271 451,2271"/>
          <TextEquiv>
            <Unicode>قا</Unicode>
          </TextEquiv>
        </Word>
        <Word id="w239">
          <Coords points="394,2187 440,2187 440,2278 394,2278"/>
          <TextEquiv>
            <Unicode>ل</Unicode>
          </TextEquiv>
        </Word>
        <Word id="w240">
          <Coords points="372,2201 383,2201 383,2255 372,2255"/>
          <TextEquiv>
            <Unicode>ا</Unicode>
          </TextEquiv>
        </Word>
        <Word id="w241">
          <Coords points="140,2198 362,2198 362,2349 140,2349"/>
          <TextEquiv>
            <Unicode>لمسيح</Unicode>
          </TextEquiv>
        </Word>
        <Word id="w242">
          <Coords points="109,2193 144,2193 144,2305 109,2305"/>
          <TextEquiv>
            <Unicode>يا</Unicode>
          </TextEquiv>
        </Word>
        <Word id="w243">
          <Coords points="37,2204 110,2204 110,2303 37,2303"/>
          <TextEquiv>
            <Unicode>بني</Unicode>
          </TextEquiv>
        </Word>
        <TextEquiv>
          <Unicode> قا لو ا ا ن ا لله هو ا لمسيح ا بن مر يم و قا ل ا لمسيح يا بني</Unicode>
        </TextEquiv>
      </TextLine>
      <TextLine id="l14">
        <Coords points="51,2330 1341,2330 1341,2474 51,2474"/>
        <Word id="w244">
          <Coords points="1328,2367 1340,2367 1340,2430 1328,2430"/>
          <TextEquiv>
            <Unicode>ا</Unicode>
          </TextEquiv>
        </Word>
        <Word id="w245">
          <Coords points="1236,2395 1324,2395 1324,2463 1236,2463"/>
          <TextEquiv>
            <Unicode>سر</Unicode>
          </TextEquiv>
        </Word>
        <Word id="w246">
          <Coords points="1222,2368 1241,2368 1241,2427 1222,2427"/>
          <TextEquiv>
            <Unicode>ا</Unicode>
          </TextEquiv>
        </Word>
        <Word id="w247">
          <Coords points="1161,2360 1222,2360 1222,2472 1161,2472"/>
          <TextEquiv>
            <Unicode>ئل</Unicode>
          </TextEquiv>
        </Word>
        <Word id="w248">
          <Coords points="1139,2368 1159,2368 1159,2434 1139,2434"/>
          <TextEquiv>
            <Unicode>ا</Unicode>
          </TextEquiv>
        </Word>
        <Word id="w249">
          <Coords points="1007,2398 1133,2398 1133,2473 1007,2473"/>
          <TextEquiv>
            <Unicode>عبد</Unicode>
          </TextEquiv>
        </Word>
        <Word id="w250">
          <Coords points="947,2406 993,2406 993,2463 947,2463"/>
          <TextEquiv>
            <Unicode>و</Unicode>
          </TextEquiv>
        </Word>
        <Word id="w251">
          <Coords points="936,2373 961,2373 961,2434 936,2434"/>
          <TextEquiv>
            <Unicode>ا</Unicode>
          </TextEquiv>
        </Word>
        <Word id="w252">
          <Coords points="911,2372 927,2372 927,2433 911,2433"/>
          <TextEquiv>
            <Unicode>ا</Unicode>
          </TextEquiv>
        </Word>
        <Word id="w253">
          <Coords points="828,2380 908,2380 908,2442 828,2442"/>
          <TextEquiv>
            <Unicode>لله</Unicode>
          </TextEquiv>
        </Word>
        <Word id="w254">
          <Coords points="780,2405 810,2405 810,2446 780,2446"/>
          <TextEquiv>
            <Unicode>ر</Unicode>
          </TextEquiv>
        </Word>
        <Word id="w255">
          <Coords points="705,2393 772,2393 772,2472 705,2472"/>
          <TextEquiv>
            <Unicode>بى</Unicode>
          </TextEquiv>
        </Word>
        <Word id="w256">
          <Coords points="596,2408 633,2408 633,2450 596,2450"/>
          <TextEquiv>
            <Unicode>ر</Unicode>
          </TextEquiv>
        </Word>
        <Word id="w257">
          <Coords points="495,2330 605,2330 605,2459 495,2459"/>
          <TextEquiv>
            <Unicode>بكم</Unicode>
          </TextEquiv>
        </Word>
        <Word id="w258">
          <Coords points="474,2370 494,2370 494,2436 474,2436"/>
          <TextEquiv>
            <Unicode>ا</Unicode>
          </TextEquiv>
        </Word>
        <Word id="w259">
          <Coords points="419,2383 470,2383 470,2447 419,2447"/>
          <TextEquiv>
            <Unicode>نه</Unicode>
          </TextEquiv>
        </Word>
        <Word id="w260">
          <Coords points="337,2405 414,2405 414,2465 337,2465"/>
          <TextEquiv>
            <Unicode>من</Unicode>
          </TextEquiv>
        </Word>
        <Word id="w261">
          <Coords points="205,2384 334,2384 334,2471 205,2471"/>
          <TextEquiv>
            <Unicode>يشر</Unicode>
          </TextEquiv>
        </Word>
        <Word id="w262">
          <Coords points="167,2370 215,2370 215,2444 167,2444"/>
          <TextEquiv>
            <Unicode>ك</Unicode>
          </TextEquiv>
        </Word>
        <Word id="w263">
          <Coords points="128,2374 168,2374 168,2473 128,2473"/>
          <TextEquiv>
            <Unicode>با</Unicode>
          </TextEquiv>
        </Word>
        <Word id="w264">
          <Coords points="51,2404 127,2404 127,2456 51,2456"/>
          <TextEquiv>
            <Unicode>لله</Unicode>
          </TextEquiv>
        </Word>
        <TextEquiv>
          <Unicode> ا سر ا ئل ا عبد و ا ا لله ر بى ر بكم ا نه من يشر ك با لله</Unicode>
        </TextEquiv>
      </TextLine>
    </TextRegion>
  </Page>
</PcGts>
