<?xml version='1.0' encoding='utf-8'?>
<PcGts xmlns:xsi="http://www.w3.org/2001/XMLSchema-instance" xmlns="http://schema.primaresearch.org/PAGE/gts/pagecontent/2019-07-15" xsi:schemaLocation="http://schema.primaresearch.org/PAGE/gts/pagecontent/2019-07-15 http://schema.primaresearch.org/PAGE/gts/pagecontent/2019-07-15/pagecontent.xsd" pcGtsId="pc-aletheiaexamplepage">
  <Metadata>
    <Creator>PRImA Research Lab</Creator>
    <Created>2015-07-17T15:27:13</Created>
    <LastChange>2017-07-14T10:03:33</LastChange>
    <Comments>Example Page</Comments>
  </Metadata>
  <Page imageFilename="3158466/_067-1.png" imageWidth="1413" imageHeight="2621">
    <TextRegion id="r0" type="paragraph">
      <Coords points="1,1 1411,1 1411,2619 1,2619"/>
      <TextLine id="l0">
        <Coords points="94,116 1380,116 1380,263 94,263"/>
        <Word id="w0">
          <Coords points="1267,159 1379,159 1379,244 1267,244"/>
          <TextEquiv>
            <Unicode>فد</Unicode>
          </TextEquiv>
        </Word>
        <Word id="w1">
          <Coords points="1205,188 1284,188 1284,242 1205,242"/>
          <TextEquiv>
            <Unicode>حر</Unicode>
          </TextEquiv>
        </Word>
        <Word id="w2">
          <Coords points="1182,193 1214,193 1214,262 1182,262"/>
          <TextEquiv>
            <Unicode>م</Unicode>
          </TextEquiv>
        </Word>
        <Word id="w3">
          <Coords points="1158,165 1169,165 1169,222 1158,222"/>
          <TextEquiv>
            <Unicode>ا</Unicode>
          </TextEquiv>
        </Word>
        <Word id="w4">
          <Coords points="1077,184 1144,184 1144,228 1077,228"/>
          <TextEquiv>
            <Unicode>لله</Unicode>
          </TextEquiv>
        </Word>
        <Word id="w5">
          <Coords points="924,151 1062,151 1062,250 924,250"/>
          <TextEquiv>
            <Unicode>عليه</Unicode>
          </TextEquiv>
        </Word>
        <Word id="w6">
          <Coords points="888,149 906,149 906,225 888,225"/>
          <TextEquiv>
            <Unicode>ا</Unicode>
          </TextEquiv>
        </Word>
        <Word id="w7">
          <Coords points="769,134 885,134 885,237 769,237"/>
          <TextEquiv>
            <Unicode>لجنة</Unicode>
          </TextEquiv>
        </Word>
        <Word id="w8">
          <Coords points="715,188 758,188 758,241 715,241"/>
          <TextEquiv>
            <Unicode>و</Unicode>
          </TextEquiv>
        </Word>
        <Word id="w9">
          <Coords points="677,146 729,146 729,222 677,222"/>
          <TextEquiv>
            <Unicode>ما</Unicode>
          </TextEquiv>
        </Word>
        <Word id="w10">
          <Coords points="620,183 663,183 663,233 620,233"/>
          <TextEquiv>
            <Unicode>و</Unicode>
          </TextEquiv>
        </Word>
        <Word id="w11">
          <Coords points="583,188 615,188 615,252 583,252"/>
          <TextEquiv>
            <Unicode>يه</Unicode>
          </TextEquiv>
        </Word>
        <Word id="w12">
          <Coords points="552,144 569,144 569,206 552,206"/>
          <TextEquiv>
            <Unicode>ا</Unicode>
          </TextEquiv>
        </Word>
        <Word id="w13">
          <Coords points="440,144 540,144 540,214 440,214"/>
          <TextEquiv>
            <Unicode>لنا</Unicode>
          </TextEquiv>
        </Word>
        <Word id="w14">
          <Coords points="397,179 434,179 434,226 397,226"/>
          <TextEquiv>
            <Unicode>ر</Unicode>
          </TextEquiv>
        </Word>
        <Word id="w15">
          <Coords points="356,173 398,173 398,223 356,223"/>
          <TextEquiv>
            <Unicode>و</Unicode>
          </TextEquiv>
        </Word>
        <Word id="w16">
          <Coords points="320,116 365,116 365,203 320,203"/>
          <TextEquiv>
            <Unicode>ما</Unicode>
          </TextEquiv>
        </Word>
        <Word id="w17">
          <Coords points="193,119 304,119 304,193 193,193"/>
          <TextEquiv>
            <Unicode>للظا</Unicode>
          </TextEquiv>
        </Word>
        <Word id="w18">
          <Coords points="94,125 186,125 186,208 94,208"/>
          <TextEquiv>
            <Unicode>لمين</Unicode>
          </TextEquiv>
        </Word>
        <TextEquiv>
          <Unicode> فد حر م ا لله عليه ا لجنة و ما و يه ا لنا ر و ما للظا لمين</Unicode>
        </TextEquiv>
      </TextLine>
      <TextLine id="l1">
        <Coords points="103,275 1371,275 1371,440 103,440"/>
        <Word id="w19">
          <Coords points="1296,337 1304,337 1304,386 1296,386"/>
          <TextEquiv>
            <Unicode>ا</Unicode>
          </TextEquiv>
        </Word>
        <Word id="w20">
          <Coords points="1178,316 1283,316 1283,406 1178,406"/>
          <TextEquiv>
            <Unicode>نصا</Unicode>
          </TextEquiv>
        </Word>
        <Word id="w21">
          <Coords points="1177,349 1370,349 1370,439 1177,439"/>
          <TextEquiv>
            <Unicode>من</Unicode>
          </TextEquiv>
        </Word>
        <Word id="w22">
          <Coords points="1129,366 1164,366 1164,407 1129,407"/>
          <TextEquiv>
            <Unicode>ر</Unicode>
          </TextEquiv>
        </Word>
        <Word id="w23">
          <Coords points="922,328 1024,328 1024,391 922,391"/>
          <TextEquiv>
            <Unicode>لقد</Unicode>
          </TextEquiv>
        </Word>
        <Word id="w24">
          <Coords points="824,324 834,324 834,373 824,373"/>
          <TextEquiv>
            <Unicode>ا</Unicode>
          </TextEquiv>
        </Word>
        <Word id="w25">
          <Coords points="822,275 962,275 962,409 822,409"/>
          <TextEquiv>
            <Unicode>كفر</Unicode>
          </TextEquiv>
        </Word>
        <Word id="w26">
          <Coords points="763,324 814,324 814,387 763,387"/>
          <TextEquiv>
            <Unicode>لذ</Unicode>
          </TextEquiv>
        </Word>
        <Word id="w27">
          <Coords points="700,341 757,341 757,416 700,416"/>
          <TextEquiv>
            <Unicode>بن</Unicode>
          </TextEquiv>
        </Word>
        <Word id="w28">
          <Coords points="655,308 690,308 690,385 655,385"/>
          <TextEquiv>
            <Unicode>فا</Unicode>
          </TextEquiv>
        </Word>
        <Word id="w29">
          <Coords points="569,315 630,315 630,402 569,402"/>
          <TextEquiv>
            <Unicode>لو</Unicode>
          </TextEquiv>
        </Word>
        <Word id="w30">
          <Coords points="559,316 573,316 573,372 559,372"/>
          <TextEquiv>
            <Unicode>ا</Unicode>
          </TextEquiv>
        </Word>
        <Word id="w31">
          <Coords points="529,316 542,316 542,373 529,373"/>
          <TextEquiv>
            <Unicode>ا</Unicode>
          </TextEquiv>
        </Word>
        <Word id="w32">
          <Coords points="480,326 516,326 516,382 480,382"/>
          <TextEquiv>
            <Unicode>ن</Unicode>
          </TextEquiv>
        </Word>
        <Word id="w33">
          <Coords points="452,314 470,314 470,368 452,368"/>
          <TextEquiv>
            <Unicode>ا</Unicode>
          </TextEquiv>
        </Word>
        <Word id="w34">
          <Coords points="366,321 439,321 439,389 366,389"/>
          <TextEquiv>
            <Unicode>لله</Unicode>
          </TextEquiv>
        </Word>
        <Word id="w35">
          <Coords points="325,300 353,300 353,374 325,374"/>
          <TextEquiv>
            <Unicode>تا</Unicode>
          </TextEquiv>
        </Word>
        <Word id="w36">
          <Coords points="229,300 306,300 306,375 229,375"/>
          <TextEquiv>
            <Unicode>لث</Unicode>
          </TextEquiv>
        </Word>
        <Word id="w37">
          <Coords points="103,296 218,296 218,370 103,370"/>
          <TextEquiv>
            <Unicode>نلثة</Unicode>
          </TextEquiv>
        </Word>
        <TextEquiv>
          <Unicode> ا نصا من ر لقد ا كفر لذ بن فا لو ا ا ن ا لله تا لث نلثة</Unicode>
        </TextEquiv>
      </TextLine>
      <TextLine id="l2">
        <Coords points="100,461 1359,461 1359,587 100,587"/>
        <Word id="w38">
          <Coords points="1309,532 1358,532 1358,585 1309,585"/>
          <TextEquiv>
            <Unicode>و</Unicode>
          </TextEquiv>
        </Word>
        <Word id="w39">
          <Coords points="1281,474 1328,474 1328,562 1281,562"/>
          <TextEquiv>
            <Unicode>ما</Unicode>
          </TextEquiv>
        </Word>
        <Word id="w40">
          <Coords points="1195,522 1272,522 1272,586 1195,586"/>
          <TextEquiv>
            <Unicode>من</Unicode>
          </TextEquiv>
        </Word>
        <Word id="w41">
          <Coords points="1176,490 1186,490 1186,547 1176,547"/>
          <TextEquiv>
            <Unicode>ا</Unicode>
          </TextEquiv>
        </Word>
        <Word id="w42">
          <Coords points="1119,494 1165,494 1165,561 1119,561"/>
          <TextEquiv>
            <Unicode>له</Unicode>
          </TextEquiv>
        </Word>
        <Word id="w43">
          <Coords points="1092,479 1109,479 1109,549 1092,549"/>
          <TextEquiv>
            <Unicode>ا</Unicode>
          </TextEquiv>
        </Word>
        <Word id="w44">
          <Coords points="1032,485 1085,485 1085,556 1032,556"/>
          <TextEquiv>
            <Unicode>لا</Unicode>
          </TextEquiv>
        </Word>
        <Word id="w45">
          <Coords points="1010,483 1025,483 1025,543 1010,543"/>
          <TextEquiv>
            <Unicode>ا</Unicode>
          </TextEquiv>
        </Word>
        <Word id="w46">
          <Coords points="958,483 999,483 999,552 958,552"/>
          <TextEquiv>
            <Unicode>له</Unicode>
          </TextEquiv>
        </Word>
        <Word id="w47">
          <Coords points="892,515 939,515 939,569 892,569"/>
          <TextEquiv>
            <Unicode>و</Unicode>
          </TextEquiv>
        </Word>
        <Word id="w48">
          <Coords points="882,485 895,485 895,540 882,540"/>
          <TextEquiv>
            <Unicode>ا</Unicode>
          </TextEquiv>
        </Word>
        <Word id="w49">
          <Coords points="785,516 877,516 877,557 785,557"/>
          <TextEquiv>
            <Unicode>حد</Unicode>
          </TextEquiv>
        </Word>
        <Word id="w50">
          <Coords points="740,514 778,514 778,566 740,566"/>
          <TextEquiv>
            <Unicode>و</Unicode>
          </TextEquiv>
        </Word>
        <Word id="w51">
          <Coords points="722,492 735,492 735,549 722,549"/>
          <TextEquiv>
            <Unicode>ا</Unicode>
          </TextEquiv>
        </Word>
        <Word id="w52">
          <Coords points="666,500 705,500 705,567 666,567"/>
          <TextEquiv>
            <Unicode>ن</Unicode>
          </TextEquiv>
        </Word>
        <Word id="w53">
          <Coords points="612,490 655,490 655,579 612,579"/>
          <TextEquiv>
            <Unicode>لم</Unicode>
          </TextEquiv>
        </Word>
        <Word id="w54">
          <Coords points="433,492 608,492 608,572 433,572"/>
          <TextEquiv>
            <Unicode>ينتهو</Unicode>
          </TextEquiv>
        </Word>
        <Word id="w55">
          <Coords points="429,481 441,481 441,538 429,538"/>
          <TextEquiv>
            <Unicode>ا</Unicode>
          </TextEquiv>
        </Word>
        <Word id="w56">
          <Coords points="292,461 416,461 416,551 292,551"/>
          <TextEquiv>
            <Unicode>عما</Unicode>
          </TextEquiv>
        </Word>
        <Word id="w57">
          <Coords points="184,474 276,474 276,560 184,560"/>
          <TextEquiv>
            <Unicode>يقو</Unicode>
          </TextEquiv>
        </Word>
        <Word id="w58">
          <Coords points="130,462 190,462 190,549 130,549"/>
          <TextEquiv>
            <Unicode>لو</Unicode>
          </TextEquiv>
        </Word>
        <Word id="w59">
          <Coords points="100,485 136,485 136,539 100,539"/>
          <TextEquiv>
            <Unicode>ن</Unicode>
          </TextEquiv>
        </Word>
        <TextEquiv>
          <Unicode> و ما من ا له ا لا ا له و ا حد و ا ن لم ينتهو ا عما يقو لو ن</Unicode>
        </TextEquiv>
      </TextLine>
      <TextLine id="l3">
        <Coords points="90,613 1362,613 1362,769 90,769"/>
        <Word id="w60">
          <Coords points="1184,655 1361,655 1361,768 1184,768"/>
          <TextEquiv>
            <Unicode>ليمسن</Unicode>
          </TextEquiv>
        </Word>
        <Word id="w61">
          <Coords points="1177,677 1186,677 1186,722 1177,722"/>
          <TextEquiv>
            <Unicode>ا</Unicode>
          </TextEquiv>
        </Word>
        <Word id="w62">
          <Coords points="1109,665 1168,665 1168,744 1109,744"/>
          <TextEquiv>
            <Unicode>لذ</Unicode>
          </TextEquiv>
        </Word>
        <Word id="w63">
          <Coords points="1039,678 1102,678 1102,761 1039,761"/>
          <TextEquiv>
            <Unicode>ين</Unicode>
          </TextEquiv>
        </Word>
        <Word id="w64">
          <Coords points="804,668 1056,668 1056,764 804,764"/>
          <TextEquiv>
            <Unicode>ك</Unicode>
          </TextEquiv>
        </Word>
        <Word id="w65">
          <Coords points="784,642 804,642 804,705 784,705"/>
          <TextEquiv>
            <Unicode>ا</Unicode>
          </TextEquiv>
        </Word>
        <Word id="w66">
          <Coords points="769,701 818,701 818,747 769,747"/>
          <TextEquiv>
            <Unicode>و</Unicode>
          </TextEquiv>
        </Word>
        <Word id="w67">
          <Coords points="670,678 779,678 779,760 670,760"/>
          <TextEquiv>
            <Unicode>منهم</Unicode>
          </TextEquiv>
        </Word>
        <Word id="w68">
          <Coords points="573,684 656,684 656,728 573,728"/>
          <TextEquiv>
            <Unicode>عد</Unicode>
          </TextEquiv>
        </Word>
        <Word id="w69">
          <Coords points="549,627 571,627 571,696 549,696"/>
          <TextEquiv>
            <Unicode>ا</Unicode>
          </TextEquiv>
        </Word>
        <Word id="w70">
          <Coords points="486,694 552,694 552,749 486,749"/>
          <TextEquiv>
            <Unicode>ب</Unicode>
          </TextEquiv>
        </Word>
        <Word id="w71">
          <Coords points="453,637 475,637 475,713 453,713"/>
          <TextEquiv>
            <Unicode>ا</Unicode>
          </TextEquiv>
        </Word>
        <Word id="w72">
          <Coords points="340,645 449,645 449,745 340,745"/>
          <TextEquiv>
            <Unicode>ليم</Unicode>
          </TextEquiv>
        </Word>
        <Word id="w73">
          <Coords points="220,641 240,641 240,702 220,702"/>
          <TextEquiv>
            <Unicode>ا</Unicode>
          </TextEquiv>
        </Word>
        <Word id="w74">
          <Coords points="118,654 209,654 209,709 118,709"/>
          <TextEquiv>
            <Unicode>ف</Unicode>
          </TextEquiv>
        </Word>
        <Word id="w75">
          <Coords points="90,613 132,613 132,681 90,681"/>
          <TextEquiv>
            <Unicode>لا</Unicode>
          </TextEquiv>
        </Word>
        <TextEquiv>
          <Unicode> ليمسن ا لذ ين ك ا و منهم عد ا ب ا ليم ا ف لا</Unicode>
        </TextEquiv>
      </TextLine>
      <TextLine id="l4">
        <Coords points="89,809 1348,809 1348,942 89,942"/>
        <Word id="w76">
          <Coords points="1247,850 1347,850 1347,925 1247,925"/>
          <TextEquiv>
            <Unicode>يتو</Unicode>
          </TextEquiv>
        </Word>
        <Word id="w77">
          <Coords points="1193,862 1252,862 1252,941 1193,941"/>
          <TextEquiv>
            <Unicode>بو</Unicode>
          </TextEquiv>
        </Word>
        <Word id="w78">
          <Coords points="1154,846 1196,846 1196,898 1154,898"/>
          <TextEquiv>
            <Unicode>ن</Unicode>
          </TextEquiv>
        </Word>
        <Word id="w79">
          <Coords points="1123,814 1147,814 1147,873 1123,873"/>
          <TextEquiv>
            <Unicode>ا</Unicode>
          </TextEquiv>
        </Word>
        <Word id="w80">
          <Coords points="1056,812 1120,812 1120,908 1056,908"/>
          <TextEquiv>
            <Unicode>لى</Unicode>
          </TextEquiv>
        </Word>
        <Word id="w81">
          <Coords points="1026,815 1041,815 1041,874 1026,874"/>
          <TextEquiv>
            <Unicode>ا</Unicode>
          </TextEquiv>
        </Word>
        <Word id="w82">
          <Coords points="951,847 1014,847 1014,887 951,887"/>
          <TextEquiv>
            <Unicode>لله</Unicode>
          </TextEquiv>
        </Word>
        <Word id="w83">
          <Coords points="883,842 929,842 929,894 883,894"/>
          <TextEquiv>
            <Unicode>و</Unicode>
          </TextEquiv>
        </Word>
        <Word id="w84">
          <Coords points="624,816 885,816 885,926 624,926"/>
          <TextEquiv>
            <Unicode>يستغفر</Unicode>
          </TextEquiv>
        </Word>
        <Word id="w85">
          <Coords points="592,844 644,844 644,898 592,898"/>
          <TextEquiv>
            <Unicode>و</Unicode>
          </TextEquiv>
        </Word>
        <Word id="w86">
          <Coords points="565,833 596,833 596,879 565,879"/>
          <TextEquiv>
            <Unicode>نه</Unicode>
          </TextEquiv>
        </Word>
        <Word id="w87">
          <Coords points="506,842 551,842 551,893 506,893"/>
          <TextEquiv>
            <Unicode>و</Unicode>
          </TextEquiv>
        </Word>
        <Word id="w88">
          <Coords points="496,814 508,814 508,863 496,863"/>
          <TextEquiv>
            <Unicode>ا</Unicode>
          </TextEquiv>
        </Word>
        <Word id="w89">
          <Coords points="415,833 486,833 486,877 415,877"/>
          <TextEquiv>
            <Unicode>لله</Unicode>
          </TextEquiv>
        </Word>
        <Word id="w90">
          <Coords points="277,809 403,809 403,900 277,900"/>
          <TextEquiv>
            <Unicode>غفو</Unicode>
          </TextEquiv>
        </Word>
        <Word id="w91">
          <Coords points="234,847 277,847 277,887 234,887"/>
          <TextEquiv>
            <Unicode>ر</Unicode>
          </TextEquiv>
        </Word>
        <Word id="w92">
          <Coords points="192,849 236,849 236,882 192,882"/>
          <TextEquiv>
            <Unicode>ر</Unicode>
          </TextEquiv>
        </Word>
        <Word id="w93">
          <Coords points="89,832 203,832 203,894 89,894"/>
          <TextEquiv>
            <Unicode>حيم</Unicode>
          </TextEquiv>
        </Word>
        <TextEquiv>
          <Unicode> يتو بو ن ا لى ا لله و يستغفر و نه و ا لله غفو ر ر حيم</Unicode>
        </TextEquiv>
      </TextLine>
      <TextLine id="l5">
        <Coords points="87,967 1344,967 1344,1259 87,1259"/>
        <Word id="w94">
          <Coords points="1327,1148 1343,1148 1343,1215 1327,1215"/>
          <TextEquiv>
            <Unicode>ا</Unicode>
          </TextEquiv>
        </Word>
        <Word id="w95">
          <Coords points="1276,1148 1319,1148 1319,1249 1276,1249"/>
          <TextEquiv>
            <Unicode>لر</Unicode>
          </TextEquiv>
        </Word>
        <Word id="w96">
          <Coords points="1181,1160 1282,1160 1282,1258 1181,1258"/>
          <TextEquiv>
            <Unicode>سل</Unicode>
          </TextEquiv>
        </Word>
        <Word id="w97">
          <Coords points="1176,980 1226,980 1226,1057 1176,1057"/>
          <TextEquiv>
            <Unicode>ما</Unicode>
          </TextEquiv>
        </Word>
        <Word id="w98">
          <Coords points="1145,982 1169,982 1169,1035 1145,1035"/>
          <TextEquiv>
            <Unicode>ا</Unicode>
          </TextEquiv>
        </Word>
        <Word id="w99">
          <Coords points="1134,1190 1181,1190 1181,1245 1134,1245"/>
          <TextEquiv>
            <Unicode>و</Unicode>
          </TextEquiv>
        </Word>
        <Word id="w100">
          <Coords points="1126,1138 1143,1138 1143,1201 1126,1201"/>
          <TextEquiv>
            <Unicode>ا</Unicode>
          </TextEquiv>
        </Word>
        <Word id="w101">
          <Coords points="1052,1176 1120,1176 1120,1225 1052,1225"/>
          <TextEquiv>
            <Unicode>مه</Unicode>
          </TextEquiv>
        </Word>
        <Word id="w102">
          <Coords points="959,984 1141,984 1141,1133 959,1133"/>
          <TextEquiv>
            <Unicode>لمسيح</Unicode>
          </TextEquiv>
        </Word>
        <Word id="w103">
          <Coords points="939,987 956,987 956,1043 939,1043"/>
          <TextEquiv>
            <Unicode>ا</Unicode>
          </TextEquiv>
        </Word>
        <Word id="w104">
          <Coords points="927,1166 1041,1166 1041,1228 927,1228"/>
          <TextEquiv>
            <Unicode>صد</Unicode>
          </TextEquiv>
        </Word>
        <Word id="w105">
          <Coords points="870,1013 937,1013 937,1095 870,1095"/>
          <TextEquiv>
            <Unicode>بن</Unicode>
          </TextEquiv>
        </Word>
        <Word id="w106">
          <Coords points="817,1159 913,1159 913,1241 817,1241"/>
          <TextEquiv>
            <Unicode>يقه</Unicode>
          </TextEquiv>
        </Word>
        <Word id="w107">
          <Coords points="787,1007 863,1007 863,1080 787,1080"/>
          <TextEquiv>
            <Unicode>مر</Unicode>
          </TextEquiv>
        </Word>
        <Word id="w108">
          <Coords points="747,994 792,994 792,1098 747,1098"/>
          <TextEquiv>
            <Unicode>يم</Unicode>
          </TextEquiv>
        </Word>
        <Word id="w109">
          <Coords points="723,982 737,982 737,1045 723,1045"/>
          <TextEquiv>
            <Unicode>ا</Unicode>
          </TextEquiv>
        </Word>
        <Word id="w110">
          <Coords points="663,994 706,994 706,1065 663,1065"/>
          <TextEquiv>
            <Unicode>لا</Unicode>
          </TextEquiv>
        </Word>
        <Word id="w111">
          <Coords points="620,1017 655,1017 655,1063 620,1063"/>
          <TextEquiv>
            <Unicode>ر</Unicode>
          </TextEquiv>
        </Word>
        <Word id="w112">
          <Coords points="606,1138 801,1138 801,1216 606,1216"/>
          <TextEquiv>
            <Unicode>كا</Unicode>
          </TextEquiv>
        </Word>
        <Word id="w113">
          <Coords points="560,1142 591,1142 591,1209 560,1209"/>
          <TextEquiv>
            <Unicode>نا</Unicode>
          </TextEquiv>
        </Word>
        <Word id="w114">
          <Coords points="526,1022 613,1022 613,1072 526,1072"/>
          <TextEquiv>
            <Unicode>سو</Unicode>
          </TextEquiv>
        </Word>
        <Word id="w115">
          <Coords points="515,1141 543,1141 543,1235 515,1235"/>
          <TextEquiv>
            <Unicode>يا</Unicode>
          </TextEquiv>
        </Word>
        <Word id="w116">
          <Coords points="493,976 527,976 527,1056 493,1056"/>
          <TextEquiv>
            <Unicode>ل</Unicode>
          </TextEquiv>
        </Word>
        <Word id="w117">
          <Coords points="425,991 485,991 485,1054 425,1054"/>
          <TextEquiv>
            <Unicode>قد</Unicode>
          </TextEquiv>
        </Word>
        <Word id="w118">
          <Coords points="402,1102 548,1102 548,1224 402,1224"/>
          <TextEquiv>
            <Unicode>كلا</Unicode>
          </TextEquiv>
        </Word>
        <Word id="w119">
          <Coords points="340,1150 380,1150 380,1212 340,1212"/>
          <TextEquiv>
            <Unicode>ن</Unicode>
          </TextEquiv>
        </Word>
        <Word id="w120">
          <Coords points="313,1140 327,1140 327,1198 313,1198"/>
          <TextEquiv>
            <Unicode>ا</Unicode>
          </TextEquiv>
        </Word>
        <Word id="w121">
          <Coords points="285,979 421,979 421,1045 285,1045"/>
          <TextEquiv>
            <Unicode>خلت</Unicode>
          </TextEquiv>
        </Word>
        <Word id="w122">
          <Coords points="192,979 280,979 280,1056 192,1056"/>
          <TextEquiv>
            <Unicode>من</Unicode>
          </TextEquiv>
        </Word>
        <Word id="w123">
          <Coords points="122,1126 299,1126 299,1203 122,1203"/>
          <TextEquiv>
            <Unicode>لطعا</Unicode>
          </TextEquiv>
        </Word>
        <Word id="w124">
          <Coords points="91,967 197,967 197,1056 91,1056"/>
          <TextEquiv>
            <Unicode>قبله</Unicode>
          </TextEquiv>
        </Word>
        <Word id="w125">
          <Coords points="87,1170 117,1170 117,1235 87,1235"/>
          <TextEquiv>
            <Unicode>م</Unicode>
          </TextEquiv>
        </Word>
        <TextEquiv>
          <Unicode> ا لر سل ما ا و ا مه لمسيح ا صد بن يقه مر يم ا لا ر كا نا سو يا ل قد كلا ن ا خلت من لطعا قبله م</Unicode>
        </TextEquiv>
      </TextLine>
      <TextLine id="l6">
        <Coords points="73,1243 1334,1243 1334,1423 73,1423"/>
        <Word id="w126">
          <Coords points="1324,1321 1333,1321 1333,1376 1324,1376"/>
          <TextEquiv>
            <Unicode>ا</Unicode>
          </TextEquiv>
        </Word>
        <Word id="w127">
          <Coords points="1192,1322 1319,1322 1319,1422 1192,1422"/>
          <TextEquiv>
            <Unicode>نظر</Unicode>
          </TextEquiv>
        </Word>
        <Word id="w128">
          <Coords points="1046,1276 1248,1276 1248,1410 1046,1410"/>
          <TextEquiv>
            <Unicode>كيف</Unicode>
          </TextEquiv>
        </Word>
        <Word id="w129">
          <Coords points="897,1323 1034,1323 1034,1403 897,1403"/>
          <TextEquiv>
            <Unicode>نبين</Unicode>
          </TextEquiv>
        </Word>
        <Word id="w130">
          <Coords points="791,1303 891,1303 891,1385 791,1385"/>
          <TextEquiv>
            <Unicode>لهم</Unicode>
          </TextEquiv>
        </Word>
        <Word id="w131">
          <Coords points="768,1303 786,1303 786,1359 768,1359"/>
          <TextEquiv>
            <Unicode>ا</Unicode>
          </TextEquiv>
        </Word>
        <Word id="w132">
          <Coords points="706,1306 753,1306 753,1379 706,1379"/>
          <TextEquiv>
            <Unicode>ل</Unicode>
          </TextEquiv>
        </Word>
        <Word id="w133">
          <Coords points="671,1299 703,1299 703,1399 671,1399"/>
          <TextEquiv>
            <Unicode>يا</Unicode>
          </TextEquiv>
        </Word>
        <Word id="w134">
          <Coords points="588,1327 658,1327 658,1370 588,1370"/>
          <TextEquiv>
            <Unicode>ت</Unicode>
          </TextEquiv>
        </Word>
        <Word id="w135">
          <Coords points="511,1303 585,1303 585,1387 511,1387"/>
          <TextEquiv>
            <Unicode>تم</Unicode>
          </TextEquiv>
        </Word>
        <Word id="w136">
          <Coords points="495,1305 509,1305 509,1360 495,1360"/>
          <TextEquiv>
            <Unicode>ا</Unicode>
          </TextEquiv>
        </Word>
        <Word id="w137">
          <Coords points="347,1308 479,1308 479,1400 347,1400"/>
          <TextEquiv>
            <Unicode>نظر</Unicode>
          </TextEquiv>
        </Word>
        <Word id="w138">
          <Coords points="328,1302 345,1302 345,1363 328,1363"/>
          <TextEquiv>
            <Unicode>ا</Unicode>
          </TextEquiv>
        </Word>
        <Word id="w139">
          <Coords points="264,1307 320,1307 320,1390 264,1390"/>
          <TextEquiv>
            <Unicode>نى</Unicode>
          </TextEquiv>
        </Word>
        <Word id="w140">
          <Coords points="207,1328 264,1328 264,1413 207,1413"/>
          <TextEquiv>
            <Unicode>يو</Unicode>
          </TextEquiv>
        </Word>
        <Word id="w141">
          <Coords points="106,1243 227,1243 227,1391 106,1391"/>
          <TextEquiv>
            <Unicode>فكو</Unicode>
          </TextEquiv>
        </Word>
        <Word id="w142">
          <Coords points="73,1316 112,1316 112,1374 73,1374"/>
          <TextEquiv>
            <Unicode>ن</Unicode>
          </TextEquiv>
        </Word>
        <TextEquiv>
          <Unicode> ا نظر كيف نبين لهم ا ل يا ت تم ا نظر ا نى يو فكو ن</Unicode>
        </TextEquiv>
      </TextLine>
      <TextLine id="l7">
        <Coords points="75,1416 1208,1416 1208,1593 75,1593"/>
        <Word id="w143">
          <Coords points="1144,1497 1207,1497 1207,1592 1144,1592"/>
          <TextEquiv>
            <Unicode>فل</Unicode>
          </TextEquiv>
        </Word>
        <Word id="w144">
          <Coords points="1137,1500 1147,1500 1147,1546 1137,1546"/>
          <TextEquiv>
            <Unicode>ا</Unicode>
          </TextEquiv>
        </Word>
        <Word id="w145">
          <Coords points="999,1490 1124,1490 1124,1581 999,1581"/>
          <TextEquiv>
            <Unicode>تبد</Unicode>
          </TextEquiv>
        </Word>
        <Word id="w146">
          <Coords points="942,1522 988,1522 988,1571 942,1571"/>
          <TextEquiv>
            <Unicode>و</Unicode>
          </TextEquiv>
        </Word>
        <Word id="w147">
          <Coords points="905,1505 946,1505 946,1562 905,1562"/>
          <TextEquiv>
            <Unicode>ن</Unicode>
          </TextEquiv>
        </Word>
        <Word id="w148">
          <Coords points="821,1513 899,1513 899,1574 821,1574"/>
          <TextEquiv>
            <Unicode>من</Unicode>
          </TextEquiv>
        </Word>
        <Word id="w149">
          <Coords points="780,1509 809,1509 809,1547 780,1547"/>
          <TextEquiv>
            <Unicode>د</Unicode>
          </TextEquiv>
        </Word>
        <Word id="w150">
          <Coords points="726,1510 771,1510 771,1564 726,1564"/>
          <TextEquiv>
            <Unicode>و</Unicode>
          </TextEquiv>
        </Word>
        <Word id="w151">
          <Coords points="687,1503 726,1503 726,1551 687,1551"/>
          <TextEquiv>
            <Unicode>ن</Unicode>
          </TextEquiv>
        </Word>
        <Word id="w152">
          <Coords points="660,1490 673,1490 673,1538 660,1538"/>
          <TextEquiv>
            <Unicode>ا</Unicode>
          </TextEquiv>
        </Word>
        <Word id="w153">
          <Coords points="571,1504 641,1504 641,1543 571,1543"/>
          <TextEquiv>
            <Unicode>لله</Unicode>
          </TextEquiv>
        </Word>
        <Word id="w154">
          <Coords points="516,1473 563,1473 563,1543 516,1543"/>
          <TextEquiv>
            <Unicode>ما</Unicode>
          </TextEquiv>
        </Word>
        <Word id="w155">
          <Coords points="452,1476 498,1476 498,1547 452,1547"/>
          <TextEquiv>
            <Unicode>لا</Unicode>
          </TextEquiv>
        </Word>
        <Word id="w156">
          <Coords points="304,1477 445,1477 445,1569 304,1569"/>
          <TextEquiv>
            <Unicode>يملك</Unicode>
          </TextEquiv>
        </Word>
        <Word id="w157">
          <Coords points="180,1416 297,1416 297,1560 180,1560"/>
          <TextEquiv>
            <Unicode>لكم</Unicode>
          </TextEquiv>
        </Word>
        <Word id="w158">
          <Coords points="84,1456 108,1456 108,1528 84,1528"/>
          <TextEquiv>
            <Unicode>ا</Unicode>
          </TextEquiv>
        </Word>
        <Word id="w159">
          <Coords points="75,1493 198,1493 198,1560 75,1560"/>
          <TextEquiv>
            <Unicode>صر</Unicode>
          </TextEquiv>
        </Word>
        <TextEquiv>
          <Unicode> فل ا تبد و ن من د و ن ا لله ما لا يملك لكم ا صر</Unicode>
        </TextEquiv>
      </TextLine>
      <TextLine id="l8">
        <Coords points="91,1628 1317,1628 1317,1785 91,1785"/>
        <Word id="w160">
          <Coords points="1275,1691 1316,1691 1316,1746 1275,1746"/>
          <TextEquiv>
            <Unicode>و</Unicode>
          </TextEquiv>
        </Word>
        <Word id="w161">
          <Coords points="1220,1662 1269,1662 1269,1734 1220,1734"/>
          <TextEquiv>
            <Unicode>لا</Unicode>
          </TextEquiv>
        </Word>
        <Word id="w162">
          <Coords points="1088,1635 1223,1635 1223,1724 1088,1724"/>
          <TextEquiv>
            <Unicode>نفعا</Unicode>
          </TextEquiv>
        </Word>
        <Word id="w163">
          <Coords points="1047,1683 1090,1683 1090,1740 1047,1740"/>
          <TextEquiv>
            <Unicode>و</Unicode>
          </TextEquiv>
        </Word>
        <Word id="w164">
          <Coords points="1029,1652 1043,1652 1043,1703 1029,1703"/>
          <TextEquiv>
            <Unicode>ا</Unicode>
          </TextEquiv>
        </Word>
        <Word id="w165">
          <Coords points="953,1676 1020,1676 1020,1719 953,1719"/>
          <TextEquiv>
            <Unicode>لله</Unicode>
          </TextEquiv>
        </Word>
        <Word id="w166">
          <Coords points="842,1674 941,1674 941,1741 842,1741"/>
          <TextEquiv>
            <Unicode>هو</Unicode>
          </TextEquiv>
        </Word>
        <Word id="w167">
          <Coords points="822,1638 841,1638 841,1698 822,1698"/>
          <TextEquiv>
            <Unicode>ا</Unicode>
          </TextEquiv>
        </Word>
        <Word id="w168">
          <Coords points="641,1645 813,1645 813,1784 641,1784"/>
          <TextEquiv>
            <Unicode>لسميع</Unicode>
          </TextEquiv>
        </Word>
        <Word id="w169">
          <Coords points="613,1637 634,1637 634,1699 613,1699"/>
          <TextEquiv>
            <Unicode>ا</Unicode>
          </TextEquiv>
        </Word>
        <Word id="w170">
          <Coords points="420,1642 605,1642 605,1739 420,1739"/>
          <TextEquiv>
            <Unicode>لعليم</Unicode>
          </TextEquiv>
        </Word>
        <Word id="w171">
          <Coords points="248,1646 311,1646 311,1741 248,1741"/>
          <TextEquiv>
            <Unicode>فل</Unicode>
          </TextEquiv>
        </Word>
        <Word id="w172">
          <Coords points="219,1628 250,1628 250,1748 219,1748"/>
          <TextEquiv>
            <Unicode>با</Unicode>
          </TextEquiv>
        </Word>
        <Word id="w173">
          <Coords points="190,1636 205,1636 205,1688 190,1688"/>
          <TextEquiv>
            <Unicode>ا</Unicode>
          </TextEquiv>
        </Word>
        <Word id="w174">
          <Coords points="91,1638 182,1638 182,1729 91,1729"/>
          <TextEquiv>
            <Unicode>هل</Unicode>
          </TextEquiv>
        </Word>
        <TextEquiv>
          <Unicode> و لا نفعا و ا لله هو ا لسميع ا لعليم فل با ا هل</Unicode>
        </TextEquiv>
      </TextLine>
      <TextLine id="l9">
        <Coords points="91,1778 1327,1778 1327,1924 91,1924"/>
        <Word id="w175">
          <Coords points="1306,1816 1326,1816 1326,1874 1306,1874"/>
          <TextEquiv>
            <Unicode>ا</Unicode>
          </TextEquiv>
        </Word>
        <Word id="w176">
          <Coords points="1199,1778 1306,1778 1306,1902 1199,1902"/>
          <TextEquiv>
            <Unicode>لتا</Unicode>
          </TextEquiv>
        </Word>
        <Word id="w177">
          <Coords points="1134,1861 1191,1861 1191,1915 1134,1915"/>
          <TextEquiv>
            <Unicode>ب</Unicode>
          </TextEquiv>
        </Word>
        <Word id="w178">
          <Coords points="1074,1817 1120,1817 1120,1889 1074,1889"/>
          <TextEquiv>
            <Unicode>لا</Unicode>
          </TextEquiv>
        </Word>
        <Word id="w179">
          <Coords points="951,1809 1071,1809 1071,1906 951,1906"/>
          <TextEquiv>
            <Unicode>تغو</Unicode>
          </TextEquiv>
        </Word>
        <Word id="w180">
          <Coords points="937,1814 951,1814 951,1866 937,1866"/>
          <TextEquiv>
            <Unicode>ا</Unicode>
          </TextEquiv>
        </Word>
        <Word id="w181">
          <Coords points="812,1797 930,1797 930,1875 812,1875"/>
          <TextEquiv>
            <Unicode>فى</Unicode>
          </TextEquiv>
        </Word>
        <Word id="w182">
          <Coords points="764,1842 792,1842 792,1876 764,1876"/>
          <TextEquiv>
            <Unicode>د</Unicode>
          </TextEquiv>
        </Word>
        <Word id="w183">
          <Coords points="621,1785 753,1785 753,1906 621,1906"/>
          <TextEquiv>
            <Unicode>ينكم</Unicode>
          </TextEquiv>
        </Word>
        <Word id="w184">
          <Coords points="507,1824 617,1824 617,1923 507,1923"/>
          <TextEquiv>
            <Unicode>غير</Unicode>
          </TextEquiv>
        </Word>
        <Word id="w185">
          <Coords points="481,1796 492,1796 492,1849 481,1849"/>
          <TextEquiv>
            <Unicode>ا</Unicode>
          </TextEquiv>
        </Word>
        <Word id="w186">
          <Coords points="374,1781 474,1781 474,1908 374,1908"/>
          <TextEquiv>
            <Unicode>لحق</Unicode>
          </TextEquiv>
        </Word>
        <Word id="w187">
          <Coords points="324,1830 368,1830 368,1885 324,1885"/>
          <TextEquiv>
            <Unicode>و</Unicode>
          </TextEquiv>
        </Word>
        <Word id="w188">
          <Coords points="274,1804 321,1804 321,1875 274,1875"/>
          <TextEquiv>
            <Unicode>لا</Unicode>
          </TextEquiv>
        </Word>
        <Word id="w189">
          <Coords points="96,1792 272,1792 272,1890 96,1890"/>
          <TextEquiv>
            <Unicode>تتبعو</Unicode>
          </TextEquiv>
        </Word>
        <Word id="w190">
          <Coords points="91,1801 105,1801 105,1850 91,1850"/>
          <TextEquiv>
            <Unicode>ا</Unicode>
          </TextEquiv>
        </Word>
        <TextEquiv>
          <Unicode> ا لتا ب لا تغو ا فى د ينكم غير ا لحق و لا تتبعو ا</Unicode>
        </TextEquiv>
      </TextLine>
      <TextLine id="l10">
        <Coords points="63,1917 1316,1917 1316,2086 63,2086"/>
        <Word id="w191">
          <Coords points="1308,1995 1315,1995 1315,2045 1308,2045"/>
          <TextEquiv>
            <Unicode>ا</Unicode>
          </TextEquiv>
        </Word>
        <Word id="w192">
          <Coords points="1204,1995 1211,1995 1211,2045 1204,2045"/>
          <TextEquiv>
            <Unicode>ا</Unicode>
          </TextEquiv>
        </Word>
        <Word id="w193">
          <Coords points="1200,2017 1290,2017 1290,2085 1200,2085"/>
          <TextEquiv>
            <Unicode>هو</Unicode>
          </TextEquiv>
        </Word>
        <Word id="w194">
          <Coords points="1170,2018 1194,2018 1194,2046 1170,2046"/>
          <TextEquiv>
            <Unicode>ء</Unicode>
          </TextEquiv>
        </Word>
        <Word id="w195">
          <Coords points="1087,1989 1152,1989 1152,2073 1087,2073"/>
          <TextEquiv>
            <Unicode>قو</Unicode>
          </TextEquiv>
        </Word>
        <Word id="w196">
          <Coords points="1049,2012 1096,2012 1096,2057 1049,2057"/>
          <TextEquiv>
            <Unicode>م</Unicode>
          </TextEquiv>
        </Word>
        <Word id="w197">
          <Coords points="977,1988 1043,1988 1043,2055 977,2055"/>
          <TextEquiv>
            <Unicode>فد</Unicode>
          </TextEquiv>
        </Word>
        <Word id="w198">
          <Coords points="841,1977 976,1977 976,2068 841,2068"/>
          <TextEquiv>
            <Unicode>ضلو</Unicode>
          </TextEquiv>
        </Word>
        <Word id="w199">
          <Coords points="825,1981 838,1981 838,2035 825,2035"/>
          <TextEquiv>
            <Unicode>ا</Unicode>
          </TextEquiv>
        </Word>
        <Word id="w200">
          <Coords points="743,2002 821,2002 821,2064 743,2064"/>
          <TextEquiv>
            <Unicode>من</Unicode>
          </TextEquiv>
        </Word>
        <Word id="w201">
          <Coords points="649,1978 752,1978 752,2085 649,2085"/>
          <TextEquiv>
            <Unicode>قبل</Unicode>
          </TextEquiv>
        </Word>
        <Word id="w202">
          <Coords points="597,2001 644,2001 644,2055 597,2055"/>
          <TextEquiv>
            <Unicode>و</Unicode>
          </TextEquiv>
        </Word>
        <Word id="w203">
          <Coords points="591,1967 602,1967 602,2018 591,2018"/>
          <TextEquiv>
            <Unicode>ا</Unicode>
          </TextEquiv>
        </Word>
        <Word id="w204">
          <Coords points="426,1973 574,1973 574,2056 426,2056"/>
          <TextEquiv>
            <Unicode>ضلو</Unicode>
          </TextEquiv>
        </Word>
        <Word id="w205">
          <Coords points="414,1969 426,1969 426,2026 414,2026"/>
          <TextEquiv>
            <Unicode>ا</Unicode>
          </TextEquiv>
        </Word>
        <Word id="w206">
          <Coords points="259,1917 445,1917 445,2065 259,2065"/>
          <TextEquiv>
            <Unicode>كثير</Unicode>
          </TextEquiv>
        </Word>
        <Word id="w207">
          <Coords points="251,1961 269,1961 269,2035 251,2035"/>
          <TextEquiv>
            <Unicode>ا</Unicode>
          </TextEquiv>
        </Word>
        <Word id="w208">
          <Coords points="189,1995 232,1995 232,2046 189,2046"/>
          <TextEquiv>
            <Unicode>و</Unicode>
          </TextEquiv>
        </Word>
        <Word id="w209">
          <Coords points="63,1958 84,1958 84,2022 63,2022"/>
          <TextEquiv>
            <Unicode>ا</Unicode>
          </TextEquiv>
        </Word>
        <Word id="w210">
          <Coords points="63,1961 194,1961 194,2044 63,2044"/>
          <TextEquiv>
            <Unicode>ضلو</Unicode>
          </TextEquiv>
        </Word>
        <TextEquiv>
          <Unicode> ا ا هو ء قو م فد ضلو ا من قبل و ا ضلو ا كثير ا و ا ضلو</Unicode>
        </TextEquiv>
      </TextLine>
      <TextLine id="l11">
        <Coords points="68,2081 1315,2081 1315,2246 68,2246"/>
        <Word id="w211">
          <Coords points="1212,2153 1314,2153 1314,2245 1212,2245"/>
          <TextEquiv>
            <Unicode>عن</Unicode>
          </TextEquiv>
        </Word>
        <Word id="w212">
          <Coords points="1112,2179 1210,2179 1210,2234 1112,2234"/>
          <TextEquiv>
            <Unicode>سو</Unicode>
          </TextEquiv>
        </Word>
        <Word id="w213">
          <Coords points="1109,2136 1125,2136 1125,2199 1109,2199"/>
          <TextEquiv>
            <Unicode>ا</Unicode>
          </TextEquiv>
        </Word>
        <Word id="w214">
          <Coords points="1078,2176 1098,2176 1098,2202 1078,2202"/>
          <TextEquiv>
            <Unicode>ء</Unicode>
          </TextEquiv>
        </Word>
        <Word id="w215">
          <Coords points="1045,2142 1064,2142 1064,2199 1045,2199"/>
          <TextEquiv>
            <Unicode>ا</Unicode>
          </TextEquiv>
        </Word>
        <Word id="w216">
          <Coords points="793,2143 1032,2143 1032,2245 793,2245"/>
          <TextEquiv>
            <Unicode>لسبيل</Unicode>
          </TextEquiv>
        </Word>
        <Word id="w217">
          <Coords points="592,2143 694,2143 694,2243 592,2243"/>
          <TextEquiv>
            <Unicode>لعن</Unicode>
          </TextEquiv>
        </Word>
        <Word id="w218">
          <Coords points="560,2140 583,2140 583,2201 560,2201"/>
          <TextEquiv>
            <Unicode>ا</Unicode>
          </TextEquiv>
        </Word>
        <Word id="w219">
          <Coords points="496,2139 553,2139 553,2205 496,2205"/>
          <TextEquiv>
            <Unicode>لذ</Unicode>
          </TextEquiv>
        </Word>
        <Word id="w220">
          <Coords points="438,2157 487,2157 487,2230 438,2230"/>
          <TextEquiv>
            <Unicode>بن</Unicode>
          </TextEquiv>
        </Word>
        <Word id="w221">
          <Coords points="326,2081 487,2081 487,2235 326,2235"/>
          <TextEquiv>
            <Unicode>كفر</Unicode>
          </TextEquiv>
        </Word>
        <Word id="w222">
          <Coords points="295,2153 350,2153 350,2214 295,2214"/>
          <TextEquiv>
            <Unicode>و</Unicode>
          </TextEquiv>
        </Word>
        <Word id="w223">
          <Coords points="289,2136 303,2136 303,2190 289,2190"/>
          <TextEquiv>
            <Unicode>ا</Unicode>
          </TextEquiv>
        </Word>
        <Word id="w224">
          <Coords points="202,2160 279,2160 279,2218 202,2218"/>
          <TextEquiv>
            <Unicode>من</Unicode>
          </TextEquiv>
        </Word>
        <Word id="w225">
          <Coords points="68,2147 191,2147 191,2230 68,2230"/>
          <TextEquiv>
            <Unicode>بنى</Unicode>
          </TextEquiv>
        </Word>
        <TextEquiv>
          <Unicode> عن سو ا ء ا لسبيل لعن ا لذ بن كفر و ا من بنى</Unicode>
        </TextEquiv>
      </TextLine>
      <TextLine id="l12">
        <Coords points="47,2287 1313,2287 1313,2418 47,2418"/>
        <Word id="w226">
          <Coords points="1296,2307 1312,2307 1312,2373 1296,2373"/>
          <TextEquiv>
            <Unicode>ا</Unicode>
          </TextEquiv>
        </Word>
        <Word id="w227">
          <Coords points="1192,2309 1202,2309 1202,2364 1192,2364"/>
          <TextEquiv>
            <Unicode>ا</Unicode>
          </TextEquiv>
        </Word>
        <Word id="w228">
          <Coords points="1187,2343 1290,2343 1290,2411 1187,2411"/>
          <TextEquiv>
            <Unicode>سر</Unicode>
          </TextEquiv>
        </Word>
        <Word id="w229">
          <Coords points="1121,2308 1179,2308 1179,2409 1121,2409"/>
          <TextEquiv>
            <Unicode>ئل</Unicode>
          </TextEquiv>
        </Word>
        <Word id="w230">
          <Coords points="1036,2307 1126,2307 1126,2417 1036,2417"/>
          <TextEquiv>
            <Unicode>على</Unicode>
          </TextEquiv>
        </Word>
        <Word id="w231">
          <Coords points="925,2303 1039,2303 1039,2383 925,2383"/>
          <TextEquiv>
            <Unicode>لسا</Unicode>
          </TextEquiv>
        </Word>
        <Word id="w232">
          <Coords points="863,2324 908,2324 908,2385 863,2385"/>
          <TextEquiv>
            <Unicode>ن</Unicode>
          </TextEquiv>
        </Word>
        <Word id="w233">
          <Coords points="818,2330 848,2330 848,2371 818,2371"/>
          <TextEquiv>
            <Unicode>د</Unicode>
          </TextEquiv>
        </Word>
        <Word id="w234">
          <Coords points="789,2295 803,2295 803,2354 789,2354"/>
          <TextEquiv>
            <Unicode>ا</Unicode>
          </TextEquiv>
        </Word>
        <Word id="w235">
          <Coords points="735,2329 779,2329 779,2381 735,2381"/>
          <TextEquiv>
            <Unicode>و</Unicode>
          </TextEquiv>
        </Word>
        <Word id="w236">
          <Coords points="702,2334 734,2334 734,2371 702,2371"/>
          <TextEquiv>
            <Unicode>د</Unicode>
          </TextEquiv>
        </Word>
        <Word id="w237">
          <Coords points="633,2328 693,2328 693,2387 633,2387"/>
          <TextEquiv>
            <Unicode>و</Unicode>
          </TextEquiv>
        </Word>
        <Word id="w238">
          <Coords points="459,2316 643,2316 643,2394 459,2394"/>
          <TextEquiv>
            <Unicode>عيسى</Unicode>
          </TextEquiv>
        </Word>
        <Word id="w239">
          <Coords points="450,2287 464,2287 464,2346 450,2346"/>
          <TextEquiv>
            <Unicode>ا</Unicode>
          </TextEquiv>
        </Word>
        <Word id="w240">
          <Coords points="384,2324 442,2324 442,2394 384,2394"/>
          <TextEquiv>
            <Unicode>بن</Unicode>
          </TextEquiv>
        </Word>
        <Word id="w241">
          <Coords points="296,2326 376,2326 376,2393 296,2393"/>
          <TextEquiv>
            <Unicode>مر</Unicode>
          </TextEquiv>
        </Word>
        <Word id="w242">
          <Coords points="240,2325 308,2325 308,2416 240,2416"/>
          <TextEquiv>
            <Unicode>يم</Unicode>
          </TextEquiv>
        </Word>
        <Word id="w243">
          <Coords points="219,2327 245,2327 245,2363 219,2363"/>
          <TextEquiv>
            <Unicode>د</Unicode>
          </TextEquiv>
        </Word>
        <Word id="w244">
          <Coords points="47,2305 203,2305 203,2368 47,2368"/>
          <TextEquiv>
            <Unicode>لك</Unicode>
          </TextEquiv>
        </Word>
        <TextEquiv>
          <Unicode> ا ا سر ئل على لسا ن د ا و د و عيسى ا بن مر يم د لك</Unicode>
        </TextEquiv>
      </TextLine>
      <TextLine id="l13">
        <Coords points="25,2422 1306,2422 1306,2586 25,2586"/>
        <Word id="w245">
          <Coords points="1241,2470 1305,2470 1305,2585 1241,2585"/>
          <TextEquiv>
            <Unicode>بما</Unicode>
          </TextEquiv>
        </Word>
        <Word id="w246">
          <Coords points="1035,2461 1062,2461 1062,2534 1035,2534"/>
          <TextEquiv>
            <Unicode>ا</Unicode>
          </TextEquiv>
        </Word>
        <Word id="w247">
          <Coords points="924,2446 1022,2446 1022,2545 924,2545"/>
          <TextEquiv>
            <Unicode>كا</Unicode>
          </TextEquiv>
        </Word>
        <Word id="w248">
          <Coords points="847,2483 909,2483 909,2563 847,2563"/>
          <TextEquiv>
            <Unicode>نو</Unicode>
          </TextEquiv>
        </Word>
        <Word id="w249">
          <Coords points="832,2470 853,2470 853,2546 832,2546"/>
          <TextEquiv>
            <Unicode>ا</Unicode>
          </TextEquiv>
        </Word>
        <Word id="w250">
          <Coords points="696,2497 820,2497 820,2564 696,2564"/>
          <TextEquiv>
            <Unicode>يعتد</Unicode>
          </TextEquiv>
        </Word>
        <Word id="w251">
          <Coords points="628,2496 684,2496 684,2556 628,2556"/>
          <TextEquiv>
            <Unicode>و</Unicode>
          </TextEquiv>
        </Word>
        <Word id="w252">
          <Coords points="592,2469 639,2469 639,2543 592,2543"/>
          <TextEquiv>
            <Unicode>ن</Unicode>
          </TextEquiv>
        </Word>
        <Word id="w253">
          <Coords points="414,2422 524,2422 524,2533 414,2533"/>
          <TextEquiv>
            <Unicode>كا</Unicode>
          </TextEquiv>
        </Word>
        <Word id="w254">
          <Coords points="336,2472 398,2472 398,2553 336,2553"/>
          <TextEquiv>
            <Unicode>نو</Unicode>
          </TextEquiv>
        </Word>
        <Word id="w255">
          <Coords points="316,2457 335,2457 335,2524 316,2524"/>
          <TextEquiv>
            <Unicode>ا</Unicode>
          </TextEquiv>
        </Word>
        <Word id="w256">
          <Coords points="246,2460 312,2460 312,2536 246,2536"/>
          <TextEquiv>
            <Unicode>لا</Unicode>
          </TextEquiv>
        </Word>
        <Word id="w257">
          <Coords points="141,2447 246,2447 246,2544 141,2544"/>
          <TextEquiv>
            <Unicode>يتنا</Unicode>
          </TextEquiv>
        </Word>
        <Word id="w258">
          <Coords points="39,2480 135,2480 135,2538 39,2538"/>
          <TextEquiv>
            <Unicode>هو</Unicode>
          </TextEquiv>
        </Word>
        <Word id="w259">
          <Coords points="25,2452 57,2452 57,2520 25,2520"/>
          <TextEquiv>
            <Unicode>ن</Unicode>
          </TextEquiv>
        </Word>
        <TextEquiv>
          <Unicode> بما ا كا نو ا يعتد و ن كا نو ا لا يتنا هو ن</Unicode>
        </TextEquiv>
      </TextLine>
    </TextRegion>
  </Page>
</PcGts>
