<?xml version='1.0' encoding='utf-8'?>
<PcGts xmlns:xsi="http://www.w3.org/2001/XMLSchema-instance" xmlns="http://schema.primaresearch.org/PAGE/gts/pagecontent/2019-07-15" xsi:schemaLocation="http://schema.primaresearch.org/PAGE/gts/pagecontent/2019-07-15 http://schema.primaresearch.org/PAGE/gts/pagecontent/2019-07-15/pagecontent.xsd" pcGtsId="pc-aletheiaexamplepage">
  <Metadata>
    <Creator>PRImA Research Lab</Creator>
    <Created>2015-07-17T15:27:13</Created>
    <LastChange>2017-07-14T10:03:33</LastChange>
    <Comments>Example Page</Comments>
  </Metadata>
  <Page imageFilename="3158466/_069-2.png" imageWidth="1393" imageHeight="2533">
    <TextRegion id="r0" type="paragraph">
      <Coords points="1,1 1391,1 1391,2531 1,2531"/>
      <TextLine id="l0">
        <Coords points="16,18 1315,18 1315,187 16,187"/>
        <Word id="w0">
          <Coords points="1271,96 1314,96 1314,149 1271,149"/>
          <TextEquiv>
            <Unicode>و</Unicode>
          </TextEquiv>
        </Word>
        <Word id="w1">
          <Coords points="1228,68 1276,68 1276,142 1228,142"/>
          <TextEquiv>
            <Unicode>لا</Unicode>
          </TextEquiv>
        </Word>
        <Word id="w2">
          <Coords points="1175,52 1235,52 1235,133 1175,133"/>
          <TextEquiv>
            <Unicode>حا</Unicode>
          </TextEquiv>
        </Word>
        <Word id="w3">
          <Coords points="1138,92 1169,92 1169,171 1138,171"/>
          <TextEquiv>
            <Unicode>م</Unicode>
          </TextEquiv>
        </Word>
        <Word id="w4">
          <Coords points="1082,101 1127,101 1127,157 1082,157"/>
          <TextEquiv>
            <Unicode>و</Unicode>
          </TextEquiv>
        </Word>
        <Word id="w5">
          <Coords points="982,18 1113,18 1113,162 982,162"/>
          <TextEquiv>
            <Unicode>لكن</Unicode>
          </TextEquiv>
        </Word>
        <Word id="w6">
          <Coords points="955,73 972,73 972,134 955,134"/>
          <TextEquiv>
            <Unicode>ا</Unicode>
          </TextEquiv>
        </Word>
        <Word id="w7">
          <Coords points="898,76 948,76 948,142 898,142"/>
          <TextEquiv>
            <Unicode>لذ</Unicode>
          </TextEquiv>
        </Word>
        <Word id="w8">
          <Coords points="707,69 909,69 909,182 707,182"/>
          <TextEquiv>
            <Unicode>ين</Unicode>
          </TextEquiv>
        </Word>
        <Word id="w9">
          <Coords points="631,83 861,83 861,167 631,167"/>
          <TextEquiv>
            <Unicode>كفر</Unicode>
          </TextEquiv>
        </Word>
        <Word id="w10">
          <Coords points="592,120 642,120 642,168 592,168"/>
          <TextEquiv>
            <Unicode>و</Unicode>
          </TextEquiv>
        </Word>
        <Word id="w11">
          <Coords points="587,79 607,79 607,135 587,135"/>
          <TextEquiv>
            <Unicode>ا</Unicode>
          </TextEquiv>
        </Word>
        <Word id="w12">
          <Coords points="454,83 581,83 581,170 454,170"/>
          <TextEquiv>
            <Unicode>يفتر</Unicode>
          </TextEquiv>
        </Word>
        <Word id="w13">
          <Coords points="416,113 460,113 460,167 416,167"/>
          <TextEquiv>
            <Unicode>و</Unicode>
          </TextEquiv>
        </Word>
        <Word id="w14">
          <Coords points="376,91 414,91 414,156 376,156"/>
          <TextEquiv>
            <Unicode>ن</Unicode>
          </TextEquiv>
        </Word>
        <Word id="w15">
          <Coords points="273,65 360,65 360,184 273,184"/>
          <TextEquiv>
            <Unicode>على</Unicode>
          </TextEquiv>
        </Word>
        <Word id="w16">
          <Coords points="269,81 288,81 288,139 269,139"/>
          <TextEquiv>
            <Unicode>ا</Unicode>
          </TextEquiv>
        </Word>
        <Word id="w17">
          <Coords points="195,106 259,106 259,153 195,153"/>
          <TextEquiv>
            <Unicode>لله</Unicode>
          </TextEquiv>
        </Word>
        <Word id="w18">
          <Coords points="174,80 188,80 188,145 174,145"/>
          <TextEquiv>
            <Unicode>ا</Unicode>
          </TextEquiv>
        </Word>
        <Word id="w19">
          <Coords points="65,43 177,43 177,173 65,173"/>
          <TextEquiv>
            <Unicode>لكذ</Unicode>
          </TextEquiv>
        </Word>
        <Word id="w20">
          <Coords points="16,124 74,124 74,186 16,186"/>
          <TextEquiv>
            <Unicode>ب</Unicode>
          </TextEquiv>
        </Word>
        <TextEquiv>
          <Unicode> و لا حا م و لكن ا لذ ين كفر و ا يفتر و ن على ا لله ا لكذ ب</Unicode>
        </TextEquiv>
      </TextLine>
      <TextLine id="l1">
        <Coords points="59,225 1314,225 1314,374 59,374"/>
        <Word id="w21">
          <Coords points="1276,265 1313,265 1313,316 1276,316"/>
          <TextEquiv>
            <Unicode>و</Unicode>
          </TextEquiv>
        </Word>
        <Word id="w22">
          <Coords points="1261,225 1277,225 1277,296 1261,296"/>
          <TextEquiv>
            <Unicode>ا</Unicode>
          </TextEquiv>
        </Word>
        <Word id="w23">
          <Coords points="1043,242 1264,242 1264,327 1043,327"/>
          <TextEquiv>
            <Unicode>كثر</Unicode>
          </TextEquiv>
        </Word>
        <Word id="w24">
          <Coords points="977,257 1050,257 1050,332 977,332"/>
          <TextEquiv>
            <Unicode>هم</Unicode>
          </TextEquiv>
        </Word>
        <Word id="w25">
          <Coords points="928,242 970,242 970,311 928,311"/>
          <TextEquiv>
            <Unicode>لا</Unicode>
          </TextEquiv>
        </Word>
        <Word id="w26">
          <Coords points="715,228 916,228 916,334 715,334"/>
          <TextEquiv>
            <Unicode>يعقلو</Unicode>
          </TextEquiv>
        </Word>
        <Word id="w27">
          <Coords points="686,251 726,251 726,319 686,319"/>
          <TextEquiv>
            <Unicode>ن</Unicode>
          </TextEquiv>
        </Word>
        <Word id="w28">
          <Coords points="523,275 565,275 565,328 523,328"/>
          <TextEquiv>
            <Unicode>و</Unicode>
          </TextEquiv>
        </Word>
        <Word id="w29">
          <Coords points="507,245 522,245 522,305 507,305"/>
          <TextEquiv>
            <Unicode>ا</Unicode>
          </TextEquiv>
        </Word>
        <Word id="w30">
          <Coords points="466,279 495,279 495,315 466,315"/>
          <TextEquiv>
            <Unicode>د</Unicode>
          </TextEquiv>
        </Word>
        <Word id="w31">
          <Coords points="438,252 455,252 455,303 438,303"/>
          <TextEquiv>
            <Unicode>ا</Unicode>
          </TextEquiv>
        </Word>
        <Word id="w32">
          <Coords points="336,249 431,249 431,351 336,351"/>
          <TextEquiv>
            <Unicode>قيل</Unicode>
          </TextEquiv>
        </Word>
        <Word id="w33">
          <Coords points="258,244 348,244 348,373 258,373"/>
          <TextEquiv>
            <Unicode>لهم</Unicode>
          </TextEquiv>
        </Word>
        <Word id="w34">
          <Coords points="148,247 247,247 247,323 148,323"/>
          <TextEquiv>
            <Unicode>تعا</Unicode>
          </TextEquiv>
        </Word>
        <Word id="w35">
          <Coords points="59,248 131,248 131,349 59,349"/>
          <TextEquiv>
            <Unicode>لو</Unicode>
          </TextEquiv>
        </Word>
        <Word id="w36">
          <Coords points="59,265 69,265 69,317 59,317"/>
          <TextEquiv>
            <Unicode>ا</Unicode>
          </TextEquiv>
        </Word>
        <TextEquiv>
          <Unicode> و ا كثر هم لا يعقلو ن و ا د ا قيل لهم تعا لو ا</Unicode>
        </TextEquiv>
      </TextLine>
      <TextLine id="l2">
        <Coords points="32,379 1320,379 1320,507 32,507"/>
        <Word id="w37">
          <Coords points="1310,398 1319,398 1319,448 1310,448"/>
          <TextEquiv>
            <Unicode>ا</Unicode>
          </TextEquiv>
        </Word>
        <Word id="w38">
          <Coords points="1252,385 1306,385 1306,486 1252,486"/>
          <TextEquiv>
            <Unicode>لى</Unicode>
          </TextEquiv>
        </Word>
        <Word id="w39">
          <Coords points="1195,379 1251,379 1251,469 1195,469"/>
          <TextEquiv>
            <Unicode>ما</Unicode>
          </TextEquiv>
        </Word>
        <Word id="w40">
          <Coords points="1166,396 1181,396 1181,457 1166,457"/>
          <TextEquiv>
            <Unicode>ا</Unicode>
          </TextEquiv>
        </Word>
        <Word id="w41">
          <Coords points="1103,400 1158,400 1158,490 1103,490"/>
          <TextEquiv>
            <Unicode>نز</Unicode>
          </TextEquiv>
        </Word>
        <Word id="w42">
          <Coords points="1069,390 1106,390 1106,471 1069,471"/>
          <TextEquiv>
            <Unicode>ل</Unicode>
          </TextEquiv>
        </Word>
        <Word id="w43">
          <Coords points="1046,405 1060,405 1060,455 1046,455"/>
          <TextEquiv>
            <Unicode>ا</Unicode>
          </TextEquiv>
        </Word>
        <Word id="w44">
          <Coords points="956,425 1041,425 1041,473 956,473"/>
          <TextEquiv>
            <Unicode>لله</Unicode>
          </TextEquiv>
        </Word>
        <Word id="w45">
          <Coords points="904,432 946,432 946,484 904,484"/>
          <TextEquiv>
            <Unicode>و</Unicode>
          </TextEquiv>
        </Word>
        <Word id="w46">
          <Coords points="891,398 909,398 909,460 891,460"/>
          <TextEquiv>
            <Unicode>ا</Unicode>
          </TextEquiv>
        </Word>
        <Word id="w47">
          <Coords points="825,393 887,393 887,487 825,487"/>
          <TextEquiv>
            <Unicode>لى</Unicode>
          </TextEquiv>
        </Word>
        <Word id="w48">
          <Coords points="801,403 820,403 820,461 801,461"/>
          <TextEquiv>
            <Unicode>ا</Unicode>
          </TextEquiv>
        </Word>
        <Word id="w49">
          <Coords points="737,403 788,403 788,489 737,489"/>
          <TextEquiv>
            <Unicode>لر</Unicode>
          </TextEquiv>
        </Word>
        <Word id="w50">
          <Coords points="630,439 741,439 741,499 630,499"/>
          <TextEquiv>
            <Unicode>سو</Unicode>
          </TextEquiv>
        </Word>
        <Word id="w51">
          <Coords points="595,387 642,387 642,477 595,477"/>
          <TextEquiv>
            <Unicode>ل</Unicode>
          </TextEquiv>
        </Word>
        <Word id="w52">
          <Coords points="540,405 579,405 579,475 540,475"/>
          <TextEquiv>
            <Unicode>قا</Unicode>
          </TextEquiv>
        </Word>
        <Word id="w53">
          <Coords points="459,399 517,399 517,496 459,496"/>
          <TextEquiv>
            <Unicode>لو</Unicode>
          </TextEquiv>
        </Word>
        <Word id="w54">
          <Coords points="441,413 459,413 459,475 441,475"/>
          <TextEquiv>
            <Unicode>ا</Unicode>
          </TextEquiv>
        </Word>
        <Word id="w55">
          <Coords points="218,402 435,402 435,506 218,506"/>
          <TextEquiv>
            <Unicode>حسبنا</Unicode>
          </TextEquiv>
        </Word>
        <Word id="w56">
          <Coords points="170,403 216,403 216,479 170,479"/>
          <TextEquiv>
            <Unicode>ما</Unicode>
          </TextEquiv>
        </Word>
        <Word id="w57">
          <Coords points="114,451 157,451 157,501 114,501"/>
          <TextEquiv>
            <Unicode>و</Unicode>
          </TextEquiv>
        </Word>
        <Word id="w58">
          <Coords points="51,446 128,446 128,487 51,487"/>
          <TextEquiv>
            <Unicode>حد</Unicode>
          </TextEquiv>
        </Word>
        <Word id="w59">
          <Coords points="32,387 61,387 61,469 32,469"/>
          <TextEquiv>
            <Unicode>نا</Unicode>
          </TextEquiv>
        </Word>
        <TextEquiv>
          <Unicode> ا لى ما ا نز ل ا لله و ا لى ا لر سو ل قا لو ا حسبنا ما و حد نا</Unicode>
        </TextEquiv>
      </TextLine>
      <TextLine id="l3">
        <Coords points="41,545 1320,545 1320,695 41,695"/>
        <Word id="w60">
          <Coords points="1174,557 1319,557 1319,658 1174,658"/>
          <TextEquiv>
            <Unicode>عليه</Unicode>
          </TextEquiv>
        </Word>
        <Word id="w61">
          <Coords points="1138,567 1161,567 1161,629 1138,629"/>
          <TextEquiv>
            <Unicode>ا</Unicode>
          </TextEquiv>
        </Word>
        <Word id="w62">
          <Coords points="1102,564 1135,564 1135,654 1102,654"/>
          <TextEquiv>
            <Unicode>با</Unicode>
          </TextEquiv>
        </Word>
        <Word id="w63">
          <Coords points="1075,602 1094,602 1094,625 1075,625"/>
          <TextEquiv>
            <Unicode>ء</Unicode>
          </TextEquiv>
        </Word>
        <Word id="w64">
          <Coords points="1026,558 1060,558 1060,632 1026,632"/>
          <TextEquiv>
            <Unicode>نا</Unicode>
          </TextEquiv>
        </Word>
        <Word id="w65">
          <Coords points="994,569 1005,569 1005,621 994,621"/>
          <TextEquiv>
            <Unicode>ا</Unicode>
          </TextEquiv>
        </Word>
        <Word id="w66">
          <Coords points="935,595 978,595 978,647 935,647"/>
          <TextEquiv>
            <Unicode>و</Unicode>
          </TextEquiv>
        </Word>
        <Word id="w67">
          <Coords points="866,559 929,559 929,657 866,657"/>
          <TextEquiv>
            <Unicode>لو</Unicode>
          </TextEquiv>
        </Word>
        <Word id="w68">
          <Coords points="813,548 888,548 888,639 813,639"/>
          <TextEquiv>
            <Unicode>كا</Unicode>
          </TextEquiv>
        </Word>
        <Word id="w69">
          <Coords points="761,596 799,596 799,643 761,643"/>
          <TextEquiv>
            <Unicode>ن</Unicode>
          </TextEquiv>
        </Word>
        <Word id="w70">
          <Coords points="725,568 749,568 749,631 725,631"/>
          <TextEquiv>
            <Unicode>ا</Unicode>
          </TextEquiv>
        </Word>
        <Word id="w71">
          <Coords points="683,568 732,568 732,662 683,662"/>
          <TextEquiv>
            <Unicode>با</Unicode>
          </TextEquiv>
        </Word>
        <Word id="w72">
          <Coords points="631,601 672,601 672,656 631,656"/>
          <TextEquiv>
            <Unicode>و</Unicode>
          </TextEquiv>
        </Word>
        <Word id="w73">
          <Coords points="559,598 635,598 635,670 559,670"/>
          <TextEquiv>
            <Unicode>هم</Unicode>
          </TextEquiv>
        </Word>
        <Word id="w74">
          <Coords points="512,576 554,576 554,648 512,648"/>
          <TextEquiv>
            <Unicode>لا</Unicode>
          </TextEquiv>
        </Word>
        <Word id="w75">
          <Coords points="409,576 515,576 515,694 409,694"/>
          <TextEquiv>
            <Unicode>يعملو</Unicode>
          </TextEquiv>
        </Word>
        <Word id="w76">
          <Coords points="384,600 422,600 422,660 384,660"/>
          <TextEquiv>
            <Unicode>ن</Unicode>
          </TextEquiv>
        </Word>
        <Word id="w77">
          <Coords points="273,574 372,574 372,669 273,669"/>
          <TextEquiv>
            <Unicode>شيا</Unicode>
          </TextEquiv>
        </Word>
        <Word id="w78">
          <Coords points="228,618 270,618 270,667 228,667"/>
          <TextEquiv>
            <Unicode>و</Unicode>
          </TextEquiv>
        </Word>
        <Word id="w79">
          <Coords points="199,585 236,585 236,649 199,649"/>
          <TextEquiv>
            <Unicode>لا</Unicode>
          </TextEquiv>
        </Word>
        <Word id="w80">
          <Coords points="85,602 201,602 201,684 85,684"/>
          <TextEquiv>
            <Unicode>يهتد</Unicode>
          </TextEquiv>
        </Word>
        <Word id="w81">
          <Coords points="43,545 74,545 74,598 43,598"/>
          <TextEquiv>
            <Unicode>ن</Unicode>
          </TextEquiv>
        </Word>
        <Word id="w82">
          <Coords points="41,606 83,606 83,658 41,658"/>
          <TextEquiv>
            <Unicode>و</Unicode>
          </TextEquiv>
        </Word>
        <TextEquiv>
          <Unicode> عليه ا با ء نا ا و لو كا ن ا با و هم لا يعملو ن شيا و لا يهتد ن و</Unicode>
        </TextEquiv>
      </TextLine>
      <TextLine id="l4">
        <Coords points="59,693 1202,693 1202,854 59,854"/>
        <Word id="w83">
          <Coords points="1173,725 1201,725 1201,816 1173,816"/>
          <TextEquiv>
            <Unicode>با</Unicode>
          </TextEquiv>
        </Word>
        <Word id="w84">
          <Coords points="1144,730 1159,730 1159,783 1144,783"/>
          <TextEquiv>
            <Unicode>ا</Unicode>
          </TextEquiv>
        </Word>
        <Word id="w85">
          <Coords points="1061,704 1144,704 1144,817 1061,817"/>
          <TextEquiv>
            <Unicode>يها</Unicode>
          </TextEquiv>
        </Word>
        <Word id="w86">
          <Coords points="1035,716 1047,716 1047,782 1035,782"/>
          <TextEquiv>
            <Unicode>ا</Unicode>
          </TextEquiv>
        </Word>
        <Word id="w87">
          <Coords points="978,725 1025,725 1025,798 978,798"/>
          <TextEquiv>
            <Unicode>لذ</Unicode>
          </TextEquiv>
        </Word>
        <Word id="w88">
          <Coords points="914,754 979,754 979,826 914,826"/>
          <TextEquiv>
            <Unicode>ين</Unicode>
          </TextEquiv>
        </Word>
        <Word id="w89">
          <Coords points="894,723 912,723 912,788 894,788"/>
          <TextEquiv>
            <Unicode>ا</Unicode>
          </TextEquiv>
        </Word>
        <Word id="w90">
          <Coords points="780,755 888,755 888,826 780,826"/>
          <TextEquiv>
            <Unicode>منو</Unicode>
          </TextEquiv>
        </Word>
        <Word id="w91">
          <Coords points="770,745 783,745 783,793 770,793"/>
          <TextEquiv>
            <Unicode>ا</Unicode>
          </TextEquiv>
        </Word>
        <Word id="w92">
          <Coords points="625,693 761,693 761,844 625,844"/>
          <TextEquiv>
            <Unicode>عليكم</Unicode>
          </TextEquiv>
        </Word>
        <Word id="w93">
          <Coords points="583,740 607,740 607,801 583,801"/>
          <TextEquiv>
            <Unicode>ا</Unicode>
          </TextEquiv>
        </Word>
        <Word id="w94">
          <Coords points="384,708 576,708 576,834 384,834"/>
          <TextEquiv>
            <Unicode>نفسكم</Unicode>
          </TextEquiv>
        </Word>
        <Word id="w95">
          <Coords points="331,743 375,743 375,811 331,811"/>
          <TextEquiv>
            <Unicode>لا</Unicode>
          </TextEquiv>
        </Word>
        <Word id="w96">
          <Coords points="195,768 328,768 328,836 195,836"/>
          <TextEquiv>
            <Unicode>يضر</Unicode>
          </TextEquiv>
        </Word>
        <Word id="w97">
          <Coords points="59,748 223,748 223,853 59,853"/>
          <TextEquiv>
            <Unicode>كم</Unicode>
          </TextEquiv>
        </Word>
        <TextEquiv>
          <Unicode> با ا يها ا لذ ين ا منو ا عليكم ا نفسكم لا يضر كم</Unicode>
        </TextEquiv>
      </TextLine>
      <TextLine id="l5">
        <Coords points="55,864 1335,864 1335,1014 55,1014"/>
        <Word id="w98">
          <Coords points="1251,920 1334,920 1334,989 1251,989"/>
          <TextEquiv>
            <Unicode>من</Unicode>
          </TextEquiv>
        </Word>
        <Word id="w99">
          <Coords points="1144,911 1257,911 1257,997 1144,997"/>
          <TextEquiv>
            <Unicode>ضل</Unicode>
          </TextEquiv>
        </Word>
        <Word id="w100">
          <Coords points="1137,903 1148,903 1148,950 1137,950"/>
          <TextEquiv>
            <Unicode>ا</Unicode>
          </TextEquiv>
        </Word>
        <Word id="w101">
          <Coords points="1095,930 1122,930 1122,968 1095,968"/>
          <TextEquiv>
            <Unicode>د</Unicode>
          </TextEquiv>
        </Word>
        <Word id="w102">
          <Coords points="1066,904 1077,904 1077,953 1066,953"/>
          <TextEquiv>
            <Unicode>ا</Unicode>
          </TextEquiv>
        </Word>
        <Word id="w103">
          <Coords points="1036,907 1048,907 1048,960 1036,960"/>
          <TextEquiv>
            <Unicode>ا</Unicode>
          </TextEquiv>
        </Word>
        <Word id="w104">
          <Coords points="910,928 1028,928 1028,977 910,977"/>
          <TextEquiv>
            <Unicode>هتد</Unicode>
          </TextEquiv>
        </Word>
        <Word id="w105">
          <Coords points="835,910 910,910 910,1013 835,1013"/>
          <TextEquiv>
            <Unicode>يتم</Unicode>
          </TextEquiv>
        </Word>
        <Word id="w106">
          <Coords points="806,905 826,905 826,963 806,963"/>
          <TextEquiv>
            <Unicode>ا</Unicode>
          </TextEquiv>
        </Word>
        <Word id="w107">
          <Coords points="747,902 803,902 803,986 747,986"/>
          <TextEquiv>
            <Unicode>لى</Unicode>
          </TextEquiv>
        </Word>
        <Word id="w108">
          <Coords points="741,901 756,901 756,951 741,951"/>
          <TextEquiv>
            <Unicode>ا</Unicode>
          </TextEquiv>
        </Word>
        <Word id="w109">
          <Coords points="660,925 729,925 729,974 660,974"/>
          <TextEquiv>
            <Unicode>لله</Unicode>
          </TextEquiv>
        </Word>
        <Word id="w110">
          <Coords points="577,934 653,934 653,999 577,999"/>
          <TextEquiv>
            <Unicode>مر</Unicode>
          </TextEquiv>
        </Word>
        <Word id="w111">
          <Coords points="430,864 603,864 603,996 430,996"/>
          <TextEquiv>
            <Unicode>جعكم</Unicode>
          </TextEquiv>
        </Word>
        <Word id="w112">
          <Coords points="313,900 451,900 451,998 313,998"/>
          <TextEquiv>
            <Unicode>جميعا</Unicode>
          </TextEquiv>
        </Word>
        <Word id="w113">
          <Coords points="55,916 306,916 306,1001 55,1001"/>
          <TextEquiv>
            <Unicode>فينبئكم</Unicode>
          </TextEquiv>
        </Word>
        <TextEquiv>
          <Unicode> من ضل ا د ا ا هتد يتم ا لى ا لله مر جعكم جميعا فينبئكم</Unicode>
        </TextEquiv>
      </TextLine>
      <TextLine id="l6">
        <Coords points="64,1044 1336,1044 1336,1171 64,1171"/>
        <Word id="w114">
          <Coords points="1285,1050 1335,1050 1335,1158 1285,1158"/>
          <TextEquiv>
            <Unicode>بما</Unicode>
          </TextEquiv>
        </Word>
        <Word id="w115">
          <Coords points="1043,1069 1281,1069 1281,1133 1043,1133"/>
          <TextEquiv>
            <Unicode>كنتم</Unicode>
          </TextEquiv>
        </Word>
        <Word id="w116">
          <Coords points="920,1048 1037,1048 1037,1153 920,1153"/>
          <TextEquiv>
            <Unicode>تعملو</Unicode>
          </TextEquiv>
        </Word>
        <Word id="w117">
          <Coords points="886,1073 921,1073 921,1139 886,1139"/>
          <TextEquiv>
            <Unicode>ن</Unicode>
          </TextEquiv>
        </Word>
        <Word id="w118">
          <Coords points="732,1065 758,1065 758,1164 732,1164"/>
          <TextEquiv>
            <Unicode>يا</Unicode>
          </TextEquiv>
        </Word>
        <Word id="w119">
          <Coords points="708,1067 722,1067 722,1123 708,1123"/>
          <TextEquiv>
            <Unicode>ا</Unicode>
          </TextEquiv>
        </Word>
        <Word id="w120">
          <Coords points="625,1044 711,1044 711,1158 625,1158"/>
          <TextEquiv>
            <Unicode>يها</Unicode>
          </TextEquiv>
        </Word>
        <Word id="w121">
          <Coords points="597,1072 611,1072 611,1127 597,1127"/>
          <TextEquiv>
            <Unicode>ا</Unicode>
          </TextEquiv>
        </Word>
        <Word id="w122">
          <Coords points="533,1090 595,1090 595,1139 533,1139"/>
          <TextEquiv>
            <Unicode>لذ</Unicode>
          </TextEquiv>
        </Word>
        <Word id="w123">
          <Coords points="477,1096 527,1096 527,1163 477,1163"/>
          <TextEquiv>
            <Unicode>بن</Unicode>
          </TextEquiv>
        </Word>
        <Word id="w124">
          <Coords points="455,1070 466,1070 466,1133 455,1133"/>
          <TextEquiv>
            <Unicode>ا</Unicode>
          </TextEquiv>
        </Word>
        <Word id="w125">
          <Coords points="329,1103 440,1103 440,1167 329,1167"/>
          <TextEquiv>
            <Unicode>منو</Unicode>
          </TextEquiv>
        </Word>
        <Word id="w126">
          <Coords points="326,1081 342,1081 342,1143 326,1143"/>
          <TextEquiv>
            <Unicode>ا</Unicode>
          </TextEquiv>
        </Word>
        <Word id="w127">
          <Coords points="137,1069 318,1069 318,1170 137,1170"/>
          <TextEquiv>
            <Unicode>شها</Unicode>
          </TextEquiv>
        </Word>
        <Word id="w128">
          <Coords points="97,1113 125,1113 125,1148 97,1148"/>
          <TextEquiv>
            <Unicode>د</Unicode>
          </TextEquiv>
        </Word>
        <Word id="w129">
          <Coords points="64,1080 92,1080 92,1137 64,1137"/>
          <TextEquiv>
            <Unicode>ة</Unicode>
          </TextEquiv>
        </Word>
        <TextEquiv>
          <Unicode> بما كنتم تعملو ن يا ا يها ا لذ بن ا منو ا شها د ة</Unicode>
        </TextEquiv>
      </TextLine>
      <TextLine id="l7">
        <Coords points="81,1178 1337,1178 1337,1328 81,1328"/>
        <Word id="w130">
          <Coords points="1210,1195 1336,1195 1336,1326 1210,1326"/>
          <TextEquiv>
            <Unicode>بينكم</Unicode>
          </TextEquiv>
        </Word>
        <Word id="w131">
          <Coords points="1190,1221 1204,1221 1204,1279 1190,1279"/>
          <TextEquiv>
            <Unicode>ا</Unicode>
          </TextEquiv>
        </Word>
        <Word id="w132">
          <Coords points="1144,1254 1186,1254 1186,1300 1144,1300"/>
          <TextEquiv>
            <Unicode>د</Unicode>
          </TextEquiv>
        </Word>
        <Word id="w133">
          <Coords points="1117,1229 1129,1229 1129,1282 1117,1282"/>
          <TextEquiv>
            <Unicode>ا</Unicode>
          </TextEquiv>
        </Word>
        <Word id="w134">
          <Coords points="957,1233 969,1233 969,1282 957,1282"/>
          <TextEquiv>
            <Unicode>ا</Unicode>
          </TextEquiv>
        </Word>
        <Word id="w135">
          <Coords points="954,1261 1116,1261 1116,1326 954,1326"/>
          <TextEquiv>
            <Unicode>حصر</Unicode>
          </TextEquiv>
        </Word>
        <Word id="w136">
          <Coords points="864,1259 951,1259 951,1303 864,1303"/>
          <TextEquiv>
            <Unicode>حد</Unicode>
          </TextEquiv>
        </Word>
        <Word id="w137">
          <Coords points="784,1229 799,1229 799,1288 784,1288"/>
          <TextEquiv>
            <Unicode>ا</Unicode>
          </TextEquiv>
        </Word>
        <Word id="w138">
          <Coords points="782,1178 902,1178 902,1310 782,1310"/>
          <TextEquiv>
            <Unicode>كم</Unicode>
          </TextEquiv>
        </Word>
        <Word id="w139">
          <Coords points="693,1231 773,1231 773,1318 693,1318"/>
          <TextEquiv>
            <Unicode>لمو</Unicode>
          </TextEquiv>
        </Word>
        <Word id="w140">
          <Coords points="637,1256 700,1256 700,1305 637,1305"/>
          <TextEquiv>
            <Unicode>ت</Unicode>
          </TextEquiv>
        </Word>
        <Word id="w141">
          <Coords points="506,1248 622,1248 622,1322 506,1322"/>
          <TextEquiv>
            <Unicode>حين</Unicode>
          </TextEquiv>
        </Word>
        <Word id="w142">
          <Coords points="480,1232 500,1232 500,1290 480,1290"/>
          <TextEquiv>
            <Unicode>ا</Unicode>
          </TextEquiv>
        </Word>
        <Word id="w143">
          <Coords points="401,1233 470,1233 470,1323 401,1323"/>
          <TextEquiv>
            <Unicode>لو</Unicode>
          </TextEquiv>
        </Word>
        <Word id="w144">
          <Coords points="283,1254 424,1254 424,1327 283,1327"/>
          <TextEquiv>
            <Unicode>صيه</Unicode>
          </TextEquiv>
        </Word>
        <Word id="w145">
          <Coords points="252,1230 272,1230 272,1293 252,1293"/>
          <TextEquiv>
            <Unicode>ا</Unicode>
          </TextEquiv>
        </Word>
        <Word id="w146">
          <Coords points="134,1241 242,1241 242,1307 134,1307"/>
          <TextEquiv>
            <Unicode>ثنا</Unicode>
          </TextEquiv>
        </Word>
        <Word id="w147">
          <Coords points="81,1262 120,1262 120,1313 81,1313"/>
          <TextEquiv>
            <Unicode>ن</Unicode>
          </TextEquiv>
        </Word>
        <TextEquiv>
          <Unicode> بينكم ا د ا ا حصر حد ا كم لمو ت حين ا لو صيه ا ثنا ن</Unicode>
        </TextEquiv>
      </TextLine>
      <TextLine id="l8">
        <Coords points="79,1366 1337,1366 1337,1514 79,1514"/>
        <Word id="w148">
          <Coords points="1308,1417 1336,1417 1336,1453 1308,1453"/>
          <TextEquiv>
            <Unicode>د</Unicode>
          </TextEquiv>
        </Word>
        <Word id="w149">
          <Coords points="1259,1420 1299,1420 1299,1472 1259,1472"/>
          <TextEquiv>
            <Unicode>و</Unicode>
          </TextEquiv>
        </Word>
        <Word id="w150">
          <Coords points="1248,1382 1265,1382 1265,1450 1248,1450"/>
          <TextEquiv>
            <Unicode>ا</Unicode>
          </TextEquiv>
        </Word>
        <Word id="w151">
          <Coords points="1154,1415 1233,1415 1233,1464 1154,1464"/>
          <TextEquiv>
            <Unicode>عد</Unicode>
          </TextEquiv>
        </Word>
        <Word id="w152">
          <Coords points="1104,1385 1147,1385 1147,1474 1104,1474"/>
          <TextEquiv>
            <Unicode>ل</Unicode>
          </TextEquiv>
        </Word>
        <Word id="w153">
          <Coords points="954,1376 1097,1376 1097,1492 954,1492"/>
          <TextEquiv>
            <Unicode>منكم</Unicode>
          </TextEquiv>
        </Word>
        <Word id="w154">
          <Coords points="946,1405 956,1405 956,1460 946,1460"/>
          <TextEquiv>
            <Unicode>ا</Unicode>
          </TextEquiv>
        </Word>
        <Word id="w155">
          <Coords points="885,1434 929,1434 929,1485 885,1485"/>
          <TextEquiv>
            <Unicode>و</Unicode>
          </TextEquiv>
        </Word>
        <Word id="w156">
          <Coords points="872,1401 885,1401 885,1448 872,1448"/>
          <TextEquiv>
            <Unicode>ا</Unicode>
          </TextEquiv>
        </Word>
        <Word id="w157">
          <Coords points="791,1428 869,1428 869,1485 791,1485"/>
          <TextEquiv>
            <Unicode>حر</Unicode>
          </TextEquiv>
        </Word>
        <Word id="w158">
          <Coords points="784,1401 801,1401 801,1458 784,1458"/>
          <TextEquiv>
            <Unicode>ا</Unicode>
          </TextEquiv>
        </Word>
        <Word id="w159">
          <Coords points="734,1419 773,1419 773,1480 734,1480"/>
          <TextEquiv>
            <Unicode>ن</Unicode>
          </TextEquiv>
        </Word>
        <Word id="w160">
          <Coords points="639,1412 724,1412 724,1492 639,1492"/>
          <TextEquiv>
            <Unicode>من</Unicode>
          </TextEquiv>
        </Word>
        <Word id="w161">
          <Coords points="535,1421 636,1421 636,1513 535,1513"/>
          <TextEquiv>
            <Unicode>عير</Unicode>
          </TextEquiv>
        </Word>
        <Word id="w162">
          <Coords points="496,1366 579,1366 579,1488 496,1488"/>
          <TextEquiv>
            <Unicode>كم</Unicode>
          </TextEquiv>
        </Word>
        <Word id="w163">
          <Coords points="471,1415 483,1415 483,1463 471,1463"/>
          <TextEquiv>
            <Unicode>ا</Unicode>
          </TextEquiv>
        </Word>
        <Word id="w164">
          <Coords points="419,1425 456,1425 456,1482 419,1482"/>
          <TextEquiv>
            <Unicode>ن</Unicode>
          </TextEquiv>
        </Word>
        <Word id="w165">
          <Coords points="394,1394 413,1394 413,1468 394,1468"/>
          <TextEquiv>
            <Unicode>ا</Unicode>
          </TextEquiv>
        </Word>
        <Word id="w166">
          <Coords points="277,1422 385,1422 385,1478 277,1478"/>
          <TextEquiv>
            <Unicode>نتم</Unicode>
          </TextEquiv>
        </Word>
        <Word id="w167">
          <Coords points="170,1439 282,1439 282,1503 170,1503"/>
          <TextEquiv>
            <Unicode>صر</Unicode>
          </TextEquiv>
        </Word>
        <Word id="w168">
          <Coords points="79,1422 195,1422 195,1496 79,1496"/>
          <TextEquiv>
            <Unicode>بتم</Unicode>
          </TextEquiv>
        </Word>
        <TextEquiv>
          <Unicode> د و ا عد ل منكم ا و ا حر ا ن من عير كم ا ن ا نتم صر بتم</Unicode>
        </TextEquiv>
      </TextLine>
      <TextLine id="l9">
        <Coords points="87,1521 1343,1521 1343,1675 87,1675"/>
        <Word id="w169">
          <Coords points="1238,1557 1342,1557 1342,1627 1238,1627"/>
          <TextEquiv>
            <Unicode>فى</Unicode>
          </TextEquiv>
        </Word>
        <Word id="w170">
          <Coords points="1205,1565 1220,1565 1220,1624 1205,1624"/>
          <TextEquiv>
            <Unicode>ا</Unicode>
          </TextEquiv>
        </Word>
        <Word id="w171">
          <Coords points="1151,1560 1202,1560 1202,1647 1151,1647"/>
          <TextEquiv>
            <Unicode>لا</Unicode>
          </TextEquiv>
        </Word>
        <Word id="w172">
          <Coords points="1088,1597 1152,1597 1152,1666 1088,1666"/>
          <TextEquiv>
            <Unicode>ر</Unicode>
          </TextEquiv>
        </Word>
        <Word id="w173">
          <Coords points="1028,1597 1114,1597 1114,1657 1028,1657"/>
          <TextEquiv>
            <Unicode>ص</Unicode>
          </TextEquiv>
        </Word>
        <Word id="w174">
          <Coords points="990,1571 1024,1571 1024,1637 990,1637"/>
          <TextEquiv>
            <Unicode>فا</Unicode>
          </TextEquiv>
        </Word>
        <Word id="w175">
          <Coords points="897,1557 980,1557 980,1638 897,1638"/>
          <TextEquiv>
            <Unicode>صا</Unicode>
          </TextEquiv>
        </Word>
        <Word id="w176">
          <Coords points="771,1521 889,1521 889,1669 771,1669"/>
          <TextEquiv>
            <Unicode>بتكم</Unicode>
          </TextEquiv>
        </Word>
        <Word id="w177">
          <Coords points="564,1601 779,1601 779,1674 564,1674"/>
          <TextEquiv>
            <Unicode>مصيبه</Unicode>
          </TextEquiv>
        </Word>
        <Word id="w178">
          <Coords points="531,1570 546,1570 546,1632 531,1632"/>
          <TextEquiv>
            <Unicode>ا</Unicode>
          </TextEquiv>
        </Word>
        <Word id="w179">
          <Coords points="446,1570 527,1570 527,1661 446,1661"/>
          <TextEquiv>
            <Unicode>لمو</Unicode>
          </TextEquiv>
        </Word>
        <Word id="w180">
          <Coords points="399,1592 458,1592 458,1639 399,1639"/>
          <TextEquiv>
            <Unicode>ت</Unicode>
          </TextEquiv>
        </Word>
        <Word id="w181">
          <Coords points="222,1546 401,1546 401,1669 222,1669"/>
          <TextEquiv>
            <Unicode>تحبسو</Unicode>
          </TextEquiv>
        </Word>
        <Word id="w182">
          <Coords points="87,1569 226,1569 226,1658 87,1658"/>
          <TextEquiv>
            <Unicode>نهما</Unicode>
          </TextEquiv>
        </Word>
        <TextEquiv>
          <Unicode> فى ا لا ر ص فا صا بتكم مصيبه ا لمو ت تحبسو نهما</Unicode>
        </TextEquiv>
      </TextLine>
      <TextLine id="l10">
        <Coords points="78,1707 1343,1707 1343,1864 78,1864"/>
        <Word id="w183">
          <Coords points="1263,1760 1342,1760 1342,1821 1263,1821"/>
          <TextEquiv>
            <Unicode>من</Unicode>
          </TextEquiv>
        </Word>
        <Word id="w184">
          <Coords points="1163,1757 1255,1757 1255,1817 1163,1817"/>
          <TextEquiv>
            <Unicode>بعد</Unicode>
          </TextEquiv>
        </Word>
        <Word id="w185">
          <Coords points="1141,1728 1157,1728 1157,1795 1141,1795"/>
          <TextEquiv>
            <Unicode>ا</Unicode>
          </TextEquiv>
        </Word>
        <Word id="w186">
          <Coords points="968,1707 1136,1707 1136,1834 968,1834"/>
          <TextEquiv>
            <Unicode>لصلو</Unicode>
          </TextEquiv>
        </Word>
        <Word id="w187">
          <Coords points="952,1769 981,1769 981,1789 952,1789"/>
          <TextEquiv>
            <Unicode>ه</Unicode>
          </TextEquiv>
        </Word>
        <Word id="w188">
          <Coords points="758,1731 943,1731 943,1820 758,1820"/>
          <TextEquiv>
            <Unicode>فيقسما</Unicode>
          </TextEquiv>
        </Word>
        <Word id="w189">
          <Coords points="707,1745 743,1745 743,1814 707,1814"/>
          <TextEquiv>
            <Unicode>ن</Unicode>
          </TextEquiv>
        </Word>
        <Word id="w190">
          <Coords points="668,1736 690,1736 690,1817 668,1817"/>
          <TextEquiv>
            <Unicode>با</Unicode>
          </TextEquiv>
        </Word>
        <Word id="w191">
          <Coords points="578,1762 649,1762 649,1812 578,1812"/>
          <TextEquiv>
            <Unicode>لله</Unicode>
          </TextEquiv>
        </Word>
        <Word id="w192">
          <Coords points="558,1747 566,1747 566,1794 558,1794"/>
          <TextEquiv>
            <Unicode>ا</Unicode>
          </TextEquiv>
        </Word>
        <Word id="w193">
          <Coords points="509,1765 548,1765 548,1817 509,1817"/>
          <TextEquiv>
            <Unicode>ن</Unicode>
          </TextEquiv>
        </Word>
        <Word id="w194">
          <Coords points="481,1751 492,1751 492,1804 481,1804"/>
          <TextEquiv>
            <Unicode>ا</Unicode>
          </TextEquiv>
        </Word>
        <Word id="w195">
          <Coords points="433,1776 472,1776 472,1821 433,1821"/>
          <TextEquiv>
            <Unicode>ر</Unicode>
          </TextEquiv>
        </Word>
        <Word id="w196">
          <Coords points="353,1739 439,1739 439,1863 353,1863"/>
          <TextEquiv>
            <Unicode>تبتم</Unicode>
          </TextEquiv>
        </Word>
        <Word id="w197">
          <Coords points="283,1756 327,1756 327,1821 283,1821"/>
          <TextEquiv>
            <Unicode>لا</Unicode>
          </TextEquiv>
        </Word>
        <Word id="w198">
          <Coords points="123,1733 276,1733 276,1833 123,1833"/>
          <TextEquiv>
            <Unicode>نشتر</Unicode>
          </TextEquiv>
        </Word>
        <Word id="w199">
          <Coords points="78,1764 125,1764 125,1819 78,1819"/>
          <TextEquiv>
            <Unicode>ى</Unicode>
          </TextEquiv>
        </Word>
        <TextEquiv>
          <Unicode> من بعد ا لصلو ه فيقسما ن با لله ا ن ا ر تبتم لا نشتر ى</Unicode>
        </TextEquiv>
      </TextLine>
      <TextLine id="l11">
        <Coords points="74,1868 1352,1868 1352,2012 74,2012"/>
        <Word id="w200">
          <Coords points="1316,1930 1351,1930 1351,1971 1316,1971"/>
          <TextEquiv>
            <Unicode>به</Unicode>
          </TextEquiv>
        </Word>
        <Word id="w201">
          <Coords points="1210,1874 1306,1874 1306,1963 1210,1963"/>
          <TextEquiv>
            <Unicode>ثمنا</Unicode>
          </TextEquiv>
        </Word>
        <Word id="w202">
          <Coords points="1163,1927 1202,1927 1202,1979 1163,1979"/>
          <TextEquiv>
            <Unicode>و</Unicode>
          </TextEquiv>
        </Word>
        <Word id="w203">
          <Coords points="1101,1893 1162,1893 1162,1985 1101,1985"/>
          <TextEquiv>
            <Unicode>لو</Unicode>
          </TextEquiv>
        </Word>
        <Word id="w204">
          <Coords points="933,1901 1109,1901 1109,1971 933,1971"/>
          <TextEquiv>
            <Unicode>كا</Unicode>
          </TextEquiv>
        </Word>
        <Word id="w205">
          <Coords points="880,1931 914,1931 914,1979 880,1979"/>
          <TextEquiv>
            <Unicode>ن</Unicode>
          </TextEquiv>
        </Word>
        <Word id="w206">
          <Coords points="830,1934 858,1934 858,1973 830,1973"/>
          <TextEquiv>
            <Unicode>د</Unicode>
          </TextEquiv>
        </Word>
        <Word id="w207">
          <Coords points="797,1896 816,1896 816,1954 797,1954"/>
          <TextEquiv>
            <Unicode>ا</Unicode>
          </TextEquiv>
        </Word>
        <Word id="w208">
          <Coords points="731,1907 791,1907 791,1999 731,1999"/>
          <TextEquiv>
            <Unicode>قر</Unicode>
          </TextEquiv>
        </Word>
        <Word id="w209">
          <Coords points="673,1923 732,1923 732,2007 673,2007"/>
          <TextEquiv>
            <Unicode>بى</Unicode>
          </TextEquiv>
        </Word>
        <Word id="w210">
          <Coords points="617,1938 663,1938 663,1997 617,1997"/>
          <TextEquiv>
            <Unicode>و</Unicode>
          </TextEquiv>
        </Word>
        <Word id="w211">
          <Coords points="575,1905 624,1905 624,1987 575,1987"/>
          <TextEquiv>
            <Unicode>لا</Unicode>
          </TextEquiv>
        </Word>
        <Word id="w212">
          <Coords points="418,1868 570,1868 570,1989 418,1989"/>
          <TextEquiv>
            <Unicode>نكتم</Unicode>
          </TextEquiv>
        </Word>
        <Word id="w213">
          <Coords points="276,1905 407,1905 407,2011 276,2011"/>
          <TextEquiv>
            <Unicode>شها</Unicode>
          </TextEquiv>
        </Word>
        <Word id="w214">
          <Coords points="230,1946 264,1946 264,1990 230,1990"/>
          <TextEquiv>
            <Unicode>د</Unicode>
          </TextEquiv>
        </Word>
        <Word id="w215">
          <Coords points="186,1957 209,1957 209,1984 186,1984"/>
          <TextEquiv>
            <Unicode>ه</Unicode>
          </TextEquiv>
        </Word>
        <Word id="w216">
          <Coords points="149,1924 170,1924 170,1989 149,1989"/>
          <TextEquiv>
            <Unicode>ا</Unicode>
          </TextEquiv>
        </Word>
        <Word id="w217">
          <Coords points="74,1937 154,1937 154,1990 74,1990"/>
          <TextEquiv>
            <Unicode>لله</Unicode>
          </TextEquiv>
        </Word>
        <TextEquiv>
          <Unicode> به ثمنا و لو كا ن د ا قر بى و لا نكتم شها د ه ا لله</Unicode>
        </TextEquiv>
      </TextLine>
      <TextLine id="l12">
        <Coords points="92,2039 1362,2039 1362,2180 92,2180"/>
        <Word id="w218">
          <Coords points="1345,2063 1361,2063 1361,2132 1345,2132"/>
          <TextEquiv>
            <Unicode>ا</Unicode>
          </TextEquiv>
        </Word>
        <Word id="w219">
          <Coords points="1307,2059 1334,2059 1334,2129 1307,2129"/>
          <TextEquiv>
            <Unicode>نا</Unicode>
          </TextEquiv>
        </Word>
        <Word id="w220">
          <Coords points="1277,2061 1296,2061 1296,2123 1277,2123"/>
          <TextEquiv>
            <Unicode>ا</Unicode>
          </TextEquiv>
        </Word>
        <Word id="w221">
          <Coords points="1237,2094 1269,2094 1269,2134 1237,2134"/>
          <TextEquiv>
            <Unicode>د</Unicode>
          </TextEquiv>
        </Word>
        <Word id="w222">
          <Coords points="1216,2058 1234,2058 1234,2130 1216,2130"/>
          <TextEquiv>
            <Unicode>ا</Unicode>
          </TextEquiv>
        </Word>
        <Word id="w223">
          <Coords points="1128,2062 1204,2062 1204,2153 1128,2153"/>
          <TextEquiv>
            <Unicode>لمن</Unicode>
          </TextEquiv>
        </Word>
        <Word id="w224">
          <Coords points="1110,2060 1126,2060 1126,2128 1110,2128"/>
          <TextEquiv>
            <Unicode>ا</Unicode>
          </TextEquiv>
        </Word>
        <Word id="w225">
          <Coords points="1049,2072 1093,2072 1093,2142 1049,2142"/>
          <TextEquiv>
            <Unicode>لا</Unicode>
          </TextEquiv>
        </Word>
        <Word id="w226">
          <Coords points="924,2039 1031,2039 1031,2154 924,2154"/>
          <TextEquiv>
            <Unicode>ثمين</Unicode>
          </TextEquiv>
        </Word>
        <Word id="w227">
          <Coords points="790,2060 827,2060 827,2133 790,2133"/>
          <TextEquiv>
            <Unicode>فا</Unicode>
          </TextEquiv>
        </Word>
        <Word id="w228">
          <Coords points="739,2093 774,2093 774,2140 739,2140"/>
          <TextEquiv>
            <Unicode>ن</Unicode>
          </TextEquiv>
        </Word>
        <Word id="w229">
          <Coords points="542,2067 738,2067 738,2175 542,2175"/>
          <TextEquiv>
            <Unicode>عثر</Unicode>
          </TextEquiv>
        </Word>
        <Word id="w230">
          <Coords points="452,2049 549,2049 549,2179 452,2179"/>
          <TextEquiv>
            <Unicode>على</Unicode>
          </TextEquiv>
        </Word>
        <Word id="w231">
          <Coords points="448,2065 468,2065 468,2126 448,2126"/>
          <TextEquiv>
            <Unicode>ا</Unicode>
          </TextEquiv>
        </Word>
        <Word id="w232">
          <Coords points="335,2058 437,2058 437,2149 335,2149"/>
          <TextEquiv>
            <Unicode>نهما</Unicode>
          </TextEquiv>
        </Word>
        <Word id="w233">
          <Coords points="298,2059 318,2059 318,2132 298,2132"/>
          <TextEquiv>
            <Unicode>ا</Unicode>
          </TextEquiv>
        </Word>
        <Word id="w234">
          <Coords points="92,2077 289,2077 289,2155 92,2155"/>
          <TextEquiv>
            <Unicode>ستحقا</Unicode>
          </TextEquiv>
        </Word>
        <TextEquiv>
          <Unicode> ا نا ا د ا لمن ا لا ثمين فا ن عثر على ا نهما ا ستحقا</Unicode>
        </TextEquiv>
      </TextLine>
      <TextLine id="l13">
        <Coords points="100,2200 1365,2200 1365,2342 100,2342"/>
        <Word id="w235">
          <Coords points="1347,2223 1364,2223 1364,2286 1347,2286"/>
          <TextEquiv>
            <Unicode>ا</Unicode>
          </TextEquiv>
        </Word>
        <Word id="w236">
          <Coords points="1275,2207 1343,2207 1343,2294 1275,2294"/>
          <TextEquiv>
            <Unicode>ثما</Unicode>
          </TextEquiv>
        </Word>
        <Word id="w237">
          <Coords points="1232,2220 1269,2220 1269,2305 1232,2305"/>
          <TextEquiv>
            <Unicode>فا</Unicode>
          </TextEquiv>
        </Word>
        <Word id="w238">
          <Coords points="1140,2260 1222,2260 1222,2315 1140,2315"/>
          <TextEquiv>
            <Unicode>حر</Unicode>
          </TextEquiv>
        </Word>
        <Word id="w239">
          <Coords points="1131,2234 1151,2234 1151,2290 1131,2290"/>
          <TextEquiv>
            <Unicode>ا</Unicode>
          </TextEquiv>
        </Word>
        <Word id="w240">
          <Coords points="1079,2241 1116,2241 1116,2304 1079,2304"/>
          <TextEquiv>
            <Unicode>ن</Unicode>
          </TextEquiv>
        </Word>
        <Word id="w241">
          <Coords points="959,2230 1064,2230 1064,2324 959,2324"/>
          <TextEquiv>
            <Unicode>يقو</Unicode>
          </TextEquiv>
        </Word>
        <Word id="w242">
          <Coords points="912,2212 964,2212 964,2292 912,2292"/>
          <TextEquiv>
            <Unicode>ما</Unicode>
          </TextEquiv>
        </Word>
        <Word id="w243">
          <Coords points="857,2253 899,2253 899,2301 857,2301"/>
          <TextEquiv>
            <Unicode>ن</Unicode>
          </TextEquiv>
        </Word>
        <Word id="w244">
          <Coords points="745,2234 845,2234 845,2293 745,2293"/>
          <TextEquiv>
            <Unicode>مقا</Unicode>
          </TextEquiv>
        </Word>
        <Word id="w245">
          <Coords points="639,2200 734,2200 734,2314 639,2314"/>
          <TextEquiv>
            <Unicode>مهما</Unicode>
          </TextEquiv>
        </Word>
        <Word id="w246">
          <Coords points="557,2256 634,2256 634,2317 557,2317"/>
          <TextEquiv>
            <Unicode>من</Unicode>
          </TextEquiv>
        </Word>
        <Word id="w247">
          <Coords points="534,2234 552,2234 552,2291 534,2291"/>
          <TextEquiv>
            <Unicode>ا</Unicode>
          </TextEquiv>
        </Word>
        <Word id="w248">
          <Coords points="470,2231 532,2231 532,2301 470,2301"/>
          <TextEquiv>
            <Unicode>لذ</Unicode>
          </TextEquiv>
        </Word>
        <Word id="w249">
          <Coords points="401,2247 476,2247 476,2329 401,2329"/>
          <TextEquiv>
            <Unicode>ين</Unicode>
          </TextEquiv>
        </Word>
        <Word id="w250">
          <Coords points="375,2223 396,2223 396,2292 375,2292"/>
          <TextEquiv>
            <Unicode>ا</Unicode>
          </TextEquiv>
        </Word>
        <Word id="w251">
          <Coords points="100,2231 363,2231 363,2341 100,2341"/>
          <TextEquiv>
            <Unicode>ستحق</Unicode>
          </TextEquiv>
        </Word>
        <TextEquiv>
          <Unicode> ا ثما فا حر ا ن يقو ما ن مقا مهما من ا لذ ين ا ستحق</Unicode>
        </TextEquiv>
      </TextLine>
      <TextLine id="l14">
        <Coords points="125,2370 1368,2370 1368,2502 125,2502"/>
        <Word id="w252">
          <Coords points="1213,2375 1367,2375 1367,2501 1213,2501"/>
          <TextEquiv>
            <Unicode>عليهم</Unicode>
          </TextEquiv>
        </Word>
        <Word id="w253">
          <Coords points="1195,2391 1213,2391 1213,2446 1195,2446"/>
          <TextEquiv>
            <Unicode>ا</Unicode>
          </TextEquiv>
        </Word>
        <Word id="w254">
          <Coords points="1137,2397 1178,2397 1178,2466 1137,2466"/>
          <TextEquiv>
            <Unicode>لا</Unicode>
          </TextEquiv>
        </Word>
        <Word id="w255">
          <Coords points="1093,2415 1132,2415 1132,2479 1093,2479"/>
          <TextEquiv>
            <Unicode>و</Unicode>
          </TextEquiv>
        </Word>
        <Word id="w256">
          <Coords points="1030,2382 1094,2382 1094,2493 1030,2493"/>
          <TextEquiv>
            <Unicode>ليا</Unicode>
          </TextEquiv>
        </Word>
        <Word id="w257">
          <Coords points="966,2408 1019,2408 1019,2469 966,2469"/>
          <TextEquiv>
            <Unicode>ن</Unicode>
          </TextEquiv>
        </Word>
        <Word id="w258">
          <Coords points="779,2370 968,2370 968,2474 779,2474"/>
          <TextEquiv>
            <Unicode>فيقسما</Unicode>
          </TextEquiv>
        </Word>
        <Word id="w259">
          <Coords points="730,2403 768,2403 768,2472 730,2472"/>
          <TextEquiv>
            <Unicode>ن</Unicode>
          </TextEquiv>
        </Word>
        <Word id="w260">
          <Coords points="687,2395 719,2395 719,2485 687,2485"/>
          <TextEquiv>
            <Unicode>با</Unicode>
          </TextEquiv>
        </Word>
        <Word id="w261">
          <Coords points="601,2407 673,2407 673,2471 601,2471"/>
          <TextEquiv>
            <Unicode>لله</Unicode>
          </TextEquiv>
        </Word>
        <Word id="w262">
          <Coords points="448,2380 599,2380 599,2499 448,2499"/>
          <TextEquiv>
            <Unicode>لشها</Unicode>
          </TextEquiv>
        </Word>
        <Word id="w263">
          <Coords points="268,2388 399,2388 399,2468 268,2468"/>
          <TextEquiv>
            <Unicode>تنا</Unicode>
          </TextEquiv>
        </Word>
        <Word id="w264">
          <Coords points="233,2394 251,2394 251,2472 233,2472"/>
          <TextEquiv>
            <Unicode>ا</Unicode>
          </TextEquiv>
        </Word>
        <Word id="w265">
          <Coords points="125,2429 224,2429 224,2492 125,2492"/>
          <TextEquiv>
            <Unicode>حق</Unicode>
          </TextEquiv>
        </Word>
        <TextEquiv>
          <Unicode> عليهم ا لا و ليا ن فيقسما ن با لله لشها تنا ا حق</Unicode>
        </TextEquiv>
      </TextLine>
    </TextRegion>
  </Page>
</PcGts>
