<?xml version='1.0' encoding='utf-8'?>
<PcGts xmlns:xsi="http://www.w3.org/2001/XMLSchema-instance" xmlns="http://schema.primaresearch.org/PAGE/gts/pagecontent/2019-07-15" xsi:schemaLocation="http://schema.primaresearch.org/PAGE/gts/pagecontent/2019-07-15 http://schema.primaresearch.org/PAGE/gts/pagecontent/2019-07-15/pagecontent.xsd" pcGtsId="pc-aletheiaexamplepage">
  <Metadata>
    <Creator>PRImA Research Lab</Creator>
    <Created>2015-07-17T15:27:13</Created>
    <LastChange>2017-07-14T10:03:33</LastChange>
    <Comments>Example Page</Comments>
  </Metadata>
  <Page imageFilename="3158466/_072-2.png" imageWidth="1409" imageHeight="2545">
    <TextRegion id="r0" type="paragraph">
      <Coords points="1,1 1407,1 1407,2543 1,2543"/>
      <TextLine id="l0">
        <Coords points="101,35 1336,35 1336,253 101,253"/>
        <Word id="w0">
          <Coords points="1289,92 1335,92 1335,165 1289,165"/>
          <TextEquiv>
            <Unicode>ل</Unicode>
          </TextEquiv>
        </Word>
        <Word id="w1">
          <Coords points="1231,89 1284,89 1284,169 1231,169"/>
          <TextEquiv>
            <Unicode>نذ</Unicode>
          </TextEquiv>
        </Word>
        <Word id="w2">
          <Coords points="1184,128 1219,128 1219,173 1184,173"/>
          <TextEquiv>
            <Unicode>ر</Unicode>
          </TextEquiv>
        </Word>
        <Word id="w3">
          <Coords points="1128,36 1228,36 1228,176 1128,176"/>
          <TextEquiv>
            <Unicode>كم</Unicode>
          </TextEquiv>
        </Word>
        <Word id="w4">
          <Coords points="1089,130 1121,130 1121,179 1089,179"/>
          <TextEquiv>
            <Unicode>به</Unicode>
          </TextEquiv>
        </Word>
        <Word id="w5">
          <Coords points="1033,118 1075,118 1075,174 1033,174"/>
          <TextEquiv>
            <Unicode>و</Unicode>
          </TextEquiv>
        </Word>
        <Word id="w6">
          <Coords points="952,111 1033,111 1033,190 952,190"/>
          <TextEquiv>
            <Unicode>من</Unicode>
          </TextEquiv>
        </Word>
        <Word id="w7">
          <Coords points="851,76 949,76 949,242 851,242"/>
          <TextEquiv>
            <Unicode>بلغ</Unicode>
          </TextEquiv>
        </Word>
        <Word id="w8">
          <Coords points="829,84 843,84 843,142 829,142"/>
          <TextEquiv>
            <Unicode>ا</Unicode>
          </TextEquiv>
        </Word>
        <Word id="w9">
          <Coords points="710,35 816,35 816,217 710,217"/>
          <TextEquiv>
            <Unicode>ئنكم</Unicode>
          </TextEquiv>
        </Word>
        <Word id="w10">
          <Coords points="501,82 687,82 687,208 501,208"/>
          <TextEquiv>
            <Unicode>لتشهد</Unicode>
          </TextEquiv>
        </Word>
        <Word id="w11">
          <Coords points="443,137 494,137 494,193 443,193"/>
          <TextEquiv>
            <Unicode>و</Unicode>
          </TextEquiv>
        </Word>
        <Word id="w12">
          <Coords points="407,98 448,98 448,175 407,175"/>
          <TextEquiv>
            <Unicode>ن</Unicode>
          </TextEquiv>
        </Word>
        <Word id="w13">
          <Coords points="248,103 269,103 269,179 248,179"/>
          <TextEquiv>
            <Unicode>ا</Unicode>
          </TextEquiv>
        </Word>
        <Word id="w14">
          <Coords points="195,93 241,93 241,192 195,192"/>
          <TextEquiv>
            <Unicode>ن</Unicode>
          </TextEquiv>
        </Word>
        <Word id="w15">
          <Coords points="101,115 189,115 189,252 101,252"/>
          <TextEquiv>
            <Unicode>مع</Unicode>
          </TextEquiv>
        </Word>
        <TextEquiv>
          <Unicode> ل نذ ر كم به و من بلغ ا ئنكم لتشهد و ن ا ن مع</Unicode>
        </TextEquiv>
      </TextLine>
      <TextLine id="l1">
        <Coords points="51,256 1338,256 1338,364 51,364"/>
        <Word id="w16">
          <Coords points="1328,274 1337,274 1337,319 1328,319"/>
          <TextEquiv>
            <Unicode>ا</Unicode>
          </TextEquiv>
        </Word>
        <Word id="w17">
          <Coords points="1248,285 1316,285 1316,336 1248,336"/>
          <TextEquiv>
            <Unicode>لله</Unicode>
          </TextEquiv>
        </Word>
        <Word id="w18">
          <Coords points="1225,268 1234,268 1234,316 1225,316"/>
          <TextEquiv>
            <Unicode>ا</Unicode>
          </TextEquiv>
        </Word>
        <Word id="w19">
          <Coords points="1126,257 1216,257 1216,340 1126,340"/>
          <TextEquiv>
            <Unicode>لهة</Unicode>
          </TextEquiv>
        </Word>
        <Word id="w20">
          <Coords points="1100,261 1108,261 1108,315 1100,315"/>
          <TextEquiv>
            <Unicode>ا</Unicode>
          </TextEquiv>
        </Word>
        <Word id="w21">
          <Coords points="1010,299 1087,299 1087,352 1010,352"/>
          <TextEquiv>
            <Unicode>حر</Unicode>
          </TextEquiv>
        </Word>
        <Word id="w22">
          <Coords points="950,292 1003,292 1003,350 950,350"/>
          <TextEquiv>
            <Unicode>ى</Unicode>
          </TextEquiv>
        </Word>
        <Word id="w23">
          <Coords points="880,276 946,276 946,361 880,361"/>
          <TextEquiv>
            <Unicode>قل</Unicode>
          </TextEquiv>
        </Word>
        <Word id="w24">
          <Coords points="831,271 873,271 873,342 831,342"/>
          <TextEquiv>
            <Unicode>لا</Unicode>
          </TextEquiv>
        </Word>
        <Word id="w25">
          <Coords points="806,263 819,263 819,312 806,312"/>
          <TextEquiv>
            <Unicode>ا</Unicode>
          </TextEquiv>
        </Word>
        <Word id="w26">
          <Coords points="660,282 788,282 788,363 660,363"/>
          <TextEquiv>
            <Unicode>شهد</Unicode>
          </TextEquiv>
        </Word>
        <Word id="w27">
          <Coords points="587,270 645,270 645,362 587,362"/>
          <TextEquiv>
            <Unicode>قل</Unicode>
          </TextEquiv>
        </Word>
        <Word id="w28">
          <Coords points="574,259 589,259 589,316 574,316"/>
          <TextEquiv>
            <Unicode>ا</Unicode>
          </TextEquiv>
        </Word>
        <Word id="w29">
          <Coords points="502,257 552,257 552,329 502,329"/>
          <TextEquiv>
            <Unicode>نما</Unicode>
          </TextEquiv>
        </Word>
        <Word id="w30">
          <Coords points="409,286 489,286 489,355 409,355"/>
          <TextEquiv>
            <Unicode>هو</Unicode>
          </TextEquiv>
        </Word>
        <Word id="w31">
          <Coords points="391,257 408,257 408,319 391,319"/>
          <TextEquiv>
            <Unicode>ا</Unicode>
          </TextEquiv>
        </Word>
        <Word id="w32">
          <Coords points="331,256 379,256 379,333 331,333"/>
          <TextEquiv>
            <Unicode>له</Unicode>
          </TextEquiv>
        </Word>
        <Word id="w33">
          <Coords points="268,301 315,301 315,357 268,357"/>
          <TextEquiv>
            <Unicode>و</Unicode>
          </TextEquiv>
        </Word>
        <Word id="w34">
          <Coords points="261,264 273,264 273,321 261,321"/>
          <TextEquiv>
            <Unicode>ا</Unicode>
          </TextEquiv>
        </Word>
        <Word id="w35">
          <Coords points="168,295 256,295 256,343 168,343"/>
          <TextEquiv>
            <Unicode>حد</Unicode>
          </TextEquiv>
        </Word>
        <Word id="w36">
          <Coords points="116,258 129,258 129,315 116,315"/>
          <TextEquiv>
            <Unicode>ا</Unicode>
          </TextEquiv>
        </Word>
        <Word id="w37">
          <Coords points="106,305 160,305 160,360 106,360"/>
          <TextEquiv>
            <Unicode>و</Unicode>
          </TextEquiv>
        </Word>
        <Word id="w38">
          <Coords points="51,280 115,280 115,357 51,357"/>
          <TextEquiv>
            <Unicode>ننى</Unicode>
          </TextEquiv>
        </Word>
        <TextEquiv>
          <Unicode> ا لله ا لهة ا حر ى قل لا ا شهد قل ا نما هو ا له و ا حد ا و ننى</Unicode>
        </TextEquiv>
      </TextLine>
      <TextLine id="l2">
        <Coords points="69,391 1330,391 1330,530 69,530"/>
        <Word id="w39">
          <Coords points="1286,463 1329,463 1329,508 1286,508"/>
          <TextEquiv>
            <Unicode>بر</Unicode>
          </TextEquiv>
        </Word>
        <Word id="w40">
          <Coords points="1223,436 1241,436 1241,455 1223,455"/>
          <TextEquiv>
            <Unicode>ء</Unicode>
          </TextEquiv>
        </Word>
        <Word id="w41">
          <Coords points="1216,450 1276,450 1276,511 1216,511"/>
          <TextEquiv>
            <Unicode>ى</Unicode>
          </TextEquiv>
        </Word>
        <Word id="w42">
          <Coords points="1144,409 1204,409 1204,488 1144,488"/>
          <TextEquiv>
            <Unicode>مما</Unicode>
          </TextEquiv>
        </Word>
        <Word id="w43">
          <Coords points="1027,412 1127,412 1127,516 1027,516"/>
          <TextEquiv>
            <Unicode>تشر</Unicode>
          </TextEquiv>
        </Word>
        <Word id="w44">
          <Coords points="981,391 1071,391 1071,513 981,513"/>
          <TextEquiv>
            <Unicode>كو</Unicode>
          </TextEquiv>
        </Word>
        <Word id="w45">
          <Coords points="943,432 983,432 983,499 943,499"/>
          <TextEquiv>
            <Unicode>ن</Unicode>
          </TextEquiv>
        </Word>
        <Word id="w46">
          <Coords points="772,418 795,418 795,494 772,494"/>
          <TextEquiv>
            <Unicode>ا</Unicode>
          </TextEquiv>
        </Word>
        <Word id="w47">
          <Coords points="715,422 764,422 764,494 715,494"/>
          <TextEquiv>
            <Unicode>لذ</Unicode>
          </TextEquiv>
        </Word>
        <Word id="w48">
          <Coords points="642,449 715,449 715,522 642,522"/>
          <TextEquiv>
            <Unicode>بن</Unicode>
          </TextEquiv>
        </Word>
        <Word id="w49">
          <Coords points="615,424 629,424 629,478 615,478"/>
          <TextEquiv>
            <Unicode>ا</Unicode>
          </TextEquiv>
        </Word>
        <Word id="w50">
          <Coords points="472,432 600,432 600,516 472,516"/>
          <TextEquiv>
            <Unicode>تينا</Unicode>
          </TextEquiv>
        </Word>
        <Word id="w51">
          <Coords points="378,454 453,454 453,529 378,529"/>
          <TextEquiv>
            <Unicode>هم</Unicode>
          </TextEquiv>
        </Word>
        <Word id="w52">
          <Coords points="370,427 381,427 381,485 370,485"/>
          <TextEquiv>
            <Unicode>ا</Unicode>
          </TextEquiv>
        </Word>
        <Word id="w53">
          <Coords points="142,428 358,428 358,509 142,509"/>
          <TextEquiv>
            <Unicode>لكتا</Unicode>
          </TextEquiv>
        </Word>
        <Word id="w54">
          <Coords points="69,471 135,471 135,526 69,526"/>
          <TextEquiv>
            <Unicode>ب</Unicode>
          </TextEquiv>
        </Word>
        <TextEquiv>
          <Unicode> بر ء ى مما تشر كو ن ا لذ بن ا تينا هم ا لكتا ب</Unicode>
        </TextEquiv>
      </TextLine>
      <TextLine id="l3">
        <Coords points="69,531 1345,531 1345,728 69,728"/>
        <Word id="w55">
          <Coords points="1252,615 1344,615 1344,703 1252,703"/>
          <TextEquiv>
            <Unicode>يعر</Unicode>
          </TextEquiv>
        </Word>
        <Word id="w56">
          <Coords points="1187,602 1253,602 1253,693 1187,693"/>
          <TextEquiv>
            <Unicode>فو</Unicode>
          </TextEquiv>
        </Word>
        <Word id="w57">
          <Coords points="1168,619 1195,619 1195,660 1168,660"/>
          <TextEquiv>
            <Unicode>نه</Unicode>
          </TextEquiv>
        </Word>
        <Word id="w58">
          <Coords points="1063,531 1161,531 1161,684 1063,684"/>
          <TextEquiv>
            <Unicode>كما</Unicode>
          </TextEquiv>
        </Word>
        <Word id="w59">
          <Coords points="961,610 1069,610 1069,698 961,698"/>
          <TextEquiv>
            <Unicode>يعر</Unicode>
          </TextEquiv>
        </Word>
        <Word id="w60">
          <Coords points="910,581 983,581 983,699 910,699"/>
          <TextEquiv>
            <Unicode>فو</Unicode>
          </TextEquiv>
        </Word>
        <Word id="w61">
          <Coords points="881,617 921,617 921,670 881,670"/>
          <TextEquiv>
            <Unicode>ن</Unicode>
          </TextEquiv>
        </Word>
        <Word id="w62">
          <Coords points="851,586 865,586 865,650 851,650"/>
          <TextEquiv>
            <Unicode>ا</Unicode>
          </TextEquiv>
        </Word>
        <Word id="w63">
          <Coords points="745,595 838,595 838,678 745,678"/>
          <TextEquiv>
            <Unicode>بنا</Unicode>
          </TextEquiv>
        </Word>
        <Word id="w64">
          <Coords points="712,628 735,628 735,656 712,656"/>
          <TextEquiv>
            <Unicode>ء</Unicode>
          </TextEquiv>
        </Word>
        <Word id="w65">
          <Coords points="614,620 690,620 690,686 614,686"/>
          <TextEquiv>
            <Unicode>هم</Unicode>
          </TextEquiv>
        </Word>
        <Word id="w66">
          <Coords points="607,597 621,597 621,649 607,649"/>
          <TextEquiv>
            <Unicode>ا</Unicode>
          </TextEquiv>
        </Word>
        <Word id="w67">
          <Coords points="539,604 593,604 593,669 539,669"/>
          <TextEquiv>
            <Unicode>لذ</Unicode>
          </TextEquiv>
        </Word>
        <Word id="w68">
          <Coords points="464,617 530,617 530,700 464,700"/>
          <TextEquiv>
            <Unicode>بن</Unicode>
          </TextEquiv>
        </Word>
        <Word id="w69">
          <Coords points="313,591 461,591 461,708 313,708"/>
          <TextEquiv>
            <Unicode>خسر</Unicode>
          </TextEquiv>
        </Word>
        <Word id="w70">
          <Coords points="276,605 289,605 289,664 276,664"/>
          <TextEquiv>
            <Unicode>ا</Unicode>
          </TextEquiv>
        </Word>
        <Word id="w71">
          <Coords points="272,636 327,636 327,692 272,692"/>
          <TextEquiv>
            <Unicode>و</Unicode>
          </TextEquiv>
        </Word>
        <Word id="w72">
          <Coords points="248,606 260,606 260,654 248,654"/>
          <TextEquiv>
            <Unicode>ا</Unicode>
          </TextEquiv>
        </Word>
        <Word id="w73">
          <Coords points="69,606 240,606 240,727 69,727"/>
          <TextEquiv>
            <Unicode>نفسهم</Unicode>
          </TextEquiv>
        </Word>
        <TextEquiv>
          <Unicode> يعر فو نه كما يعر فو ن ا بنا ء هم ا لذ بن خسر ا و ا نفسهم</Unicode>
        </TextEquiv>
      </TextLine>
      <TextLine id="l4">
        <Coords points="83,745 1344,745 1344,890 83,890"/>
        <Word id="w74">
          <Coords points="1229,749 1343,749 1343,847 1229,847"/>
          <TextEquiv>
            <Unicode>فهم</Unicode>
          </TextEquiv>
        </Word>
        <Word id="w75">
          <Coords points="1181,755 1222,755 1222,842 1181,842"/>
          <TextEquiv>
            <Unicode>لا</Unicode>
          </TextEquiv>
        </Word>
        <Word id="w76">
          <Coords points="1116,752 1136,752 1136,771 1116,771"/>
          <TextEquiv>
            <Unicode>ء</Unicode>
          </TextEquiv>
        </Word>
        <Word id="w77">
          <Coords points="1114,780 1166,780 1166,847 1114,847"/>
          <TextEquiv>
            <Unicode>يو</Unicode>
          </TextEquiv>
        </Word>
        <Word id="w78">
          <Coords points="1006,773 1116,773 1116,854 1006,854"/>
          <TextEquiv>
            <Unicode>منو</Unicode>
          </TextEquiv>
        </Word>
        <Word id="w79">
          <Coords points="963,781 1004,781 1004,836 963,836"/>
          <TextEquiv>
            <Unicode>ن</Unicode>
          </TextEquiv>
        </Word>
        <Word id="w80">
          <Coords points="748,789 801,789 801,846 748,846"/>
          <TextEquiv>
            <Unicode>و</Unicode>
          </TextEquiv>
        </Word>
        <Word id="w81">
          <Coords points="682,790 759,790 759,852 682,852"/>
          <TextEquiv>
            <Unicode>من</Unicode>
          </TextEquiv>
        </Word>
        <Word id="w82">
          <Coords points="655,745 674,745 674,823 655,823"/>
          <TextEquiv>
            <Unicode>ا</Unicode>
          </TextEquiv>
        </Word>
        <Word id="w83">
          <Coords points="552,752 643,752 643,889 552,889"/>
          <TextEquiv>
            <Unicode>ظلم</Unicode>
          </TextEquiv>
        </Word>
        <Word id="w84">
          <Coords points="440,777 528,777 528,861 440,861"/>
          <TextEquiv>
            <Unicode>ممن</Unicode>
          </TextEquiv>
        </Word>
        <Word id="w85">
          <Coords points="415,759 430,759 430,814 415,814"/>
          <TextEquiv>
            <Unicode>ا</Unicode>
          </TextEquiv>
        </Word>
        <Word id="w86">
          <Coords points="310,759 403,759 403,858 310,858"/>
          <TextEquiv>
            <Unicode>فتر</Unicode>
          </TextEquiv>
        </Word>
        <Word id="w87">
          <Coords points="250,787 310,787 310,852 250,852"/>
          <TextEquiv>
            <Unicode>ى</Unicode>
          </TextEquiv>
        </Word>
        <Word id="w88">
          <Coords points="157,762 240,762 240,870 157,870"/>
          <TextEquiv>
            <Unicode>على</Unicode>
          </TextEquiv>
        </Word>
        <Word id="w89">
          <Coords points="157,764 169,764 169,819 157,819"/>
          <TextEquiv>
            <Unicode>ا</Unicode>
          </TextEquiv>
        </Word>
        <Word id="w90">
          <Coords points="83,787 149,787 149,832 83,832"/>
          <TextEquiv>
            <Unicode>لله</Unicode>
          </TextEquiv>
        </Word>
        <TextEquiv>
          <Unicode> فهم لا ء يو منو ن و من ا ظلم ممن ا فتر ى على ا لله</Unicode>
        </TextEquiv>
      </TextLine>
      <TextLine id="l5">
        <Coords points="201,890 1348,890 1348,1087 201,1087"/>
        <Word id="w91">
          <Coords points="1124,929 1347,929 1347,1006 1124,1006"/>
          <TextEquiv>
            <Unicode>كد</Unicode>
          </TextEquiv>
        </Word>
        <Word id="w92">
          <Coords points="1091,898 1128,898 1128,1022 1091,1022"/>
          <TextEquiv>
            <Unicode>با</Unicode>
          </TextEquiv>
        </Word>
        <Word id="w93">
          <Coords points="1055,910 1077,910 1077,988 1055,988"/>
          <TextEquiv>
            <Unicode>ا</Unicode>
          </TextEquiv>
        </Word>
        <Word id="w94">
          <Coords points="1008,954 1054,954 1054,1011 1008,1011"/>
          <TextEquiv>
            <Unicode>و</Unicode>
          </TextEquiv>
        </Word>
        <Word id="w95">
          <Coords points="931,890 1045,890 1045,1007 931,1007"/>
          <TextEquiv>
            <Unicode>كذ</Unicode>
          </TextEquiv>
        </Word>
        <Word id="w96">
          <Coords points="870,961 939,961 939,1017 870,1017"/>
          <TextEquiv>
            <Unicode>ب</Unicode>
          </TextEquiv>
        </Word>
        <Word id="w97">
          <Coords points="828,918 857,918 857,1031 828,1031"/>
          <TextEquiv>
            <Unicode>با</Unicode>
          </TextEquiv>
        </Word>
        <Word id="w98">
          <Coords points="779,915 808,915 808,1029 779,1029"/>
          <TextEquiv>
            <Unicode>يا</Unicode>
          </TextEquiv>
        </Word>
        <Word id="w99">
          <Coords points="730,931 763,931 763,1000 730,1000"/>
          <TextEquiv>
            <Unicode>ته</Unicode>
          </TextEquiv>
        </Word>
        <Word id="w100">
          <Coords points="690,920 713,920 713,987 690,987"/>
          <TextEquiv>
            <Unicode>ا</Unicode>
          </TextEquiv>
        </Word>
        <Word id="w101">
          <Coords points="656,941 686,941 686,994 656,994"/>
          <TextEquiv>
            <Unicode>نه</Unicode>
          </TextEquiv>
        </Word>
        <Word id="w102">
          <Coords points="588,922 631,922 631,999 588,999"/>
          <TextEquiv>
            <Unicode>لا</Unicode>
          </TextEquiv>
        </Word>
        <Word id="w103">
          <Coords points="455,921 584,921 584,1086 455,1086"/>
          <TextEquiv>
            <Unicode>يح</Unicode>
          </TextEquiv>
        </Word>
        <Word id="w104">
          <Coords points="413,926 425,926 425,984 413,984"/>
          <TextEquiv>
            <Unicode>ا</Unicode>
          </TextEquiv>
        </Word>
        <Word id="w105">
          <Coords points="306,927 394,927 394,997 306,997"/>
          <TextEquiv>
            <Unicode>لظا</Unicode>
          </TextEquiv>
        </Word>
        <Word id="w106">
          <Coords points="230,928 306,928 306,1029 230,1029"/>
          <TextEquiv>
            <Unicode>لمو</Unicode>
          </TextEquiv>
        </Word>
        <Word id="w107">
          <Coords points="201,943 239,943 239,1013 201,1013"/>
          <TextEquiv>
            <Unicode>ن</Unicode>
          </TextEquiv>
        </Word>
        <TextEquiv>
          <Unicode> كد با ا و كذ ب با يا ته ا نه لا يح ا لظا لمو ن</Unicode>
        </TextEquiv>
      </TextLine>
      <TextLine id="l6">
        <Coords points="76,1059 1358,1059 1358,1193 76,1193"/>
        <Word id="w108">
          <Coords points="1310,1112 1357,1112 1357,1171 1310,1171"/>
          <TextEquiv>
            <Unicode>و</Unicode>
          </TextEquiv>
        </Word>
        <Word id="w109">
          <Coords points="1253,1114 1313,1114 1313,1192 1253,1192"/>
          <TextEquiv>
            <Unicode>يو</Unicode>
          </TextEquiv>
        </Word>
        <Word id="w110">
          <Coords points="1214,1121 1257,1121 1257,1163 1214,1163"/>
          <TextEquiv>
            <Unicode>م</Unicode>
          </TextEquiv>
        </Word>
        <Word id="w111">
          <Coords points="1067,1075 1217,1075 1217,1191 1067,1191"/>
          <TextEquiv>
            <Unicode>نحشر</Unicode>
          </TextEquiv>
        </Word>
        <Word id="w112">
          <Coords points="991,1108 1068,1108 1068,1178 991,1178"/>
          <TextEquiv>
            <Unicode>هم</Unicode>
          </TextEquiv>
        </Word>
        <Word id="w113">
          <Coords points="827,1078 966,1078 966,1178 827,1178"/>
          <TextEquiv>
            <Unicode>جميعا</Unicode>
          </TextEquiv>
        </Word>
        <Word id="w114">
          <Coords points="764,1091 809,1091 809,1188 764,1188"/>
          <TextEquiv>
            <Unicode>نم</Unicode>
          </TextEquiv>
        </Word>
        <Word id="w115">
          <Coords points="633,1094 733,1094 733,1185 633,1185"/>
          <TextEquiv>
            <Unicode>نقو</Unicode>
          </TextEquiv>
        </Word>
        <Word id="w116">
          <Coords points="601,1074 638,1074 638,1165 601,1165"/>
          <TextEquiv>
            <Unicode>ل</Unicode>
          </TextEquiv>
        </Word>
        <Word id="w117">
          <Coords points="514,1091 580,1091 580,1159 514,1159"/>
          <TextEquiv>
            <Unicode>للذ</Unicode>
          </TextEquiv>
        </Word>
        <Word id="w118">
          <Coords points="443,1113 504,1113 504,1182 443,1182"/>
          <TextEquiv>
            <Unicode>ين</Unicode>
          </TextEquiv>
        </Word>
        <Word id="w119">
          <Coords points="412,1091 424,1091 424,1140 412,1140"/>
          <TextEquiv>
            <Unicode>ا</Unicode>
          </TextEquiv>
        </Word>
        <Word id="w120">
          <Coords points="315,1126 402,1126 402,1184 315,1184"/>
          <TextEquiv>
            <Unicode>سر</Unicode>
          </TextEquiv>
        </Word>
        <Word id="w121">
          <Coords points="251,1059 341,1059 341,1182 251,1182"/>
          <TextEquiv>
            <Unicode>كو</Unicode>
          </TextEquiv>
        </Word>
        <Word id="w122">
          <Coords points="240,1099 254,1099 254,1152 240,1152"/>
          <TextEquiv>
            <Unicode>ا</Unicode>
          </TextEquiv>
        </Word>
        <Word id="w123">
          <Coords points="207,1094 219,1094 219,1148 207,1148"/>
          <TextEquiv>
            <Unicode>ا</Unicode>
          </TextEquiv>
        </Word>
        <Word id="w124">
          <Coords points="76,1131 195,1131 195,1180 76,1180"/>
          <TextEquiv>
            <Unicode>بن</Unicode>
          </TextEquiv>
        </Word>
        <TextEquiv>
          <Unicode> و يو م نحشر هم جميعا نم نقو ل للذ ين ا سر كو ا ا بن</Unicode>
        </TextEquiv>
      </TextLine>
      <TextLine id="l7">
        <Coords points="71,1213 1341,1213 1341,1352 71,1352"/>
        <Word id="w125">
          <Coords points="1259,1288 1340,1288 1340,1345 1259,1345"/>
          <TextEquiv>
            <Unicode>سر</Unicode>
          </TextEquiv>
        </Word>
        <Word id="w126">
          <Coords points="1222,1224 1303,1224 1303,1323 1222,1323"/>
          <TextEquiv>
            <Unicode>كا</Unicode>
          </TextEquiv>
        </Word>
        <Word id="w127">
          <Coords points="1183,1258 1202,1258 1202,1275 1183,1275"/>
          <TextEquiv>
            <Unicode>ء</Unicode>
          </TextEquiv>
        </Word>
        <Word id="w128">
          <Coords points="1167,1284 1211,1284 1211,1336 1167,1336"/>
          <TextEquiv>
            <Unicode>و</Unicode>
          </TextEquiv>
        </Word>
        <Word id="w129">
          <Coords points="1110,1214 1200,1214 1200,1337 1110,1337"/>
          <TextEquiv>
            <Unicode>كم</Unicode>
          </TextEquiv>
        </Word>
        <Word id="w130">
          <Coords points="1089,1262 1101,1262 1101,1309 1089,1309"/>
          <TextEquiv>
            <Unicode>ا</Unicode>
          </TextEquiv>
        </Word>
        <Word id="w131">
          <Coords points="1024,1259 1076,1259 1076,1322 1024,1322"/>
          <TextEquiv>
            <Unicode>لذ</Unicode>
          </TextEquiv>
        </Word>
        <Word id="w132">
          <Coords points="957,1277 1024,1277 1024,1343 957,1343"/>
          <TextEquiv>
            <Unicode>بن</Unicode>
          </TextEquiv>
        </Word>
        <Word id="w133">
          <Coords points="806,1213 970,1213 970,1327 806,1327"/>
          <TextEquiv>
            <Unicode>كنتم</Unicode>
          </TextEquiv>
        </Word>
        <Word id="w134">
          <Coords points="735,1240 789,1240 789,1337 735,1337"/>
          <TextEquiv>
            <Unicode>تز</Unicode>
          </TextEquiv>
        </Word>
        <Word id="w135">
          <Coords points="602,1274 738,1274 738,1347 602,1347"/>
          <TextEquiv>
            <Unicode>عمو</Unicode>
          </TextEquiv>
        </Word>
        <Word id="w136">
          <Coords points="562,1276 600,1276 600,1333 562,1333"/>
          <TextEquiv>
            <Unicode>ن</Unicode>
          </TextEquiv>
        </Word>
        <Word id="w137">
          <Coords points="338,1243 413,1243 413,1337 338,1337"/>
          <TextEquiv>
            <Unicode>تم</Unicode>
          </TextEquiv>
        </Word>
        <Word id="w138">
          <Coords points="285,1244 334,1244 334,1340 285,1340"/>
          <TextEquiv>
            <Unicode>لم</Unicode>
          </TextEquiv>
        </Word>
        <Word id="w139">
          <Coords points="71,1261 287,1261 287,1351 71,1351"/>
          <TextEquiv>
            <Unicode>تكن</Unicode>
          </TextEquiv>
        </Word>
        <TextEquiv>
          <Unicode> سر كا ء و كم ا لذ بن كنتم تز عمو ن تم لم تكن</Unicode>
        </TextEquiv>
      </TextLine>
      <TextLine id="l8">
        <Coords points="212,1387 1346,1387 1346,1533 212,1533"/>
        <Word id="w140">
          <Coords points="1144,1403 1345,1403 1345,1514 1144,1514"/>
          <TextEquiv>
            <Unicode>فتنتهم</Unicode>
          </TextEquiv>
        </Word>
        <Word id="w141">
          <Coords points="1125,1426 1134,1426 1134,1481 1125,1481"/>
          <TextEquiv>
            <Unicode>ا</Unicode>
          </TextEquiv>
        </Word>
        <Word id="w142">
          <Coords points="1059,1420 1098,1420 1098,1494 1059,1494"/>
          <TextEquiv>
            <Unicode>لا</Unicode>
          </TextEquiv>
        </Word>
        <Word id="w143">
          <Coords points="1039,1418 1051,1418 1051,1477 1039,1477"/>
          <TextEquiv>
            <Unicode>ا</Unicode>
          </TextEquiv>
        </Word>
        <Word id="w144">
          <Coords points="990,1438 1024,1438 1024,1499 990,1499"/>
          <TextEquiv>
            <Unicode>ن</Unicode>
          </TextEquiv>
        </Word>
        <Word id="w145">
          <Coords points="941,1401 982,1401 982,1496 941,1496"/>
          <TextEquiv>
            <Unicode>قا</Unicode>
          </TextEquiv>
        </Word>
        <Word id="w146">
          <Coords points="861,1407 919,1407 919,1511 861,1511"/>
          <TextEquiv>
            <Unicode>لو</Unicode>
          </TextEquiv>
        </Word>
        <Word id="w147">
          <Coords points="854,1420 867,1420 867,1480 854,1480"/>
          <TextEquiv>
            <Unicode>ا</Unicode>
          </TextEquiv>
        </Word>
        <Word id="w148">
          <Coords points="795,1448 840,1448 840,1506 795,1506"/>
          <TextEquiv>
            <Unicode>و</Unicode>
          </TextEquiv>
        </Word>
        <Word id="w149">
          <Coords points="785,1410 801,1410 801,1473 785,1473"/>
          <TextEquiv>
            <Unicode>ا</Unicode>
          </TextEquiv>
        </Word>
        <Word id="w150">
          <Coords points="716,1439 778,1439 778,1487 716,1487"/>
          <TextEquiv>
            <Unicode>لله</Unicode>
          </TextEquiv>
        </Word>
        <Word id="w151">
          <Coords points="669,1457 701,1457 701,1498 669,1498"/>
          <TextEquiv>
            <Unicode>ر</Unicode>
          </TextEquiv>
        </Word>
        <Word id="w152">
          <Coords points="551,1418 668,1418 668,1528 551,1528"/>
          <TextEquiv>
            <Unicode>بنا</Unicode>
          </TextEquiv>
        </Word>
        <Word id="w153">
          <Coords points="494,1412 540,1412 540,1491 494,1491"/>
          <TextEquiv>
            <Unicode>ما</Unicode>
          </TextEquiv>
        </Word>
        <Word id="w154">
          <Coords points="419,1392 497,1392 497,1501 419,1501"/>
          <TextEquiv>
            <Unicode>كنا</Unicode>
          </TextEquiv>
        </Word>
        <Word id="w155">
          <Coords points="292,1437 405,1437 405,1518 292,1518"/>
          <TextEquiv>
            <Unicode>مشر</Unicode>
          </TextEquiv>
        </Word>
        <Word id="w156">
          <Coords points="212,1387 350,1387 350,1532 212,1532"/>
          <TextEquiv>
            <Unicode>كين</Unicode>
          </TextEquiv>
        </Word>
        <TextEquiv>
          <Unicode> فتنتهم ا لا ا ن قا لو ا و ا لله ر بنا ما كنا مشر كين</Unicode>
        </TextEquiv>
      </TextLine>
      <TextLine id="l9">
        <Coords points="103,1547 1347,1547 1347,1726 103,1726"/>
        <Word id="w157">
          <Coords points="1338,1590 1346,1590 1346,1635 1338,1635"/>
          <TextEquiv>
            <Unicode>ا</Unicode>
          </TextEquiv>
        </Word>
        <Word id="w158">
          <Coords points="1215,1578 1326,1578 1326,1686 1215,1686"/>
          <TextEquiv>
            <Unicode>نظر</Unicode>
          </TextEquiv>
        </Word>
        <Word id="w159">
          <Coords points="1092,1548 1253,1548 1253,1703 1092,1703"/>
          <TextEquiv>
            <Unicode>كيف</Unicode>
          </TextEquiv>
        </Word>
        <Word id="w160">
          <Coords points="1019,1547 1116,1547 1116,1665 1019,1665"/>
          <TextEquiv>
            <Unicode>كذ</Unicode>
          </TextEquiv>
        </Word>
        <Word id="w161">
          <Coords points="956,1607 1007,1607 1007,1691 956,1691"/>
          <TextEquiv>
            <Unicode>بو</Unicode>
          </TextEquiv>
        </Word>
        <Word id="w162">
          <Coords points="935,1593 952,1593 952,1650 935,1650"/>
          <TextEquiv>
            <Unicode>ا</Unicode>
          </TextEquiv>
        </Word>
        <Word id="w163">
          <Coords points="829,1588 843,1588 843,1656 829,1656"/>
          <TextEquiv>
            <Unicode>ا</Unicode>
          </TextEquiv>
        </Word>
        <Word id="w164">
          <Coords points="828,1583 921,1583 921,1710 828,1710"/>
          <TextEquiv>
            <Unicode>على</Unicode>
          </TextEquiv>
        </Word>
        <Word id="w165">
          <Coords points="648,1595 811,1595 811,1725 648,1725"/>
          <TextEquiv>
            <Unicode>نفسهم</Unicode>
          </TextEquiv>
        </Word>
        <Word id="w166">
          <Coords points="586,1624 630,1624 630,1677 586,1677"/>
          <TextEquiv>
            <Unicode>و</Unicode>
          </TextEquiv>
        </Word>
        <Word id="w167">
          <Coords points="478,1601 586,1601 586,1691 478,1691"/>
          <TextEquiv>
            <Unicode>ضل</Unicode>
          </TextEquiv>
        </Word>
        <Word id="w168">
          <Coords points="310,1613 478,1613 478,1686 310,1686"/>
          <TextEquiv>
            <Unicode>عنهم</Unicode>
          </TextEquiv>
        </Word>
        <Word id="w169">
          <Coords points="251,1583 300,1583 300,1666 251,1666"/>
          <TextEquiv>
            <Unicode>ما</Unicode>
          </TextEquiv>
        </Word>
        <Word id="w170">
          <Coords points="190,1567 258,1567 258,1672 190,1672"/>
          <TextEquiv>
            <Unicode>كا</Unicode>
          </TextEquiv>
        </Word>
        <Word id="w171">
          <Coords points="110,1601 174,1601 174,1690 110,1690"/>
          <TextEquiv>
            <Unicode>نو</Unicode>
          </TextEquiv>
        </Word>
        <Word id="w172">
          <Coords points="103,1600 117,1600 117,1662 103,1662"/>
          <TextEquiv>
            <Unicode>ا</Unicode>
          </TextEquiv>
        </Word>
        <TextEquiv>
          <Unicode> ا نظر كيف كذ بو ا ا على نفسهم و ضل عنهم ما كا نو ا</Unicode>
        </TextEquiv>
      </TextLine>
      <TextLine id="l10">
        <Coords points="105,1748 1364,1748 1364,2039 105,2039"/>
        <Word id="w173">
          <Coords points="1273,1921 1346,1921 1346,2015 1273,2015"/>
          <TextEquiv>
            <Unicode>على</Unicode>
          </TextEquiv>
        </Word>
        <Word id="w174">
          <Coords points="1195,1910 1278,1910 1278,2010 1195,2010"/>
          <TextEquiv>
            <Unicode>قلو</Unicode>
          </TextEquiv>
        </Word>
        <Word id="w175">
          <Coords points="1181,1748 1363,1748 1363,1865 1181,1865"/>
          <TextEquiv>
            <Unicode>يفتر</Unicode>
          </TextEquiv>
        </Word>
        <Word id="w176">
          <Coords points="1152,1786 1201,1786 1201,1842 1152,1842"/>
          <TextEquiv>
            <Unicode>و</Unicode>
          </TextEquiv>
        </Word>
        <Word id="w177">
          <Coords points="1122,1952 1188,1952 1188,2037 1122,2037"/>
          <TextEquiv>
            <Unicode>بهم</Unicode>
          </TextEquiv>
        </Word>
        <Word id="w178">
          <Coords points="1105,1765 1158,1765 1158,1831 1105,1831"/>
          <TextEquiv>
            <Unicode>ن</Unicode>
          </TextEquiv>
        </Word>
        <Word id="w179">
          <Coords points="1093,1906 1111,1906 1111,1973 1093,1973"/>
          <TextEquiv>
            <Unicode>ا</Unicode>
          </TextEquiv>
        </Word>
        <Word id="w180">
          <Coords points="980,1864 1115,1864 1115,1985 980,1985"/>
          <TextEquiv>
            <Unicode>كنة</Unicode>
          </TextEquiv>
        </Word>
        <Word id="w181">
          <Coords points="944,1918 955,1918 955,1971 944,1971"/>
          <TextEquiv>
            <Unicode>ا</Unicode>
          </TextEquiv>
        </Word>
        <Word id="w182">
          <Coords points="917,1785 959,1785 959,1841 917,1841"/>
          <TextEquiv>
            <Unicode>و</Unicode>
          </TextEquiv>
        </Word>
        <Word id="w183">
          <Coords points="893,1940 930,1940 930,1993 893,1993"/>
          <TextEquiv>
            <Unicode>ن</Unicode>
          </TextEquiv>
        </Word>
        <Word id="w184">
          <Coords points="807,1775 918,1775 918,1875 807,1875"/>
          <TextEquiv>
            <Unicode>منهم</Unicode>
          </TextEquiv>
        </Word>
        <Word id="w185">
          <Coords points="732,1785 805,1785 805,1852 732,1852"/>
          <TextEquiv>
            <Unicode>من</Unicode>
          </TextEquiv>
        </Word>
        <Word id="w186">
          <Coords points="669,1927 874,1927 874,2020 669,2020"/>
          <TextEquiv>
            <Unicode>يفقهو</Unicode>
          </TextEquiv>
        </Word>
        <Word id="w187">
          <Coords points="659,1947 679,1947 679,1972 659,1972"/>
          <TextEquiv>
            <Unicode>ه</Unicode>
          </TextEquiv>
        </Word>
        <Word id="w188">
          <Coords points="592,1950 635,1950 635,2005 592,2005"/>
          <TextEquiv>
            <Unicode>و</Unicode>
          </TextEquiv>
        </Word>
        <Word id="w189">
          <Coords points="548,1773 724,1773 724,1898 548,1898"/>
          <TextEquiv>
            <Unicode>يستمع</Unicode>
          </TextEquiv>
        </Word>
        <Word id="w190">
          <Coords points="517,1755 538,1755 538,1838 517,1838"/>
          <TextEquiv>
            <Unicode>ا</Unicode>
          </TextEquiv>
        </Word>
        <Word id="w191">
          <Coords points="493,1908 599,1908 599,1989 493,1989"/>
          <TextEquiv>
            <Unicode>فى</Unicode>
          </TextEquiv>
        </Word>
        <Word id="w192">
          <Coords points="462,1928 473,1928 473,1977 462,1977"/>
          <TextEquiv>
            <Unicode>ا</Unicode>
          </TextEquiv>
        </Word>
        <Word id="w193">
          <Coords points="416,1955 449,1955 449,1994 416,1994"/>
          <TextEquiv>
            <Unicode>د</Unicode>
          </TextEquiv>
        </Word>
        <Word id="w194">
          <Coords points="385,1930 397,1930 397,1982 385,1982"/>
          <TextEquiv>
            <Unicode>ا</Unicode>
          </TextEquiv>
        </Word>
        <Word id="w195">
          <Coords points="380,1756 503,1756 503,1849 380,1849"/>
          <TextEquiv>
            <Unicode>ليك</Unicode>
          </TextEquiv>
        </Word>
        <Word id="w196">
          <Coords points="320,1781 363,1781 363,1834 320,1834"/>
          <TextEquiv>
            <Unicode>و</Unicode>
          </TextEquiv>
        </Word>
        <Word id="w197">
          <Coords points="289,1936 359,1936 359,2038 289,2038"/>
          <TextEquiv>
            <Unicode>نهم</Unicode>
          </TextEquiv>
        </Word>
        <Word id="w198">
          <Coords points="224,1955 267,1955 267,2014 224,2014"/>
          <TextEquiv>
            <Unicode>و</Unicode>
          </TextEquiv>
        </Word>
        <Word id="w199">
          <Coords points="160,1923 218,1923 218,2019 160,2019"/>
          <TextEquiv>
            <Unicode>قر</Unicode>
          </TextEquiv>
        </Word>
        <Word id="w200">
          <Coords points="105,1752 314,1752 314,1842 105,1842"/>
          <TextEquiv>
            <Unicode>جعلنا</Unicode>
          </TextEquiv>
        </Word>
        <TextEquiv>
          <Unicode> على قلو يفتر و بهم ن ا كنة ا و ن منهم من يفقهو ه و يستمع ا فى ا د ا ليك و نهم و قر جعلنا</Unicode>
        </TextEquiv>
      </TextLine>
      <TextLine id="l11">
        <Coords points="101,2056 1358,2056 1358,2184 101,2184"/>
        <Word id="w201">
          <Coords points="1291,2108 1357,2108 1357,2177 1291,2177"/>
          <TextEquiv>
            <Unicode>ير</Unicode>
          </TextEquiv>
        </Word>
        <Word id="w202">
          <Coords points="1259,2099 1310,2099 1310,2153 1259,2153"/>
          <TextEquiv>
            <Unicode>و</Unicode>
          </TextEquiv>
        </Word>
        <Word id="w203">
          <Coords points="1250,2073 1270,2073 1270,2130 1250,2130"/>
          <TextEquiv>
            <Unicode>ا</Unicode>
          </TextEquiv>
        </Word>
        <Word id="w204">
          <Coords points="1048,2095 1256,2095 1256,2183 1048,2183"/>
          <TextEquiv>
            <Unicode>كل</Unicode>
          </TextEquiv>
        </Word>
        <Word id="w205">
          <Coords points="1025,2085 1043,2085 1043,2152 1025,2152"/>
          <TextEquiv>
            <Unicode>ا</Unicode>
          </TextEquiv>
        </Word>
        <Word id="w206">
          <Coords points="993,2121 1030,2121 1030,2170 993,2170"/>
          <TextEquiv>
            <Unicode>يه</Unicode>
          </TextEquiv>
        </Word>
        <Word id="w207">
          <Coords points="918,2080 957,2080 957,2149 918,2149"/>
          <TextEquiv>
            <Unicode>لا</Unicode>
          </TextEquiv>
        </Word>
        <Word id="w208">
          <Coords points="855,2104 907,2104 907,2180 855,2180"/>
          <TextEquiv>
            <Unicode>بو</Unicode>
          </TextEquiv>
        </Word>
        <Word id="w209">
          <Coords points="759,2105 857,2105 857,2174 759,2174"/>
          <TextEquiv>
            <Unicode>منو</Unicode>
          </TextEquiv>
        </Word>
        <Word id="w210">
          <Coords points="742,2086 757,2086 757,2145 742,2145"/>
          <TextEquiv>
            <Unicode>ا</Unicode>
          </TextEquiv>
        </Word>
        <Word id="w211">
          <Coords points="657,2056 736,2056 736,2181 657,2181"/>
          <TextEquiv>
            <Unicode>بها</Unicode>
          </TextEquiv>
        </Word>
        <Word id="w212">
          <Coords points="540,2108 645,2108 645,2180 540,2180"/>
          <TextEquiv>
            <Unicode>حتى</Unicode>
          </TextEquiv>
        </Word>
        <Word id="w213">
          <Coords points="514,2084 525,2084 525,2126 514,2126"/>
          <TextEquiv>
            <Unicode>ا</Unicode>
          </TextEquiv>
        </Word>
        <Word id="w214">
          <Coords points="467,2107 499,2107 499,2155 467,2155"/>
          <TextEquiv>
            <Unicode>د</Unicode>
          </TextEquiv>
        </Word>
        <Word id="w215">
          <Coords points="434,2084 448,2084 448,2138 434,2138"/>
          <TextEquiv>
            <Unicode>ا</Unicode>
          </TextEquiv>
        </Word>
        <Word id="w216">
          <Coords points="352,2077 418,2077 418,2154 352,2154"/>
          <TextEquiv>
            <Unicode>حا</Unicode>
          </TextEquiv>
        </Word>
        <Word id="w217">
          <Coords points="316,2088 337,2088 337,2114 316,2114"/>
          <TextEquiv>
            <Unicode>ء</Unicode>
          </TextEquiv>
        </Word>
        <Word id="w218">
          <Coords points="299,2124 339,2124 339,2177 299,2177"/>
          <TextEquiv>
            <Unicode>و</Unicode>
          </TextEquiv>
        </Word>
        <Word id="w219">
          <Coords points="101,2073 291,2073 291,2163 101,2163"/>
          <TextEquiv>
            <Unicode>ك</Unicode>
          </TextEquiv>
        </Word>
        <TextEquiv>
          <Unicode> ير و ا كل ا يه لا بو منو ا بها حتى ا د ا حا ء و ك</Unicode>
        </TextEquiv>
      </TextLine>
      <TextLine id="l12">
        <Coords points="127,2224 1358,2224 1358,2346 127,2346"/>
        <Word id="w220">
          <Coords points="1282,2233 1357,2233 1357,2341 1282,2341"/>
          <TextEquiv>
            <Unicode>يجا</Unicode>
          </TextEquiv>
        </Word>
        <Word id="w221">
          <Coords points="1241,2273 1266,2273 1266,2311 1241,2311"/>
          <TextEquiv>
            <Unicode>د</Unicode>
          </TextEquiv>
        </Word>
        <Word id="w222">
          <Coords points="1160,2231 1219,2231 1219,2332 1160,2332"/>
          <TextEquiv>
            <Unicode>لو</Unicode>
          </TextEquiv>
        </Word>
        <Word id="w223">
          <Coords points="1065,2230 1162,2230 1162,2323 1065,2323"/>
          <TextEquiv>
            <Unicode>نك</Unicode>
          </TextEquiv>
        </Word>
        <Word id="w224">
          <Coords points="943,2253 1053,2253 1053,2339 943,2339"/>
          <TextEquiv>
            <Unicode>يقو</Unicode>
          </TextEquiv>
        </Word>
        <Word id="w225">
          <Coords points="909,2236 947,2236 947,2319 909,2319"/>
          <TextEquiv>
            <Unicode>ل</Unicode>
          </TextEquiv>
        </Word>
        <Word id="w226">
          <Coords points="876,2247 888,2247 888,2298 876,2298"/>
          <TextEquiv>
            <Unicode>ا</Unicode>
          </TextEquiv>
        </Word>
        <Word id="w227">
          <Coords points="801,2246 864,2246 864,2339 801,2339"/>
          <TextEquiv>
            <Unicode>لذ</Unicode>
          </TextEquiv>
        </Word>
        <Word id="w228">
          <Coords points="735,2270 809,2270 809,2331 735,2331"/>
          <TextEquiv>
            <Unicode>ين</Unicode>
          </TextEquiv>
        </Word>
        <Word id="w229">
          <Coords points="588,2224 742,2224 742,2335 588,2335"/>
          <TextEquiv>
            <Unicode>كفر</Unicode>
          </TextEquiv>
        </Word>
        <Word id="w230">
          <Coords points="530,2282 582,2282 582,2345 530,2345"/>
          <TextEquiv>
            <Unicode>و</Unicode>
          </TextEquiv>
        </Word>
        <Word id="w231">
          <Coords points="523,2259 543,2259 543,2319 523,2319"/>
          <TextEquiv>
            <Unicode>ا</Unicode>
          </TextEquiv>
        </Word>
        <Word id="w232">
          <Coords points="487,2249 515,2249 515,2311 487,2311"/>
          <TextEquiv>
            <Unicode>ا</Unicode>
          </TextEquiv>
        </Word>
        <Word id="w233">
          <Coords points="422,2270 479,2270 479,2335 422,2335"/>
          <TextEquiv>
            <Unicode>ن</Unicode>
          </TextEquiv>
        </Word>
        <Word id="w234">
          <Coords points="237,2241 403,2241 403,2334 237,2334"/>
          <TextEquiv>
            <Unicode>هذ</Unicode>
          </TextEquiv>
        </Word>
        <Word id="w235">
          <Coords points="226,2224 247,2224 247,2305 226,2305"/>
          <TextEquiv>
            <Unicode>ا</Unicode>
          </TextEquiv>
        </Word>
        <Word id="w236">
          <Coords points="196,2244 207,2244 207,2311 196,2311"/>
          <TextEquiv>
            <Unicode>ا</Unicode>
          </TextEquiv>
        </Word>
        <Word id="w237">
          <Coords points="127,2253 169,2253 169,2326 127,2326"/>
          <TextEquiv>
            <Unicode>لا</Unicode>
          </TextEquiv>
        </Word>
        <TextEquiv>
          <Unicode> يجا د لو نك يقو ل ا لذ ين كفر و ا ا ن هذ ا ا لا</Unicode>
        </TextEquiv>
      </TextLine>
      <TextLine id="l13">
        <Coords points="121,2393 1374,2393 1374,2532 121,2532"/>
        <Word id="w238">
          <Coords points="1353,2393 1373,2393 1373,2462 1353,2462"/>
          <TextEquiv>
            <Unicode>ا</Unicode>
          </TextEquiv>
        </Word>
        <Word id="w239">
          <Coords points="1274,2397 1348,2397 1348,2470 1274,2470"/>
          <TextEquiv>
            <Unicode>سا</Unicode>
          </TextEquiv>
        </Word>
        <Word id="w240">
          <Coords points="1151,2401 1260,2401 1260,2492 1151,2492"/>
          <TextEquiv>
            <Unicode>طير</Unicode>
          </TextEquiv>
        </Word>
        <Word id="w241">
          <Coords points="1138,2400 1162,2400 1162,2473 1138,2473"/>
          <TextEquiv>
            <Unicode>ا</Unicode>
          </TextEquiv>
        </Word>
        <Word id="w242">
          <Coords points="1084,2413 1123,2413 1123,2479 1084,2479"/>
          <TextEquiv>
            <Unicode>لا</Unicode>
          </TextEquiv>
        </Word>
        <Word id="w243">
          <Coords points="946,2399 1033,2399 1033,2503 946,2503"/>
          <TextEquiv>
            <Unicode>لين</Unicode>
          </TextEquiv>
        </Word>
        <Word id="w244">
          <Coords points="785,2443 823,2443 823,2490 785,2490"/>
          <TextEquiv>
            <Unicode>و</Unicode>
          </TextEquiv>
        </Word>
        <Word id="w245">
          <Coords points="694,2435 776,2435 776,2501 694,2501"/>
          <TextEquiv>
            <Unicode>هم</Unicode>
          </TextEquiv>
        </Word>
        <Word id="w246">
          <Coords points="561,2431 692,2431 692,2531 561,2531"/>
          <TextEquiv>
            <Unicode>ينهو</Unicode>
          </TextEquiv>
        </Word>
        <Word id="w247">
          <Coords points="517,2434 555,2434 555,2490 517,2490"/>
          <TextEquiv>
            <Unicode>ن</Unicode>
          </TextEquiv>
        </Word>
        <Word id="w248">
          <Coords points="372,2443 492,2443 492,2488 372,2488"/>
          <TextEquiv>
            <Unicode>عنه</Unicode>
          </TextEquiv>
        </Word>
        <Word id="w249">
          <Coords points="308,2442 349,2442 349,2494 308,2494"/>
          <TextEquiv>
            <Unicode>و</Unicode>
          </TextEquiv>
        </Word>
        <Word id="w250">
          <Coords points="183,2441 303,2441 303,2514 183,2514"/>
          <TextEquiv>
            <Unicode>ينو</Unicode>
          </TextEquiv>
        </Word>
        <Word id="w251">
          <Coords points="121,2442 179,2442 179,2492 121,2492"/>
          <TextEquiv>
            <Unicode>ن</Unicode>
          </TextEquiv>
        </Word>
        <TextEquiv>
          <Unicode> ا سا طير ا لا لين و هم ينهو ن عنه و ينو ن</Unicode>
        </TextEquiv>
      </TextLine>
    </TextRegion>
  </Page>
</PcGts>
