<?xml version='1.0' encoding='UTF-8'?>
<PcGts xmlns="http://schema.primaresearch.org/PAGE/gts/pagecontent/2017-07-15" xmlns:xsi="http://www.w3.org/2001/XMLSchema-instance" xsi:schemaLocation="http://schema.primaresearch.org/PAGE/gts/pagecontent/2017-07-15 http://schema.primaresearch.org/PAGE/gts/pagecontent/2017-07-15/pagecontent.xsd">
	<Metadata>
	<Creator />
	<Created>2018-08-08T23:49:09</Created>
	<LastChange>2018-11-10T22:34:28</LastChange></Metadata>
	<Page imageFilename="Page 114_1.jpg" imageHeight="3976" imageWidth="2732" primaryLanguage="Hebrew" primaryScript="Hebr - Hebrew" readingDirection="right-to-left">
	</Page></PcGts>